,time,post_caption,likes,comments,tags
0,2019-12-16 00:38:28,"[ 蜂蜜四行 ]  唐瑾/秋草夏人  20191216 Mon

她的好話  似未滴下的蜂蜜
晶瑩閃現又縮回瓶口裡了
渴求香甜的欲醉耳朵
失望地乾枯  發黑而終致脫落

#晴空冷雨 
#蜂蜜四行",0,0,"['晴空冷雨', '蜂蜜四行']"
1,2019-11-20 19:30:39,史上最混拉花…  20191120 Wed,6,3,[]
2,2019-11-08 00:02:34,Google 助理大可不理我的,1,1,[]
3,2019-11-05 18:13:15,麵茶的午後,5,0,[]
4,2019-10-25 09:44:30,"2019/10/24 週四下午，港口飛翔的黑鳶們，基隆的市鳥。我想牠們就是飛好玩的，從未見俯衝獵食，只乘著上升氣流飄飄欲仙，翅子能不動就不動，十分享受。我猜還有邊飄浮邊渡估的。

唐瑾/秋草夏人",4,0,[]
5,2019-08-26 10:33:33,"[ 行囊十三行 ]  唐瑾/秋草夏人  20190826 Mon

如有備妥的行囊  可一提就走
就可以走了吧 
但下落不明的行囊 
一直捉不到迷藏
若不能看著囊中的空乏
怎知要揀些什麼進去
猜測它已任秋風充滿了…
凡行走世間的  每個人都業餘
道具有行囊  扮相就無缺了
明知到站後仍須擱下
然而沒有打點好
教人如何提起行囊
一走了之

#晴空冷雨 
#行囊十三行",7,0,"['行囊十三行', '晴空冷雨']"
6,2019-06-18 10:43:00,［ 四季 ］,3,0,[]
7,2019-04-14 15:49:51,"個人行動空氣清淨面罩
討論時草圖 ^^",5,0,[]
8,2019-03-29 19:29:43,"[ 打網球的父親 ] 　這張照片攝於 1965-07-23，台灣郵政管理局青潭辦事處的網球場上。 　父親時年44歲，一人外調在台北工作，家人仍住在台南市成功路4-2號的郵電宿舍裡。 　那時我剛從台南市成功國小畢業，願望要考進南市中(現大成國中)，琮妹兔子波西也才剛幼稚園畢業。頭髮早白的母親辛勤操持家務拉拔孩子，還要覓時寫作。 　我每看父親的照片，都會搜索我自己在父親同歲年紀的光景，比對他與我的成長，與所處迥然相異的時代文明文化種種階段，審視我此生赧然的所成，都是教我難以承受的感受。 / 秋草夏人 20190329 Fri

#畫說",5,0,['畫說']
9,2019-03-21 15:31:46,"[ 週日的電影選擇 2001/08/26 ]

這不是大家來找碴。

圖中是這一天的民生報(什麼！民生報？)電影廣告全版。你看過哪一部片子？

其實有趣的是心裡那 『啊！原來這一片是那時的院線片呀！』 以及 『原來這些片子都在那階段一起的啊…』 的反應。

然後就有時間線的錯亂感浮現了，因為有的片子你記得是更早之前演的，另幾片明明記得哪有那麼久以前啊！舉例來說：記憶裡周星馳的《少林足球》，我印象中是更早幾年的片子；而史蒂芬史匹柏的《A.I.》，卻是晚了好幾年。

#畫說

20190321 Thu 秋草夏人",5,0,['畫說']
10,2019-03-16 19:43:05,"[ 阿維東 ] 　之前 3/8 國際女人節寫的那篇《名字》，是以我在一本1979年2月號日本商業攝影雜誌封面上寫的 Jean 為引子。 那時，廣告公司裡人很多，傳來傳去不寫名字會弄不見。 　有趣的是那期雜誌的封底全頁(圖一)，是赫赫有名的攝影大師 阿維東 為了富士彩色正片拍的廣告，就一張自拍。阿維東那時已56歲，紅透全球，攝影名作遍及世界各頂級報刊雜誌專欄與廣告，正以中年之姿享用吸吮著功成名就的甜蜜汁液，更別提在廣告界工作的同業們有多熟悉他了。 　他拍過的名人名作，太多了不及備載，只提一例：1981年 娜塔莎金斯基 裸纏(穿)一條大蟒蛇的那張。 　阿維東 (Richard Avedon) 1923～2004，得年81，圖二為我閣樓裡皺皺的國內2004年10月舊報紙。

#畫說

20190316 Sat 秋草夏人",3,0,['畫說']
11,2019-03-08 11:57:31,"[ 名字 ] 　早時，朋友們先是叫我 Jean, 因我的瑾字，其實我那時不作興穿牛仔褲的。過了些年，知道這是法國的菜市場名，尚什麼尚什麼的，但就跟瑾發音搭不上了，後來我改用 Gene, 又給朋友笑說是基因，我總笑回：唐代基因不錯啊。 　但是一位在麗水街泳池同游的鹽湖城摩門教長老好友寫東西給我總是寫成 Eugene，雖然我不愛尤金，算了。總好過接著在 IT 界被客戶喚了十年 Steve, 也是菜市場名，然後想：Gene 還是不錯的。 　這本 Commercial Photo 雜誌，在廣告公司時訂閱的，後來到了演藝娛樂公司玩暗房時就零買。 　早該丟掉了。書該丟，名字也是。

#畫說

20190308 國際女人節 / 秋草夏人",6,0,['畫說']
12,2019-02-25 20:04:49,"「這事要如何收場？」 「如故事一貫於愛遭拒絕之後：以淚水與旅程。」 ——《莎翁情史》 Shakespeare In Love, 1998

20190225 Mon 秋草夏人",3,0,[]
13,2019-02-23 16:18:22,"若我的傷痛讓你不再寫作，更歉仄的該是我。 ——《莎翁情史》 Shakespeare In Love, 1998

20190223 Sat 秋草夏人",3,0,[]
14,2019-01-17 19:47:08,"台北植物園綠茵上的日頭好炫目啊
母親的愛如明媚溫暖的陽光
一生環抱著我",4,0,[]
15,2019-01-09 20:02:22,"人生到處知何似，恰似飛鴻踏雪泥；
泥上偶然留指爪，鴻飛那復計東西。
老僧已死成新塔，壞壁無由見舊題；
往日崎嶇還記否，路長人困蹇驢嘶。 —— 東坡居士，一千年前

秋草夏人 20190109 Wed
..........................................
☆ASA○BLUE  畫的",4,0,[]
16,2019-01-02 21:04:53,在2019年裡…,6,0,[]
17,2018-11-27 11:16:02,"【無嘴利牙】

胡椒哥哥時時刻刻總是有驚無喜
鹽妹妹雖然沒有嘴再說傷人的話語
但是她灑出的眼淚
永遠教旁人的傷口
原味覺醒如太初重臨
而且高聲呼喊

20181127 Tue / 秋草夏人",4,0,[]
18,2018-10-05 02:17:03,"基隆港口藝術雙年展—問津 
田寮河邊信一路燈柱上的布招
2018 
Keelung Harbor Biennale
Ask the Way
9/25 -11/4",3,0,[]
19,2018-09-30 18:37:39,"9/29 Sat 與老友藝術家陳建北相約來看 [基隆港口藝術雙年展 — 問津]，建北的參展作品《時津旅渡》展於廢棄的正濱漁會大樓裡，頗具與主題巧合的氣氛。巧遇雕塑科學妹黃麗穎也來，三人相見甚歡，因場內投影燈光控制較暗，於是到外頭魚市場廣場，拍幾張合照留念。哎，跟這兩位在一起，我變成學長了！ 
20180930 Sun / 秋草夏人",4,0,[]
20,2018-09-19 01:21:56,"【累】

將這一刻 
延長到一整日
再乘三六五
再乘以三十年
屆時這疲累的女人
好福氣的話
終於昇級升等
得以開始帶外孫了

#畫說
#紅塵
#朋友們 / 秋草夏人  20180919 Wed",5,0,"['畫說', '朋友們', '紅塵']"
21,2018-09-06 10:02:47,"【忘了】 / 秋草夏人  20180906 Thu

夢裡忘了妳的名字
醒來相見竟已不識彼此
妳紅了臉歉聲正要離去
見了靜物桌上那一把龍眼
可吃一粒再走嗎  妳問
都給妳吧  反正我不愛
妳一粒粒吃著龍眼
我倆共度的夏日一天天浮現
原來  妳才是女主人
該離的是我這片浮萍過客
留下吧  妳甜著聲說
你不愛吃還陪我採龍眼
等換了紫色的季節
我倆再一起去摘葡萄

#晴空冷雨 ................................................
☆重賦《遺忘》20170818 Fri",6,2,['晴空冷雨']
22,2018-07-15 04:48:40,"【美人與鎖鏈】 　1979/07/15，星期天，好日子。六天前 NASA 的旅行者2號剛飛越了木星，這對新人都剛滿 26歲。我生日已過了兩個月又十天，而妻三天前才過了生日。 　婚紗攝影是由我在東方廣告公司攝影部的頭頭老同事王守仁(暱稱 On-Pa 或 Pa-e) 掌鏡，他在新公園衡陽路口公園號不遠，後來一度是幼獅文化中心旁開了一家喜臨門攝影禮服，棚內照在這裡拍攝，而室外照，自然都是在新公園內走拍取景。 　早期的婚紗攝影，各方面當然大有改善的空間啦，哈哈哈。不過我那領帶倒是精心挑選過的，圖案是一條鎖鏈，是的，沒錯！教美人給鎖上了。 　這一批底片都保留在喜臨門，可惜後來收掉了，底片也下落不明。還好我的照片有小心收藏。

Happy Anniversary! Shirley & Gene. / 秋草夏人 20180715 Sun 
#畫說 
#撼樹掃葉",6,0,"['畫說', '撼樹掃葉']"
23,2018-07-12 14:49:51,愛妻,6,0,[]
24,2018-06-12 20:07:06,養貓咪體重不宜超過2kg.,2,0,[]
25,2018-06-12 17:08:54,"【再CPR就會死】  曾在這兒po過一張紅豆煉乳牛奶冰，寫著：吃紅豆牛奶冰就像把回憶拖上岸作CPR. 今這張是台南的鄉夏雪淇冰，紅豆煉乳口味，也像拖上岸做了CPR，但是回憶醒過來喊道：我怎麼在嘉義!? 因為有我嘉中時期嘉義蜜豆冰的特殊香氣(現在的沒了)。偏偏這兩個月我很怕想到嘉義，連車過嘉義都會難受。

20180612 Tue 秋草夏人",2,0,[]
26,2018-05-20 21:18:19,今天補過母親節。媽媽上週腰腿不適，頭髮又沒做，因而延期。所以今天的合照也算是補拍。這張就當作電子賀卡了：親愛的母親，佳節愉快，祝您永遠健康快樂！,7,0,[]
27,2018-05-13 14:21:13,親愛的媽媽，這年二十八歲。旁邊是她婆婆，我的福州阿嬤，欺壓了我娘大半生。媽媽這輩子太辛苦，等好不容易能喘息了，我爸爸卻提早告別。,4,0,[]
28,2018-05-02 11:27:29,"【要好好的】

孤狗日曆上，提示了五月上旬幾位故舊的生日，叫我祝他們快樂。但有的是不知如何祝到的，有的是不可能祝到的，有的是不喜聽到生日的，有的也許會忙到沒空。

20180502 wed 秋草夏人",3,0,[]
29,2018-04-27 23:05:30,【自畫】 　前不久，有位好友跟我說，想看到我的畫。我正在從廢墟中站起，當然不可能馬上具備畫新畫的身心條件。好吧，先抖出這張交差，希望好友看到。 　許多知名畫家留給後人不少自畫像。我並未從事畫家，這張自畫像也是純粹自畫自娛，真的從未示人，是我歷年身邊好友都沒見過的一幅。這時我剛從國立藝專畢業在東方廣告製作部任設計師。有空檔就抓著6B鉛筆找目標，前後總畫了幾十張B4的人物素描速寫吧？而畫自己的只有這一張，還畫的歪歪的。,5,0,[]
30,2018-04-18 15:54:05,"【鹹蛋】

整理冰箱，在中層抽屜裡找到妻在2016年三月跟朋友到屏東車城的福安宮拜福德正神後，湊熱鬧順便帶回來的地頭名產鹹蛋。記得並不很鹹的，怎麼今天吃起來鹹得直教人掉淚？

20180418 wed 秋草夏人",2,0,[]
31,2018-04-13 13:23:32,"【平行宇宙】
在郵局對面的摩斯漢堡小坐，等待搭區間車往沙崙高鐵站。
正對面郵局的大門位置，在我念成功國小五、六年級與南市中初一的時候，是我家大門，郵局日式木造宿舍木門的門牌號碼是「成功路四號之二」。",2,0,[]
32,2018-03-30 20:20:08,"在每個人的時空，余光中都不一樣。若有一個認知是由所有讀者對余光中的感知作的交集，這一個認知必然如鑽一般的燦爛晶瑩且細小。 　1998年的《日不落家》一文，曾教人溫暖欣羨憧憬，如今卻成為我的至痛。 
20180328 Wed 秋草夏人，台北",4,0,[]
33,2017-12-22 14:58:34,【無題。】 知名不具。You know who.,3,1,[]
34,2017-11-14 16:34:41,這些心  痛不痛,2,1,[]
35,2017-11-13 15:18:47,Shit happens.,1,0,[]
36,2017-07-10 12:42:22,"小時候
我住在台北市南海路
植物園裡面的郵工宿舍
這是園裡我的蓮花池
沒人比我更熟悉
夏日蓮花之卡拉Ok了
各位請看我右手邊
那支花瓣都跑光光去摸魚的
就是我們的麥克風",3,0,[]
37,2017-07-04 00:27:24,阿嬤這麼愛划手機，將來怎麼成為有用的人？,1,0,[]
38,2017-06-27 17:33:22,在路口碰上橫條衫s，猜他們是一起的嗎？,2,0,[]
39,2017-06-25 10:15:00,"""本片所有人物事件均為虛構，倘與真實事件與現存或已歿人物雷同純屬巧合""

這句聲明出現在《第七號情報員續集》 (From Russia with Love) (1963) 的片尾字幕，背景是義大利威尼斯的蕩漾水景，龐德在船上摟著俄羅斯來的美人，一揮手丟掉了魔鬼黨爪牙偷拍這一對男女在豪華套房裡翻雲覆雨的八厘米影片。

這樣的免責聲明，五十幾年前就開始流行了啊。

不過 ""From Russia with Love"" 怎麼都被譯成 ""從俄羅斯來的愛"" 呢？省略的主詞明明是那一位美若天仙啊。 / 秋草夏人 20170625 Sun",1,0,[]
40,2017-06-15 10:46:35,"#車後佳言錄
嚴禁鋼交
別追了  偶已婚  再見",1,0,['車後佳言錄']
41,2017-06-13 14:02:31,"“雅緻” 與 “煥發” 都有了缺口。
與生活中其他事物一樣，一路下來不知何時缺的，就是缺了。
除了口舌感受到缺口，清洗時也經由手指的觸覺提醒我要覺悟。
這是我喜愛的 ❛螞蟻杯❜，幾乎日日要用的。
小螞蟻，勤做工。",3,0,[]
42,2017-06-01 19:40:58,吃紅豆牛奶冰是把回憶拖上岸作CPR,4,0,[]
43,2017-05-12 13:08:48,這一棵榕樹的身分證。,1,0,[]
44,2017-04-26 12:46:08,"#車後佳言錄
等我長大 我要變成 凱迪拉克",1,0,['車後佳言錄']
45,2017-04-18 19:24:02,這家醫院做所有人的生意,2,0,[]
46,2017-04-17 10:53:10,"Wow Wow Wow Ouch! Wow Wow
哇 哇 哇 哎喲！哇 哇
——我的三孔延長線",1,0,[]
47,2017-04-06 21:09:45,"終於！等到第三冊！
《怪醫黑傑克的誕生》～手塚治虫的創作秘辛～Vol.3 [原作]宮崎 克 [漫畫]吉本浩二
哇，隔了一年以上！以為東販不想出了。",1,0,[]
48,2017-03-27 16:33:26,"以前經過木棉樹下會被大批落花的萼殼敲到頭殼，喀然有聲。去年颱風季北市的木棉花全部被某人剪了小平頭，今年花量大減，且顯然颱風季之前來不及長到需要再剪的程度(沒錯，去年剪太多啦)。想要一朵完整的花，必須帶著斗笠到樹下守候虔心苦等才行，否則撿到也是這款樣。
我還是喜歡黃的。",2,0,[]
49,2017-03-22 20:15:54,我若逃避這個文明，是因羞恥；我若疏離這個文化，是因羞恥。,1,0,[]
50,2017-03-20 13:03:55,聞說堅不入佛門卻是緣於這一頭難捨的青絲。,2,0,[]
51,2017-03-16 15:33:21,我已經很 low 了，謝絕情緒勒索。,1,0,[]
52,2017-03-10 13:04:16,難怪現在蟒蛇都沒有腳。,2,0,[]
53,2017-03-09 19:05:05,刻意去找都找不著，偶然碰上了買一袋，真還是可遇不可求的小餅乾，正宗的有機零食。,2,0,[]
54,2017-03-02 10:46:38,排長龍等停車的時候，會看到這個東西。,1,0,[]
55,2017-03-01 11:07:10,兔子波西送的新 Snoopy 軟綿綿小毯子，手腳，耳朵尾巴是立體的，還有兩顆大紅扣，寒流來時擺膝上的恩物。,3,0,[]
56,2017-02-28 21:45:16,2016年秋冬之交的花，再擺下去，到今夏就會成了荷包蛋。,2,0,[]
57,2017-02-24 19:15:32,提姆波頓,1,0,[]
58,2017-02-19 10:42:53,可憐的兄弟啊！怎麼這麼慘？快說出你們慘痛的遭遇！,2,0,[]
59,2017-02-19 09:02:17,茶葉蛋與牠們的產地——列隊趕赴涅槃中。,2,0,[]
60,2017-01-13 12:44:04,一度，一刻。,3,0,[]
61,2017-01-08 15:04:44,新年度的希望：各電視新聞節目都能回到古早那種報導主畫面總是與最大標題不小心吻合的狀態。,2,0,[]
62,2016-12-26 10:31:51,"【祕境】

午後寧靜而人煙罕至的所在，整齊平舖著洗淨的抹布，這是一個男士洗手間便池上的平台。",1,0,[]
63,2016-12-23 03:21:28,嗯，好 MAN 的消防車！,9,4,[]
64,2016-12-17 13:53:14,棄詩現場,1,0,[]
65,2016-12-02 14:53:41,"【線不限，非常線】

好喜歡這條線，歡喜呀。人之各種心內心外的線，其實都是這樣的吧。
古人說的「汝自畫」，就是在心內畫這種自我設限的線，讓自己一步都跨不出去。",1,0,[]
66,2016-11-24 15:28:04,"【人類的故事】

A娃：我爸比說，如果以前妳媽咪跟我爸比結婚親親，現在我媽咪就是妳媽咪了耶！
B娃：亂講！誰要跟你們同一個媽咪！
C娃：如果妳媽咪跟我們爸比結婚親親，現在就沒有妳了啊！
B娃：我媽咪說你們爸比太醜了，只有你們媽咪才要跟你們爸比結婚親親！
A娃：我的怒怒想用火燒她！
C娃：我的怒怒也是！
B娃：誰叫你們要搶我的媽咪！
A娃：我的厭厭要咬她了！
C娃：我的厭厭會咬更用力！
B娃：我的厭厭才討厭你們！我的樂樂早就不要跟你們玩了！
A,C娃：哼！不玩就不玩！",2,0,[]
67,2016-11-20 19:53:46,"週六晚，一個趕路的平凡人經過西門町一棟多廳的影城，對排片場次好奇的一瞥。
第一部：11/11 上片
第三部：11/17 上片",1,0,[]
68,2016-11-15 16:09:23,"【鎖鏈】

想像跟牠一樣，鏈在同一處，日日同一簞食，同一瓢飲，守著同一個陋便盤，一輩子。
•
•
•
想過了，幸好跟牠不一樣！
•
•
•
高興得太早了吧，一出生就已經鏈上啦！
想一想現在能掙脫什麼呢？
沒有嘛。",3,2,[]
69,2016-11-06 19:27:39,"綠哥，颱風都過那麼久了，可不可以別再裝了？我知道你站得直。
紅妹，我腰都酸死了，明明就是妳趁機一直黏過來，要不然妳先站直。",1,0,[]
70,2016-10-30 10:05:43,隨便擠上番茄醬，薯餅居然也吵著要鬧糖,2,0,[]
71,2016-10-13 05:21:44,"【我要見你們的領導！】 趕工了好一陣子，一直想到這個情景，都忍住沒有畫。
#抽腦汁是外星文明
#愛自拍是地球文化
#暴雨天就是要亂畫不然要做啥",1,0,"['愛自拍是地球文化', '抽腦汁是外星文明', '暴雨天就是要亂畫不然要做啥']"
72,2016-10-07 21:18:46,椒版的《吶喊》,1,0,[]
73,2016-08-26 17:59:35,慢條斯理削鉛筆，有助構思。,2,0,[]
74,2016-08-07 18:27:05,"【滔天巨浪】

滔天的巨浪，向著陽光下的港都以排山倒海之姿洶湧而來，而市民們都渾然不覺。 ——只是藍天白雲而已。",1,0,[]
75,2016-06-03 14:36:35,"【大船當前】續

因接近路口而豁然開朗。
照片就是無法傳達其廣袤的空間感。
因為沒有動態，三度空間是平的。",1,0,[]
76,2016-05-19 04:22:27,"【大船當前】

在基隆這條面向碼頭的窄小雙線道上，眼前的景物經常像舞台上整片落下的超級景片，將天幕整個遮蔽。

看到哥吉拉走過街口，大約也是如此吧？

這是藍寶石公主號。",1,0,[]
77,2016-04-13 16:48:57,"【病得不輕】

一葉知秋。",1,0,[]
78,2016-04-12 12:25:08,"【小傢伙】

大人在牠後頭提到牠時常這樣稱呼。任性挑嘴時會罵牠「死兔頭」(借用死人頭)，其實是親密罵死鬼的調調。

我的神仙兔瑞「泥泥」，終於昇天去做老天使了。醫生說牠是「非常老」了，所以作小天使會有些肉麻。

2004年8月兩個月大時與黑兔「豆豆」雙雙來寒舍填補了小犬「小包」的肥缺，但享特權無須看門吠叫。算算裝萌混吃混喝已達十一年又十個月。

小傢伙還真夠硬裡子，前天還吃了義大利生菜，紅蘿蔔與蘋果心，又吃了乾飼料，狂飲半缸水(牠的水缸比飼料碗還大)，昨晚進入彌留，挺到今早小肚子的呼吸起伏才隆重停止。

這個屋簷下的男性，終於只剩下我一個。 「爸，你可以帶媽去旅行了，不要擔心我了。」似乎聽到小傢伙走以前這麼說。",1,0,[]
79,2016-04-01 15:41:26,誰敢去？,1,0,[]
80,2016-03-23 00:27:33,"【子夜裡的午夜香吻】

子夜時分...
這面鐘還挺好
12/24對應
子丑寅卯/午未申酉..
今古並陳
八卦為形，陰陽為核
蒼生縛牢牢",1,0,[]
81,2016-03-20 23:46:13,"【文字】

今人乏晰的字辭錯用
使得行走街頭時的閱讀
有了另一番趣味",1,0,[]
82,2016-03-06 11:37:58,"【文字。】 文字欲實說的，
因思維之污塗而噤。",1,0,[]
83,2016-01-26 19:23:44,"【椪柑】 
剝開一個椪柑
剝開了包覆時光的糯米紙
柑橘皮噴出了微霧
大人伸過手指來逗弄著
孩子聞那奇妙清新的芳香
紗門外陰天高遠的淡光
在穿著紅色太空衣奔跑的玩伴腳下
宣染著灰柔的影子
而點心盒裡的冬瓜糖太膩
粉紅色的花生糖好吃
橘子是酸還是甜
口袋裡小飛機甩炮的子彈捲還沒開封
他一點都不擔心 [按]
近日的椪柑都已經是包著塑膠袋，窖藏月餘，完全發了橘色，皮軟少酸多甜。我卻喜愛前陣子綠而帶黃，堅挺而稍酸的尚青原版。",1,0,[]
84,2016-01-20 10:47:29,"【看不見的屋頂】 
終於輪到史努比開飛機了。
這個意象是所有花生米視覺意象裡面最療癒的了。 
進入綜合廣告代理業之前，我的死腦筋一直認為那狗屋頂尖尖的，牠怎麼有辦法在上面做那麼多事，包括睡覺。 
後來以為那是作者舒茲留給讀者的漫畫不思議，就是好玩，沒道理的。 
稍涉獵寫作與電影構成之後，逐漸瞭解這個看不見的屋頂，其實是必要的留白，而讓無數的閱者使用各自的經驗去填補與銜接出即使舒茲都無法交代的細節。 
這個創作，終於在閱者的腦海中完成。",3,0,[]
85,2016-01-13 12:51:03,"【施洛德為甚麼不高興】

這樣就看清楚施洛德撇嘴不高興的樣子了。

施洛德是個認真執著的鋼琴藝術家。

史努比經常表現得像個天真無邪沒文化煞風景的老粗。

以前有個好友，非常有才，卻有個癮頭，喜歡戲弄認真執著(或裝模作樣)的藝術家與知識份子。

他明明懂與擅長的，卻裝著個沒文化煞風景的大老粗，與被愚弄者互動，搞得對方既徨惑、生氣又坐立不安。好似施洛德看到史努比又來亂一樣。

多年在一旁我從沒制止過這好友戲弄人，因為我也愛看那場面。",1,0,[]
86,2016-01-03 11:19:02,"【The Novelist】
向一位坐在階梯上的阿嬤買了 Jan 2016 的 大誌。願她真的能收到50元。
封面插畫者 藤本理，前個月白血病去世，得年46歲。
想作點什麼事的人，手腳要快些了。
Novelist=小說作者，但=職業小說家 嗎？",1,0,[]
87,2016-01-01 05:22:38,"【後窗的雙眼】

走出牙醫診所，外頭是2015年最後一個將被跨越的夜晚。走過停車場，卻對上了一雙骨碌碌的卡通大眼睛。一輛VW轎車的後窗上，映照著一根燈柱頂上兩盞黃澄澄的夜燈。",0,0,[]
88,2015-12-25 11:24:16,"【當天夜裡，寶瓶星尚未離港】
有點兒珠光寶氣。",1,0,[]
89,2015-12-24 16:50:50,"【寶瓶星號—在基隆港】
在基隆，就是可以經常近身掠過這些「愛之船」。比港口大樓還要高大。",1,0,[]
90,2015-12-13 14:45:45,"【之所以】 
之所以鑽在牛角尖裡，是因為我不願意退出。
之所以闖紅燈，是因為我執意愛飆。
之所以撞了牆，是因為我不願意轉彎。
之所以吃滷肉飯而沒吃炒麵，是因為我選了滷肉飯。
之所以抱怨領錢少，是因為錢多的黑手粗工我不願意做。
之所以移情，是因為我要別戀。
之所以盲恨，是因為我盲恨最省力。
之所以愛錯，是因為我偷懶不思考。
之所以做惡質的事，是因為我就是惡質的人。
之所以找理由說我不惡質，是因為騙自己也很省事。
之所以愛指天罵地，是因為怪別人太容易成了習慣。
之所以覺得沒有路走，是因為我心盲到看不見別的路。
這一切是我的選擇。
之所以一心認為自己沒有選擇，是因我任那一念持續侵蝕腐壞我自己。",2,0,[]
91,2015-12-12 12:25:24,"【最想看的電視節目】
最不愛的節目：大胃王
最想看的節目：大胃王+大嗯王 二項全能
第一項比完吃，十個小時後比嗯嗯。
要輸贏比 Input , 為何不該比 output？
——口述：泥泥  整理：我",2,0,[]
92,2015-12-04 15:01:01,"《自成一格》
地磚，青苔與小葉
台北中山堂廣場周圍",2,0,[]
93,2015-12-01 15:32:25,"今年第一叢近身的應景紅花綠葉。這花葉不叫那名還是好看。
醫院外的小咖啡，捉暇時格外濃郁。",1,0,[]
94,2015-11-29 18:18:41,花的城池,1,0,[]
95,2015-11-27 14:57:41,"護理師鬆開了手指
兩個單位的紅血球濃厚液
騎乘著地心引力
奮力鑽過輸血套件的過濾器
涓涓匯入母親病弱青紫的靜脈

數以億計匿名者的濃縮愛心紅血球
紛紛搶上前攙扶起蒼白乾癟的同胞

震顫的我啊，目睹時思緒溢出了囪門

即使五色皿中的顏色們在淺盤撥攪風暴
互相用口水標記彼此
即使世界各處的第三人稱Be動詞
在媒體版面上相遇時都要起立擁抱...
即使此晨睜眼已知次夜將懷著失望入睡

此刻，母親老淚中映出的我濕潤雙眼裡
是對匿名者們的謝謝與謝謝
媽媽，這社會，這國家
畢竟還是有正向的系統在靈光運作",1,0,[]
96,2015-11-14 14:02:12,北市府貼心在市民停車場內設置的金工景觀藝術。作者佚名。,1,0,[]
97,2015-10-13 09:54:52,"生鏽的獨輪車
Rusty wheelbarrow",1,0,[]
98,2015-10-05 12:10:38,這是我的「泥泥」，兔瑞。高齡十一歲四個月。門是不必關的，牠喜歡這個調調，把腮幫子靠在門邊，下巴擱在鐵飯碗上頭納福。,1,0,[]
99,2015-09-15 09:22:56,"紅配綠，狗臭屁。
Red with green, dog cocky.",1,0,[]
100,2015-09-15 09:07:36,池魚。Pool fish.,1,0,[]
101,2015-07-22 08:24:28,這隻胖蜜蜂在我拍攝的過程中至少舔了15朵這種花。仔細看，牠翅子都破了，還挺能飛。,1,0,[]
102,2015-07-19 21:57:08,這不是加工照片。廊下光線不足，快門才 1/30sec. 閃光是自動的。按下快門的瞬間燕媽剛好入鏡，餵了一隻小燕迅即扭頭飛去。真是可遇不可求的鏡頭呀。,1,0,[]
103,2015-06-16 22:28:29,入夏以來，街坊燕口浩繁，這燕媽不得已，下海為錢莊代言以渡難關。,1,0,[]
104,2015-06-09 22:36:54,"Leave me alone! Nuisance!
不要理我！討厭的人！",1,0,[]
105,2015-05-24 16:32:06,"小春燕VII: 這家只見過一隻小燕曾回來一下。
今天用柯達相機與腳架拍了空巢，可看清楚了。真了不起，每隻燕子都會這樣的建築。",1,0,[]
106,2015-05-24 11:27:39,"小春燕VI: 這一戶只有三隻小燕在家。
今天帶了柯達相機與腳架去拍了個結實。",1,0,[]
107,2015-05-21 10:03:40,小春燕V: 離開廊下的安逸，就面臨了梅雨的洗禮，只能落腳家門口的電線上，納悶著這殘酷的世界。,1,0,[]
108,2015-05-21 09:55:41,小春燕IV: 這一家現在成了空巢，小燕子都會飛了。,1,0,[]
109,2015-05-19 22:58:26,小春燕III: 太擠了！是小燕子們即將離巢的原因之一。,1,0,[]
110,2015-05-17 09:32:53,小春燕II: 這家燕子「燕口」可多了。,1,0,[]
111,2015-05-13 14:56:51,"It is often said that ""Taiwan looks like a sweet potato,"" in fact, is ""sweet potato looks like Taiwan."" (one more)
人們常說「台灣看起來像番薯」，其實是「蕃薯長得像台灣」。(又一例)",2,0,[]
112,2015-05-13 11:41:10,騎樓樑上的小春燕，已經長到半大不小了，性急地跨上巢邊等餵。燕媽飛回來一次只夠滿足一張小嘴。,1,0,[]
113,2015-04-11 00:49:39,Good Day,1,0,[]
114,2015-03-21 08:53:48,"A robot-like building located at GingShan street, Taipei city.
台北市金山街一座像機器人的大樓。",1,0,[]
115,2014-12-06 16:03:16,"太棒啦！要換市長了！出頭天了！
想重漆啊？別高興太早，我們會被裁撤！",2,0,[]
116,2014-11-30 10:31:11,眾花無眼，美麗與否是動物的好惡，未蒙青睞的花就淡出演化舞台而滅絕。無辜的花被淘汰看似沒有天理，其實就是天理。人間這種事很多，沒什麼好怨天尤人的。,1,0,[]
117,2014-11-28 08:53:47,Good morning.,1,0,[]
118,2014-11-27 11:07:45,"A black dog wearing a price tag at an arcade shoe stall.
民生西路上的地攤標價狗。",1,0,[]
119,2014-11-25 10:36:55,Birds meeting in the morning.,2,0,[]
