,time,post_caption,likes,comments,tags
0,2019-12-15 00:04:25,,68,0,[]
1,2019-12-11 17:06:19,"昨天也是跑了幾家便利商店才買到蘋果日報的美麗島特刊。其實，過去一週在重讀美麗島的故事，想要寫一篇文章，但最終沒有寫出滿意的。
美麗島事件的確是台灣民主史上最關鍵的事件：它是新生民主運動的重大挫敗，是體制的殘酷鎮壓，是一個時代——躍升的七十年代——的結束；但它也是一個起點，一個民眾覺醒的新開始，與一個新時代——狂飆的八十年代——的開啟。
那是一場必然的對抗、必然的鎮壓，但運動的再起卻不是必然的：人們可能會恐懼、退縮，運動可能停滯或者瓦解，可以說整個七零年代的政治改革與文化運動風潮，到美麗島事件劃下了一個黑暗的休止符，讓台灣陷入更肅殺陰冷的境地。然而，民間醞釀的力量已沛然莫之能禦，加上美麗島審判的不正義，因此在其後有更多人走出來，更多新生代站出來，不論黨外政治力量或者各種社會運動，都在八零年代更沸騰地展開，推動台灣的民主。
只是一直覺得難過，台灣社會因為黨派分裂，沒有能把這個事件（以及整個民主運動史）當作這個國家精神的共同資產，以及我們共同走過的集體歷史。美麗島大審中的動人陳述，甚至應該是要被放進課本中的，一如金恩博士當年民權運動中的演說。
要認識美麗島事件，其實已經有不少的出版品，推薦還不熟悉的朋友去找來看。但蘋果這本特刊的意義是，蘋果作為一個大報，讓所有讀者可以見到、認識到、理解到那段非比尋常的歷史，讓他們的精神進入台灣社會的主流意識，這是意義非凡的。
感謝先行者們的勇氣，感謝在美麗島大鎮壓之後的接棒者們，吳乃德老師說得好，那是台灣最好的時刻（期待他明年出版的專書），因為它讓我們看到人性的光輝與勇氣。因為他們，我們才有了現在的自由。
這是台灣民主的故事，也是全世界所有民主爭取者的故事，更要祝福此刻的香港。",156,3,[]
2,2019-12-09 18:54:40,中國南都週刊最近刊出他們一些過去未曝光的採訪照片，朋友轉告我也在其中，這張是2011年的。那是一段奇異的時光。,62,2,[]
3,2019-12-05 23:13:03,女孩與機器人,78,2,[]
4,2019-12-03 15:36:39,"狂騷1920

1919以來的震撼和擾動包浩斯和他的朋友們
龔書章 國立交通大學建築研究所 教授兼所長
12/21 (六) 14:00-16:00　（已爆滿！） 柳宗悅：日用之美的溫柔革命
鄭陸霖 社會學者/實踐大學工業產品設計系副教授
12/28 (六) 14:00-16:00

海明威：文字裡的巴黎印象
陳榮彬 台灣大學台文所與輔仁大學外語學院兼任助理教授
1/5 (日) 14:00-16:00

懷有危險思想的女性：從女性服裝轉變看1920年代的女性主義
廖秀哖 Harper's Bazaar 時尚雜誌總編輯
1/12 (日) 14:00-16:00 
https://www.facebook.com/events/2441345429284205/",19,0,[]
5,2019-12-01 17:49:11,去你的南極展,43,0,[]
6,2019-12-01 17:43:23,戴頭套等吃飯的貓寶,46,6,[]
7,2019-12-01 10:41:07,這個金融時報年度書單（夏季也有一次）真的很過癮，因為他類別分得很細，從商業、經濟到建築、與流行音樂等等，而「經濟」、「商業」、「科技」類選的書很多可以說是政治經濟學的，是對資本主義、全球化和AI的反思。於是我的kindle又要裝許多看不完的書了。 ＃期待這些好書都有中文本,67,1,[]
8,2019-11-29 14:36:53,在基隆開會，開完會來找很懷念的營養三明治。,69,3,[]
9,2019-11-24 17:35:18,,71,0,[]
10,2019-11-24 16:12:28,The sky,167,6,[]
11,2019-11-23 11:08:24,"我們試過一切手段，抗議、佔領、遊行，但都阻止不了這個邪惡的政府。我們感到無比絕望與憤怒。只能用更暴力的方式讓這個社會感受到疼痛。這些話不是來自2019年的香港，而是1969年的美國。說這些話的憤怒青年們後來脫離了原來全國性的學運組織，組成游擊革命團體「氣象人」，開始武裝戰鬥。

六零年代是全世界都在燃燒的年代。張鐵志在今年出版的新書《想像力的革命：1960年代的烏托邦追尋》，結合文學筆法和社會學的分析書寫了六十年代的社會運動和文化實驗。從六十年代早期理想主義青年們投入民權運動、金恩博士的非暴力抗爭，到六十年代後期走向更激烈與暴力的革命路線，六十年代的反抗之路提供了一代代抗爭者無數重要的啟示，尤其是對此刻的香港。

謝謝左轉有書的邀請進行這個小型的讀書會。讓我們好好來理解五十年前那場從街頭抗爭走向地下革命，並且撼動世界的學生反抗，並且討論我們如何可以從歷史中學習到什麼？  想像力的革命：1960年代的烏托邦追尋
▌主講：張鐵志 (本書作者)
▌時間：2019年11月26日（二），19:00-21:00
▌地點：台北市鎮江街3-1號（左轉有書x慕哲咖啡新址）

https://www.facebook.com/events/1547492632056514/",41,0,[]
12,2019-11-21 19:34:05,"「用知識武裝我們，用信念讓香港自由─Stand with HongKong」
兩週前，珊珊和我討論，面對香港，我們可以做什麼？
既然是書店，我們想做一面旗讓大家懸掛。
也既然是書店，我們強調知識的重要性，但當然更重要的是信念。
是信念支持著人們堅強抵抗不義，勇敢追求自由。

青鳥設計製作了100面旗幟（60 * 33 CM）的旗幟，願意送給所有有同樣信念的書店空間，也期待各各懸掛的書店可以有相關香港書展。
贈送書店之外，未來青鳥店面也會販售，讓讀者朋友們可以購買。",155,0,[]
13,2019-11-19 12:31:46,太美的角落,51,1,[]
14,2019-11-16 09:57:51,"吃牛肉麵喝啤酒聊台灣文化
時寓。是一家很特別的牛肉麵店，食物非常精緻，空間非常有味道，更特別的是，他們邀請我去麵店做一場講座，而且當然搭配好吃牛肉麵和精釀啤酒！

12/12
「我們如何走到這裡？台灣文化的當代樣貌」
流程：先享用來金清燉牛肉麵與台灣精釀啤酒（白玉麥酒、月光麥酒二選一），再來聽講座
真是令人一面流口水一面期待。

感謝主理人 Peihwa Chang  的邀請，感謝美麗的介紹人 Eve Yang 
活動詳情
https://www.facebook.com/events/2668976576456489/

時寓。始於2016年，是一家「賣台」的牛肉麵餐廳，意外成為國際旅遊熱點。除了以牛肉麵和台灣在地食材料理烹調的家常料理，店內還推薦在地農作物釀的精釀啤酒、飲料、梅酒等適合佐台菜等周邊餐飲。復古台式不成套的餐桌椅，牆上50、60年代的老鐘，老中藥櫃與老水杯等店內陳設，讓人進入過去時空，像是回到老家吃媽媽做的菜一樣療癒。時寓。相信善的循環，從每道超過100元以上的餐飲中提撥10元捐助弱勢單位，至今已走訪台灣各地幫助超過12家單位，讓餐飲變得更有意義。
.

photo credit：鏡週刊",76,0,[]
15,2019-11-13 10:34:56,"自由和人權發聲
「從事出版領域將近70年，我比之前更加堅信一個核心原則：即使是簡單的一本書，或是一個聲音，都擁有改變世界的力量。」　—羅伯特．L．伯恩斯坦 Robert L. Bernstein 
羅伯特．L．伯恩斯坦曾被《紐約時報》讚為「出版業最具權威的人物」，這本令人矚目的回憶錄講述的是他如何開始接觸到人權領域，以及投身於書籍出版與想法傳遞的大部分人生。
這是這本出版界傳奇人物自傳的新書發表會，但我們更會討論關於言論自由的意義。
主持嘉賓｜顧忠華
林榮基（前香港銅鑼灣書店創辦人）
張鐵志（自由作家）
薛化元（二二八事件紀念基金會董事長、政大文學院院長）
蘇正隆（臺灣翻譯學會前理事長、書林出版公司董事長、師大翻譯研究所副教授）",33,0,[]
16,2019-11-12 14:16:43,https://www.accupass.com/event/1910250458371113786310,33,0,[]
17,2019-11-10 12:32:32,海邊的詹宏志,58,0,[]
18,2019-11-10 12:28:27,海的顏色,80,1,[]
19,2019-11-10 10:45:30,不敢想像的美好：在藍皮火車上聽詹宏志閱讀。,345,8,[]
20,2019-11-10 08:35:08,,66,0,[]
21,2019-11-09 17:28:52,生祥與永豐,48,1,[]
22,2019-11-09 16:55:58,,29,0,[]
23,2019-11-09 08:45:27,,51,1,[]
24,2019-11-08 18:57:51,,35,0,[]
25,2019-11-08 18:42:31,,32,0,[]
26,2019-11-08 16:14:00,"南國漫讀節的講座系列今天下午四點正式開始，在南國青鳥的這場是談屏東的老屋新生，現場滿滿的，還有許多屏女學生，很感動。

賴元豐：重回1939，南國老屋的新生創業學｜大和頓物所x大和旅社重建計劃",21,0,[]
27,2019-11-08 14:53:54,回味無窮的屏東肉圓,49,1,[]
28,2019-11-07 14:17:14,放假人生：看展,57,0,[]
29,2019-11-07 09:03:07,"與馮宇夜談

攝影：Elisa",52,1,[]
30,2019-11-06 20:27:27,這兩個月小放假的讀書清單。,97,2,[]
31,2019-11-06 17:41:03,南國漫讀節本週末開張。,25,0,[]
32,2019-11-03 16:04:35,在北投山上看到一棟有趣的環型住宅,156,3,[]
33,2019-10-31 16:53:05,"又到了告別與再出發的時刻了。
今天是我在文總工作的最後一天。
猶記得前年初，只見過幾次面、並不熟悉的錦昌邀請我加入文總擔任副秘書長。如同大部分人，我對這組織是陌生的，但我們聊到未來許多文化工作的可能，尤其對我來說，從媒體轉向文化策劃，是個有趣的挑戰。
接任之後，有人感到存疑甚至諷刺，因為這個機構（及其名稱）過去有黨國體制的色彩，大家說你是去做官，或者說你是不是錢多事少過很爽。
我可以理解這些刻板印象和誤解，但是我們就是要顛覆這些既有的想像。
事實是，因為文總不是官方機構（「官方」的定義應該是政策制定與執行與資源的分配），所以當然不是做官（其實許多做官的朋友也是很辛苦地做事）。至於錢多事少，則剛好相反XD（我的薪水比之前專職媒體工作還低）。
這兩年半來，文總不斷向前衝，進行各種大大小小文化計畫，從舉辦各種展覽、匠人魂紀錄片、城南有意思社區嘉年華、嘻哈故宮、總統府百年音樂會、連續兩年在東京的Taiwan Plus、兩屆總統文化獎評選和頒獎典禮——以上可能只是我們做過的事情的一半。當然當然，還有我投入全部心力、從零開始的新活水，很開心可以獲得市場肯定與金鼎獎三項大獎。
另一方面，文總雖非官方組織，但可以算是體制內外間的橋樑，因此媒合了許多民間的設計師與創意工作者和官方合作。

非常開心可以和一群優秀的夥伴一起創造出這麼多不同的文化想像，我從每個人身上都學習到很多。能夠參與這樣一趟旅程，是我的榮幸。
我自己最重視的幾件事：整理台灣文化論述、讓年輕創作者有更大的平台、跨界理解與激盪，讓台灣文化走出去等等，可以說在這些年我們都有所嘗試。當然這一切都還有很長的路，需要大家一起探索。

文總對我來說，確實是一個非常有挑戰性的工作、也有一定資源可以讓大家實踐一些夢想。離開，主要是我自己想休息一下，想要讓腦袋多充電（我有巨大的讀書慾望）、沈澱與思考（歡迎開始找我寫專欄XD），不然我怕對組織貢獻有限，只是重複自己。

休息之外，我也經常亂想，腦中有不少做有趣媒體、展覽的想法，雖然不知道能否實現。甚至我可以更具體的說，我非常想做一本關於閱讀的刊物，也想到一種全新的方式。因為閱讀知識與人文精神對這個社會、對個人真的太重要了！！！（歡迎金主快出現！） 這幾年下來，我感覺到台灣文化正在醞釀一股全新的能量，從土地、歷史、傳統、生活出發，一種新的創意與創造力正在爆發，我們正在目睹一個新的時代。我希望未來自己不會缺席，無論是在哪裡。

讓我們江湖再見，酒館相聚。
（歡迎大家相揪吃飯） ＃對了我相信文總會長是一定會連任",151,7,[]
34,2019-10-27 15:28:40,黃金屋公園圖書室,25,1,[]
35,2019-10-27 10:11:03,Sunday morning,44,5,[]
36,2019-10-26 14:56:14,午營咖啡連儂牆,34,0,[]
37,2019-10-23 00:07:53,為本期大誌封面故事所寫。,50,0,[]
38,2019-10-19 19:34:35,"豪華朗機工
@ next 20 festival",30,0,[]
39,2019-10-19 19:17:36,"今晚主題是科技、藝術與音樂，為了營造party fu，現場免費提供大腸包小腸.....和百元金色三麥。
現在過來還來得及",12,0,[]
40,2019-10-19 16:42:14,# next 20 festival,39,0,[]
41,2019-10-19 15:57:04,今晚別錯過。,15,0,[]
42,2019-10-19 14:36:37,"朱銘@next 20 festival 
今明兩天，歡迎參加",13,0,[]
43,2019-10-19 10:20:14,"Next 20 festival 今天開始，
兩天的盛大思想派對
一樓是草率季
二樓是Next 20 festival 
今天各位必須來松菸！

# 看看這舞台來做論壇
# 某些場次已經爆滿
# 黑哥演出中",32,0,[]
44,2019-10-18 19:51:57,"下午在松菸二樓準備晚上頒獎典禮，抽空去一樓人潮爆多的草率季賣新活水。
這週末一定要來逛一樓草率季、買新活水，去二樓聽精彩無比的文化論壇Taiwan Plus。",142,6,[]
45,2019-10-18 16:38:32,今晚第十屆總統文化獎頒獎典禮，會有很酷的視覺，精彩的演出，和動人的致詞。七點直播 https://www.facebook.com/216932755003376/posts/2954216331274991?sfns=mo,45,0,[]
46,2019-10-15 19:15:16,基隆潮藝術,35,0,[]
47,2019-10-14 11:29:28,Mano plus,22,0,[]
48,2019-10-14 11:26:43,A very fine pianist 鄭澤相。,14,0,[]
49,2019-10-14 09:09:10,"Next 20 Festival
10／20（日）下午：社會前進、媒體改革與台灣價值 
總統文化獎自第九屆以來設立「社會改革獎」，鼓勵長期投入台灣社會改革，倡議進步價值的工作者與團體。但不可否認，社會進步有賴民眾的意識，而民眾意識深受媒體所形塑，而台灣與世界都面臨一個充滿假新聞和惡意操控諮詢的後真相時代。我們該如何前進？ 
論壇第一場將由今年社會改革獎得主台灣人權促進會的三位工作人員對談 #台灣人權的未竟之路，第二場是三位資深媒體工作者，也是長期關注社會進步的新聞人：中央廣播電台總台長張正、《報導者》共同創辦人暨執行長何榮幸、和中正大學傳播學系暨電訊傳播研究所教授胡元輝對。壓軸的閉門演講將由中華民國副總副總統暨文化總會副會長陳建仁分享如何「#建立台灣價值」。 📣 報名連結：http://bit.ly/2pbabYW
📣 其他四場這裡看：http://bit.ly/2mJAhkM",24,0,"['台灣人權的未竟之路', '建立台灣價值']"
50,2019-10-12 19:05:22,開心和好友們在檳城慶生。,46,0,[]
51,2019-10-12 14:38:26,,33,0,[]
52,2019-10-12 14:38:05,我們在檳城,58,0,[]
53,2019-10-11 21:00:44,佳嫻讀詩搭配爵士鋼琴@檳城,31,0,[]
54,2019-10-11 19:20:18,新活水展在檳城,30,0,[]
55,2019-10-11 14:44:54,"#Next20Festival
#從土地長出的果實在第四場 🌾 
從八十年代末的社區營造運動到如今的地方創生，台灣的地方與社區不斷長出新的生命力，改變了基層的文化、公共參與與產業模式，點燃在地希望。這場論壇有三場精彩對話： 「#城市造反與社區再造」：第十屆總統文化獎在地希望獎得主忠勤里方荷生里長多年來以各種創新模式服務社區，照顧社區中的弱勢，第九屆得主信義房屋「社區一家」計畫則是台灣最大規模的支持與贊助社區的企業計劃，這場對談將由台灣創意中心董事長張基義主持。 「#策展地方：#節慶的創新演繹」：屏東縣傳播暨國際事務處處長黃建嘉將分享今年屏東台灣燈會如何創造出超高人氣、翻新燈會文化，而從桃園大溪大禧到2019台灣文博會，策展人劉真蓉也不斷嘗試以城市作為策展的可能性。本場主持為參與多項大型展會的中華民國工業設計協會理事長張漢寧。 「#青年行動創生新想像」：青年返鄉投入社區與地方創生是當前台灣最重要的改變力量之一，深耕三峽的甘樂文創志業執行長林竣丞和創造台南正興街活力的高耀威將進行充滿活力的對談，主持人為長期參與介入台灣地方文化，並且是今年文博會與台灣設計展分區策展人的風尚旅遊總經理游智維。 🌾日期：10／20（日）上午：從土地長出的果實 
10：00　城市造反與社區再造
方荷生／第十屆總統文化獎在地希望獎得主
周莊雲．信義房屋「社區一家」／第九屆統文化獎在地希望獎得主 
主持張基義／台灣創意設計中心董事長 
10：40　策展地方：節慶的創新演繹
黃建嘉／屏東縣傳播暨國際事務處處長
劉真蓉／2019年臺灣文博會總策展人
主持Jimmy Chang／中華民國工業設計協會 Chinese Industrial Designers Association理事長 
11：20　青年創生行動新想像
林竣丞／甘樂文創志業執行長
高耀威／台南正興幫發起人
主持游智維／L-inStyle 風尚旅行總經理 🌾 活動報名連結：http://bit.ly/2oiH2dY
🌾 其他四場這裡看：http://bit.ly/2mJAhkM",10,0,"['策展地方', '城市造反與社區再造', '節慶的創新演繹', '從土地長出的果實在第四場', '青年行動創生新想像', 'Next20Festival']"
56,2019-10-10 18:48:51,"#Next20Festival
#第三場晚上的藝術與創意的無限跨界 💡 
台灣這十年最大的改變就是新世代的創意與美學革命，從公部門的改變如國慶主視覺與大型典禮，到各種大型展結合設計與社會能量，當然更多創作者不斷跨界合作，進行顛覆與創新，為台灣文化打開各種新的可能。 
19日晚上論壇以「#藝術與創意的無限跨界」為主題，第十屆總統文化獎青年創意獎得主豪華朗機工分享他們如何跨界科技與藝術，並為世大運與台中花博打造出具有時代精神的作品。第九屆得主舒米恩．魯碧將分享一個音樂人如何透過創作與對部落文化的保存去傳承與創新傳統。從25屆金曲獎主視覺開始，羅申駿一再翻新台灣大型典禮的概念與美學，今年更首次負責金馬獎主視覺，他要如何「重新設計台灣」？講座之外，還有2015台北數位藝術節首獎得主王新仁 a.k.a.阿亂的演出。 
這晚將是一場真正的美學派對。 💡日期：10／19（六）晚上：藝術與創意的無限跨界 
19：10　數位音像藝術表演
王新仁 a.k.a.阿亂／2012及2015台北數位藝術節首獎得主 
19：10　混種共創之美 
豪華朗機工 LuxuryLogico／第十屆總統文化獎青年創意獎得主 
20：00　重新設計台灣

Johnason Lo／JL Design負責人、、25,26,29及30屆金曲獎視覺設計統籌、2019金馬獎視覺統籌 
20：40　美語創作的傳承與未來
Suming 舒米恩／第九屆總統文化獎青年創意獎得主 💡 活動報名連結：http://bit.ly/2pdiTpB
💡 其他四場這裡看：http://bit.ly/2mJAhkM",19,0,"['Next20Festival', '第三場晚上的藝術與創意的無限跨界', '藝術與創意的無限跨界']"
57,2019-10-08 13:56:20,"Next 20 Festival  10／19（六）上午：無私的愛與關懷

第十屆總統文化獎人道奉獻主是長期在花蓮照顧弱勢的花蓮黎明機構，這場論壇除了分享他們的愛與關懷，也特別邀請孩子的書屋執行長楊惠菁，年初創辦人陳爸離開之後，孩子的書屋會如何繼續下去？令人期待。這場論壇的開場將由
金曲最佳台語男歌手謝銘祐，謝銘祐在創作之餘，和他的麵包車經常走訪廟埕、社區與老人安養中心為長輩聽演唱，是一名深具人道關懷的音樂人。

活動報名連結：http://bit.ly/2pdhZcH",26,0,[]
58,2019-10-06 17:58:26,下週日吉隆坡演講。,40,0,[]
59,2019-10-06 13:27:51,"貓寶一個月前眼睛出現一點問題，後來動了小手術，但復原狀況不好，於是我們換了家醫院，目前復原狀況穩定，雖然有點慢，讓人擔心。
今天用新袋子帶他去醫院，看他精神不錯，頭冒出來，很像在潛水艇XD",118,2,[]
60,2019-10-04 15:57:57,很累,22,0,[]
61,2019-10-03 20:21:43,"Next 20 Festival  想像下一個二十年的台灣文化

今年文總舉辦第十屆總統文化獎，由於這個獎是從2001年開始舉辦，每兩年一次，所以今年第十屆代表台灣文化在二十一世紀走過將近二十年。因此，一開始就在想，能不能透過這個機會來討論台灣過去二十年的文化軌跡，畢竟我們花少認真思考這座島嶼走過的歷史，累積文化論述。新活水在做的，比較是紀錄當前的新文化趨勢，但還沒有更深刻底去討論台灣這二十年的變化？
這些文化與價值的變化，其實也形塑了政治局面。

當然更重要的是，如何想像下一個二十年。

所以，一方面我們與公共電視製作關於一部走過這二十年的紀錄片（我難得擔任製作人！），另方面的重頭戲就是要在十月中舉辦兩天的Next 20 festival， 邀請包括五組得獎者在內的三十七位講者討論從文化藝術創意，到地方創生與社區改造，和人權與媒體改革，我們希望做出一場深刻又有趣的的思想派對。

希望大家參加，不能參加也要幫忙宣傳啦！ 
請來活動頁按參加
https://www.facebook.com/events/507101386773356/",28,0,[]
62,2019-10-01 20:02:57,「勇氣是什麼呢？在何韻詩那裡，它是一種不受威嚇的堅持，後面包含了對於形勢的客觀分析，萬全的準備（雖然平時不用，但她對防具運用十分在行，向我示範時有點像空姐），還有舉重若輕能夠笑出來的灑脫。當恐怖的迷霧襲來，可以清清楚楚逐樣接應。」 鄧小樺在本期新活水寫何韻詩。,145,0,[]
63,2019-09-30 19:58:32,"【復刊2週年#限定講座報名即將截止！】 新活水復刊2週年，我們備有一個月展期的特展、端出以雜誌如何介入時代的社長大解說，更請出獲三項設計獎的本刊設計大公開。全盤好菜，在這個週末，歡迎到和平青鳥領略滿滿新活水的絕妙風味！ 
①一本雜誌如何介入一個時代：從香港到台灣 
主  講｜《FOUNTAIN 新活水》社長 張鐵志
時  間｜2019.10.05 15:00 - 16:00
地  點｜和平青鳥（台北市大安區臥龍街289號）
-
報名方式｜填寫報名表單，＃憑任一期《FOUNTAIN 新活水》入場（現場均有販售）
報名連結：reurl.cc/drGk0y 
②直球對決！挑戰當代視覺語彙
主  講｜《FOUNTAIN 新活水》設計師 洪彰聯
時  間｜2019.10.05 16:00 - 17:00
地  點｜和平青鳥（台北市大安區臥龍街289號）
-
報名方式｜填寫報名表單，＃憑任一期《FOUNTAIN 新活水》入場（現場均有販售）
報名連結：reurl.cc/1QYAep
-
▎A Magazine for Culture Addicts
《FOUNTAIN 新活水》復刊兩週年特展 
展期 ▶ 2019/9/21（六）～ 10/20（日）
地點 ▶ 和平青鳥（台北市大安區臥龍街289號）
時間 ▶ 10:00 - 21:00（每日營業）",39,0,['限定講座報名即將截止']
64,2019-09-29 17:08:26,Taiwan Plus 順利完成，感謝老天感謝所有人。,67,1,[]
65,2019-09-29 11:58:55,"日本橋的富錦樹台菜香檳。
（我也可以去拍食物了）",54,2,[]
66,2019-09-28 16:47:40,美麗的黃昏,53,0,[]
67,2019-09-28 14:43:34,人山人海的9m88,48,1,[]
68,2019-09-28 09:24:10,東京都知事小池百合子參加Taiwan plus 開幕。,45,0,[]
69,2019-09-27 16:10:56,Taiwan Plus 明天見,60,2,[]
70,2019-09-27 13:56:59,陳錫煌師傅在Taiwan plus 記者會。,25,0,[]
71,2019-09-27 12:07:36,"請留下時間，今年最厲害的論壇

走過了21世紀的第一個二十年，
台灣文化走過了什麼樣的軌跡？ 
什麼是台灣文化的當代樣貌？
我們又該如何在國際中，凸顯自己的認同與價值？ 
讓我們透過這場超跨界的論壇與展覽，集結改變台灣的三十組大師、文化先鋒與社會行動者，尋找時代精神，確立文化主體。 
想像下一個二十年的台灣文化。 -
＃為期兩天的論壇與展覽的關鍵字 ｜台灣文化的國際識別
｜如何尋找我們的語彙
｜設計藝術科技大跨界
｜地方創生與社區改造
｜民主深化與人權運動
｜社會前進與真假新聞",30,3,[]
72,2019-09-27 08:50:35,"「生活不是關於發現自己，或發現任何事情 --而是創造你自己，創造新事物。」--包布狄倫(Bob Dylan)

包布狄倫(Bob Dylan)把臉塗白，帶著新合作的樂手、十年前的民謠老友、詩人、劇作家，和他自身來自過去的幽魂，宛若一個江湖賣藝團或者綜藝走秀團，邊走邊唱——雖然不是在路邊或空地，而是在小城鎮的小型場所演出。
這是狄倫從1975年底到1976年底名為「雷霆綜藝秀」（Rolling Thunder Revue）的巡迴演出。

他想要重新尋找自己內在的靈魂，再次創造一個新身份，一個新迷思，一個人們從未見過的包布狄倫。 「當狄倫塗白了臉，混淆了真實和虛構….」
上篇：
https://udn.com/news/story/11325/4068361
下篇：
https://udn.com/news/story/12661/4070392",42,0,[]
73,2019-09-27 08:46:54,Hello Tokyo,28,0,[]
74,2019-09-26 08:33:30,"當狄倫塗白了臉，混淆了真實與虛構

幾個月前看到馬丁史柯西斯拍攝的Bob Dylan 在七十年代中期巡迴演出的紀錄片，被他全然不同的形象與企圖所著迷，那是一個藝術家的重新自我創造。花了幾個月寫了一篇五千多字的文章，很謝謝聯合報副刊願意全文分兩天刊出。

想起我第一篇給副刊的文章，就是聯副，那也是我成為一個寫作者的重要開始。
今日全文
https://udn.com/news/story/12661/4068361?from=udn-catebreaknews_ch2",88,5,[]
75,2019-09-25 10:56:23,"台灣設計展@屏東。
超級南超級市場。",50,0,[]
76,2019-09-23 18:22:36,"一本雜誌與一個時代的文化

這期新活水出刊適逢我們復刊兩週年，我將分享新活水這兩年的經驗：如何設定議題、策劃專題，如何紀錄、介入台灣當代文化。

也因為這期是香港，所以我也會分享我在香港「號外」的經驗，並且談談做香港專題對台灣的意義。

當天另外一場，是難得出現的設計師阿聯首次公開分享。

https://www.facebook.com/events/1548601161948797/",60,0,[]
77,2019-09-23 15:38:09,本期新活水先鋒人物是明哥：文字張潔平、攝影廖偉棠，簡直是黃金三人，不可錯過。（明哥正在北美演出，當地朋友們更不要錯過）,156,0,[]
78,2019-09-22 21:00:51,真高興見到我很喜歡的陳列大哥。,33,0,[]
79,2019-09-21 09:21:05,致敬。,88,1,[]
80,2019-09-20 21:39:02,新活水兩週年特展明天開始,62,0,[]
81,2019-09-19 18:12:35,謝謝大家對香港的關注。,64,0,[]
82,2019-09-18 15:20:28,本期新活水：鄧小樺寫何韻詩,146,0,[]
83,2019-09-18 15:19:38,本期新活水：點解香港,43,3,[]
84,2019-09-15 22:32:25,帶貓寶去貓下去,172,3,[]
85,2019-09-14 21:03:53,"今日朱銘美術館開幕20週年，正好本月朱銘老師獲得總統文化獎，可謂雙喜臨門。
今晚，有雲門舞集與太極拱門對話，天上明月緩慢地忽隱忽現，彷彿配合雲門舞者演出，堪為奇觀。

# 敬請10/19 總統文化奬論壇",89,0,[]
86,2019-09-14 18:52:54,終於來心儀已久的「靠北過日子」，果然視野好，餐飲正點。這樣的小店讓台灣的海岸風景更迷人。,85,1,[]
87,2019-09-14 17:49:42,昨天搭火車去瑞芳，今天開車翻過陽明山去金山朱銘美術館，途中遇到大濃霧。,65,1,[]
88,2019-09-13 19:43:39,點亮十三層,175,0,[]
89,2019-09-08 17:51:25,買了兩本香港文學刊物，都是香港文學館出版，一本以創作為主，一本以論述為主。,28,0,[]
90,2019-09-08 15:54:58,據說他們這條馬路走了五十年。,132,0,[]
91,2019-09-07 14:33:30,香港街頭的抗爭密碼,86,0,[]
92,2019-09-07 12:15:37,,25,0,[]
93,2019-09-06 19:31:25,,61,0,[]
94,2019-09-01 21:34:34,,24,0,[]
95,2019-09-01 16:01:53,,108,1,[]
96,2019-09-01 16:01:37,慾望之翼,40,0,[]
97,2019-08-31 23:39:00,柏林最酷雜誌店充滿台北,74,3,[]
98,2019-08-31 17:55:46,,9,0,[]
99,2019-08-31 17:49:00,柏林的漫遊者藝術節：台北主題。,46,0,[]
100,2019-08-31 15:30:43,靜好。,49,0,[]
101,2019-08-31 15:30:11,,13,1,[]
102,2019-08-31 04:10:29,在柏林一回到旅館打開電視就看到之鋒和周庭,118,0,[]
103,2019-08-28 21:00:17,,29,1,[]
104,2019-08-27 14:38:30,"昨天去屏東縣政府開會，
今天來台南開全國設計分區論壇，
昨晚回到台北家中，
所以花很多時間坐高鐵，
但是也換了不少時間閱讀、思考和處理工作",21,2,[]
105,2019-08-25 13:08:54,出門看醫生,45,2,[]
106,2019-08-24 20:08:02,塩田千春展,42,0,[]
107,2019-08-24 20:07:26,塩田千春展（上週參觀）,63,1,[]
108,2019-08-24 20:04:17,"新活水舉辦的編劇講座。
吳可熙本人確實很美。
而且拿我名片時說啊是你，久仰。我就心花怒放了。",153,0,[]
109,2019-08-23 19:43:05,連儂牆,60,0,[]
110,2019-08-23 17:49:34,台大連儂牆。很感動,319,7,[]
111,2019-08-23 16:33:36,好地方,46,0,[]
112,2019-08-23 15:33:21,,22,0,[]
113,2019-08-22 19:01:42,好久沒來東一排骨！,18,0,[]
114,2019-08-22 14:04:54,來景美人權文化園區演講台灣音樂與社會抗議的歷史。,78,1,[]
115,2019-08-20 13:56:42,與同事們,60,1,[]
116,2019-08-20 10:21:01,,33,0,[]
117,2019-08-20 10:17:39,日本連鎖咖啡店的300日圓咖啡是虹吸式。感人。,28,0,[]
118,2019-08-19 21:31:03,憂傷的背影,49,0,[]
119,2019-08-19 19:57:07,日本經濟新聞,104,1,[]
120,2019-08-19 14:57:27,跳向東京鐵塔,18,0,[]
121,2019-08-19 14:56:01,,52,1,[]
122,2019-08-19 09:30:01,妖怪文化大展,32,0,[]
123,2019-08-19 09:27:31,一群好友,98,2,[]
124,2019-08-18 18:54:28,,28,0,[]
125,2019-08-18 15:55:30,今日來東京出差，明天要開Taiwan Plus記者會。帶上這本月前買的書「情熱東京 A Tokyo Romance」。這是荷蘭作家Ian Buruma描寫他在1970年代初來東京見證當時的地下文化場景，當時與大島渚、寺山修司等人往來，有其他談到一個外國學生對於東京的巨大好奇和迷戀，非常好看，那個在學運餘燼中燃燒出新文化的東京也實在迷人。,56,0,[]
126,2019-08-15 20:54:03,Hi,89,4,[]
127,2019-08-04 19:13:28,美麗草地聽謝銘佑唱歌,36,0,[]
128,2019-08-04 19:11:55,今天穿了柏林買的ice cream man  t-shirt 吃蜷尾家冰淇淋,29,1,[]
129,2019-08-04 19:10:19,一邊流汗一邊吃好吃牛肉鍋就是爽,67,1,[]
130,2019-08-04 16:44:37,通往海濱的樹林,30,0,[]
131,2019-08-04 16:40:55,漁光島,45,0,[]
132,2019-08-03 18:37:29,好美的冬山車站,48,0,[]
133,2019-08-03 17:03:06,冬山綠。,23,0,[]
134,2019-08-03 14:28:24,朋友在冬山開的小書店,40,0,[]
135,2019-08-02 10:01:27,"五十年前，1969年八月的Woodstock音樂祭是搖滾樂的終極鄉愁，不斷被訴說的永恆神話。 這裡不只集結了六十年代的一切搖滾英雄們，且台下的年輕人在這裡相互微笑，在雨後的泥漿中歌唱跳舞，在河中集體裸身洗浴，親吻擁抱。 
1969是太震盪的一年，八月中是Woodstock，八月上旬發生了曼森家族殺人事件（電影「從前有個好萊塢」以這事件為藍本），之前得七月是人類首次登月，六月底石牆暴動開啟同志運動新頁，而遠方的戰爭如幽靈般糾纏著所有人，抗爭者則越來越希望用革命推翻體制。 
搖滾青年們在這三天三夜構築了一座理想的城邦，從此建造了一代代搖滾青年對音樂祭的想像…. 我不只是會講會從那個音樂祭談到當代台灣音樂祭，也會談Woodstock所濃縮的那個時代的音樂、青年文化和政治之間的矛盾。

更重要的是，會有很多好好聽的音樂....",79,2,[]
136,2019-08-01 18:22:51,來認識真正的台灣民眾黨,87,0,[]
137,2019-08-01 17:42:16,午餐開賣,38,0,[]
138,2019-07-27 10:23:07,法朋的這個餅乾禮盒真是好吃，尤其是幾種鹹的令人驚艷。佩服李師傅！而且是米力設計，送禮自用兩相宜。,48,2,[]
139,2019-07-26 09:39:58,有三百年歷史的配天宮,38,0,[]
140,2019-07-21 11:41:44,Pakistan rock music,21,0,[]
141,2019-07-21 00:10:41,,34,1,[]
142,2019-07-20 21:54:30,檳城市集,30,0,[]
143,2019-07-19 18:25:30,七個台灣人在檳城,101,2,[]
144,2019-07-19 12:17:02,"今日在檳城是整日的台灣設計論壇，現場三百多人來聽台灣的文化、創意，與對土地的情感。
做為召集人，我除了主講新活水，還有一個開幕短講關於台灣文化趨向。但我真正興奮的，是可以好好聽到其他五位好友的分享。",83,2,[]
145,2019-07-18 23:27:26,明天檳城開賣,77,0,[]
146,2019-07-18 05:51:25,大佛,28,0,[]
147,2019-07-15 12:37:37,今年🔟月，台灣設計展在屏東,57,0,[]
148,2019-07-14 17:56:15,看完寄生上流太震撼，立刻來吃韓國料理。（我最愛的蔬菜煎餅）,60,2,[]
149,2019-07-13 15:51:05,最近入手,28,0,[]
150,2019-07-13 15:12:07,為母校驕傲,92,0,[]
151,2019-07-08 20:38:53,,37,0,[]
152,2019-07-03 02:36:43,一家厲害的書店,26,0,[]
153,2019-07-03 02:35:57,,18,2,[]
154,2019-07-02 21:51:42,Library is for everyone.,85,0,[]
155,2019-07-01 20:53:31,"解嚴其實不只是政治面，對文化的解放也是影響深遠，但過去較少被好好討論。《FOUNTAIN 新活水》第一期是2017年九月，正是解嚴三十年，因此以此題目為封面故事，回首那段青年文化爆炸與解放的歷史，並且思考當代文化狀況。

封面選用「黑名單工作室」主唱林暐哲於1990年3月野百合學運現場演唱的照片，代表著後解嚴時期音樂與抗議的交織。非常喜歡這個封面，也為這一期的整體企劃感到驕傲，這一期基本上就建立了此後我們的方向與風格。

現已絕版。",107,1,[]
156,2019-07-01 02:46:08,在大都會博物館看了一個引起很多討論的展Notes on Camp，前半部展對於這個概念的歷史考察非常有趣。,34,0,[]
157,2019-07-01 02:36:01,在大都會有另外遇見一個關於搖滾約樂器的展覽。這是Bob Dylan 1965年在new port 音樂節上使用的電吉他,36,0,[]
158,2019-07-01 02:24:46,準備遊行,42,0,[]
159,2019-06-30 05:14:12,遊行的前日，石牆外已經是彩虹人潮。,51,0,[]
160,2019-06-30 05:13:37,遊行的前日，石牆外已經是彩虹人潮。,77,0,[]
161,2019-06-30 04:06:05,格林威治村很彩虹🌈,34,1,[]
162,2019-06-30 01:55:41,Leonard Cohen 展，再一次提醒了我們人生多幸運擁有他的歌。,48,0,[]
163,2019-06-29 11:49:07,"昨晚抵達紐約，深深感覺到整個城市都很彩虹，今天尤然。
1969年6月28日午夜，紐約石牆酒吧的同志群起抗暴，開啟了同志平權運動欣葉。一年之後紀念石牆抗爭的遊行，更成為全球同志遊行的濫觴。因此，在這個五十週年紀念，紐約處處是彩虹旗幟。（我在《想像力的革命：1960年代的烏托邦追尋》寫了石牆運動的故事。） 台灣當然也來了。尤其台灣剛剛通過同婚，成為世界的焦點，這個石牆五十週年真是意義非凡。
因此，台灣同志團體不只要參加週日的大遊行，還特別在下東區租下一個空間舉辦一個展覽，台灣同志文化史，展覽本身是一個喜宴的概念來呈現，很有意思。

今天開幕很熱鬧，看到老朋友與新朋友。也請大家多多告訴外國朋友來看看台灣，同志與喜宴。

https://www.taiwanbanquet.org/

Opening｜June 28, 2019, 6:00 pm
Exhibition｜June 29 - July 6, 2019
Location｜213 Bowery, New York, NY 10002
Organized by 婚姻平權大平台
Curated by JIC Media 集刻互動
Co-organised by Gagaoolala - 屬於你的故事
Advised & Sponsored by 文化部、AiTaiwan Foundation",140,1,[]
164,2019-06-28 21:33:36,回到夢中的中央公園,55,2,[]
165,2019-06-25 11:48:48,,46,0,[]
166,2019-06-23 21:34:37,"《聲音與憤怒：搖滾樂可以改變世界嗎？》又再版了，收到出版社寄來的幾本贈書，感觸良多。
這是我的第一本書，也是改變我一生的書。

出版此書時是2004年五月，我32歲，剛在紐約結束博士第二年的學業。之前我在媒體上寫東西其實很少，本來是想在出國念博士前出版一本搖滾樂如何影響從六十年代到當代世界的書，作為我的搖滾青春歲月的告別，從此好好念博士，致力於學術。沒想到，這本書卻得了獎，一刷再刷，開啟我的寫作人生，但也把我從學術之路越帶越遠。幾年後，決心走上寫作這個志業。

除了改變我的人生，一路上也有很多很多朋友跟我說這本書如何改變了他們看待搖滾樂，看待世界，甚至自己人生。這是作為一個寫作者，最大最大的鼓勵。（現在碰到很多人說他們小時候看這本書，讓我驚覺自己果然早已是中年大叔！） 本書原先是商周出版（感謝當時書系主編何穎怡），後來超過十刷，但我越來越覺得很多資料想補充，很多文字想修改，因此2015在印刻出了全新增訂版，不僅內容重新潤飾，且增加了三分之一篇幅，包括搖滾與柏林圍牆的故事、Pussy Riots與普丁的威權政治，以及重返今年即將五十週年紀念的Woodstock Festival。（這兩個版本都是由設計大師王志弘操刀。）
很謝謝瑪莎在這個新版寫了一篇非常好的序。

一本出版十五年的書出版，現在還會再版，也是挺神奇的。當然，我知道新一代的讀者對此書不太熟悉，所以，快去買！

不過，今年出版的新書《想像力的革命：1960年代的烏托邦追尋》，我自己文字與內容都比前書有進步，成績卻不太理想，或許廉頗老矣，哈哈。 
然後，2010年出版過《時代的噪音》作為聲音與憤怒的續集，應該兩年後第三本搖滾書會出現。",135,6,[]
167,2019-06-21 13:33:08,老友冠聰，香港加油！,157,2,[]
168,2019-06-18 15:32:31,,100,3,[]
169,2019-06-18 13:23:43,幾次想過以便利商店形式做展覽，尚未成熟，看到人家真的用仿便利店形式做了一個商店,85,0,[]
170,2019-06-18 13:19:38,書的重要,50,0,[]
171,2019-06-18 11:16:14,,32,0,[]
172,2019-06-17 19:34:35,下班了,39,0,[]
173,2019-06-17 09:46:00,美術館中的乒乓球,38,2,[]
174,2019-06-16 14:19:07,今日文總出差,38,0,[]
175,2019-06-15 20:09:31,,50,0,[]
176,2019-06-14 16:38:50,小富紅豆餅,31,0,[]
177,2019-06-12 18:35:11,"突然想起那個龍和道的夜晚。
今日香港青年們再次佔領政府總部外，讓我自己的雨傘時刻不斷湧現，那些催淚瓦斯與煙霧，日與夜的光，人與人彼此問好的烏托邦。我去的時間不算太多，但已經是人生難以磨滅的時刻。
佔領期間最激烈的一晚，是十一月底佔領龍和道，蒙面青年們直接跳到馬路上擋車，建起路障。我在路邊看，夢一般的夜色。
今日他們是從一開始就佔領了這條路。

傘運結束的十二月，我們號外編輯部也在準備下個月亦即2015年一月「號外」雜誌的封面故事，因為是佔領運動之後，又是一年之初，所以封面故事設定為「香港的十種未來」，包括從政治到時尚到文化與農業等，思考香港的未來
但也因為傘運剛結束，我們把長毛作為封面人物（這是我一直想做的），並且決定重回龍和道路上去拍攝。
當時我們說，香港的未來之一是抗爭政治，不停歇的抵抗。

一份有時尚感的文化雜誌可以做到這樣，我這段工作期間算是不負香港。
很驕傲曾是，且將繼續是香港一份子。
（謝謝創意總監偉仔、攝影師Roy Lee和該文作者疏影。） 希望龍和道上和其他佔領區的香港朋友們一切安好，希望這個條例被丟入垃圾桶。",309,3,[]
178,2019-06-12 09:50:06,紐約時報專文介紹美國的新台菜風。,28,0,[]
179,2019-06-06 16:36:59,"本期日本知名雜誌Pen 封面故事是台灣，報導了很多好朋友。很榮幸專題導言部分邀請我來談，我也介紹了文總，只可惜談了很多卻只有寫出一點點....（ 雖然已是全文的三分之二 XD）

# 謝謝dayday和小路的引介
# 請期待Taiwan Plus 2019",26,0,[]
180,2019-06-05 20:10:10,雜誌《窩抱報》本期報導我和貓寶的故事。貓寶是我們最愛的家人，是我心目中世界上最可愛的生物。這篇報導攝影、文字、插畫和版面都很好，這也是一本長期關注動物議題的好雜誌，請多多支持！,60,1,[]
181,2019-06-05 14:40:13,雜誌《窩抱報》本期報導我和貓寶的故事。貓寶是我們最愛的家人，是我心目中世界上最可愛的生物。這篇報導攝影、文字、插畫和版面都很好，這也是一本長期關注動物議題的好雜誌，請多多支持！,207,2,[]
182,2019-06-03 21:52:18,島嶼南方的樣貌,40,0,[]
183,2019-06-01 20:50:15,書展演講,33,0,[]
184,2019-06-01 14:29:16,,79,0,[]
185,2019-06-01 14:29:02,來朝聖,25,0,[]
186,2019-06-01 09:38:44,"這次來新加坡就下定決心早餐不要在飯店吃，要出來吃這一款道地的。昨天晚上在計程車上經過旅館這家店，雖已打烊，但看起來不錯，馬上記下：喜園。
原來是名店，大排長龍。",69,0,[]
187,2019-05-31 16:54:39,新活水在新加坡書展,66,2,[]
188,2019-05-31 15:39:41,,16,0,[]
189,2019-05-29 21:06:49,,21,0,[]
190,2019-05-28 23:02:09,開始讀書。,59,3,[]
191,2019-05-26 21:26:11,頭城。能在這退休就好了。,69,0,[]
192,2019-05-25 10:26:04,第一次去沖繩就很喜歡這個Orion球，很多商家門口都掛，但我到處買不到。最近終於有朋友幫忙買到，很有夏天氣息。,56,0,[]
193,2019-05-24 20:22:55,,84,0,[]
194,2019-05-24 19:53:19,新活水X空總：我們時代的同志群像,53,0,[]
195,2019-05-22 18:38:35,"真的是一篇從文字、攝影到雜誌版面都很厲害的人物訪談。
感謝總編 韋朗風的安排，尤其找了我很喜歡的作家 馬翊航 （Yi-Hang Ma）來寫。
小馬不只是文字優異的作家，而且是名非常認真的採訪者：專訪之外，他去聽了我和惠菁的演講，並閱讀了多篇我提到的文本。
文章非常細膩，寫到了我走過的挫敗，與深層的慾望與恐懼。
作為受訪者，只能說何其有幸。
全文可上網看",166,4,[]
196,2019-05-20 15:12:03,打開本期新活水，你會看到一本閃著彩虹亮光封面、內容豐富深刻探索台灣同志文化史的雜誌，會有一張以性別平權為主題海報（三擇一），還會有一本由方序中設計名為查無此人的別冊,56,0,[]
197,2019-05-19 23:34:42,哥真的不是要騙你，再不買本期新活水就很快要絕版了。,69,0,[]
198,2019-05-19 20:56:16,Tizzy Bac.,60,0,[]
199,2019-05-15 21:19:20,"這篇主編的話寫於四月底。希望這個週五我們都能感動地落淚。 【新活水5月號｜開場白】by總編輯張鐵志 
這是一個所有人都會流淚的時刻。 
五十年前的夏天，1969年6月28日午夜，在紐約石牆酒吧的每一個人都曾經是隱形的，都曾在生活中被嘲笑、被霸凌、被蔑視、甚至可能被逮捕。他們所有人都是罪犯（criminal）、是罪人（sinner）、是精神病人——1952年，美國精神醫學學會正式把同性戀列為精神疾病。直到這個午夜，他們不願繼續被警察騷擾，起身抗暴，爭取他們站著的權利與尊嚴。此後，整個世界的同志平權運動有了新的出發。 
2019年的這個五月，台灣將正式通過同志婚姻合法化，台灣性別平權運動邁入新的歷史階段，因此《Fountain新活水》策劃了這個封面故事，在這個讓人落淚的時刻，回首台灣同志掙脫黑暗的生命史與文化史，並思考這個號稱民主的體制仍然存在的諸種議題。 
為此，我們特別邀請長期關注同志議題與同志文化書寫的作家羅毓嘉擔任客座主編，策劃整個封面故事。從回顧婚姻平權同志大事，考掘男女同志空間歷史，閱讀台灣文學、電影與音樂中或隱或明的同志認同，到訪首次以公開同志身份當選的兩位議員，更邀請同志伴侶（從知名的文化創作者 厭世姬與小粒、曉劇場的團長李孟融跟導演鍾伯淵，到參加新活水公開徵集的讀者們）帶特約攝影師進入他們的生活日常，留下一張張平凡但無比動人的影像。 
真正的平權烏托邦當然還在彼岸，因此我們也討論持續的挑戰：同婚家庭與跨國伴侶的種種艱難、原住民部落中的同志、跨性別者自述，以及提問基督教真的反同嗎？ 
本期也特別邀請三位知名設計師與藝術家牛俊強、顏伯駿、Misc Lin以性別平權為主題設計三張海報，每一張都讓人想激動地收藏。 
別冊是與設計師方序中和 BIOS monthly 的特別合作，針對他策劃的展覽《查無此人｜Where Have All the Flowers Gone》進行一場書寫的回應，由張亦絢、朱嘉漢、李奕樵三位優秀的小說家，以虛構方式寫成給不同年代的「查無此人之信」，並由方序中設計特殊裝幀。 
今年春天，東京代官山蔦屋書店這個日本的指標性書店（還有東京其他幾家書店）開始販售《Fountain新活水》。台灣這些愛雜誌的人一直都深受日雜影響，現在，我們終於可以把台灣優秀的寫作者、攝影師、設計師、插畫家的作品帶到日本，並透過Fountain讓他們可以用不同角度認識當代台灣的文化想像與創造力。 
我們對此當然振奮，但更興奮與驕傲（proud）的，還是這個台灣同志平權的彩虹時刻，這才是能真正讓台灣被世界看見。當然，這條平權之路還有很長的路要走，但這本雜誌將會持續地紀錄與介入，與有同樣信念的你們一起前進。 《FOUNTAIN 新活水》5月號
🌈Love is Equal｜台灣同志群像與黑暗之光
❤️搶先預購🔜reurl.cc/EDeva （想想針對本週立院如此大事，只有小英一位總統參選人公開表態支持婚姻平權，這就說明了一切。）",68,0,[]
200,2019-05-14 21:28:19,"文總新活水和空總手牽手合作舉辦「我們時代的同志群像」系列座談。
5/24 超級黃金陣容
羅毓嘉Ｘ苗博雅Ｘ厭世姬Ｘ牛俊強",31,0,[]
201,2019-05-13 08:50:33,花蓮的海,49,0,[]
202,2019-05-12 15:01:57,,56,2,[]
203,2019-05-12 15:01:12,滿是咖啡店的花蓮小街,34,0,[]
204,2019-05-12 14:35:33,厲害的地方,42,0,[]
205,2019-05-10 11:37:55,我的凌亂辦公室,65,1,[]
206,2019-05-09 14:21:12,台灣最有味道的書店之一,120,1,[]
207,2019-05-06 23:32:40,,67,2,[]
208,2019-05-06 23:30:18,這什麼鳥？,15,1,[]
209,2019-05-05 10:18:40,釣蝦場談新活水,62,1,[]
210,2019-05-04 18:11:57,在釣蝦場認識不錯的新樂團,43,1,[]
211,2019-05-04 14:51:14,這是開研討會討論雜誌的未來！其他人是小日子社長、秋刀魚總編、SD最#總編。害羞的是，這是一個大叔與數位少女😅,67,0,['總編']
212,2019-05-04 10:39:05,"1987：一場不遠的青年文化爆炸
這是新活水復刊號/創刊號的封面故事，回頭來看裡面的企劃和版面，仍然是非常喜歡。
內容有關於那個時代媒體、藝術、音樂、電影等領域的深度報導，有五個創作者的散文回顧當年，也邀請五位現在中生代的文藝大將重回他們那時啟蒙時光，並重返幾個當時重要的空間。
＃Fountain",67,0,[]
213,2019-05-02 14:42:15,感謝濁水溪公社！意義重大！,80,0,[]
214,2019-05-01 22:05:03,"五月，應該台灣會通過同婚合法化（拜託！）。很巧，接下來的六月，是美國石牆運動運動五十週年——1969.8.28的紐約石牆暴動是全球同志平權運動的起點。

我的新書也有一章寫六十年代、同志運動與石牆暴動的故事，原本是四月要去花蓮孩好書屋講這個故事，但因故延到5/12。這是這次巡迴講座唯一一場針對這個主題，主要也是因為我邀請了一位很棒的對談者：我的老朋友、長期研究酷兒文化的東華大學教授君琦。

歡迎大家來聊聊美國的六十年代、同志運動，與台灣的政治與文化現實。
希望到那個週日時，法案的通過可以更明朗。

# 謝謝孩好書屋又給我一次機會去分享",55,1,[]
215,2019-04-29 21:03:06,"去年下半年一週年時，新活水想做一個盒裝，讓喜歡的讀者可以好好珍藏，尤其前六期已經有一半絕版，市場上買不到。後來這個設計與製作實在耗力，到這個春天才正式推出，只有限量18套，非常美麗，超級「重量」（真的很重）。 特製書盒，外盒採用鏡面壓克力，映照出世界的樣貌。
 打開盒蓋，內盒 以6期封面故事包裹，體現出世界的內涵。
單套定價 NT $2800，限量販售中。
購買連結：reurl.cc/EYnKv",24,0,[]
216,2019-04-27 19:34:33,"拍謝少年台派搖滾+陳錫煌布袋戲！太強烈太動人！
應該去世界走透透，代表台灣文化的傳統魅力與當代野性！",45,0,[]
217,2019-04-27 19:23:58,"拍謝少年台派搖滾+陳錫煌布袋戲！太強烈太動人！
應該去世界走透透，代表台灣文化的傳統魅力與當代野性！

# 台灣文博會",104,2,[]
218,2019-04-27 18:46:57,拍謝少年+陳錫煌布袋戲,45,0,[]
219,2019-04-27 15:13:03,"史上最奇怪的演講場。

# 空總文化大學堂",22,1,[]
220,2019-04-27 00:19:37,"今天傍晚在空總釣蝦場現場，現場有有關於海洋與生態的藝術作品，有一群人認真地在釣蝦，台上有人吹著迷人的口琴，另一人獨自跳著踢踏舞，一整個詭異的情境，宛若一幕奇異的電影。 
非常喜歡、也非常佩服Frank這個傢伙，可以把事情搞得很ㄎㄧㄤ很藝術。他策劃的草率季art book fair，這幾年已成文青圈一大盛事。去年華文朗讀節邀請他的團隊做空間策劃，做出了我們想要的反叛與rough氣質，甚至幫新活水創造出Fountain Bar。 
今年文博會他把空總的文化大學堂做成一個釣蝦場，每天都有不同的烹飪或思想活動。只有兩週，真的可以來看看。",38,0,[]
221,2019-04-25 09:49:43,一直都很喜歡在日本車站麵包店吃早餐。,68,1,[]
222,2019-04-25 09:48:46,蔦屋書店台灣雜誌展的新活水總編輯介紹（只有本刊有！）,29,0,[]
223,2019-04-24 23:10:49,"代官山蔦屋書店自本週開始，為了迎接即將來的黃金週，舉辦了一個台灣雜誌和書展，由佔空間協助選書。

看到「新活水」被如此大幅展示，很開心。

現場還有其他很棒的台灣雜誌和書籍如大誌和熏風。
很感謝很多朋友的幫忙，請大家多多讓日本朋友來感受台灣文化。",109,2,[]
224,2019-04-23 17:34:00,,29,0,[]
225,2019-04-18 14:24:07,台灣最美最好吃的紅豆餅舖！,118,1,[]
226,2019-04-17 18:42:14,"文總小編：
(sleepy)【媽祖託夢】
(bed)飯後swag個午覺，想起夢中媽祖在笑～叫我一定要擁有MissLin加油巾！剛好，這裡就有賣！！ 【文總HelloMissLin展覽限定毛巾】
(aww)託夢價：一條$250（含運費）
(!)數量有限！快來認捐！
http://bit.ly/2UmVDzp",48,0,[]
227,2019-04-15 15:14:21,最近好書太多，好過癮，但要被淹沒了...,120,1,[]
228,2019-04-15 11:10:42,最近上了幾個廣播幫別人打書：談民粹主義、川普和西方的命運。其實這些也是我這幾年關心的題目，而英美出版了大量的相關書籍，我大部分也第一時間透過kindle買了，中文版當然更不會錯過。不過這幾本除了民粹主義的部分，其論證各自有不足之處，很希望可以好好寫點東西介紹與討論，更期許自己可以寫一本書關於這個時代。,104,1,[]
229,2019-04-12 22:32:00,,52,0,[]
230,2019-04-12 21:08:32,,63,0,[]
231,2019-04-11 18:21:49,"張鐵志 VS 張惠菁 Part2
「文化如何回應時代的騷動：1960年代的媒體、電影和搖滾樂」

三月下旬惠菁在敦南誠品夜講堂的活動，我很榮幸受邀去對談，談我們的時代與寫作。

四月26在同一場地，印刻主辦我的新書發表會，換我請惠菁來聊，而且這次主題還是和六十年代有關，但主標我想也很適合丟給惠菁來討論。

非常期待會有什麼火花！

時間│4/26(五) 20:00
地點│誠品夜講堂

https://www.facebook.com/events/399038597602651/",44,0,[]
232,2019-04-11 15:07:09,新活水進代官山蔦屋書店了！,66,1,[]
233,2019-04-11 11:50:36,沒想到和好友們與綺貞的聚餐被放上女神的IG😅,103,6,[]
234,2019-04-09 10:35:29,"本期小日子雜誌封面故事就是我們這十年，其中安排我和小日子社長冠吟、Shopping Design主編包包對談關於自己這十年的媒體經驗，說來也巧，我正好是十年前的2009年，決心離開博士學位，並開始擔任第一份媒體主管工作，參與了一個新媒體的創辦（出國念博士前有在新新聞做過記者。） 這十年來，除了文總，我都在媒體工作，但中間也有幾年是自由寫作者。在這不算長的時間中，有幸參與過不同性質與領域的媒體：報紙、雜誌（從週刊到雙周到月刊到雙月刊）、純網路媒體、廣播、電視，甚至直播，但無論形式怎麼變，都有一個核心：希望用不同的、有創意的形式去做一件古老的事：深度討論文化與政治。
這兩年的《新活水》當然就是主要的體現，我期待這刊物的精神是「記錄與介入」當代台灣文化，很感謝有一個很棒的團隊一起追求這夢想。 
4/28 在小日子台南店，我和小日子社長冠吟會有場對談，歡迎台南的朋友來交流。 （這與兩位少女的合照真是太可愛）",172,1,[]
235,2019-04-06 20:54:47,"彩虹。
鄭宜農演場中。",74,0,[]
236,2019-04-06 19:31:44,童年,112,1,[]
237,2019-04-06 19:02:41,,78,0,[]
238,2019-04-06 16:48:29,"學運、地下搖滾與不確定的台灣民主：一段個人的九十年代青春史
即將上演的台劇「國際橋牌社」是關於九十年代的台灣政治，邀請我有一個小小座談，關於自己的九十年代青春。
我是在野百合結束的第一年進入大學，加入學運社團，整個大學四年都在社團讀書搞運動，啟蒙了我的政治和文化觀。
那是台灣政治的關鍵轉型期。就在我大學期間，國會全面改選、總統確定直選（我們參與了佔領台北車站的爭取運動）、省市長首次直選，本土化逐漸成為時代精神，但台灣族群政治衝突也隨之激烈化。島嶼上的人們開始感染上政治激情。
校園中二十歲的我們，一面追求政治與知識的啟蒙，一面奮力摸索新台灣的樣貌。我們胸懷熱血，但前一個學運狂飆時代已然逝去，新的議題如酷兒文化又不斷衝擊著我們的思維。
熱愛搖滾的我也在那個時代迎接新台語歌和新的地下音樂場景的出現。
島嶼的一切正迅速崩解，又同時正在凝結成形。我們的人生也就這樣跟著台灣一起轉大人了。",46,0,[]
239,2019-04-06 10:07:38,今晚音樂會一定要看！,28,0,[]
240,2019-04-04 13:31:18,"Fountain Bar 全新面貌重出江湖！
Fountain 雜誌和最酷酒吧Draft Land合作，一早要去專題為調酒發想，可以一邊在春日午後喝酒一邊看雜誌！",18,0,[]
241,2019-04-04 11:03:23,,40,0,[]
242,2019-04-04 10:46:14,2019 城南有意思,35,1,[]
243,2019-04-04 10:12:58,荷花池畔聽聽歌,32,0,[]
244,2019-04-03 21:24:43,"很榮幸可以跟蘇碩斌館長和盛浩偉談談非虛構歷史寫作。
其實，從寫搖滾與社會的第一本著作《聲音與憤怒》到書寫1960年代文化與社會史《想像力的革命：1960年代的烏托邦追尋》，我一直都在嘗試如何用文學筆法去書寫歷史。

碩斌當然更是長期在這方面努力，去年集結包括作家盛浩偉在內的《終戰那一天：臺灣戰爭世代的故事》更拿到多項好書獎。

浩偉去年不只參與本書的寫作，也參與了另一本關於台灣文學史的書寫計畫：「百年降生」。 我非常想聽他們兩位分享。

有趣的是，我在《想像力的革命》其中一章介紹了非虛構寫作的一個重要傳統：「新新聞」（New journalism），談一個特別的時代如何孕育出一場改變文學與新聞的寫作浪潮。

對文學、歷史與寫作有興趣的朋友，歡迎來交流。

https://www.facebook.com/events/277287073202958/",28,1,[]
245,2019-04-03 09:56:49,"新活水與Giloo紀實影音舉辦兩場論壇討論何謂紀實：新活水是用雜誌紀錄台灣當代的文化脈絡，Giloo 是一個新的以紀錄片為主的平台，端傳媒作為一個新聞媒體當然更是紀錄我們的歷史。

主題｜我們如何重新定義紀實？
與談人｜＃張鐵志（新活水雜誌總編輯）Ｘ ＃李志德（端傳媒總編輯）Ｘ ＃鄧兆旻（Giloo 紀實影音總監）

第二場則是邀請傅榆來談談這個世代的青春與政治。
主題｜在青春之後，在政治之前：與傅榆重訪《藍綠對話實驗室》
與談人｜張鐵志（新活水雜誌總編輯）Ｘ ＃傅榆（導演）Ｘ鄧兆旻（Giloo 紀實影音總監）

https://www.facebook.com/events/1045788035607908/",33,0,[]
246,2019-04-02 22:01:27,"今年文博會真的很爆炸
我只是幫忙策劃幾場文化論壇

2019 臺灣文博會｜Culture On the Move 文化動動動
► 04/24 (三) ～05/05 (日) ＃連續12天 ＃動個不停",116,5,[]
247,2019-03-31 14:14:04,不要錯過,88,3,[]
248,2019-03-27 13:15:23,Ellen 生日快樂,208,0,[]
249,2019-03-24 10:38:26,2014採訪鍾楚紅，實在太美,332,15,[]
250,2019-03-23 14:48:47,參加「吹過島嶼的風」新書發表會,40,0,[]
251,2019-03-22 13:51:34,張惠菁vs.張鐵志,50,0,[]
252,2019-03-18 11:37:19,準備記者會,50,0,[]
253,2019-03-17 10:18:38,"端傳媒報導的攝影。
前陣子比較憂鬱吧😅",147,3,[]
254,2019-03-17 00:16:30,"【Megaport 大港開唱Ｘ新活水】 「對高雄，我有話要說！」
大港開講 — 新活水音樂論壇

日  期 ► 2019.03.23（六)
時  間 ► 12:00-13:00
地  點 ► 藍寶石舞台 ✅金曲製作人 陳建騏
✅高雄流行音樂中心執行長 廖偉程
✅滅火器吉他手 鄭宇辰

新活水邀請三位知名音樂人前來，
聊大港、聊高雄，聊你我生活的未來！ ＃高雄人站出來
＃說的跟唱的一樣好聽",35,0,[]
255,2019-03-15 11:23:02,"《FOUNTAIN 新活水》3月號：歷史就是未來 ◎開場白 by 張鐵志 「誰控制了過去， 誰就掌握了未來。誰控制了現在，誰就控制了過去。」這是喬治．歐威爾（George Orwell） 在《1984》中的經典名句。他所描述的脈絡是極權體制，而這當然也適用於威權時期的台灣。 
到了解嚴前的民主轉型期，學者、記者、作家、政治與社會運動者們開始前仆後繼地考掘出那些過去四十年來被湮沒的歷史、喑啞的聲音、沈冤的亡魂，扭曲的正義，從民間出發去拼湊歷史的真實，重建一套不同於掌權者的史觀。(我是在後解嚴初期進入大學後，才有機會開始閱讀關於二二八、白色恐怖與台灣民主運動史的書寫，不知流下多少淚，這既是為了那些苦難的靈魂，也是為了自己活過的被矇騙的十八年。) 如今台灣社會累積了更多的歷史知識，但我們之間對於這個島嶼的過往到底發生過什麼，以及該如何理解那些人與事，仍然有著巨大的差距。 
最近幾年，有越來越多年輕世代的創作者，開始用各種創意手法和文化實踐重新去訴說台灣昨日的故事。這是本期《Fountain 新活水》的主題。從書寫歷史的故事網站、臺灣吧的動畫、國家寶藏團隊的歷史檔案網路計畫，高雄和台北大空襲的桌遊，發行「返校」和「還願」遊戲的赤燭，已經七年的共生音樂節，到國家人權博物館用藝術文化來反思歷史不義等，他們各自用不同的策略，但都希望帶領年輕世代回到過去，並從歷史找到通往未來的線索。
此外，去年以主編「終戰那一天」獲得年度好書的台灣國家文學館館長蘇碩斌、走過戒嚴時期新聞現場的媒體前輩司馬文武和學習歷史的作家張惠菁，也在本期訴說重返歷史的意義。 
本期另一個特別專題是Fountain和「Giloo紀實影音」共同策劃的「用影像理解這個世代」，這個專題試探索新一代的紀錄片工作者如何展現青年世代對歷史、當下社會與自我身份認同的態度，並專訪金馬獎最佳紀錄片導演傅榆。這是他們這個世代的青春，在台灣。 
先鋒人物是《王子雜誌》的創辦人蔡焜霖先生，他少年時因為熱愛知識參加讀書會，被羅織罪名在綠島坐了十年牢獄。問題是，誰要對這些政治受難者們失去的青春、被毀壞的人生，以及籠罩我們所有台灣人的闇黑歷史之影負起責任呢？ 
這個社會還沒有一致的答案。 
歷史一向是記憶的爭奪，但歷史從來不只是關於過去，而是對於當下現實的創造，更是對於未來的想像。因為歷史是關於我們是誰，我們從哪來，我們共同經歷過什麼。 
歷史也有對錯與是非。「轉型正義」是一個新興民主該如何面對歷史的不正義，例如過去對於人權的迫害、對公民權的剝奪、對思想的箝制，但轉型正義的精神不是在於仇恨與清算，而是要透過對道德界線的釐清，對於掌權者政治責任的追究，讓我們真正理解什麼是人權的意義及其為何不能妥協，以及民主和自由為何如此可貴。 
如果我們願意將這些價值作為凝聚台灣這個民主共同體的基礎，那麼，唯有透過對歷史的不斷梳理與介紹、對話與討論，我們才能夠一起理解這個國家過往的黑暗與光亮，建立起這些價值的共識，從而一起走向我們的未來。 ＃這個封面設計非常厲害，拿到實體你就知道 ◎搶先預購 
博客來🔜 reurl.cc/M4gWn
讀冊🔜 reurl.cc/80Rzb
誠品🔜 reurl.cc/09GQM",61,0,[]
256,2019-03-13 09:46:24,"要離開這裡了！

# 一整個月的醫院時光",53,1,[]
257,2019-03-12 22:58:25,病房工作時光,70,3,[]
258,2019-03-12 20:00:15,"暴雨將至：1960年代「文青」與「覺青」的理想與失落
本週六去台南與高雄新書分享。
在高雄三餘題目會嚴肅點，主要談六十年代初期一整個世代的理想主義如何到中期之後開始幻滅與激進化，甚至走向主張暴力革命。這不僅是在美國：德國、日本也都有這個轉向。而如今蒼老的激進青年如何反思那段過去。
如果可以重來，運動該怎麼搞？
在台南，從Steve Jobs開始，談六十年代的嬉皮文化，Bob Dylan和搖滾樂的創新精神如何影響了賈伯斯和一整代人，直到現在的我們。
（照片是電影「斷了氣」的女主角珍西寶，她在後來非常支持主張黑人權力的黑豹黨，甚至被FBI監控，人生已悲劇告終。）
3/16 14:00高雄三餘書店
「暴雨將至：1960年代「文青」與「覺青」的理想與失落」
https://www.facebook.com/events/882785635446173/
3/16 19:00 台南烏邦圖書店
「狄倫與賈伯斯：1960年代的烏托邦追尋」
https://www.facebook.com/events/1860687484039856/",62,0,[]
259,2019-03-08 09:17:32,端傳媒專訪,53,2,[]
260,2019-03-04 18:09:03,"台大醫院真是美
陪病生活進入第22天
一天比一天好就快出院了",73,0,[]
261,2019-03-03 10:46:38,過山香,15,0,[]
262,2019-03-02 21:15:52,震撼,95,1,[]
263,2019-03-02 17:37:50,美麗的可可豆,54,0,[]
264,2019-03-02 14:21:31,,18,0,[]
265,2019-03-02 14:21:09,,19,0,[]
266,2019-03-01 11:41:06,高雄場。,37,0,[]
267,2019-02-28 20:48:44,大支@共生音樂節,24,0,[]
268,2019-02-28 18:40:17,"在二二八的午後，我寫完三月號新活水的開場白，這是再適當不過了。（我正在台大醫院的病房陪伴家人，隱約還聽得到不遠處的共生音樂節聲音。）
這一期正好是關於最近幾年台灣新世代創作者如何用各種創意與文化的方式去重新書寫與詮釋台灣的歷史與正義，從遊戲、動畫、音樂、藝術與出版。
我在這篇文章所寫的是，歷史從來不只是歷史，甚至不只是關於現在，更是關於我們對未來的想像。
這個專題叫做「歷史就是未來」。
今天做完的另一件事是看完一部紀錄片「我不是我的黑鬼」（要在新活水上寫一影評）。這是一部非常厲害的紀錄片，是關於美國二十世紀最優秀的作家之一James Baldwin與美國的種族歷史。這位黑人作家本來要寫一本書關於他的三位民權運動領袖好友：麥格・艾佛斯（Medgar Evers）、麥爾坎‧X（Malcolm X）和金恩博士（Martin Luther King Jr.）——他們在五年內先後被暗殺，但書尚未完成他就過世。這電影是以這本未完成書的筆記和他其他作品作為唯一的聲音，去討論美國種族歷史與六十年代民權運動，並且穿插過去幾年被白人警察殺害的黑人青少年與Black Lives Matter運動。於是觀眾會發現，歷史就是現在。
最近自己的書是關於美國的六十年代社會抗爭與文化實踐，也大量觸及美國六十年代的黑人民權運動、金恩博士，與至今仍然根深蒂固的種族問題：而川普時代讓這些問題更為熾烈。這是我在新書演講中都會提到。因為，寫這書的目的不只回望那段複雜的歷史，而希望是對台灣（與香港）我們當下的啟發與提醒。
歷史就是未來。請期待三月中出刊的新活水。
三月也會開始我的書店巡迴講座：台中、台南、高雄、花蓮。（此圖不包括青鳥四場系列座談，但漏了3/3在南國青鳥與詹偉雄、3/23嘉義洪雅書房，另外3/27在敦南誠品與張惠菁，這都會另外介紹）",73,0,[]
269,2019-02-27 10:53:37,"《想像力的革命：1960年代的烏托邦追尋》真的觸及頗多議題，所以感謝青鳥書店在三四月和我一起規劃了四場完全不同方向的對談。這些對談者包括攝影大師、藝術策展人、青春歌手、文學研究者和作家、心理學作家等等。非常感謝他們。

不只是嬉皮與狄倫：六零年代如何點起了火◂
▹ 張照堂 X 龔卓軍 X 張鐵志◃
｜時間：2019/03/08 19:00-21:00 ▸青春、自由與詩歌：重返六零年代的浪漫與理想◂
▹ 許含光 X 張鐵志◃
｜時間：2019/03/15 19:00-21:00
｜地點：華山文創產業園區 中3館拱廳
｜報名：待公布售票資訊 ▸非虛構歷史寫作如何可能？◂
▹ 蘇碩斌 X 盛浩偉 X 張鐵志 ◃
｜時間：2019/04/19 19:00-21:00
｜地點：青鳥書店
｜報名：待公布售票資訊 ▸我有一個夢：從烏托邦追尋到自我內心探索◂
▹ 劉軒 X 張鐵志◃

https://www.facebook.com/events/2224956977728356/",56,1,[]
270,2019-02-26 20:30:57,,45,0,[]
271,2019-02-24 14:32:30,每次去台中新手書店都是愉快的經驗。這次講座重點放在文化如何回應一個時代的騷動，包括包布狄倫和披頭四如何在風暴中讓搖滾樂重生，一部關於青春與暴力的電影如何開啟好萊塢最有創造力的十年，以及一個新的寫作浪潮「新新聞」如何從此改變了文學語言，也改變了新聞報導，甚至一場電視政治辯論如何從此改變了媒體文化。,36,2,[]
272,2019-02-24 13:05:15,View from hospital,31,0,[]
273,2019-02-23 21:10:11,"為了推廣新書，將在華山青鳥舉辦「尋找我們的烏托邦－系列講第一場邀請到我的兩位偶像
「不只是嬉皮與狄倫：六零年代如何點起了火」

張照堂 X 龔卓軍 X 張鐵志 ｜時間：2019/03/08 19:00-21:00
｜地點：青鳥書店",52,0,[]
274,2019-02-21 15:56:32,週六來。,27,0,[]
275,2019-02-16 21:41:56,老婆住院第七個晚上，我們還在找光。,121,17,[]
276,2019-02-15 11:45:38,"好巧，今天臉書跑出這張偉棠拍我的照片，而下午我們要對談我的新書。這照片八年了。那時我們都還沒進入中年吧。
「1960年代的離去與歸來」（垮掉的一代、嬉皮文化和我們的時代）
張鐵志X廖偉棠
2/15 13:00-14:00
地點：國際書展文學沙龍",101,0,[]
277,2019-02-14 12:24:17,感謝部長買好書,129,1,[]
278,2019-02-13 17:07:14,"「他們正青春。他們彼此相愛。他們殺人。」
1967年電影《我倆沒有明天》（Bonnie and Clyde）。
《想像力的革命：1960年代的烏托邦追尋》",58,0,[]
279,2019-02-13 09:34:54,每早買早餐來探病，不知道何時會結束。,20,4,[]
280,2019-02-12 20:15:49,來喔,28,1,[]
281,2019-02-12 10:37:30,非常感謝印刻出版為我做了一個小專區@台北國際書展,137,0,[]
282,2019-02-11 10:49:46,感謝週刊編集轉載，還找人畫了可愛插圖,46,0,[]
283,2019-02-10 18:49:07,今晚在急診走廊病床旁陪伴家人，並靜靜思考明天開工後的工作。,37,2,[]
284,2019-02-10 15:00:22,"「我進入大學時，期待看到的是高山上的象牙塔，在這裡，潛心學術的學者在一個需要被拯救的世界中努力探尋真理。然而，我所發現的卻是一個龐大的企業，從房地產、政府研究包案以及學費中牟利，教師只關心他們自己狹隘的研究領域。最糟糕的是，整個體制無可救藥地陷入了這個社會根深蒂固的種族主義和軍事主義。」1968年佔領哥倫比亞大學的領導學生馬克拉德（Mark Rudd） 「這所大學如今只是座疏離冷漠的機器… …在這個時代，這機器的運作變得極為令人厭惡，讓你深深作嘔，以至於無法參與它的運作。你必須把你的身體置於齒輪之上，拉桿之上，在所有裝置之上。你必須要向擁有這台機器的人指出，除非你自由，否則這台機器將被阻止繼續運作。」
1964年在柏克萊大學言論自由運動中領導學生Mario Savio。 「我只是一個安靜的書獃子，只想掙扎著成為作家，沉浸在哥大的文學與哲學課程中。」一名參與1968年佔領行動的哥大學生保羅奧斯特這麼說，多年後他成為大作家。他回憶當時去參與抗議是因為，「我感到一種瘋狂（crazy），對於越南作為一種毒藥在我肺中蔓延的瘋狂，而我想許許多多在那個下午抗議的學生都不是為了抗議興建體育館，而是要去發洩他們的瘋狂、要表達他們的憤怒。因為我們都是哥大學生，所以為何不向哥大丟石塊？」
當他和身旁群眾一起用力拆除體育館外的籬笆時，奧斯特自問：「這個本來只想一生獨自坐在房中寫書的安靜男孩，到底發生了什麼事呢？」
以上出自《想像力的革命：1960年代的烏托邦追尋》之「佔領這所大學」摘要。 
2/15 13:00 在書展與廖偉棠座談
2/22 19:00 在華山與李明璁對談",39,0,[]
285,2019-02-10 13:57:45,年假最後一天陪家人急診，住院。希望一切平安。,57,13,[]
286,2019-02-09 15:47:49,"「為了避免一個缺乏想像力的世界」 「我們是屬於這個世代的年輕人，我們在舒適中成長，在大學就讀，但是卻不安地凝視著這個環繞我們的世界。」
一群二十歲上下的學生在1962年夏天來到密西根州的修倫港，經過幾個日夜的討論與激辯，寫下了這份〈修倫港宣言〉。這群青年是屬於1960年成立的「民主社會學生聯盟」（SDS），在接下來的幾年它們將成為最重要的學運組織，並和「休倫港宣言」一起界定了一個抗議世代、一個「新左派」的誕生
社會學家米爾斯在1960年曾發表一封「給新左派的一封信」，批判美國的權力菁英，傑弗遜式的民主已經變成遙遠的童話。他期待「自由和具有知識的公眾」可以把公共帶回來，重新建立民主。他相信，激進主義的未來不在無產階級身上，而是在年輕的知識份子肩頭上。
「安逸的時代已經結束了，我們要再次動起來。」
這是一個迷人的召喚手勢，也是一個預示未來的洞見：因為青年與學生在美國歷史上將扮演前所未有的關鍵角色。
在宣言中，學生們提到：「這是一個明顯的弔詭。我們充滿了急迫感，但這個社會卻告訴我們，現實沒有另一種可能。在政客安撫我們的語言中之外，在所謂美國還過得去的主流意見之外，在這些封閉我們的心靈的操控者之外，是一種普遍的感受：沒有任何其他可能，我們的時代不僅缺乏了烏托邦的想像，也不再有新的出發。」
雖然，這個宣言的理想在幾年之後就顯得太過天真浪漫。
因為六十年代後期的美國，世界開始嚴重往黑暗傾斜，那是暴動、暗殺、革命、與烈火焚燒的世界。
對新一代學運青年來說，「休倫港宣言」過於保守，沒有認清主流自由主義的限制、美國帝國主義與第三世界革命的矛盾，他們更同情越共、崇拜卡斯楚，並主張更激進與暴力的行動。一份由SDS成員所編的「新左讀本」（The New Left Reader）中，其中有法國哲學家阿圖塞、古巴的卡斯楚和黑豹黨領領袖的文章，卻沒有休倫港宣言。曾經試圖提出一個世代議程的宣言已經被放入歷史檔案櫃。
休倫港宣言對於參與式民主的理念確實影響了無數後來者——十九歲的我在讀到時也為之沸騰。這份掀起一個世代風暴的宣言，或許不合時宜，或許內容漸被遺忘，但對我們的提醒卻永遠不會過時：
「如果人們認為我們看似在尋求一個不可能達到的世界，那麼就讓他們知道，我們的行動是為了避免一個缺乏想像可能性的世界。」 以上為《想像力的革命》chapter 2精華摘要，全文五千字版請看書。 
請多支持實體書店
網路書店
博客來 https://goo.gl/ndYzDn
誠品 https://goo.gl/BRWB7d
讀冊 https://goo.gl/jya1uw
2/15 13:00 在書展與廖偉棠座談
2/22 1900 在華山與李明璁對談",61,0,[]
287,2019-02-09 12:10:04,感謝青鳥,117,5,[]
288,2019-02-07 15:19:21,從家裡步行可到的愛店,103,0,[]
289,2019-02-06 16:55:16,"「我目睹我這一代最優秀的心靈被飢餓的、歇斯底里的、赤裸裸的瘋狂所摧毀……」
1955年10月七日，年輕的艾倫金斯堡（Allen Ginsberg）在舊金山的一間小藝廊朗讀他剛寫完不久的長詩「嚎叫」(The Howl)。彼時他尚未成名，也還沒留起大鬍子，當然更不知道，這首詩、這場朗讀，會迅速地點起一把熊熊烈火，自此狂烈蔓延開來，燃燒起整個世代的想像力。
金斯堡之外，他的「垮掉的一代」夥伴們——傑克凱魯亞克(Jack Kerouac)、威廉布洛斯(William S. Burroughs)、蓋瑞史奈德（Gary Snyder），也一起用詩歌與小說做為地下與前衛的先鋒，用力地打開六十年代反文化的大門，讓後來的人們一起衝進去，佔領一個時代。
垮掉的一代的作者們是文學上的不法之徒。他們不論在主題、寫作風格，乃至個人生活上，都挑戰主流價值的單調與安逸，追求自由、即興、誠實和解放。
到了五零年代之末，「垮掉的一代」有了更多的追隨者，卻似乎逐漸轉變為一個空洞的符號，甚至一個商業的玩笑。一場昨日的派對彷彿就要結束了。
但進入六零年代，時代氣氛卻劇烈翻轉，順從轉變為反叛，反文化成為新的時代精神。
當六零年代的嬉皮或抗議青年，拒絕被傳統權威與家庭所束縛，反對科技理性和物質主義，並試圖成為心靈的或地理空間的漫遊者時，他們正是以垮掉的一代作為神聖的指路人，勇敢上路，大聲嚎叫。 《想像力的革命》chapter 1垮掉的一代如何啟發了六十年代反文化 
請多多支持實體書店
網路書店在這裡
博客來 https://goo.gl/ndYzDn
誠品 https://goo.gl/BRWB7d
讀冊 https://goo.gl/jya1uw",52,0,[]
290,2019-02-04 10:43:03,"這是「想像力的革命」新書講座第一發，在書展內。
偉棠是我認識最具六十年代氣質的人，他也非常了解垮掉的一代的文學。我想我們會從那些詩歌，談到六十年代的嬉皮世代，再談到在如今的台灣和香港和中國，自由和反叛如何可能。",34,2,[]
291,2019-02-03 11:22:09,"談談這本書的圖片和設計。
封面圖片出自1969年Woodstock音樂節，在這裡面的年輕人各自不同姿勢，還有一個飛躍的，很能呼應本書主題：想像力的革命。
內文方面十五章，編輯買了十五張圖片，每張都很有張力，而且海流設計都做了特殊設計，讓圖片呈現出復古又前衛的風格。
海流設計說：「內頁設計的部分，在章節頁與穿插在內頁裡的口號我們使用黑色與銀色的雙色印刷，在設計除了是避免照片畫質或色調的差異太大之外，更能讓照片呈現當時歷史氛圍以外的後設觀。」 另外，因為我是雜誌人，所以我們也採取了一點點雜誌的手法，例如把一些六零年代的slogan直接放大做跨頁處理。

翻開本書，你會感受到紙本印刷的魅力。

這次很高興和海流設計合作，負責封面和內頁設計。一來是去年華文朗讀節手冊由明璁邀請到主理的泳勝，我很喜歡，二來是他正好和印刻長期合作，和編輯敏菁也很有默契。",43,0,[]
292,2019-02-02 10:38:30,"很感謝芳明老師的序。芳明老師是台灣1960年代養成的文藝青年，又熟悉那個時代的思潮與文化，更重要的是，他理解「革命」，因為他們那代人曾是如此地認真想要透入這件事，改變台灣的命運。
也謝謝聯副刊出這篇這麼精彩的推薦序。 「《想像力的革命》是一部濃縮的一九六○年代文化史，也是一部台灣知識分子對美國社會的一個貼身觀察。全書開頭的序文，題目是〈致所有的瘋子：青春、自由、烏托邦〉......如果他沒有去紐約留學的話，大約不會有這部書的誕生。恰恰是在他人生的旅程裡，飄泊到美國東岸的重要城市，而終於在思想上受到思想風潮的激盪。他以青春、自由、烏托邦作為全書的關鍵詞，可以說恰到好處。他到達那裡時，製造噪音的青春浪潮已經完全平靜。但是一九六○年代所發生的學生運動、同志運動、女性運動所遺留下來的影響，在他留學那段時間還是清晰可辨。」 https://udn.com/news/story/12661/3627509",55,0,[]
293,2019-02-01 17:16:26,"1 嚎叫著，在路上：垮掉的一代如何啟發了六○年代反文化 
2 「為了避免一個缺乏想像力的世界」 
3 那個失去純真的自由之夏 
4 在狄倫插上電後，搖滾成為時代風暴的吶喊 
5 嬉皮文化：探索世界的另一種可能性 
6 青春、自由與愛：一部電影與一個時代（關於電影「我倆沒有明天」）
7 「我有一個夢」之後：金恩博士的最後掙扎
8 占領這所大學！
9 Yippie：革命最大的錯誤就是變得無聊 
10 非虛構寫作的力量：三本書如何改變了新聞與文學
11 在世界變得過於喧譁之前
12 想像的革命——地下氣象人的暴力悲歌
13 竊取國家之必要
14 暴烈與美麗：石牆暴動與同志運動的新歷史 
15 從反文化到網路先鋒文化：一個尚未實現的烏托邦
請多多支持實體書店
網路書店在這裡
博客來 https://goo.gl/ndYzDn
誠品 https://goo.gl/BRWB7d
讀冊 https://goo.gl/jya1uw",51,0,[]
294,2019-01-30 22:55:52,這太激動人心了！台灣傳奇樂隊都推了，搖滾青年怎麽能不站起來！,90,1,[]
295,2019-01-30 20:47:45,"這是三年多來的第一本新書，而於我卻像是回到初衷。因為如同《聲音與憤怒》的搖滾樂，1960年代是我內在靈魂的啟蒙，是我搏鬥了二十多年的主題。而如今終於寫出，雖然想寫的還有太多太多。

那是二十世紀最激情而反叛的年代，是浪漫而殘酷的青春詩篇，也是一段想像力解放的歷史。

歌聲與文字衝擊著思想，抗議和炸彈撼動著體制，新的觀念與價值被提出，從生態環境、種族平等、女性主義、和平反戰、同志平權、認同政治，迷你裙、避孕藥、搖滾樂…… 如今，我們都是六十年代之子。

這段歷史對世界與台灣的我們影響如此巨大而幽遠，但在中文世界卻很少被完整書寫。

讓我們看看那些真文青與憤青、思想家與行動者、異議者與創新者，如何想像另一種可能的世界。

本書是關於：
＊一群文學上的不法之徒（垮掉的一代）如何開啟了地下與另類的闇黑文化？
＊一群理想主義青年如何定義一整個世代的改革議程？
嬉皮文化如何打破這世界的沈悶與無聊，創造另一種生活？
＊一個新的寫作風格如何改變文學也改變了新聞報導的可能？
＊狄倫和搖滾如何吶喊出一整個世代的激情、困惑與沮喪？
＊一部性感而暴力的電影如何開創了新好萊塢的創造能量？
＊被壓迫與歧視的男女同志如何起身反抗，開啟同志平權運動的新路？
＊嬉皮文化的自由與解放如何影響了賈伯斯、形塑了網路與科技文化？
＊革命青年如何從理想走向幻滅，讓青春的熱情成為老來的悔恨？
＊一群最顛覆的反叛怪咖如何用惡搞把街抗議和法庭審判變成荒謬劇場？

請多多支持實體書店
網路書店在這裡
博客來 https://goo.gl/ndYzDn
誠品 https://goo.gl/BRWB7d
讀冊 https://goo.gl/jya1uw",188,4,[]
296,2019-01-29 12:32:15,佔中三子在台北。,53,0,[]
297,2019-01-26 22:53:57,出自美劇「金融戰爭」,88,1,[]
298,2019-01-26 20:35:48,9m88,83,1,[]
299,2019-01-24 14:11:07,紅燈停車，往左看到他,50,0,[]
