,time,post_caption,likes,comments,tags
0,2019-12-14 00:44:41,"媽呀 也太 #帥 了吧
#Oh#My#Freaking#Handsome",45659,1261,"['My', 'Freaking', 'Handsome', 'Oh', '帥']"
1,2019-12-12 17:04:50,快約我出去玩 #IM#Avalible,41127,1332,"['Avalible', 'IM']"
2,2019-12-10 18:08:41,"你們好 
#hey#guys",36427,1239,"['hey', 'guys']"
3,2019-12-06 02:21:53,"最近練的新技能，需要烤肉生火可以找我
#new#trick",37229,1243,"['new', 'trick']"
4,2019-12-06 02:16:19,,38044,806,[]
5,2019-11-21 18:02:03,"#你值得擁有
或其實你根本不想擁有 🤪

https://m.v.qq.com/doki/star_periodical/preview.html?journal_id=32&actityId=20191119&ptag=weibo",57118,1455,['你值得擁有']
6,2019-11-16 12:52:39,"#Dior #DiorMen 
冬天真的來了
冷吱吱
Winter has finally arrived",45032,1069,"['DiorMen', 'Dior']"
7,2019-11-11 18:29:15,"#實名白月光
#炎亞綸
#aayan1120
和自己說一聲「辛苦了」。",41798,1076,"['aayan1120', '炎亞綸', '實名白月光']"
8,2019-11-11 12:19:08,"#炎亞綸
#aayan1120
#瑜舍
#藝術牆
服裝：自己搭",45369,825,"['aayan1120', '瑜舍', '炎亞綸', '藝術牆']"
9,2019-11-08 17:13:52,"今天晚上20:00
#演員請就位
#琅琊榜
#靖王
#騰訊",21497,406,"['騰訊', '琅琊榜', '靖王', '演員請就位']"
10,2019-11-08 17:13:13,"今天晚上20:00
#演員請就位
#琅琊榜
#靖王
#騰訊",42570,652,"['騰訊', '琅琊榜', '靖王', '演員請就位']"
11,2019-11-08 17:12:08,"今天晚上20:00
#演員請就位
#琅琊榜
#靖王
#騰訊",23061,387,"['騰訊', '琅琊榜', '靖王', '演員請就位']"
12,2019-11-04 11:53:23,,15359,164,[]
13,2019-11-04 11:53:13,,41210,492,[]
14,2019-11-04 11:53:07,,13094,81,[]
15,2019-11-04 11:52:57,,12883,83,[]
16,2019-11-04 11:52:50,,16520,139,[]
17,2019-11-04 11:52:43,,16029,123,[]
18,2019-11-04 11:51:18,,16019,130,[]
19,2019-11-04 11:51:09,,14479,123,[]
20,2019-11-04 11:51:02,,13204,108,[]
21,2019-11-03 12:45:01,"#飛 吧
#fly
#playboy
#dreambig",36057,533,"['飛', 'fly', 'dreambig', 'playboy']"
22,2019-11-03 12:43:35,"#aayan1120
#strength
#中午吃什麼
#whatsforlunch
#playboy",40175,541,"['strength', 'aayan1120', 'whatsforlunch', 'playboy', '中午吃什麼']"
23,2019-11-03 12:42:06,"#早
#Morning
#playboy",49732,690,"['playboy', 'Morning', '早']"
24,2019-10-29 12:04:45,"#PlayBoy#AaronYan
你們好嗎
#How#Are#You",19720,976,"['How', 'You', 'PlayBoy', 'AaronYan', 'Are']"
25,2019-10-28 22:21:02,"#makeup by @ara.wu 
#hairstylist by @hugotzeng 
#designed by @aayan1120 
#playboy",47620,813,"['makeup', 'hairstylist', 'playboy', 'designed']"
26,2019-10-28 22:18:27,"#Playboy X #Aayan1120
#PlayBoyAaronYan 
Design by Aaron Yan",39333,633,"['Playboy', 'Aayan1120', 'PlayBoyAaronYan']"
27,2019-10-28 22:15:49,"#playboy#playboychina#aayan1120
設計發表第一天。
完成自己沒想過能完成的事情
你們也可以。
#Freedom#Courage##Adventure",56618,934,"['aayan1120', 'Courage', 'Freedom', 'Adventure', 'playboychina', 'playboy']"
28,2019-10-15 18:10:47,"#etudesxkeithharing
#PORTSV #breezecouture #mcmworldwide
謝謝etudes送我亞洲唯一一件的designeT 
Thank u #etudes for the one and only T-shirt in Asia. 
飛飛飛✈️
Wish for more love to each one of you.",67241,1291,"['PORTSV', 'etudesxkeithharing', 'etudes', 'mcmworldwide', 'breezecouture']"
29,2019-10-12 00:39:41,"#演員請就位
#為了涅槃重生所以前來受死
我！是！演！員！📢📣
#Actor#I#Will#Be",51456,1325,"['為了涅槃重生所以前來受死', 'I', 'Will', 'Be', '演員請就位', 'Actor']"
30,2019-09-29 15:47:20,"髮型師為了試顏色，所以我⋯⋯⋯Ok Fine .
Trying on all kinds of color for my hair stylist. 
#白老鼠
#experimental
#color",65461,1870,"['color', 'experimental', '白老鼠']"
31,2019-09-25 17:07:48,"文明是種選擇，而不是自然演進
#maisonmargiela#gucci#offwhite#apmmonaco#nike#rimowa",51281,759,"['apmmonaco', 'gucci', 'rimowa', 'maisonmargiela', 'offwhite', 'nike']"
32,2019-09-25 17:04:28,"松山往???不告訴你 ✈️😂
Not gonna tell you where I am going. 😂 
#maisonmargiela#gucci#offwhite#apmmonaco#nike#rimowa",76598,1493,"['apmmonaco', 'gucci', 'rimowa', 'maisonmargiela', 'offwhite', 'nike']"
33,2019-09-25 13:46:59,"你的對手讓你感受到威脅的事情，正是你最需要學習的地方。
You must know the one thing that threatens you from your opponent , is the one thing you must learn. 
#mentality
#心態",34008,738,"['心態', 'mentality']"
34,2019-09-24 21:15:38,"溥儀眼鏡 讓我中秋晚上能眼睛直視滿月 🌕🌕 😂 ❤️❤️
#forartssake #puyi #puyioptical",27551,488,"['puyi', 'puyioptical', 'forartssake']"
35,2019-09-24 18:03:57,"Qeelin 紅色香水 
可以在節日裡感受到溫暖，然後記得把溫暖傳遞給世界
這樣世界就不會像現在大家得欺騙自己「一切很好」😂
#qeelin #qeelinjewellery",18220,331,"['qeelin', 'qeelinjewellery']"
36,2019-09-24 15:38:11,"MCM 還給我燈籠 誤以為是元宵節😂😂
上面寫願我永遠有明月照耀 so sweet 
謝謝你們 ❤️
@mcmworldwide #mcmworldwide",19979,373,['mcmworldwide']
37,2019-09-24 15:24:01,"Apmmonaco 回家就收到飾品、月餅、衣服
@apmmonaco  #apmmonaco
好開心 也補祝你們中秋節快樂",26508,506,['apmmonaco']
38,2019-09-24 15:22:35,@sunnygirl800424 請問我很常跑廁所嗎？😂😂😂😂謝謝,26957,438,[]
39,2019-09-13 00:40:10,有的時候堅守底線還是很重要的。,51707,1605,[]
40,2019-09-04 17:26:49,"#鬍子#什麼時候能解脫鬍子
#when#will#it#be#over",42572,1475,"['over', 'it', '什麼時候能解脫鬍子', 'be', '鬍子', 'will', 'when']"
41,2019-08-31 22:38:54,"If living without #sight 
如果我#看不見",58191,1704,"['看不見', 'sight']"
42,2019-08-23 11:34:16,"#Beware of #Evil
#Be#Kind 
#morning",52542,1574,"['morning', 'Kind', 'Be', 'Beware', 'Evil']"
43,2019-08-18 17:54:11,"熱。
#Hothothot",63562,2529,['Hothothot']
44,2019-08-18 01:04:24,"我們選擇善良不為誰，為了自己，為了嚮往中友善的世界；不為回報。
We choose kindness for a better world , to be a better person , nothing else , certainly not for return.",44003,1245,[]
45,2019-08-14 18:55:09,#poti,37807,1654,['poti']
46,2019-08-09 18:06:22,"皮囊若沒有實實在在的靈魂支撐著，也不過是等著腐爛而已。
Your soul is the key , not your skin. 
#Isseymiyake #isseymiyakemen #yoox #mspc #masterpiece",44300,1036,"['yoox', 'mspc', 'masterpiece', 'Isseymiyake', 'isseymiyakemen']"
47,2019-08-09 17:36:00,"Helloooooo it’s me. 
#Isseymiyake #isseymiyakemen #yoox #mspc #masterpiece",60991,1297,"['yoox', 'mspc', 'masterpiece', 'Isseymiyake', 'isseymiyakemen']"
48,2019-08-05 18:22:44,"今日份爆擊💣🧨請接招💥
Today’s Heart attack 🧨💣Ready?❤️💜🧡💛💚💙💕❣️
#lanvin",53966,1602,['lanvin']
49,2019-08-04 15:11:11,"飛飛飛飛✈️ 飛去你心裡？
#berluti 
#thombrowne",52725,1569,"['berluti', 'thombrowne']"
50,2019-08-03 12:43:59,"#8byyoox #thisnothat #anowhereman_official 
#angelchenstudio #percy_lau_official",34893,866,"['thisnothat', 'angelchenstudio', '8byyoox', 'anowhereman_official', 'percy_lau_official']"
51,2019-08-03 12:43:33,"#8byyoox #thisnothat #anowhereman_official 
#angelchenstudio #percy_lau_official",37027,722,"['thisnothat', 'angelchenstudio', '8byyoox', 'anowhereman_official', 'percy_lau_official']"
52,2019-08-03 12:43:09,"#8byyoox #thisnothat #anowhereman_official 
#angelchenstudio #percy_lau_official",36935,674,"['thisnothat', 'angelchenstudio', '8byyoox', 'anowhereman_official', 'percy_lau_official']"
53,2019-08-03 12:42:41,"#8byyoox #thisnothat #anowhereman_official 
#angelchenstudio #percy_lau_official",28621,424,"['thisnothat', 'angelchenstudio', '8byyoox', 'anowhereman_official', 'percy_lau_official']"
54,2019-08-03 12:42:12,"#8byyoox #thisnothat #anowhereman_official 
#angelchenstudio #percy_lau_official",26196,402,"['thisnothat', 'angelchenstudio', '8byyoox', 'anowhereman_official', 'percy_lau_official']"
55,2019-08-03 12:41:55,"#8byyoox #thisnothat #anowhereman_official 
#angelchenstudio #percy_lau_official",31622,562,"['thisnothat', 'angelchenstudio', '8byyoox', 'anowhereman_official', 'percy_lau_official']"
56,2019-08-03 12:41:24,"2
#8byyoox #thisnothat #anowhereman_official 
#angelchenstudio #percy_lau_official",31498,502,"['thisnothat', 'angelchenstudio', '8byyoox', 'anowhereman_official', 'percy_lau_official']"
57,2019-08-03 12:40:51,"狂愛這個系列
#8byyoox #thisnothat #anowhereman_official 
#angelchenstudio #percy_lau_official",34313,749,"['thisnothat', 'angelchenstudio', '8byyoox', 'anowhereman_official', 'percy_lau_official']"
58,2019-08-02 15:09:24,"跟我走嗎？我可以幫你安排行程，調配時間。成為你生命中的小秘書～🎬⌚️⌚️⌚️🎥
Come with me , I can be your personal secretary.
#klasse14 
#aayan1120",72282,3049,"['aayan1120', 'klasse14']"
59,2019-08-02 00:55:01,"我好帥，行李箱好好推，101好好逛
#萬寶龍
#montblanc 
#my4810",29776,1839,"['my4810', 'montblanc', '萬寶龍']"
60,2019-07-31 10:00:11,"要去一個充滿錶的世界⌚️
期待～時間是一種概念，只存在我們的意識
Heading to a place full of Watches 
Time is only a concept exists in our conscience.
#FENDI #FendiEyewear #Shiatzychen #yoox #8byyoox #eytys #Celine #Celinevintage#montblanc",53595,1123,"['Celine', 'montblanc', 'Shiatzychen', 'Celinevintage', 'yoox', 'eytys', '8byyoox', 'FENDI', 'FendiEyewear']"
61,2019-07-29 20:36:47,"嘿，唷！Hey Yo!
#自拍
#selfie
#StellaMccartney 
#aayan1120",59587,1851,"['StellaMccartney', '自拍', 'aayan1120', 'selfie']"
62,2019-07-15 15:34:14,"拍戲日常。
#filmingday
☀️🙋🏻‍♂️😘",57636,2654,['filmingday']
63,2019-07-11 12:28:03,"時不時當個警察，閒暇時當個畫家，還得用最好的鋼筆，畫出宇宙浩瀚～～🌍(真的真的是我畫的🙋🏼‍♂️）
Spontaneously drawing for Montblanc 
This is my piece of artwork 🙋🏻‍♂️
當人類第一次發現火，我們打開了文明的新頁；當哥白尼打破地心說，我們擁抱了新的世界；當牛頓發現地心引力，我們啟動了物理新原理；當阿姆斯壯踏上了月球，我們不但寫下歷史新紀元，更找到了新的視野看地球。這個藍色寶石是我們70億人以及數以萬千生靈的家，保護它、珍惜它是每個人的使命，更得向偉大的萬物謙虛的學習，勇敢地用不同的角度拓展視野，在生命中不斷挑戰自己。
Montblancx炎亞綸
#Reconnect2TheWorld
@montblanc",40219,1368,['Reconnect2TheWorld']
64,2019-07-03 10:37:34,"起床啦！Good morning !
Brush your teeth 
#refresh
#刷牙
#洗臉
#抓頭髮
#好心情",36321,1643,"['好心情', '抓頭髮', '洗臉', 'refresh', '刷牙']"
65,2019-07-03 01:01:19,"走在北京街頭
渡假去
一起去嗎
#Beijing 
#streetstyle 
#streetfashion 
#volcom",49025,1434,"['streetfashion', 'volcom', 'Beijing', 'streetstyle']"
66,2019-07-01 07:43:54,"時尚盛典紅毯有Berluti和Chaumet陪我💋
#BERLUTI #CHAUMET  #ChristianLouboutin",39997,879,"['BERLUTI', 'CHAUMET', 'ChristianLouboutin']"
67,2019-07-01 07:34:08,"拿獎也要帥帥的。
祝你們一天好心情🌞☀️🌈🕶️⛰️🦊🐶
Wish you all a fabulous day !🌞☀️🌈🕶️⛰️🦊🐶
#StellaMcCartney #StellaMenswear #CHAUMET #ChristianLouboutin",55374,1453,"['StellaMenswear', 'CHAUMET', 'ChristianLouboutin', 'StellaMcCartney']"
68,2019-06-26 18:40:26,"古人哪裡能自拍，頂多畫個自畫像。
#鞏仙
#aayan1120
#仙居服飾 （本服飾純屬創意，若有巧合⋯⋯⋯我也沒辦法）",57705,1993,"['鞏仙', 'aayan1120', '仙居服飾']"
69,2019-06-24 11:13:44,"靜靜的也很好。竹林裡會遇到玉嬌龍嗎？
還是李慕白？
Well I run into KungFu Panda Po !?
#鞏仙",68674,2197,['鞏仙']
70,2019-06-19 13:21:11,"飛～去戴頭套了～好擔心古裝會不會沒有我本人帥😣😖
#ferragamo #maisonmargiela",51623,1791,"['maisonmargiela', 'ferragamo']"
71,2019-06-17 11:11:23,"不被看好也是笑笑而已，
反而讓我更想證明。",54544,2692,[]
72,2019-06-12 20:56:35,"Try to heal everyone’s soul , by giving everyone love as much as I can .
#StellaMccartney #Fendi #TAGHeuer #GentleMonster #McQ",38347,1008,"['McQ', 'StellaMccartney', 'GentleMonster', 'TAGHeuer', 'Fendi']"
73,2019-06-12 17:41:46,"飛 願大家平安喜樂
我愛你們 即便我們彼此的靈魂都不完美 都帶著傷 。
#StellaMccartney #Fendi #TAGHeuer #GentleMonster #McQ",50633,1210,"['McQ', 'StellaMccartney', 'GentleMonster', 'TAGHeuer', 'Fendi']"
74,2019-06-03 01:36:46,"我說，做自己哪有那麼可怕，只要相互尊重之下，盡力的展現自己吧！
Why should we be terrified for being ourselves ?
#Shine
#親愛的怪物#dearmonster
#hitfm",62360,1601,"['dearmonster', '親愛的怪物', 'Shine', 'hitfm']"
75,2019-05-30 17:28:30,"這一身我好愛
#alexanderwang（上衣）
#alexandeewangtw （褲子）
#breezecouture
#Boucheron （珠寶、戒指、腕錶）
#Quatre 
#louboutinworld （靴子）
#christianlouboutin",53254,1395,"['alexandeewangtw', 'alexanderwang', 'Quatre', 'louboutinworld', 'Boucheron', 'christianlouboutin', 'breezecouture']"
76,2019-05-30 15:20:51,"謝謝Ludique Créme幫我特製的
#初戀
#金魚泡泡 （這是我亂取的）
#地表最帥
#我好不要臉😂
#LudiqueCréme",36797,889,"['初戀', '金魚泡泡', 'LudiqueCréme', '我好不要臉', '地表最帥']"
77,2019-05-30 11:56:07,"最強的超能力，不是飛行、不是隱形、不是超音速、不是再生、不是可以操控心智，是一顆善良的心。
A heart full of kindness is above all superpower.
#morning
#viviennewestwood",49061,1110,"['morning', 'viviennewestwood']"
78,2019-05-28 13:41:41,"You got some Hero in you ?
#style
#fashion
#viviennewestwood",39635,995,"['style', 'viviennewestwood', 'fashion']"
79,2019-05-25 20:07:02,"飛飛飛飛飛～肚子餓了
#Flying#mode
#juunj #준지 #fendi #mm6 #mm6maisonmargiela #VFTS",42434,963,"['Flying', 'VFTS', 'mm6', 'juunj', '준지', 'mm6maisonmargiela', 'fendi', 'mode']"
80,2019-05-25 00:14:44,"#rado
#longines 
#montblanc
#georgjensen
#grandseiko
#Viviennewestwood #Viviennewestwoodtaiwan #apmmonaco #gucci",41808,728,"['longines', 'Viviennewestwoodtaiwan', 'apmmonaco', 'georgjensen', 'gucci', 'rado', 'Viviennewestwood', 'grandseiko', 'montblanc']"
81,2019-05-25 00:10:28,"你好我是有天生眼線的#炎亞綸
#大遠百
#montblanc
#rado 
#grandseiko
#georgjensen
#longines 
#Viviennewestwood #Viviennewestwoodtaiwan #apmmonaco #gucci",58665,1192,"['longines', 'Viviennewestwoodtaiwan', 'apmmonaco', 'georgjensen', 'gucci', '大遠百', 'rado', 'Viviennewestwood', 'grandseiko', '炎亞綸', 'montblanc']"
82,2019-05-23 10:07:33,"Poti說：那麼好看的鞋，我也要穿！
Poti says :these are#Dope
謝謝
#IT#MCQ#Orbytsneaker
謝謝Dylan
謝謝#ITcn",37019,1309,"['IT', 'ITcn', 'Dope', 'Orbytsneaker', 'MCQ']"
83,2019-05-18 22:38:10,"#游泳
#healthylifestyle 
#swimming 
#hiltonhotel 
#aayan1120
快找我代言
#眼線筆
#超級防水眼線筆",58725,2179,"['aayan1120', 'healthylifestyle', 'hiltonhotel', '超級防水眼線筆', 'swimming', '眼線筆', '游泳']"
84,2019-05-18 22:30:56,"工作完
#運動
#爽
#gym
#afterwork
#feelingood",51797,983,"['gym', '運動', 'feelingood', 'afterwork', '爽']"
85,2019-05-17 15:59:17,"如果你開心你就吃#冰
If you’re happy you should have an #icecream 
#簽書會
#Letsgo
#fanmeeting
#noak #mcmworldwide #nike #apmmonaco #initialgentleman #initialfashion",52150,1440,"['noak', '簽書會', 'icecream', 'apmmonaco', 'fanmeeting', 'initialgentleman', 'Letsgo', 'mcmworldwide', '冰', 'initialfashion', 'nike']"
86,2019-05-12 15:40:26,"#Home
another
 #gentlemonsterxfendi 
墨鏡可以上飛機一副下飛機一副這樣嗎👮🏻‍♀️👮🏻‍♂️
今天好好陪你們的媽媽！
因為我也要。",37889,861,"['Home', 'gentlemonsterxfendi']"
87,2019-05-12 12:50:51,"#Going#Home
Thank you #Fendi
#FendiGentleMonster
#aayan1120
#happymothersday
回家過母親節
Home for #mother’s day",46669,786,"['FendiGentleMonster', 'aayan1120', 'mother', 'happymothersday', 'Home', 'Going', 'Fendi']"
88,2019-05-11 23:55:10,晚安#謝謝#thankU#Love#goodnight,60744,1716,"['Love', 'thankU', 'goodnight', '謝謝']"
89,2019-05-10 16:27:27,"#AirportFashion#private#session
#機尚#私人部分
#vetements 
#kentandcurwen",45878,1006,"['kentandcurwen', '私人部分', 'vetements', 'AirportFashion', 'private', 'session', '機尚']"
90,2019-05-10 10:42:30,"#FinnJuhl
#onecollection_finnjuhl 
好美的配色
#lifestyle 
#aayan1120
#臣爵傢俱 
#vintageliving",19710,380,"['aayan1120', 'vintageliving', 'FinnJuhl', 'lifestyle', 'onecollection_finnjuhl', '臣爵傢俱']"
91,2019-05-08 23:06:51,"這樣可以嗎！
這樣誘惑是不是很壞～
嘿嘿私密聚點～
#private#luxury#Taipei",34762,1349,"['luxury', 'Taipei', 'private']"
92,2019-05-06 00:50:11,"今天活動有個姐姐說我戴假睫毛～～
Ok fine , 假睫毛通通都給我，我下次全部都戴上～
#自暴自棄
#okfine
#睫毛怪
@molly_chiang 求推薦假睫毛",65762,1592,"['睫毛怪', '自暴自棄', 'okfine']"
93,2019-05-03 18:48:51,"#luluguinness 
Love the design 
Full of passion 
Thank U 💋💋💋💋💋",23800,557,['luluguinness']
94,2019-04-25 02:48:41,"#midnight#sin
就想半夜玩玩你們，吃吧～
明天再減😈😈😈😈
You’ll go on #Diet #tmr",33739,1015,"['Diet', 'sin', 'tmr', 'midnight']"
95,2019-04-24 16:11:07,"喜歡一個人，不應該喜歡你想像中他的樣子，而是喜歡「他的樣子」。 You should always love a person by how he/she is , not someone you imagined. 
#howto
#love",37287,1155,"['howto', 'love']"
96,2019-04-21 11:31:41,"這就是透過愛來連結世界的一種方式，沒有什麼比這個更有意義的事了。
至少在地球壞掉之前，我們都盡力而為。
#beforeextinction #do
#our#best
#炎亞綸#布丁",45521,1086,"['布丁', 'our', 'beforeextinction', 'best', 'do', '炎亞綸']"
97,2019-04-19 19:00:39,"#Love&Spirit
你以為你看到神",27815,641,['Love']
98,2019-04-19 17:08:34,"沒有一個人是屬於任何人
#notyourgoodboy#iwasneveranyones",67343,1670,"['iwasneveranyones', 'notyourgoodboy']"
99,2019-04-19 16:35:05,"Rather be the one who’s careless about the world. 
Don’t make a big theme when a specie extinct , like I always do. 
#idontgiveashit 
#太在乎所以不在乎了
#物極必反",29575,574,"['idontgiveashit', '物極必反', '太在乎所以不在乎了']"
100,2019-04-19 16:05:37,#頭痛事很多#lotgoingon#Beyonce,21099,615,"['lotgoingon', '頭痛事很多', 'Beyonce']"
101,2019-04-19 13:05:22,"早起的綸嚕有球打
#badminton#LuLuLu#LunLunLun",56054,871,"['LunLunLun', 'badminton', 'LuLuLu']"
102,2019-04-18 13:37:22,"坦白說，搖的時候我已經做好心裡準備，很坦然了。
但我只希望我一個人有事就好",44926,3673,[]
103,2019-04-14 17:44:09,#炎亞綸#aaronyan#boy#style,63195,1435,"['style', '炎亞綸', 'aaronyan', 'boy']"
104,2019-03-31 02:53:10,"明天晚上我會開直播，我勸妳把不是事實的部分好好的澄清。
我們這邊所有對話紀錄都有存下，加上妳提供的工作內容我也一併會跟大家報告，我很少針對一件事（尤其是自己粉絲）來大動作處理，但如果你粉我卻讓你依舊用這種方式來欺負我身邊的工作人員，我會非常憤怒，再來就是更沒辦法忍受你這種合作不來就講一堆不是事實的話來妖言惑眾其他粉絲更是罪大惡極，榆晨不想澄清是因為她覺得沒必要因為「沒合作成」這種在各個領域都「非常常見」的事情去多說什麼。但你這個人卻三番兩次不只一篇兩篇的攻擊。
沒關係，只要是擁有真正事實的一方永遠不怕正面對決！
十多年了，還搞不懂我的底線，還搞不懂自己的問題出在哪，還搞不懂我說的「網路上的流言蜚語」絕對不是能值得馬上完全相信的依據，結果有那麼多人不分青紅皂白跟著起鬨。

明天晚上直播見。
此篇針對那人、那件事以及被片面言語迷惑的人。
其餘人無關。",31300,1318,[]
105,2019-03-22 18:17:28,"Aaron Opening 
針織帽#supreme
墨鏡#jawelmaobr
項鍊#Asyou",56224,1726,"['Asyou', 'supreme', 'jawelmaobr']"
106,2019-03-21 14:34:31,"#Pray for human beings 
如果我們思想上不往前進，再怎麼強調人類的文明也只是笑話，因為文明顯然沒有累加，也並未隨著時間進步，科技是不斷的發展沒錯，但我們的思想和智慧不隨之提升，將來我們會被自己的科技反噬。
今排隊，媽媽帶著小孩如入無人之境般的往前，抱歉，我沒忍住。
「您，帶著小孩插隊啊？」我語氣平緩，心卻很難受。
種種跡象都不斷的提醒我們反思，紐西蘭的恐攻，種族之間的仇恨，到底給我們什麼警訊？種族真的存在嗎？我的世界裡只有單一種族「人類」我們共同承擔過往的歷史，也正在承受如今世界的各種紛爭，唯有提醒自己勿讓仇恨在我們身上累積，反省自己今天有沒有什麼行為能更為妥善的處理，我的這一秒是否比上一秒更好。
因為世界若要沈淪，那是70億人共同的責任，同樣的，若能提升，也是70億人同享的共果。
生命那麼不容易，何不把他活的精彩些，漂亮些？

The world sinks we all shall sink. The world rises we may all rise . 
Life isn’t easy , actually it’s the most beautiful thing that happened , try live your life in a better way , hatred shouldn’t multiply . History is telling us to avoid the same mistakes , not the other way.",58121,1260,['Pray']
107,2019-03-21 13:17:15,"機場只有我一個！？
#beijing
#viviennewestwood
#VFTS",59799,1493,"['VFTS', 'beijing', 'viviennewestwood']"
108,2019-03-20 00:16:56,"#dearest

#youandmeleft

#我最親愛的

#只剩你和我了

這世界上只有你對我堅信不移",48054,2222,"['dearest', 'youandmeleft', '只剩你和我了', '我最親愛的']"
109,2019-03-16 17:22:53,"假日隨拍
#Flowers#trees
#花#草#樹木
#建國花市
#你們要的#長腿#沒修圖
#balenciaga
#Nike
#maisonmargiela",57777,1776,"['花', '你們要的', 'balenciaga', 'Nike', 'maisonmargiela', '長腿', '樹木', '草', 'trees', '沒修圖', '建國花市', 'Flowers']"
110,2019-03-15 19:23:56,"嘿
情人節過了，應該都還膩在一起吧？
#隨拍
#Loewe
#maisonmargiela 
#initial 
#alexandermcqueen",66694,1462,"['Loewe', 'alexandermcqueen', 'maisonmargiela', 'initial', '隨拍']"
111,2019-03-09 12:01:46,"#早#Morning
帥哥，你看過嗎？#boy",59308,2156,"['boy', 'Morning', '早']"
112,2019-03-08 15:25:25,"我的腿和腳 你們好，我似乎太在意上半身，忽略了你們。
#viviennewestwood#Y3",31364,939,"['Y3', 'viviennewestwood']"
113,2019-03-08 15:19:45,"機場隨意拍，好愛#viviennewestwood 
#masterpiece 單件連身，布料卻很挺，內搭#uniqlo 色T。
回台北啦✈️🛫🛬🛩好多飛機可以選😂
Love this master piece by #viviennewestwood#viviennewestwoodtw",58263,1406,"['viviennewestwoodtw', 'uniqlo', 'masterpiece', 'viviennewestwood']"
114,2019-03-07 19:10:54,"我與痣
#痣 你好 今天你在我左眼下方2.5公分處
謝謝你在這個時尚的角度陪我一天。
這是第一天見你，也許也是最後一天。
謝謝痣
Thank you #mole
Thank u for #existing sharing your point of view 😂
#harrisonwong",49839,1149,"['existing', 'harrisonwong', 'mole', '痣']"
115,2019-03-07 12:04:55,May #peace and #love be with you all.,43097,900,"['love', 'peace']"
116,2019-03-07 07:56:48,"重慶出發，早安台北
#goodmorning
用這樣的綠中和下雨天☔️
Love this green",53552,1291,['goodmorning']
117,2019-03-06 22:11:10,"#痣#你好
#高雄#👋🏻#bye#Kaohsiung",61240,1439,"['bye', '你好', '痣', '高雄', 'Kaohsiung']"
118,2019-03-02 15:26:12,"#barbelluniversity
矛盾的一天
#contradictory#day",25923,779,"['contradictory', 'day', 'barbelluniversity']"
119,2019-03-02 15:20:50,"這樣的誘惑～想天天被誘惑
#best#frenchtoast#NY",37494,1276,"['NY', 'best', 'frenchtoast']"
120,2019-02-27 22:03:56,"偶然經過的畫展，一幅畫和一段文字我看了20分鐘。
Occasionally went through an exhibition of paintings , a piece of painting and a short essay letting me stop for 20 minutes. 
愛
每個人生來平等，
但這卻只是個希望而非事實。
我們擁有選擇愛的權利，
兩人的愛不該由第三人來審議，
異性、同性；愛人、被愛都是難能可貴，
既然沒人敢說愛不是感性的，
那又是誰在那理性的爭論著。

Love
Life is never equal,but it is perhaps only a hope,but not a fact.
We have the right to choose what love is. The love of two people shouldn’t be considered by any other person. Homosexual or heterosexual ; love is always worthy. 
Nor debate or dispute is about love should belong to rationality or sensibility.",34458,1066,[]
121,2019-02-26 20:58:47,"送你們#愛心
也該換換口味了吧，永遠在那邊手指比心🙄🙄🙄🙄
🖤🖤🖤🖤🖤
#Heart#for#you",50977,1907,"['Heart', 'for', '愛心', 'you']"
122,2019-02-26 20:49:56,"#selfie#微白眼 送你們🙄️
有好看街拍不要～竟然都要我😏自拍～～
好想Tag葛仲珊",60939,1645,"['微白眼', 'selfie']"
123,2019-02-23 13:42:50,"Hey , try hard not to be driven by jealousy.
Try hard to be kind. 
#kindness",44642,1106,['kindness']
124,2019-02-23 00:14:01,"#McQ
可以嗎
How bout this ?",54498,1799,['McQ']
125,2019-02-20 17:48:13,"Join me ?
一起ㄘ嗎？
#lobster#chelseamarket",65749,1942,"['chelseamarket', 'lobster']"
126,2019-02-20 12:57:15,"Do you need a #lift ?
需要幫你一把嗎？😊
When ever you need a lift just reach out , I’ll be here.",28253,1211,['lift']
127,2019-02-19 09:35:39,"早安世界 願大家有個美好的一天
#morning#world#breakfast#time
#good#day for#everyone
#McQ
#Zadig & Voltaire
#Camper",56207,1519,"['morning', 'Camper', 'good', 'time', 'McQ', 'world', 'day', 'everyone', 'breakfast', 'Zadig']"
128,2019-02-18 18:48:50,"#chelseamarket
富基漁港如果能規劃成這樣多好～
海鮮又不輸
I wish we have one just like Chelsea.",23483,642,['chelseamarket']
129,2019-02-18 11:46:25,"#morning#kisses with #smile
#早安 
心情隨你自己決定
#zadigetvoltaire 
#FiveCM#izzue#Camper",69165,1750,"['morning', 'Camper', '早安', 'zadigetvoltaire', 'smile', 'FiveCM', 'izzue', 'kisses']"
130,2019-02-16 19:19:26,"#NYC#JetLag#JustWokeUp
身體在台北，靈魂在紐約
#AlexanderWang
#alexandermcqueen 
#camper",61528,1146,"['JustWokeUp', 'JetLag', 'alexandermcqueen', 'NYC', 'camper', 'AlexanderWang']"
131,2019-02-14 11:12:28,"#情人節快樂 吧 沒情人的拿去配
#Valentines #day for those who are single , I got The One choice for you.",68185,2590,"['Valentines', 'day', '情人節快樂']"
132,2019-02-13 13:19:23,"人生不能像開關這樣簡單，但情緒的選擇可以。
#switch for#emotions
Life will never go easy on you , but you can always put on a switch on your emotions , how you choose matters .",28837,819,"['emotions', 'switch']"
133,2019-02-13 07:46:14,"#啾咪#lobster
這個啾咪應該沒人會，歡迎來戰～🦞🦞🦞
Claw#challenge",56386,1306,"['啾咪', 'challenge', 'lobster']"
134,2019-02-13 02:35:19,"#zadigetvoltaire
她，很帥也很率真。",40153,646,['zadigetvoltaire']
135,2019-02-13 00:10:35,"#redefine#reignite
我們在經歷一些事過後，需要勇氣重新定義自己的人生。",67860,1864,"['redefine', 'reignite']"
136,2019-02-12 23:30:31,"#Snow#NewYork
#morning#breakfast#love
早餐🥣參雪❄️",35676,910,"['morning', 'love', 'NewYork', 'Snow', 'breakfast']"
137,2019-02-12 13:36:41,"#zadigetvoltaire 
#NewYork",23260,469,"['NewYork', 'zadigetvoltaire']"
138,2019-02-11 12:52:16,"#Soho#NewYork
Details Wins 
Culture Lives
Creativity Guide
#zadigetvoltaire",47091,834,"['Soho', 'NewYork', 'zadigetvoltaire']"
139,2019-02-11 12:42:03,"Must be a loooooooooong conversation......
這通電話一定講了很很很很很很很很久。
#NY#PayPhone#muse",37269,958,"['NY', 'muse', 'PayPhone']"
140,2019-02-10 22:01:10,"#Aaron walking on the street #NY
shirt and pants from #Zadig&Voltaire
long sleeve T-shirt#Zadig&Voltaire 中國新年特别限定款",95194,1592,"['NY', 'Zadig', 'Aaron']"
141,2019-02-10 21:56:41,"#NewYork#Cafe
shirt and pants from #Zadig&Voltaire
long sleeve T-shirt #Zadig&Voltaire 中國新年特别限定款",58176,956,"['Cafe', 'NewYork', 'Zadig']"
142,2019-02-07 12:10:20,"初三大快樂，各位帥哥美女
JJDDMM+GG午安～
尋找午後的悠閒～補眠去",64629,1665,[]
143,2019-02-04 20:07:08,"#新年快樂#Happy#Chinese#Newyear
祝大家 諸事順利 諸事大吉 珠圓玉潤 
願平靜在你們心中 幸運在你們生活 智慧在你們靈魂",65178,2187,"['Happy', '新年快樂', 'Chinese', 'Newyear']"
144,2019-01-29 14:39:48,"想再去一次了
#louvre#aaronyan",61306,1441,"['louvre', 'aaronyan']"
145,2019-01-28 12:11:10,"#meaningful#day#Charity
#哈囉#你好嗎",60813,1703,"['哈囉', '你好嗎', 'meaningful', 'day', 'Charity']"
146,2019-01-27 12:25:45,"這樣會太頻繁嗎？🤪
Too much ?
#What#Areyou#Lookingat
#Christiandada",69666,1782,"['Lookingat', 'What', 'Christiandada', 'Areyou']"
147,2019-01-27 10:54:27,"我和森川正規
Me And Morikawa Masanori 
#AaronYan
#MorikawaMasanori
#Christiandada",46480,634,"['Christiandada', 'AaronYan', 'MorikawaMasanori']"
148,2019-01-27 09:04:33,"Morning babe 
#breakfast#together
#一起吃早餐
#guerrillagroup",79095,1691,"['together', 'breakfast', 'guerrillagroup', '一起吃早餐']"
149,2019-01-26 21:31:58,"Come with me , or not ? 😂😊
#guerrillagroup",98437,2143,['guerrillagroup']
150,2019-01-26 21:29:58,"好愛他挺直的版型，穿在身上好有型
#guerrillagroup",69765,1195,['guerrillagroup']
151,2019-01-23 20:44:20,"我想他應該跟我說了什麼，也許有天我會懂
I think he is telling me something, I might understand one day. 
#羅浮宮#MuséeduLouvre",34585,1367,"['MuséeduLouvre', '羅浮宮']"
152,2019-01-23 16:06:11,"日安
#Christiandada",76200,1779,['Christiandada']
153,2019-01-19 23:06:12,"#隨拍
#Paris
#巴黎雨天
#RainingdayParis",50325,1280,"['隨拍', 'Paris', 'RainingdayParis', '巴黎雨天']"
154,2019-01-19 01:17:28,"#zadigetvoltaire 
#Cecilia Bönström
Thanks for amazing showroom 
Love how energetic Zadig&Voltaire is.",52219,725,"['Cecilia', 'zadigetvoltaire']"
155,2019-01-18 21:12:38,"#guerrillagroup
#吉豐重工
#parismensfashionweek 
Love this Turtle Neck 
Designer From Taiwan 在巴黎Showroom
Inspiring",71778,1658,"['parismensfashionweek', 'guerrillagroup', '吉豐重工']"
156,2019-01-18 20:59:07,"#anndemeulemeester
#parismensfashionweek 
Loving this brand",63614,1309,"['anndemeulemeester', 'parismensfashionweek']"
157,2019-01-12 14:55:10,"任何關係都是需要透過溝通才有辦法真正的開始理解彼此，每個人都是獨特的個體，我一直強調，不要習慣用自己的想法看一個人，也不要太習慣用自己的理解去理解一個人。
剛剛認識我的人，不要著急著想理解我，任何事情欲速則不達，急，絕對沒有好事情，急只會被情緒牽著走。
我這個人看事情，絕大多數是很理智客觀的，我也一直在灌輸大家一個觀念，事情總是多面向的，不要急著想把事情劃分成兩半，好像非A及Z卻忘了中間還有24個字母。
即使認識我很久的人，也不見得能真正的理解我的話，重要的是用真正理性的態度努力看世界，才能讓自己得到真正的快樂，如果我變成了負面情緒的來源，那我願意消失。
我一直努力的給予正面態度，卻不斷的輸給爭吵，那我真的不需要存在，因為感覺我輸了，輸給不理解和以為自己很理解的兩種不健康的氛圍裡。",91636,2917,[]
158,2019-01-09 12:46:52,"千萬不要用自己的想法去理解一個人，沒有任何一個人能完全理解另一個人。
我做事情有我的節奏，也有我自己思考的方式。
很多事情不是當下衝動就能解決的，也有很多事情不是表面看到的膚淺模樣。
長期以來我學到一件事「小不忍則亂大謀」這是我今年給自己的功課，偏偏最應該理解我人生重大轉變的人，卻對我是最殘忍的！
用短短的時間來了解一個累積了30年智慧的人？合理？還是被情緒牽走了？
我說真的「人在做天在看，不是不報，時候未到」
當下的不作為不代表永遠的不作為",64070,2377,[]
159,2019-01-06 22:52:32,"今天謝謝你們#流川楓#綸
#basketball#boy",87435,2655,"['basketball', '綸', 'boy', '流川楓']"
160,2019-01-01 20:26:35,感冒了啦⋯⋯⋯⋯38.9,58228,3993,[]
161,2018-12-29 22:32:17,"#ThankUforvoting
#投票感恩禮
#普通照一張
就是張普普通通的照～～～😂🤪
#wifi密碼
#201314",80397,3133,"['投票感恩禮', 'wifi密碼', '201314', 'ThankUforvoting', '普通照一張']"
162,2018-12-25 20:28:24,"#MerryChristmas
#剩蛋快熱
今天工作但很開心，我一點都不羨慕那些在過節的人，一點點都不羨慕！哼",58875,3556,"['MerryChristmas', '剩蛋快熱']"
163,2018-12-24 23:28:34,"#merrychristmas
#heichblade
#generalidea
#nike
睡覺去睡覺💤",84836,2979,"['heichblade', 'merrychristmas', 'nike', 'generalidea']"
164,2018-12-22 12:41:22,"做專輯時，總要有個出發點，一種心得一種思維，俗稱的靈感。

我們常常覺得靈感會像卡通裡燈泡那樣「噔！」的ㄧ聲突然降臨，但，活到現在才知道，那是無稽之談，靈感乍現其實也是從你認真在生活裡過每分每秒累積下來的，認真的面對挫折認真面對困境，這些過程往往能成為靈感的種子。 「沉睡的巨人」是這張音樂作品裡的起點，面對自己工作出社會的十幾年感受最深的一種感覺，看著身旁來來去去的人，分享著他們對於人生不得已的妥協、委屈，控訴著現實如何壓榨自己的靈魂，扼殺自己的夢想，讓我有著對於不向現實低頭的傲氣，堅持著每個人都得為自己的夢想活過一次的那種傻勁，盼望著每個原本對於世界抱著希望的人能夠再次燃起那種對於夢想的渴望。

心裡沉睡的巨人，是你最純粹的能量，透過這首歌，希望你們開始甦醒，開始找到那個自己最喜歡的自己。

#dearmonster#sleepingtitan#musicvideo#love#dream#persistence#keepgoing#loveyourself",64283,2084,"['keepgoing', 'love', 'dream', 'persistence', 'dearmonster', 'musicvideo', 'loveyourself', 'sleepingtitan']"
165,2018-12-19 20:27:36,"別再問我幾年生#我為你們而生
#不要再吃醋了",80055,4169,"['不要再吃醋了', '我為你們而生']"
166,2018-12-17 17:36:30,牆壁不變型加兩顆痘給你,83470,3070,[]
167,2018-12-17 16:50:23,"#Gym#barbelluniversity
#動了嗎",62051,2531,"['Gym', 'barbelluniversity', '動了嗎']"
168,2018-12-12 12:05:41,"I’m who I am .
「親愛的怪物」上我在簽給朋友和工作夥伴以及採訪我的記者朋友還有主持人時，最常簽上的字句是「愛自己的獨特、發自己的光、Stay True」，這是我覺得在生活中最基本的一種心態，會讓自我懷疑的我們找到一個比較穩定的方向和情緒，是分享給每個人，也一直在提醒自己，越是混亂的時候，越是要靜下心明白生活本來就不容易，不會事事順自己的心，因此更顯得把持自己的重要，把持自己的小惡魔，提醒自己的小天使。
一年快過去了，我們都在這一年裡碰到了許多的事，這些事，或許讓我們開心或許惹我們難過，重要的是，有沒有獲得成長，或是不小心被打敗了？
我們如果認真迎面接受這些挫折，想辦法解決，而不是被我們滿滿的情緒掌控腦袋，我相信我們都會學到很多解決問題的途徑😊
所謂的Stay True就是希望我們都能認真知道自己的問題並認真的解決。
#HaveAniceDay
PS 我永遠都會是那個願意多給一點愛的我🤪
也永遠都會是念舊的那個庚霖～",80971,3912,['HaveAniceDay']
169,2018-12-08 15:24:39,"#ACENSE #JunbyYao #Androidhomme #Nikesportswear
午安。電梯裡遇到鄰居，給了我一句「加油」，眼淚差點噴出來。
所以今天我也要把「加油」分給你們。
#Believe#goodness#今日濾鏡#愛
#todays#filter#LOVE",93973,4599,"['goodness', 'LOVE', '今日濾鏡', 'ACENSE', '愛', 'todays', 'Believe', 'Androidhomme', 'JunbyYao', 'Nikesportswear', 'filter']"
170,2018-12-06 20:24:02,"20181206
#VivaLaVida
#sleepy
每個人都要 Viva La Vida （Live Life)❤️",91471,4717,"['sleepy', 'VivaLaVida']"
171,2018-12-04 00:32:41,"我該睡了
#奈奈
#亞狼
#Nightnight
#Ermenegildo Zegna 
#DAMIANI",87998,4496,"['Nightnight', '奈奈', '亞狼', 'Ermenegildo', 'DAMIANI']"
172,2018-12-02 23:05:09,"#原諒我唱錯詞
前一句唱錯，後一句必須是同句的下聯😂😂😂😂😂
L是Love#LoveForYou
#VForVictory
舞台很棒，好用心，謝謝大家的應援",94420,4714,"['LoveForYou', '原諒我唱錯詞', 'VForVictory']"
173,2018-12-01 13:50:38,"#謝謝了#北京#安全第一#愛第一
#thankyou#Beijing#safetyfirst#Love",91022,5021,"['謝謝了', 'Beijing', '愛第一', '安全第一', '北京', 'Love', 'thankyou', 'safetyfirst']"
174,2018-11-30 10:59:34,#早#morning,102906,6329,"['morning', '早']"
175,2018-11-23 06:45:51,"#早#你們可好？
#morning#HowAreYou
去南投的路上。
這些禮節也給活著的人療傷的時間。
每當一位親人離開，我更堅信這世界需要我們更善良的對待❤️",86133,4874,"['morning', '你們可好', 'HowAreYou', '早']"
176,2018-11-18 21:35:15,"#謝謝#對不起#我會很好
#ThankYou#Sorry
#WhatDoesntKillMeMakesMeStronger
白色/以後就用白色吧，用最簡單、平凡、純粹的色彩當成我們彼此之間的信仰和訊號吧。
#White for #應援",124373,9014,"['WhatDoesntKillMeMakesMeStronger', 'White', '對不起', 'Sorry', 'ThankYou', '謝謝', '應援', '我會很好']"
177,2018-11-13 12:41:54,"外婆一直是我心裡最崇拜的人，和藹可親，對我疼愛有加。  在外面的人看來外婆是一位為人師表的小學老師，對阿公來說他是位好老婆，對我馬麻而言是個嚴厲卻不失慈祥而且堅強刻苦的媽媽；對我呢，外婆就是無論我做錯了什麼都會告訴我應該怎麼改進，我缺少了什麼都會叫我學習，過年回南投她總是陪我到最後很想睡的時候才願意回她的房裡睡的阿嬤，他和我一樣喜歡吃南投意麵，喜歡喝咖啡，喜歡看我初二早晨吃得心滿意足的表情，所以有時候雖然吃不下了，我還是會把她做給我的份全部吃完讓她開心😊看阿嬤開心比什麼都重要！這就是我對阿嬤的感情。  今年的八月，外婆被檢驗出癌症而且已經擴散全身，對年事已高但堅持運動喜歡爬山的她我想一定很錯愕，因為我們全家人也一樣不敢相信，醫生雖說不樂觀，但是外婆的求生意念很強烈，所以我們讓她做了比較不痛苦的一些療程，讓她能不在太過勞其身體的狀況下做治療；然而就在上個禮拜，外婆因為併發肺炎進了加護病房，靠著呼吸高壓氧努力的撐著，9號那天我回南投看了阿嬤，跟他說「阿嬤，我來看你喔，你要加油」、「阿嬤，我很愛你」、「阿嬤，我還要唱歌給你聽喔」，阿嬤雖然沒辦法開口，也無法睜開眼睛，但卻很努力的在我每句話後面點頭深怕我以為她沒有聽到我說的話；我也在等你⋯⋯阿嬤。  今天凌晨，外婆還是決定放下疲憊的身軀帶著堅強的意志離開這個吵雜的世界，我會這樣形容，是因為我相信到最後一秒阿嬤都是在為自己做決定的，這樣比較像我了解的阿嬤，離開了這副X光下滿是星星的皮囊，離開了需要高壓氧幫忙呼吸的身體，去了哪裡我們是不會知道的，但我想像她被外公接走了，去了一個只有綠地藍天和清澈的河流的地方，在那裡有個小屋，小屋前有一小片地能讓喜歡種植植物的外婆種種她喜歡的花草樹木，在那裡就算黑夜也充滿希望和歡愉的氛圍，在那裡沒有痛苦和悲傷，盡情的享受吧阿嬤，阿公會帶你去冒冒險熟悉一下，盡情的享受吧，別再牽掛這個喧囂的世界，我們每個人都會照顧好自己，我也會讓自己更好的，我愛你阿嬤，我愛妳。  沒有什麼比陪著家人更重要的事了，和你們分享我的心情，以及我這段時間在做什麼，希望你們能讓愛帶著你們往人生的道路前進，而不是那些負面的想法，愛才能弭平一切的挫折、傷痕和困惑，我愛阿嬤，我也愛你們，謝謝每個在這段時間給過我鼓勵的每個人。

Love Aaron  願愛與你們同在

阿嬤I Love You",184881,15632,[]
178,2018-11-04 23:45:54,"#Beijing#GoodNight
大家差不多該睡囉，然後自己半夜兩三點還在線上的概念～
🐑🐑🐑🐑🐑",83813,6129,"['GoodNight', 'Beijing']"
179,2018-11-04 13:45:03,"#DreamGuitar#BlueG
#Martin#0042NavyBlue",38519,669,"['Martin', 'BlueG', '0042NavyBlue', 'DreamGuitar']"
180,2018-10-29 01:46:14,"#SPERO
#iamnotahero
#我只想唱#不想是什麼神#DearMonster",54355,847,"['iamnotahero', 'DearMonster', '我只想唱', 'SPERO', '不想是什麼神']"
181,2018-10-27 20:38:43,#三創clapperstudio 這次的廣告創意真的好棒#LoveIt#我們就是要有這種創意 ！,44442,427,"['LoveIt', '我們就是要有這種創意', '三創clapperstudio']"
182,2018-10-27 20:25:42,"#謝謝你們#小怪物#Love #DearMonster
很多人、很多事、很多回憶還有很多未來。有你有我一起努力#LoveYourself",66619,945,"['LoveYourself', 'DearMonster', 'Love', '小怪物', '謝謝你們']"
183,2018-10-25 00:11:33,"最心痛的莫過於被自己在意的人質疑。多年來，即便再久沒出現的粉絲突然出現了，我都還記得名字，甚至是臉。我也努力的記得誰做什麼去了哪裡念書，生了孩子、嫁了老公，我不可能全部記得一清二楚，但我覺得真心的在與你們交流。

這樣我已經問心無愧，至於在背後像小人一樣重傷我和粉絲之間關係別有用心的你，我會心痛，因為我也一樣對你同等在乎。

多年來我一直都是最用心在這一塊的人，因為我相信我們是互相扶持長大成長的人，很遺憾有些人感受不到，也許你認為記得名字比較重要，也許你認為記得你去哪裡念書更重要，但我認為在相處的當下用真心交談才是最可貴的，遺憾妳和我的心沒有交流⋯遺憾

#我一直都會像這棵樹一樣努力的長出自己問心無愧的樣子",59938,2406,['我一直都會像這棵樹一樣努力的長出自己問心無愧的樣子']
184,2018-10-23 11:55:29,"#Gucci#party#70、80‘s
這次在Gucci的開幕趴替上我穿了整身復古的裝扮，喇叭褲是重點，加上合身短身西裝和Polo衫，再用全皮復古刻花的皮帶點綴，以及漂亮的皮製皮鞋完成整套西裝的Look，我超愛，因為我之前很迷一部劇「Mad Man」，總覺得裡面的服裝好吸引人，沒想到Gucci完美的設計這套既復古又時尚的西裝來讓我參加趴踢，要知道「趴踢」最盛行的年代就是1970～80年代這個輝煌時期，所以不穿這套怎麼說的過去～～再加上我！哇哈哈😂😂😂🐑🐑🐑🐑🐑🐑
⚠️有興趣就去台中新光三越的古馳說亞綸推薦你們去的😂😂😂😂✅",70657,987,"['70', 'party', 'Gucci']"
185,2018-10-21 01:34:42,"#DearMonster#說好的變裝呢？
不要再有偶包了，27/28等你們的創意爆炸#怪物唱遊趴",57382,680,"['怪物唱遊趴', 'DearMonster', '說好的變裝呢']"
186,2018-10-19 23:08:02,"每次遇到都狂流汗手會抖#KAREN#莫文蔚#HalfTime
好好的來欣賞一下這張專輯#怪物遇女神
Karen❌Aaron 怪物crossover第二彈",58015,510,"['KAREN', '怪物遇女神', '莫文蔚', 'HalfTime']"
187,2018-10-17 12:50:12,"首度跨界合作 Deer❌MONSTER #DeerMonster#DearMonster 😂😂😂😂😂😂😂😂😂😂😂😂😂
#奈良鹿#台北怪",84250,1251,"['DearMonster', '台北怪', '奈良鹿', 'DeerMonster']"
188,2018-10-16 17:11:05,這樣可以嗎？#Kyoto#Alashiyama#和服怪物🐑🐑🐑🐑,76040,1226,"['Kyoto', 'Alashiyama', '和服怪物']"
189,2018-10-16 09:12:21,"#Butterbeer#tongue#butter
奶油啤酒！舌頭好厲害👅🐑🐑🐑
#早安#Goodmorning#Boy
#Gucci",87580,1078,"['Butterbeer', 'butter', 'tongue', '早安', 'Boy', 'Gucci', 'Goodmorning']"
190,2018-10-15 10:05:23,"#eating#Spiderman#Universalstudio
#蜘蛛人#好好吃#怪物 吃#蜘蛛",58685,905,"['Universalstudio', '蜘蛛人', '好好吃', 'Spiderman', '怪物', 'eating', '蜘蛛']"
191,2018-10-14 23:32:45,"#晚一個安
雖然是舊照但拜託不要嫌棄#怪物
#早睡早起身體好
#GoodNight#StayHealthy",68354,1009,"['晚一個安', '怪物', '早睡早起身體好', 'StayHealthy', 'GoodNight']"
192,2018-10-13 18:17:35,傻一波#VOGUE #FNO#待會兒見,80256,1072,"['FNO', '待會兒見', 'VOGUE']"
193,2018-10-04 16:05:17,#just#look#dinner#dinning#dear#monster,63781,1231,"['look', 'dinning', 'dear', 'just', 'monster', 'dinner']"
194,2018-10-01 13:47:31,"#小哥哥 跟你說聲#午安
#Goodafternoon",62248,1100,"['午安', 'Goodafternoon', '小哥哥']"
195,2018-09-28 14:29:13,"領個包裹也要跟～一團黑黑根本看不清楚你呀寶貝。
#poti#package#elevator#aways#following#me",71426,1122,"['following', 'me', 'aways', 'poti', 'elevator', 'package']"
196,2018-09-23 15:08:07,"#DearMonster#The#One#I#Love#Most#poster
至今最愛的#拍攝物
攝影師 周墨CHOU MO
專輯包裝設計 顏伯駿
紙雕藝術家 蔣嘉凱",30980,475,"['DearMonster', 'I', '拍攝物', 'poster', 'Love', 'The', 'Most', 'One']"
197,2018-09-22 01:43:42,#Good#night,63334,1047,"['Good', 'night']"
198,2018-09-20 13:09:12,"別再把獨特的自己視為怪物，每個人都是獨特的一顆星星，散發著各自絢爛的光芒，活出最真的模樣吧，小怪物們！

完整版MV👉🏻Youtube搜尋「親愛的怪物」

#親愛的怪物#dearmonster#dear#monster#sheep#beyourself#unique#new#album",27424,602,"['sheep', 'beyourself', 'album', 'new', 'unique', 'dear', 'monster', 'dearmonster', '親愛的怪物']"
199,2018-09-19 00:05:47,"怪物出沒，我依然是你們親愛的～

#炎亞綸親愛的怪物#親愛的怪物#Dear#monster#dearmonster#sheep#new#album#comingsoon#enjoy#music",39586,877,"['炎亞綸親愛的怪物', 'comingsoon', 'sheep', 'music', 'album', 'new', 'monster', 'dearmonster', 'enjoy', '親愛的怪物', 'Dear']"
200,2018-09-13 23:59:53,"#親愛的怪物#DearMonster
#Be#Yourself ??
#new#album#coming#soon",22874,542,"['DearMonster', 'album', 'new', 'coming', 'Be', 'soon', 'Yourself', '親愛的怪物']"
201,2018-09-13 21:47:08,"🐑🐑🐑🐑🐑🐑🐑你也是羊嗎#Sheep
#今天長這樣",64829,1082,"['Sheep', '今天長這樣']"
202,2018-09-13 00:38:45,"BE A
GOOD
SHEEP
#Be#A#Good#Sheep",22526,430,"['Sheep', 'Be', 'Good', 'A']"
203,2018-09-12 22:52:22,"#今天長這樣#回來了#TD’sL
Today’s #Look
Suit by #Hugo
Accessories by #CodySanderson
Sneaker by #NikeSportswear",59632,902,"['NikeSportswear', '今天長這樣', 'Hugo', '回來了', 'Look', 'CodySanderson', 'TD']"
204,2018-09-06 18:40:52,#Hey#You#Want#Me ?,75285,1787,"['Me', 'You', 'Hey', 'Want']"
205,2018-09-06 18:15:53,#Autumn#look#Gotta#Love#Me,53937,705,"['Me', 'look', 'Love', 'Gotta', 'Autumn']"
206,2018-09-05 19:22:15,#piano#should#I#be#playing ?,58845,865,"['I', 'playing', 'be', 'piano', 'should']"
207,2018-09-04 23:37:11,#Human#needs#soul,62928,778,"['needs', 'soul', 'Human']"
208,2018-09-04 14:08:29,#poti#❤️,33989,731,"['poti', '❤️']"
209,2018-09-01 13:11:10,#傳說對決#齊爾五殺#我好宅,25072,831,"['傳說對決', '我好宅', '齊爾五殺']"
210,2018-08-31 21:52:09,Guys this is the best I can do with the lights.❤️❤️😊#CartierTaipei,74247,535,['CartierTaipei']
211,2018-08-31 18:17:00,"#CartierTaipei#Pantheredecartier
#paulsmithdesign#christiandada_official#ferragamo",52327,1064,"['christiandada_official', 'CartierTaipei', 'ferragamo', 'Pantheredecartier', 'paulsmithdesign']"
212,2018-08-25 15:02:22,好久沒有凌晨三點回到家。#Working#late#現在起床,70577,1089,"['現在起床', 'late', 'Working']"
213,2018-08-24 11:56:03,#Yo#ho#good#day#午安#您好,62203,1055,"['Yo', '您好', '午安', 'good', 'day', 'ho']"
214,2018-08-22 13:22:33,微呆⋯⋯⋯#silly#look#Gucci,72137,955,"['look', 'Gucci', 'silly']"
215,2018-08-11 00:00:03,#Goodnight#晚安,59945,1475,"['晚安', 'Goodnight']"
216,2018-08-10 15:49:42,"#Hairstyle#stylist#Ethen
#Makeup#Adam
#Model#Aaron",75977,1841,"['Hairstyle', 'Ethen', 'stylist', 'Model', 'Makeup', 'Adam', 'Aaron']"
217,2018-08-03 12:46:06,"一直以來我的期望都是，我們是一起努力的一群人，我愛你們是全心全意，也許以前給你們的印象是「不容不公不義，個性衝動直接」，然而我並不是希望你們都變成一樣的樣子，我在對任何事發表以前，我都是深思熟慮它所帶給我的後果，才有所行動。
我所考慮到的層面你們也許永遠不會看到永遠不會懂。
所以你們更不需要只學了表面沒有學到背後的精神。
我希望你們不要輕易的替我傳達任何理念和思想，因為沒有任何人是可以完全理解任何人，我也希望粉絲之間不要以大欺小倚老賣老，更希望的是你們相互幫助互相扶持成長，真的能像家人的是你們，而不是我和你們，因為我努力的做我喜歡的事，就是要呼應你們的支持，我得花更多精力在添實自己。希望你們了解，能了解我想最終我們才能經得起時間的考驗，才能明白彼此在彼此生命裡的意義。",83377,1397,[]
218,2018-07-27 13:21:01,#crest#fun,59223,988,"['fun', 'crest']"
219,2018-07-07 23:59:08,"#花蓮#夏戀嘉年華
#Thank#you#Hualian",68902,1201,"['you', '夏戀嘉年華', 'Hualian', 'Thank', '花蓮']"
220,2018-06-30 22:08:23,"Fashion Look
#suit#Viviennewestwood
#Makeup#王威翔
#Hairstylist#Ben",89097,1863,"['Hairstylist', 'Ben', 'Makeup', 'Viviennewestwood', '王威翔', 'suit']"
221,2018-06-01 00:37:42,#endless#timeless,45780,886,"['endless', 'timeless']"
222,2018-05-31 16:10:34,#很可以#what#else#if#not#me,75458,1288,"['很可以', 'me', 'what', 'if', 'not', 'else']"
223,2018-05-29 22:39:32,#Bouquet,41904,525,['Bouquet']
224,2018-05-27 16:58:40,"#basketball#day#this#is#why#we#play
#運動#籃球#好天氣",88935,1269,"['basketball', 'why', 'we', '籃球', 'this', '好天氣', '運動', 'day', 'is', 'play']"
225,2018-05-26 17:30:52,#❤️❤️❤️,70798,1019,['❤️']
226,2018-05-21 20:19:58,"#see#you#next#time
#下次見#Beijing#真的只住一晚",68345,962,"['you', 'Beijing', 'time', 'see', '真的只住一晚', '下次見', 'next']"
227,2018-05-19 22:52:02,"頒獎典禮完都會有虛脫厭世Fu
#Thank#You#音樂先鋒榜#謝謝#你們#Love",90893,1211,"['音樂先鋒榜', 'You', 'Love', '你們', '謝謝', 'Thank']"
228,2018-04-23 02:01:42,"#謝謝#thank#you#ありがとう#감사하는 마음#谢谢
沒有太適合的字句能表達我心裡的情感
但，謝謝",51430,970,"['you', '감사하는', '謝謝', '谢谢', 'ありがとう', 'thank']"
229,2018-04-10 12:25:33,"#尋找#很像的人#some#one#like#you
#早安",70656,1439,"['you', '早安', '尋找', 'one', 'some', 'like', '很像的人']"
230,2018-04-05 01:50:20,晚安#Goodnight#每天都要想我,69229,1513,"['每天都要想我', 'Goodnight']"
231,2018-03-24 18:12:30,#❤️#good#day#good#mood#心情好#哪裡都是大晴天,82606,1690,"['mood', '心情好', '哪裡都是大晴天', '❤️', 'good', 'day']"
232,2018-03-22 20:30:16,#make#up#your#mind#and#go#for#it,82325,1460,"['go', 'your', 'it', 'up', 'make', 'mind', 'for', 'and']"
233,2018-03-09 20:49:46,#Where#I#Belong#Follow#your#heart,73622,1677,"['your', 'I', 'Follow', 'Where', 'heart', 'Belong']"
234,2018-02-21 13:19:27,#street#shot#Amazing#view#great#weather#aaronyan#aaron#綺麗な景色,94751,1384,"['Amazing', 'shot', 'street', 'weather', 'aaronyan', '綺麗な景色', 'great', 'aaron', 'view']"
235,2018-02-20 12:32:27,#Good#morning#world#super#cute#awesome#sunny#day#boy#to#Tokyo#see#you#Fujisan,78454,897,"['morning', 'cute', 'you', 'boy', 'to', 'see', 'awesome', 'world', 'Good', 'super', 'day', 'Tokyo', 'sunny', 'Fujisan']"
236,2018-02-19 22:25:33,#抖抖抖抖#音#Tiktok#first#post#為了#Ed#Sheeran,75701,1942,"['Ed', 'first', 'Sheeran', '抖抖抖抖', 'Tiktok', '為了', '音', 'post']"
237,2018-02-19 14:28:35,#FujiQ#Morning#till#dawn#気持ちいい,79735,994,"['気持ちいい', 'Morning', 'till', 'dawn', 'FujiQ']"
238,2018-02-18 16:21:36,#sunshine#winter#Fujisan#cold#new#year#photo,88021,1282,"['winter', 'cold', 'new', 'year', 'photo', 'sunshine', 'Fujisan']"
239,2018-02-07 16:04:57,#倒數#殺青#final#countdown#龍井茶#ready#for#Chinese#newyear#❤️,66308,1712,"['龍井茶', '❤️', '倒數', 'for', 'newyear', 'final', '殺青', 'countdown', 'ready', 'Chinese']"
240,2018-01-31 17:22:03,❄️❄️❄️❄️❄️❄️#dont#you#wanna#build#a#snowman#再玩一下#❤️,64731,1410,"['snowman', '再玩一下', 'wanna', 'you', '❤️', 'a', 'dont', 'build']"
241,2018-01-31 17:06:08,#snowing#I#Look#great#when#snowing#雪#紛飛#帥氣#可愛い#雪,88430,2101,"['可愛い', 'snowing', 'I', 'great', '帥氣', 'Look', '雪', '紛飛', 'when']"
242,2018-01-29 15:17:21,#一路繁花相送#主題曲#最久的瞬間#新発売#new#release#完整,64046,1192,"['一路繁花相送', '最久的瞬間', 'release', 'new', '完整', '主題曲', '新発売']"
243,2018-01-29 14:27:40,#最久的瞬間#love#sparks#in#life#short#but#amazing,33931,522,"['最久的瞬間', 'life', 'in', 'love', 'sparks', 'but', 'amazing', 'short']"
244,2018-01-29 14:22:32,"命中注定的緣分 
就算滿途荊棘 終會重逢 
成全一路繁花的燦爛時刻 
睽違兩年 溫暖獻聲
炎亞綸 全新單曲 「最久的瞬間」正式上線 ▶數位收聽《一路繁花相送》主題曲「最久的瞬間」:
KKBOX　https://kkbox.fm/0sLUlq
friDay音樂　https://goo.gl/Pw9TA6
myMusic　https://goo.gl/YN1GDJ
Apple Music/iTunes　https://goo.gl/jLPQGy
蝦米音樂：https://goo.gl/u16Dcn 《一路繁花相送》2月7日起
東方衛視、江蘇衛視、全視頻網站(騰訊、愛奇藝、芒果tv、搜狐、PPTV、優酷)共同播出",38305,574,[]
245,2018-01-28 15:41:10,#Snowing#on#set#filming#拍戲#下雪中#雪晚點補上,67482,1488,"['下雪中', '拍戲', '雪晚點補上', 'Snowing', 'on', 'filming', 'set']"
246,2018-01-28 08:01:32,"#check#keep#rolling#gym#health 
#健身#真的#是#長期#功課",110647,2892,"['功課', 'health', 'gym', '健身', '真的', '是', '長期', 'rolling', 'check', 'keep']"
247,2018-01-20 10:37:56,"#好想出去玩#誰帶我走
#need#vacation#desperately#who#wants#my#company",88010,3041,"['need', '誰帶我走', '好想出去玩', 'vacation', 'my', 'desperately', 'who', 'company', 'wants']"
248,2018-01-15 23:13:20,"#Born#to#be#Real#Not#perfect
#沒有人需要是#完美#的#我們是為#真實#的自己而生",46339,978,"['完美', '真實', 'to', 'Born', 'be', '的', 'perfect', '我們是為', 'Real', 'Not', '沒有人需要是', '的自己而生']"
249,2017-12-31 12:43:27,#Love#Starbucks#tea#time#coffee,54272,1381,"['Starbucks', 'tea', 'coffee', 'time', 'Love']"
250,2017-12-27 13:06:01,"#happy#holidays#ready#for#new#year ?
節日快樂 讓我當你的禮物
#me#present",100630,1931,"['for', 'year', 'new', 'me', 'happy', 'present', 'holidays', 'ready']"
251,2017-12-18 22:53:18,"#Make#a#call
#help#is#always#an#inch#away",78993,1101,"['Make', 'call', 'away', 'a', 'is', 'always', 'inch', 'an', 'help']"
252,2017-12-12 12:44:25,"這什麼！？黏黏稠稠的～
#Whats#this#sticky🤔🤔🤔🤔",66316,910,"['sticky', 'this', 'Whats']"
253,2017-12-10 20:34:12,嘿嘿～看哪裡啊？！#where#are#you#looking#at,111930,1691,"['you', 'are', 'looking', 'where', 'at']"
254,2017-12-09 15:10:42,"我可以很勢利，我可以大小眼，我可以冷血，我可以歧視，我可以無情，我可以不尊重，我也可以不說請、謝謝、對不起；但我選擇活在這些心魔之上。我只想填飽肚子～～
#Live#above#the#evil#and#devil
#super#yummy#curry",50796,757,"['curry', 'the', 'evil', 'devil', 'above', 'Live', 'and', 'super', 'yummy']"
255,2017-12-08 13:35:49,"#還能看見那個天真的自己#隱藏在浮世的痕跡之下#總是能給自己一些#安慰
#it#always#comforts#me#when#I#still#see#the#purity#in#myself",82725,852,"['in', 'it', 'when', 'I', '總是能給自己一些', 'the', 'me', 'see', '隱藏在浮世的痕跡之下', 'purity', 'always', 'comforts', 'myself', 'still', '還能看見那個天真的自己', '安慰']"
256,2017-12-07 21:53:57,"#坐下來歇會兒#看得更多
#Allow#yourself#to#rest#for#a#while
#you#may#see#more",76349,865,"['you', 'for', 'yourself', 'to', 'see', '看得更多', 'a', '坐下來歇會兒', 'rest', 'while', 'may', 'Allow', 'more']"
257,2017-12-06 10:26:36,"帶著知足的心前進，才不會患得患失。
#a#mind#with#cherish#makes#happines",63857,723,"['makes', 'cherish', 'mind', 'with', 'a', 'happines']"
258,2017-12-05 21:41:48,"我的愛好像已經用光了
#No#more#Love#Left",60798,1228,"['Left', 'Love', 'No', 'more']"
259,2017-12-02 13:34:21,"有沒有看見什麼？👀👀👀👀👀👀#what#do#you#see ?
🤗🤗",33182,751,"['what', 'do', 'you', 'see']"
260,2017-12-02 13:06:57,"演員的眼淚充滿各種故事鋒利的碎屑

好像鋼鐵人的心臟，如果不小心胸口的能量源失效了，那些致命的碎屑會不著痕跡的刺向肉做的心臟",49989,597,[]
261,2017-11-26 09:24:35,"#Poti#miss#melt#heart
#好久不見#你好嗎#puppy#cute",65225,990,"['cute', '你好嗎', 'Poti', 'miss', 'melt', '好久不見', 'heart', 'puppy']"
262,2017-11-18 21:08:34,"每天回家都像野孩子⋯⋯
#Like#a#Child#fighting#everyday#at#the#play#ground",97022,1732,"['Child', 'the', 'Like', 'fighting', 'everyday', 'a', 'ground', 'play', 'at']"
263,2017-11-15 17:00:41,#mecedesbenzamg#C63s#Edition1,45712,594,"['C63s', 'mecedesbenzamg', 'Edition1']"
264,2017-11-15 12:20:23,#當你看到亡鎂自拍#when#you#saw#someone#taking#a#selfie,60588,1048,"['you', 'selfie', 'taking', 'a', 'saw', '當你看到亡鎂自拍', 'when', 'someone']"
265,2017-11-10 20:44:52,不要打我#會痛#bleed,86761,1362,"['bleed', '會痛']"
266,2017-11-06 13:49:47,"#instant#healing#poti
謝謝你總是修補我的疲累",57909,817,"['healing', 'poti', 'instant']"
267,2017-10-18 20:29:55,"今天遇到日本的節目『陸海空 地球征服するなんて』來台灣出外景。他們每天會po一次照片在節目的官方IG @chikyu_nishimura 上，依照照片的按讚數來決定隔天主持人的旅費😂希望他們能有個美好的台灣之旅！
（主要是按節目官方IG的讚喔！按我的讚他們也不會算😆） #地球征服 #いいねアース #西村アース #Thankyou #ありがとうございました #頑張って #一人一讚讓台灣之旅更美好 #是去他的IG按讚",85465,1375,"['一人一讚讓台灣之旅更美好', '西村アース', '頑張って', '地球征服', 'Thankyou', '是去他的IG按讚', 'いいねアース', 'ありがとうございました']"
268,2017-09-29 12:21:52,#可拍可不拍#可唱可不唱#可吃可不吃#可惜不可惜#Smile#or#dont#smile#selfie#or#dont#selfie#eat#or#dont#eat#sing#or#dont#sing,77908,1973,"['Smile', '可唱可不唱', 'eat', 'or', '可拍可不拍', 'dont', 'smile', '可惜不可惜', '可吃可不吃', 'sing', 'selfie']"
269,2017-09-25 17:46:03,#冰淇淋天空#ice#cream#sky,46978,688,"['cream', 'ice', '冰淇淋天空', 'sky']"
270,2017-09-22 09:27:36,"#輕輕輕輕#心
#light#heart",78196,1551,"['輕輕輕輕', 'heart', '心', 'light']"
271,2017-08-15 18:57:03,"好久沒拍電梯照～～～～
#elevator#selfie",96491,2477,"['selfie', 'elevator']"
272,2017-07-12 11:20:57,"沒有什麼比這個更有態度了😎😎
#adidasOriginals #NMD_R2",46728,876,"['NMD_R2', 'adidasOriginals']"
273,2017-07-06 21:43:57,"敷面膜#無聊#玩玩
#moisterizing#mask#ING",49305,1045,"['mask', 'ING', '玩玩', 'moisterizing', '無聊']"
274,2017-07-01 22:35:48,"這是「想怎樣」的臉嗎🤣🤣🤣🤣🤣
#face#expression#what#do#you#want",84208,1612,"['you', 'expression', 'want', 'what', 'do', 'face']"
275,2017-06-29 15:36:39,"#hello#its#me
#AAA#Aaron#Addiction",85800,1765,"['hello', 'me', 'its', 'Addiction', 'AAA', 'Aaron']"
276,2017-06-28 15:48:54,留鬍子好了,74166,1523,[]
277,2017-06-05 23:17:26,"@stephencurry30 
Beautiful shooting !",41271,579,[]
278,2017-05-20 18:28:40,"#I#See#you
#Japan#fujisan#basketball",88261,1987,"['basketball', 'you', 'I', 'fujisan', 'See', 'Japan']"
279,2017-05-11 16:09:38,#gym,84815,1080,['gym']
280,2017-04-23 18:38:08,#Hit#the#gym#man,76783,1712,"['Hit', 'gym', 'man', 'the']"
281,2017-04-19 01:08:32,"#night#to#the#world
#每天#戰勝#昨天#的#自己",97486,1710,"['自己', 'the', '戰勝', 'to', 'world', '昨天', '的', 'night', '每天']"
282,2017-04-19 01:04:25,"硬生生來到87萬不能再高了😂😂😂
948794狂😂😂😂😂😂😂",53299,841,[]
283,2017-04-07 21:06:14,"#wow#cute#Aaron Yan
#粗眉毛",84905,1773,"['cute', '粗眉毛', 'wow', 'Aaron']"
284,2017-03-30 19:02:30,#adidas#UltraBOOSTLTD,75300,1069,"['UltraBOOSTLTD', 'adidas']"
285,2017-03-29 01:14:47,"#Hi#Aaronyan#good#night#everyone
#Boy#cute
#晚安#全世界",95056,1875,"['cute', '全世界', 'Aaronyan', 'good', 'Boy', 'Hi', '晚安', 'everyone', 'night']"
286,2017-03-23 19:31:40,"#明明你也很愛我#沒理由愛不到結果
#Love#Me#Like#You#Do",94305,2210,"['Me', '沒理由愛不到結果', 'Do', '明明你也很愛我', 'Like', 'You', 'Love']"
287,2017-03-21 07:22:28,"#morning#earth#早安
#地球",80521,1432,"['morning', '早安', 'earth', '地球']"
288,2017-03-18 16:36:16,#Smile#is#cure#for#everything,82020,1430,"['Smile', 'for', 'is', 'everything', 'cure']"
289,2017-03-11 15:16:41,#art#vampire,64913,1252,"['vampire', 'art']"
290,2017-03-09 19:59:22,"#Gym#everyday
每天那麼拼#值得嗎",70678,1467,"['Gym', '值得嗎', 'everyday']"
291,2017-03-09 01:32:44,"裝什麼可愛～滾🤣🤣🤣🤣🤣
這不是我。This isn't me🤥🤥🤥🤥🤥",69695,2275,[]
292,2017-03-05 11:52:21,"#午安#good#afternoon
準備吃午餐#lunch",71487,1685,"['lunch', 'afternoon', '午安', 'good']"
293,2017-03-01 11:39:39,"#not#cold#at#all
#一點也不#冷",71275,2005,"['冷', 'cold', '一點也不', 'all', 'not', 'at']"
294,2017-02-27 17:38:33,"#hot#boy#boyfriend
#choose#how#to#live#your#life",79922,1501,"['choose', 'life', 'your', 'hot', 'boyfriend', 'live', 'boy', 'to', 'how']"
295,2017-02-23 17:55:41,"#吃飯#約 ？
#Lunch
#Aaronyan
#boy#boyfriend",76405,1720,"['boyfriend', 'Aaronyan', 'boy', '約', 'Lunch', '吃飯']"
296,2017-02-12 17:50:26,"聲音太多會太複雜
#忠於自己
#AcceptYourUp&Downs
#自己的好壞都要接受
走自己的節奏
#FollowTheTempoInside",89355,2403,"['AcceptYourUp', '自己的好壞都要接受', 'FollowTheTempoInside', '忠於自己']"
297,2017-02-10 13:32:16,#Shanghai#Filming#Greatteam,82609,1374,"['Greatteam', 'Shanghai', 'Filming']"
298,2017-01-29 12:58:09,"#GQ

GQ2017二月號雙封面版本
博客來的連結如下
彩色版：http://www.books.com.tw/products/R030064736
黑白版：http://www.books.com.tw/products/R030068531",67959,1376,['GQ']
299,2017-01-21 21:07:40,#Kingsman #iwantfreedom #freemysoul,72787,1937,"['Kingsman', 'iwantfreedom', 'freemysoul']"
