,time,post_caption,likes,comments,tags
0,2019-12-15 18:51:28,"我這樣吃蛋糕淘氣嗎？😝
還有戴上NAUGHTY系列搭配時髦搶眼的黑色Swarovski水晶設計，展現女孩活潑俏皮的個性🖤我就是如此活潑俏皮的小淘氣！

還有人沒去逛的嗎？趕快去
【全球唯一SWAROVSKI聖誕概念店】
時間：即日起至2020年1月2日止
地點：101購物中心一樓Swarovski 水晶軒

#SparkDelight
#SwarovskiTW
@swarovski 
Make up by @clairechengmakeup 
Hair by @u88na 
Photo by @kevinim",6792,65,"['SwarovskiTW', 'SparkDelight']"
1,2019-12-14 22:04:15,💵💵💵😊,9200,73,[]
2,2019-12-14 19:59:02,"😍😍😍心心念念念到出現我尖叫完抱著自己跳了一支舞！❤️
謝謝 @raymondchen0912 @joyayayahola 我愛你們
@nike 
#NikeXSacai",5799,32,['NikeXSacai']
3,2019-12-13 21:40:44,#殺手撿到槍,6017,77,['殺手撿到槍']
4,2019-12-13 20:41:42,"「殺手撿到槍」終於要在台灣上映了！上次沒跟到新馬宣傳一直看不到電影，我終於也可以看到了！回想拍的時候真的每天都笑到瘋，邊演邊憋笑到臉面抽筋，梁導的喜劇幽默真的很強，農曆過年一起進戲院唷🔫💣
#殺手撿到槍
1/23一起987",5392,77,['殺手撿到槍']
5,2019-12-12 22:56:58,晚安喔🤍,8495,91,[]
6,2019-12-12 01:26:07,"我也要變成小星星，保護小青青⭐️
PiPi好棒，真誠動人❤️
#為你存在的每一天 
#戲院看起來
#姚愛寗",8657,37,"['為你存在的每一天', '戲院看起來', '姚愛寗']"
7,2019-12-10 20:59:02,羊 :「看！我筋很軟！妳加油好嗎？」,5964,74,[]
8,2019-12-07 16:26:13,"聖誕要到了，乖小孩才可以拿到聖誕老公公的禮物🎅🏻，我戴上我超愛的羽毛耳環，是Swarovski聖誕的NICE 系列， 所以我是乖小孩！聖誕老公公一定會看到我的😍🤟🏼
想知道自己是不是乖小孩嗎？可以去【全球唯一SWAROVSKI聖誕概念店】測試看看囉🌟⭐️✨
☃️即日起至2020年1月2日止
☃️101購物中心一樓Swarovski 水晶軒

#SparkDelight
#SwarovskiTW
@swarovski",10285,78,"['SwarovskiTW', 'SparkDelight']"
9,2019-12-01 00:36:55,"聽煌奇老師唱歌，裡面有夢想有思念有回憶，唱的我心跟著走，老師唱到哭，我跟著一起哭，哭的一塌糊塗！全方位團員一起玩玩唱唱的對話、歌聲，讓我心滿意足的大笑著，好喜歡！🥰晚安
#跟姐拍到一半突然一個人頭亂入-先生有事直講好不好
#人生劇場放映中",7184,48,"['跟姐拍到一半突然一個人頭亂入', '人生劇場放映中']"
10,2019-11-29 21:46:37,"好開心昨晚在愛奇藝一起看了「墜愛」的片頭及片花，還有創新的互動劇「墜愛完美的他」，好喜歡好興奮好期待，好想趕快分享給你們❤️ ！
👗#justcavalli
Styled by @yuwei5858 
Make up by @clairechengmakeup 
Hair by @hahachung1124",6297,50,['justcavalli']
11,2019-11-29 13:52:35,"I’m your Venus
祝展覽順利

@kaerusensei @meet_project 
#YuNagaba #長場雄  #MEET_PROJECT #MEETYuNagabaGallery #ImYourVenus 
#AllRightsReserved #DDTStore",7850,37,"['YuNagaba', 'MEETYuNagabaGallery', 'DDTStore', '長場雄', 'AllRightsReserved', 'ImYourVenus', 'MEET_PROJECT']"
12,2019-11-28 17:07:48,"Nice and naughty 的羽毛好美喔，聖誕節我要戴滿Nice，好女孩會得到聖誕老公公的禮物吧？🎅❤️
到101全球唯一聖誕概念店，可以測妳是Nice 還是Naughty 的遊戲，還有扭蛋機，節日感很濃厚，快去拍照打卡吧🎄🎄🎄 #swarovskitw
#sparkdelight
@swarovski
Make up by @clairechengmakeup 
Hair by @hahachung1124 
Styled by @yuwei5858",8502,47,"['sparkdelight', 'swarovskitw']"
13,2019-11-28 16:59:50,"Nice and naughty 的羽毛好美喔，聖誕節我要戴滿Nice，好女孩會得到聖誕老公公的禮物吧？🎅❤️
到101全球唯一聖誕概念店，可以測妳是Nice 還是Naughty 的遊戲，還有扭蛋機，節日感很濃厚，快去拍照打卡吧🎄🎄🎄 #101全球唯一聖誕概念店
#swarovskitw
#sparkdelight
@swarovski
Make up by @clairechengmakeup 
Hair by @hahachung1124 
Styled by @yuwei5858 
Photo by @jamiecho",12339,69,"['sparkdelight', '101全球唯一聖誕概念店', 'swarovskitw']"
14,2019-11-22 23:51:26,星期五耶！還剩跑步（哈欠）🥱,11050,83,[]
15,2019-11-16 20:18:31,"謝謝高雄夢時代，昨晚在Las Vegas 的賭盤上唱唱跳跳，遇到一場雪，跟熱情可愛的大家❤️ ！
Wardrobe @clubllondon
Styled by @pipa.creative #PIPAstyling
Make up by @shirleyhsu_makeup 
Hair by @hahachung1124",16400,95,['PIPAstyling']
16,2019-11-15 15:13:23,"🐻快去Max Mara 「Bearing Gifts」Pop Up快閃店和熊熊打卡拍照，Max Mara 將捐出期間部份所得予「兒福聯盟」❤️ 🐻微風信義1F ：10/21(一)~11/20(三)
🐻台南新光三越西門店GF：11/23(六)~12/17(二) 
#maxmarabearinggifts
#maxmara #maxtheteddy #華敦國際",15347,87,"['華敦國際', 'maxmara', 'maxmarabearinggifts', 'maxtheteddy']"
17,2019-11-09 15:30:12,"🦋我是調香師，厲害吧
月下方多米不是混假的😎
#Latrinite 
#董事長跟我同月同日生這緣分
Make up by @alinat_makeup 
Hair by @hahachung1124 
Styled by @yuwei5858 
Photo by @balloontom 
#shopbop",12812,103,"['shopbop', '董事長跟我同月同日生這緣分', 'Latrinite']"
18,2019-11-09 14:52:57,"懂得愛自己的女人最美，需要我為你調什麼療效的精油呢？想要「月老」香水的，請答「要」🙋🏻‍♀️
#Latrinite 
Make up by @alinat_makeup 
Hair by @hahachung1124 
Styled by @yuwei5858 
Photo by @balloontom 
#shopbop",8923,101,"['shopbop', 'Latrinite']"
19,2019-11-08 22:15:48,"我家小羊睡覺都很優雅，頂多偶爾邊睡邊拉筋💁🏼‍♀️ .
.❤️
家裡毛小孩睡的很安穩，但外面有一群流浪動物因為沒有節育而生出了更多事！
請「捐款」幫助 「台灣之心愛護動物協會」的下鄉絕育行動！
@jesslee.ig  @judyctwjc  @cclairekuoo . . 「曬你的毛小孩神睡姿，
幫助流浪動物節育不出事」

捐款連結：https://reurl.cc/b6V8WM 
愛最大慈善光
FB https://fb.com/loveisking888/

#毛小孩醬也能睡
#捐款幫助流浪動物",7376,51,"['毛小孩醬也能睡', '捐款幫助流浪動物']"
20,2019-11-07 18:15:49,出來行光合作用，明天要開始魔鬼了😈,13529,113,[]
21,2019-11-04 19:41:55,來接我！,11435,101,[]
22,2019-11-01 18:13:16,"我姐寫的啦！聽起來！😎👍
#這首只有娃娃能唱了吧
#恐慌症 
@lukangwei",5100,45,"['恐慌症', '這首只有娃娃能唱了吧']"
23,2019-10-31 23:14:58,"給我糖！！！
#tissot #seastar1000
#Nike",11170,119,"['Nike', 'tissot', 'seastar1000']"
24,2019-10-30 18:04:06,"因為Atelier SWAROVSKI MoonSun系列實在太美了，這是以月亮及星星為主題，每一個角度都展現不同的星夜，讓我仿彿置身在美麗的星空底下，好浪漫💕

#SparkDelight
#swarovskitw
@swarovski

@atelierswarovski
#atelierswarovski",8114,56,"['atelierswarovski', 'swarovskitw', 'SparkDelight']"
25,2019-10-30 16:54:51,"「就算不能在一起，我還是會愛著你」
森林王子 傻傻的愛 好可愛
可愛到頻頻逗笑我，可愛到我哭的唏哩嘩啦
喜歡到我到現在都還在回味著 
那種純粹與真誠 也跟海一樣的藍 跟童話故事一樣的美 
看著哥哥幾年前分享的夢實現在銀幕上，譽庭姐那總是直接衝撞心臟的台詞，我也傻傻的愛上了

#你導我就演
#傻傻愛你傻傻愛我
#AFoolInLoveLoveLikeAFool
#壞事的後面是好事",8351,38,"['傻傻愛你傻傻愛我', 'AFoolInLoveLoveLikeAFool', '你導我就演', '壞事的後面是好事']"
26,2019-10-28 20:48:43,我壞吧😏,10408,118,[]
27,2019-10-28 20:10:25,"女巫與貓。
Make up by 小紀
Hair by @hahachung1124 
Styled by Rose",12514,122,[]
28,2019-10-25 20:47:21,✨🖤 #keenancooks,9744,189,['keenancooks']
29,2019-10-24 15:29:44,"要不要跟我一起去曬太陽？啊！是不是約的有點晚？
#全視線 #透明鏡片遇到陽光就變色😎",13815,150,"['透明鏡片遇到陽光就變色', '全視線']"
30,2019-10-23 00:26:25,今天跑了6k，5分速！😎一塊蛋糕的感覺！,11994,75,[]
31,2019-10-20 20:16:54,咩～,7745,84,[]
32,2019-10-18 20:09:48,"Atelier SWAROVSKI MoonSun系列是月亮及星星主題，這神秘靜謐的午夜星空， 每一個角度都讓我深深著迷，仿彿在美麗的星空底下，許下心裡的願望⭐️🖤
#SparkDelight
#swarovskitw
@swarovski 
Make up by @clairechengmakeup 
Hair by @u88na 
Photo by @kevinim",16122,145,"['swarovskitw', 'SparkDelight']"
33,2019-10-15 17:20:40,"10/16為世界糧食日，MICHAEL KORS今年持續推出Watch Hunger Stop慈善活動，繼續致力於對抗全球饑餓問題，即日起，凡售出限量特別款Food is Love T恤，MICHAEL KORS便向世界糧食計畫署捐贈100份營養膳食。
希望大家一起打造零飢餓的世界。
#Michael kors #watch Hunger stop",8432,67,"['Michael', 'watch']"
34,2019-10-14 13:22:14,"是帥哥！

#VogueFNO #TaipeiFashionWeek 
#Gucci 
Make up by @shirleyhsu_makeup 
Hair by @u88na",8110,86,"['VogueFNO', 'TaipeiFashionWeek', 'Gucci']"
35,2019-10-13 22:13:51,"謝謝 @voguetaiwan，讓我看到傑出設計師的精彩作品，好棒的秀！昨晚好多好朋友，太開心了🥳
#VogueFNO #TaipeiFashionWeek #臺北時裝周 #NextGen
#blumarine
#swarovski
#前兩張感謝Kevin路過
Make up by @shirleyhsu_makeup 
Hair by @hahachung1124",8967,65,"['VogueFNO', 'TaipeiFashionWeek', 'blumarine', 'NextGen', '臺北時裝周', '前兩張感謝Kevin路過', 'swarovski']"
36,2019-10-12 21:55:15,"請接好！💋
@voguetaiwan 
#VogueFNO #TaipeiFashionWeek #臺北時裝周 #NextGen
#blumarine
#swarovski",11800,160,"['VogueFNO', 'TaipeiFashionWeek', 'blumarine', 'NextGen', '臺北時裝周', 'swarovski']"
37,2019-10-09 20:07:04,"今天是整天的運動訓練日⋯下午已經哎哎叫了一波！現在要出發前往下一站，待會如果在路上看到我騎腳踏車也不要意外😵😵😵
#izzue #goldengoose",9163,107,"['goldengoose', 'izzue']"
38,2019-10-08 23:07:08,"我在外太空旅行過3天
我知道黑暗深淵裡住著滿臉鼻涕不願擦掉的怪人
秋天午時花在我面前展現曼妙舞姿後還給我錢
星星告訴我 如果我怕黑 它可以不怕熱
可是 那不是我呀",5747,42,[]
39,2019-10-06 21:53:38,再這樣下去 我要剪瀏海囉！,20899,204,[]
40,2019-10-04 23:04:55,"最喜歡上小燕姐的節目了，喜歡那感染力的笑聲，會跟著快樂起來，謝謝可愛的小燕姐總是給予人溫暖❤️
#一人一張小燕姐
#終身成就獎 
#謝謝佼哥發起這個活動",11259,60,"['謝謝佼哥發起這個活動', '終身成就獎', '一人一張小燕姐']"
41,2019-10-03 00:43:57,,9866,169,[]
42,2019-10-02 17:31:41,"塔羅系列也好愛❤️
@swarovski 
Make up by @clairechengmakeup 
Hair by @u88na 
Photo by @kevinim",9522,77,[]
43,2019-10-01 19:09:07,"我跟隨著文字，想像著那情境，感受，淚流不止，有時心太酸了，必需把書先闔起來，平復一下！我們是多麽的害怕失去，害怕心魔，害怕的東西太多太多了，需要勇敢擁抱它，練習平靜的面對它。
藉由這份禮悟，我想…
有天，我也能像蔣哥一樣，終於懂了，永恆的愛
#禮悟",6503,50,['禮悟']
44,2019-09-29 19:28:20,#第十二夜 好歡樂的音樂劇，喜歡旋律，還有真誠的歌聲，以及黃色吊帶襪的驚喜，茱蒂怎麼那麼棒棒呀！❤️,6893,46,['第十二夜']
45,2019-09-28 17:26:31,"10/12 😍期待
#TaipeiFashionWeek #VogueFNO
#ferragamo",8846,68,"['TaipeiFashionWeek', 'VogueFNO', 'ferragamo']"
46,2019-09-25 20:46:34,💛,13516,118,[]
47,2019-09-25 20:35:57,"昨天是澳門小蛋塔💛
Outfit @newgirlorderuk
Boots @shiatzychen
Earrings @hanshsu_official 
Bracelet @thomassabo 
Styled by @pipa.creative #PIPAstyling
Hair by @hahachung1124",9687,88,['PIPAstyling']
48,2019-09-24 20:02:12,"擁抱星星的月亮🌙⭐️
2019秋冬，一直以來著迷於月亮與星星元素的我，特別推薦此系列給熱愛混搭的女孩，藉由不同時尚符號展現獨特女性力量。  #SparkDelight
#swarovskitw 
@swarovski
Make up by @clairechengmakeup 
Hair by @u88na 
Photo by @kevinim",11781,101,"['swarovskitw', 'SparkDelight']"
49,2019-09-23 21:05:24,"仙女正在掛號排隊，發個美照邊治感冒🧚🏻‍♀️
#體表會",23848,174,['體表會']
50,2019-09-22 23:48:17,"謝謝體表會讓我有機會變成仙女，也謝謝大家保護著我還有耐心教導，以後我可以挑戰飛到小巨蛋黃2C區了😂
#體表會
Make up by @clairechengmakeup 
Hair by @hahachung1124 
Photo by @balloontom",18382,184,['體表會']
51,2019-09-22 23:06:22,"Chillaxing 🐢
Outfit tailor made by PIPA 
Booties @charleskeithofficial 
Styled by @pipa.creative #PIPAstyling
Make up by @clairechengmakeup 
Hair by @hahachung1124 
Photo by @balloontom 
#體表會",9349,65,"['體表會', 'PIPAstyling']"
52,2019-09-20 18:42:03,"【浪浪照護計畫】
讓我們一起盡一份力量來幫助更多傷痛浪浪，
獲得更完善、更舒適的環境與照顧

#2019浪浪照護計畫
http://bit.ly/31FGqO0

#浪浪照護計畫
#聯合溫暖浪孩
#衣起守護傷病浪浪",10908,80,"['2019浪浪照護計畫', '浪浪照護計畫', '聯合溫暖浪孩', '衣起守護傷病浪浪']"
53,2019-09-20 03:16:27,此刻，「禮悟」正陪伴著我呢！,5783,33,[]
54,2019-09-18 21:48:50,"生日了
去年許的生日願望是 更懂的享受生活 更自在 感受自己的感受
這365天 似懂非懂 有時候向前跨了幾步 有時候又不小心停了下來
沒關係喔 我還是呼吸順暢 活蹦亂跳的
再慢慢來 我愛的人都在我身邊陪著我走著呢
轉過身來 不管哪個方向 都一定會變成我喜歡的樣子
嘿！我愛妳喔 生日快樂",22087,647,[]
55,2019-09-18 17:41:30,"謝謝天梭錶，讓我在全球第一間概念店戴上海星潛水1000系列全新錶款，也給我一個很大的驚喜，這是我第一個生日蛋糕，好開心🎂❤️
#tissot #seastar1000 #全球首發款
Make up by @clairechengmakeup 
Hair by @sunnyhuanghair 
Styled by @yuwei5858",9732,158,"['tissot', '全球首發款', 'seastar1000']"
56,2019-09-16 11:09:04,"因為店員一句說可以拍到銀河 我就買了 
但我到現在都還沒看過銀河
🧐",13693,129,[]
57,2019-09-13 23:24:55,中秋節快樂，吃好飽喔，嗝！,6898,69,[]
58,2019-09-13 15:56:37,"心路基金會的 #存愛撲滿，不僅能教育存錢觀念，也讓我們知道：「助人是一件很美好的事！」邀請有能力的人一起響應，為智能障礙孩子存下希望、實現夢想❤ ➡立即認捐：bit.ly/心路接力存愛
➡即日起至9/30前認捐，就有機會抽到我的簽名撲滿！",8522,58,['存愛撲滿']
59,2019-09-07 23:16:03,星期六帶我去看星星 🦍,16592,147,[]
60,2019-09-06 00:53:01,"開喜婆婆回來了！😂 ·
下雨也澆不熄我們要跑步的決心！
五個瘋子⋯但我們瘋的感人🤘🏼",13442,116,[]
61,2019-09-04 20:13:29,下雨了！喔！又停了！,11736,114,[]
62,2019-09-01 14:25:01,"我都有乖乖喝喔😊
所以氣色好是很正常的🤘🏼
#白蘭氏活顏馥莓飲",10103,97,['白蘭氏活顏馥莓飲']
63,2019-08-30 17:08:44,"一起愛運動❤️
9/21 #體表會 來看表演
我會變嫦娥 飄在空中 與你相見🌝",7399,72,['體表會']
64,2019-08-29 15:59:55,"Me in rainbow 🌈 
#michaelkors 
#nike
#nikeXsacai",10616,75,"['nikeXsacai', 'michaelkors', 'nike']"
65,2019-08-29 15:52:12,"Me in red 🆎
#michaelkors 
#nike
Hair by @u88na 
Make up by @alinat_makeup",13452,95,"['michaelkors', 'nike']"
66,2019-08-28 00:18:39,"晚安喔！🌹
#victoriajeans #nikeXsacai #michaelkors",11113,77,"['michaelkors', 'nikeXsacai', 'victoriajeans']"
67,2019-08-24 23:20:46,"煌奇老師的「遇見自己」，太狂了！好幾段故事我哭到差點昏倒，用生命寫的歌，最感人！
#遇見自己 #剩下明天了請把握",12415,47,"['遇見自己', '剩下明天了請把握']"
68,2019-08-24 17:52:58,模糊糊的，似乎看不見真實，這樣比較美,6413,40,[]
69,2019-08-23 01:52:57,我們棒棒👍一起跑真的很有未來！,18545,90,[]
70,2019-08-20 18:29:38,"真的很想知道答案
如果不問 我每天都很難熬
我知道問了一定不會有答案
但⋯
⋯
⋯
⋯
⋯
-
-
-
-

我什麼時候可以吃去骨鹽酥雞",14180,143,[]
71,2019-08-18 18:54:06,"70年代的夢中情人，可以嗎？🌸🥰🌸
#好想看殺手不笨喔可是都一直看不到",10425,112,['好想看殺手不笨喔可是都一直看不到']
72,2019-08-16 23:05:54,放開我喔,7618,84,[]
73,2019-08-12 22:31:59,"攝影師靈感一來，網美立刻就定位！！！
📸 @clairechengmakeup",39207,296,[]
74,2019-08-12 18:06:47,「隨波逐流」,11594,64,[]
75,2019-08-12 17:25:40,"AM 5:36
不在照片裡的人，肯定是不行了回屋睡覺了",11210,63,[]
76,2019-08-12 15:45:38,🥰 日出,7457,50,[]
77,2019-08-12 00:30:20,"上次被問到，有沒有計畫出國旅遊，我說無法放很多天假，只能宜蘭兩天一夜了，然後⋯實現了！yay！✌️
#suntory白角喝起來 #桌遊玩起來",8619,41,"['桌遊玩起來', 'suntory白角喝起來']"
78,2019-08-07 08:49:26,早安，情人節這個裝扮出門，有意見嗎？,14686,214,[]
79,2019-08-04 14:42:36,"昨晚是包頭小尖椒🔥
Outfits from @jacquemus @stuartweitzman @joomilim @lesnereidesparis_hongkong 
Style by @pipa.creative #PIPAstyling
Hair by @hahachung1124 
#唱跳人生",11706,67,"['唱跳人生', 'PIPAstyling']"
80,2019-08-03 17:52:43,"湛江小蜜桃🍑哈哈哈哈
💯
Outfit tailor-made by @pipa.creative
Accessories @lesnereidesparis_hongkong
Boots @stuartweitzman
Styled by #PIPAstyling
Hair by @hahachung1124 
#唱跳人生",17448,133,"['唱跳人生', 'PIPAstyling']"
81,2019-08-03 17:32:56,"昨晚是湛江靚女💯
Outfit tailor-made by @pipa.creative
Boots @stuartweitzman
Styled by #PIPAstyling
Hair by @hahachung1124 
#唱跳人生",9574,63,"['唱跳人生', 'PIPAstyling']"
82,2019-08-02 16:41:51,"Yay 雨停了
💕

#全視線 #swarovski  #BeeAQueen #izzue",14075,105,"['BeeAQueen', 'swarovski', '全視線', 'izzue']"
83,2019-07-31 15:04:02,"來個selfie 角度很chillaxing 😎🌞🌼
#全視線 #swarovski",12062,102,"['swarovski', '全視線']"
84,2019-07-30 23:13:17,觸摸不到太陽，只好抓住黑暗。,7987,64,[]
85,2019-07-29 00:18:44,G和弦的根音 撫平脆弱的心靈,12729,212,[]
86,2019-07-27 18:37:11,,12614,154,[]
87,2019-07-26 17:58:56,"自信獨立的大女人，又擁有甜美可愛的小女人，是我！🙋🏻‍♀️💕
#sparkdelight
#SwarovskiTW
#施華洛世奇七夕情人節系列
Outfit @shoprachelzoe @pipa.creative #PIPAstyling
Photo by @kevinim 
Make up by @clairechengmakeup 
Hair by @u88na",13286,124,"['PIPAstyling', 'SwarovskiTW', '施華洛世奇七夕情人節系列', 'sparkdelight']"
88,2019-07-25 17:23:44,"今年冬天 我們月下見🌔
#月下為愛墜落的祂
Outfit @michaelkors 
Make up by @alinat_makeup 
Hair by @demi_chine_ying",10117,53,['月下為愛墜落的祂']
89,2019-07-24 22:18:19,"跟大學同學出遊！台中玩密室✌️
難得的休假，跟你們相處一整天，晚餐飽到快吐了，心情也開心到要吐了，好滿！❤️
#你有念大學嗎",21029,139,['你有念大學嗎']
90,2019-07-23 00:42:26,"胡蘿蔔下班了✌️ #錄好兩首舞曲咯
#PeanutsxTheMarcjacobs #LongchampXnendo",12052,80,"['LongchampXnendo', 'PeanutsxTheMarcjacobs', '錄好兩首舞曲咯']"
91,2019-07-22 17:54:22,"昨天❤️昂吱吱
👗#cavalliclass
Hair by @u88na 
Make up by @clairechengmakeup 
Styled by @yuwei5858",11103,74,['cavalliclass']
92,2019-07-21 18:45:54,"經過鑑定，這個 很可以！！！👍
#JR紀言愷紀律寫真集
#JR紀言愷你好猛",13553,86,"['JR紀言愷紀律寫真集', 'JR紀言愷你好猛']"
93,2019-07-20 17:09:19,"🍸💕今天在新竹跟大家安心住一起，謝謝你們來
#竹科潤隆
Earrings @swarovski 
Hair by @u88na 
Make up by @clairechengmakeup
Stylied by @yuwei5858",16342,120,['竹科潤隆']
94,2019-07-17 15:24:45,"昨天在活動上聽著分享，聽著被救助人因爲 #1919食物銀行 的協助找回人生，再去幫助更需要被幫助的人，非常感動！還有很多家庭是沒錢看醫生，因為下一餐都不知道如何解決，怎麼還有心力解決生活上的難關！希望大家一起動起來！很容易的 ～只要到7-11 ibon上操作，就可以認捐300元，幫助一個家庭渡過將近半個月的生活，暫時不煩惱三餐的溫飽！❤
#1919食物銀行",6439,64,['1919食物銀行']
95,2019-07-15 23:25:29,"人生足別離
一直不喜歡也不習慣離別
但唯有這樣才能刻在心裡
相逢時的喜悅總是倏然消失殆盡
離別時的傷心 殘留綿遠
這倆句話真是太喜歡了
我們相聚
一起爬山
一起觀測星星
一起看海
一起曬太陽
一起躲雨
一起吹著夜晚冷冽的風俯視萬家漁火
在天還沒亮之前
⋯
說著只有我們才聽的懂的玩笑話
只有我們才能通的語言
只要想著還能多一天與你們一塊
清晨起床頂多罵個髒話 就又興高采烈的準備與你們同在
那天一台車擠了13個人 
大家一搭一唱 笑笑鬧鬧的說著垃圾話
我微笑著 很怕失去這一時一刻的感受
在天還沒亮之前 ⋯
接下來 我去把心填滿
等著能與你們再次相遇 
#月下為愛墜落的祂",11378,104,['月下為愛墜落的祂']
96,2019-07-06 17:42:43,"最近很常去海灘 
但不是那樣的海灘 
我想去真正的海灘
Belt - @threadsstyling 
@izzue 
#victoriajeans",14437,104,['victoriajeans']
97,2019-07-02 18:35:45,"🔮☪️
@Swarovski
#SwarovskiTW
#SparkDelight
@apujan
Hair by @u88na 
Make up by @clairechengmakeup",14720,126,"['SwarovskiTW', 'SparkDelight']"
98,2019-07-02 18:28:31,"🌙 @Swarovski
#SwarovskiTW
#SparkDelight
@giuseppezanotti
@apujan
Make up by @clairechengmakeup 
Hair by @u88na",11127,102,"['SwarovskiTW', 'SparkDelight']"
99,2019-06-30 17:39:33,每天都在做夢，不想醒來！,14826,184,[]
100,2019-06-29 23:31:40,"我姐啦😎
#但為何不走紅毯呢
#低調的姐姐
#金曲30
#呂康惟 @lukangwei",8017,40,"['低調的姐姐', '但為何不走紅毯呢', '金曲30', '呂康惟']"
101,2019-06-22 22:34:20,需要療癒自己一下🖤,15635,267,[]
102,2019-06-19 21:05:14,跟我說晚安 我或許會試著早點睡！,28168,363,[]
103,2019-06-17 11:45:47,"🎤
Outfit: @intimissimiofficial @swarovski
Styled by @pipa.creative #PIPAstyling
Hair by @hahachung1124 
Make up by me
#唱跳人生",18707,125,"['唱跳人生', 'PIPAstyling']"
104,2019-06-17 11:43:19,"昨晚變身慈溪辣妹🍎
Outfit: @intimissimiofficial @swarovski
Styled by @pipa.creative #PIPAstyling
Hair by @hahachung1124 
Make up by me
#唱跳人生",13032,66,"['唱跳人生', 'PIPAstyling']"
105,2019-06-17 11:20:23,"🍎
Outfit: @intimissimiofficial @swarovski
Styled by @pipa.creative #PIPAstyling
Hair by @hahachung1124 
Make up by me
#唱跳人生",20694,183,"['唱跳人生', 'PIPAstyling']"
106,2019-06-16 14:37:12,"眼睛好腫好痛😕
#codysanderson #whatevereyewear",12391,115,"['whatevereyewear', 'codysanderson']"
107,2019-06-16 14:32:42,"好久沒有坐飛機了✈️興奮到頭髮都替我歡呼✌️
#nike #victoriajeans",13213,65,"['victoriajeans', 'nike']"
108,2019-06-16 14:06:45,"蔣美月去看郝秋月，還聚了劉奇生！發現，不一樣的故事裡，有著一樣的夢想！這劇又再度感受到那個年代的故事如此的美，又動人！🌕
#小豆好棒歌聲好有畫面 #台灣有個好萊塢",5572,15,"['台灣有個好萊塢', '小豆好棒歌聲好有畫面']"
109,2019-06-14 18:05:51,背面☑️,12431,149,[]
110,2019-06-14 14:52:49,"帶著我～😽
📷 @abookstudio 
Hair by @sunnyhuanghair
Make up by @shirleyhsu_makeup
Styled by @yuwei5858
#竹科潤隆",8542,109,['竹科潤隆']
111,2019-06-13 19:08:03,"跟我回家～🍋
📷 @abookstudio 
Hair by @sunnyhuanghair
Make up by @shirleyhsu_makeup
Styled by @yuwei5858
#竹科潤隆",11206,144,['竹科潤隆']
112,2019-06-11 21:23:43,🌈#BETRUE,11095,78,['BETRUE']
113,2019-06-10 21:51:26,"滴滴答答
你來到我的眼前
跟湖一起玩耍
蒸發後回到天空
會記得這些經歷嗎
我告訴停在樹枝上的紅蜻蜓
不告訴你",7353,61,[]
114,2019-06-09 22:01:02,"怎麼樣～我們很有距離感吧？😎
#super跩",10157,72,['super跩']
115,2019-06-09 15:34:03,今晚 #最佳利益 蕭美娟又會來一下,10165,76,['最佳利益']
116,2019-06-08 19:48:26,請上車！帶你去看房！對！我在賣房子😎,8112,69,[]
117,2019-06-07 17:50:39,"端午節立蛋 pk 🥚
#月下為愛墜落的祂
#今年冬天我們在月下相見",7727,103,"['今年冬天我們在月下相見', '月下為愛墜落的祂']"
118,2019-06-07 13:20:30,"端午節快樂！🌞🚣🏻‍♀️🚣🏼‍♂️🚣🏻‍♀️
吃姑姑包的粽子！❤️
#後面的先生正在炫耀他的項鍊",13326,139,['後面的先生正在炫耀他的項鍊']
119,2019-06-05 21:28:56,💕#全視線,11283,71,['全視線']
120,2019-06-05 21:19:08,"我最愛變色鏡片❤️陽光一照一秒變巨星🤘🏼
#全視線",12666,100,['全視線']
121,2019-06-03 20:54:34,"小綿羊：快去看劇本，不要再拍我了！ 
一
喔⋯",7793,79,[]
122,2019-05-31 22:15:10,"Yeeeeeeeeellow 🍌Rainnnnnnnnnbow🌈
#ootd #izzue #victoriajeans #codysanderson #hogan",18151,134,"['ootd', 'victoriajeans', 'hogan', 'izzue', 'codysanderson']"
123,2019-05-27 20:41:47,"拍完這些照片 攝影師汗流夾背😂
我們謝謝來自信義區的 @xiaodai_dai 
#nike #codysanderson",14099,185,"['codysanderson', 'nike']"
124,2019-05-27 20:09:54,"想你的時候 就哼哼歌
就像我現在唱著歌
希望可以讓風一起帶過去你耳邊
微微的就好
#codysanderson",16565,187,['codysanderson']
125,2019-05-25 18:10:38,"❤️👖 #victoriajeans
Photo by @kevinim 
Make up by @clairechengmakeup 
Hair by @u88na",13161,82,['victoriajeans']
126,2019-05-25 18:08:44,"❤️👖 #victoriajeans
Photo by @kevinim 
Make up by @clairechengmakeup 
Hair by @u88na",12167,74,['victoriajeans']
127,2019-05-25 18:05:19,"👖❤️#victoriajeans
Photo by @kevinim 
Make up by @clairechengmakeup 
Hair by @u88na",14839,87,['victoriajeans']
128,2019-05-25 14:19:28,,4012,12,[]
129,2019-05-21 21:41:12,"環遊的行星
怎麼可以
擁有你⋯
#水星記",13690,258,['水星記']
130,2019-05-20 12:57:35,"下雨天 路上小心 記得帶傘不要淋雨☔️
皮膚亮亮的 因為有人照顧保護著 @eternel_cc 
ㄧ👕 #izzue",17328,138,['izzue']
131,2019-05-19 16:51:34,"今晚9：30 華視「最佳利益」！
蕭美娟來了！晚上見🤘🏼
#最佳利益",16129,131,['最佳利益']
132,2019-05-18 18:52:40,,3230,32,[]
133,2019-05-17 22:10:07,"我失戀了💔
#沒關係我會好好的 #是別人的防空洞了
#izzue #victoriajeans #longchamp #nike",23820,213,"['nike', 'victoriajeans', '沒關係我會好好的', 'longchamp', 'izzue', '是別人的防空洞了']"
134,2019-05-17 16:53:56,"愛 是阻擋不了的強大力量
越阻擋就越大
沒有愛 就像離了水的魚
還好我們現在 可以盡情的悠遊甩尾
不再害怕被漁網捕捉分類隔離
#世界不再恐同日🌈 
#哎呀要多賺點錢包紅包囉",12892,97,"['哎呀要多賺點錢包紅包囉', '世界不再恐同日']"
135,2019-05-14 16:04:49,"🖤 我喜歡黑色，在黑色的保護下，變得強壯！
#longchamp #nike",9774,95,"['longchamp', 'nike']"
136,2019-05-12 12:44:18,"母親節快樂💕
#swarovskitw
#followthesun",8588,79,"['followthesun', 'swarovskitw']"
137,2019-05-11 23:46:38,"剛跟大家NTC Dance一起跳了90分鐘，好過癮，玩的好開心！🥰
#justdoit #nikewomen #管什麼界限
#justdoit女生運動節",17254,162,"['nikewomen', 'justdoit女生運動節', 'justdoit', '管什麼界限']"
138,2019-05-10 11:27:15,,5133,36,[]
139,2019-05-09 00:19:44,"我也要去Carmine St買一把🎸
#製琴師與他的琴人",12292,99,['製琴師與他的琴人']
140,2019-05-08 23:52:07,"😍
#CarmineStreetGuitars",4359,30,['CarmineStreetGuitars']
141,2019-05-08 20:00:48,😍😍😍Thank you @longchamp ❤️,5366,32,[]
142,2019-05-08 12:40:24,"#tb 頭髮還是長的⋯🐣 那時候 剛從紐約流浪回來 又去了一個人的旅行又回來 我好獨立喔
Make up by @shirleyhsu_makeup 
Hair by @u88na",20022,253,['tb']
143,2019-05-03 19:01:32,"那個 葡萄boy 我們剛認識你就跳到我身上 這樣對嗎😜
#可愛的朋友來探班",16383,171,['可愛的朋友來探班']
144,2019-05-01 23:02:07,"Yay !不用還錢了✌️ （誤）
#你有念大學嗎 #陽子浩 #常可艾
新秘- @hahachung1124 (又誤）",29169,256,"['陽子浩', '常可艾', '你有念大學嗎']"
145,2019-05-01 21:35:27,"我們❤️
#你有念大學嗎",25866,145,['你有念大學嗎']
146,2019-05-01 21:29:07,"我們的高中❤️
#你有念大學嗎",28455,179,['你有念大學嗎']
147,2019-05-01 09:17:59,"早安 黏土導演🌞
#你有念大學嗎 #常可艾",18873,125,"['常可艾', '你有念大學嗎']"
148,2019-04-28 19:27:41,"難分難捨的最終回，陪我們一起畢業🎓
#今晚十點 #你有念大學嗎 #陽子浩 #常可艾",32175,286,"['陽子浩', '今晚十點', '常可艾', '你有念大學嗎']"
149,2019-04-28 10:00:36,"❤️🌞
陽紙浩你看 
常可艾妳看
#你有念大學嗎 #陽子浩 #常可艾",29346,238,"['陽子浩', '常可艾', '你有念大學嗎']"
150,2019-04-28 00:26:52,"我的小太陽🌞
#陽子浩 #swarovski",18965,176,"['陽子浩', 'swarovski']"
151,2019-04-28 00:18:42,"都殺青了 才照 🐣
#你有念大學嗎",21304,151,['你有念大學嗎']
152,2019-04-27 23:18:39,"這將近五個半月的日子，因為有你們的陪伴與支持，才如此華麗 ❤️小寂寞與大寂寞在見到你們的那刻瞬間溶解了！你們的力量 不可思議⋯謝謝你們
#你有念大學嗎",15850,193,['你有念大學嗎']
153,2019-04-27 10:28:24,各位觀眾！我！可！以！去！了！🐒,23031,281,[]
154,2019-04-26 22:06:07,"明天的畢業典禮，因工作的關係，經過了最大的努力，還是不能參加，😭😭😭心在淌血，不能見到想念的人，也不能見到想念我的你們，真想聽到什麼你們的聲音，觸摸到你們的心，希望明天我耳朵會很癢
#你有念大學嗎 #常可艾",20266,306,"['常可艾', '你有念大學嗎']"
155,2019-04-24 16:16:21,深不可測的無邊黑色世界，那裡會有著什麼預備著呢 ？我要走進去了-,6717,62,[]
156,2019-04-23 01:19:21,風一吹 又把我帶到另一個地方  那裡是個模糊 虛無飄渺像漩渦般的地方 好像看清楚了 又不清楚似的 我在哪裡 我應該去哪裡 這一切都不屬於我的⋯,8597,121,[]
157,2019-04-22 13:34:27,我是一隻🐒 唧唧唧,19665,156,[]
158,2019-04-21 18:23:32,"其實NG還是很浪漫⋯
#你有念大學嗎 #陽子浩 #常可艾 #晚上15集",12272,137,"['陽子浩', '常可艾', '你有念大學嗎', '晚上15集']"
159,2019-04-21 14:21:48,"我想妳了❤️
#你有念大學嗎 #晚上15集",15221,136,"['你有念大學嗎', '晚上15集']"
160,2019-04-19 21:55:11,"我很聰明！！！
#你有念大學嗎 #常可艾 #我那是癡情",9472,93,"['常可艾', '你有念大學嗎', '我那是癡情']"
161,2019-04-18 19:37:27,"那天的畢業典禮❤️還是會想念⋯
#你有念大學嗎",22320,208,['你有念大學嗎']
162,2019-04-16 23:16:52,"畢業典禮最後一撩❤️
後面有驚喜🥰
#你有念大學嗎 #陽子浩 #常可艾 #可愛導演可愛的攝影師",18995,256,"['可愛導演可愛的攝影師', '陽子浩', '常可艾', '你有念大學嗎']"
163,2019-04-14 20:57:45,"我們是夾心餅乾！❤️
#你有念大學嗎 #今晚十四集唷 #快結束了一定要陪我們一起畢業
#陽子浩 #常可艾 #",19593,144,"['陽子浩', '快結束了一定要陪我們一起畢業', '你有念大學嗎', '今晚十四集唷', '常可艾']"
164,2019-04-11 01:34:02,"我會不會是廚神！🥚
#可以開蛋餐廳只賣蛋",16034,146,['可以開蛋餐廳只賣蛋']
165,2019-04-09 17:37:27,"最美律師上戲冷血 下戲很暖的躺在最美嫌疑犯身上❤️怎麼能不愛上她呢
#最佳利益 #5月5號 #不要輕易相信當事人說的話",15408,105,"['最佳利益', '5月5號', '不要輕易相信當事人說的話']"
166,2019-04-08 00:58:14,"我們去睡覺囉 大家晚安😘
#你有念大學嗎 
#陽子浩 #常可艾",16599,125,"['陽子浩', '常可艾', '你有念大學嗎']"
167,2019-04-07 16:55:47,"倒數了，還沒準備好說再見⋯
#你有念大學嗎 #常可艾 #晚上10點13集",17406,230,"['常可艾', '你有念大學嗎', '晚上10點13集']"
168,2019-04-07 13:50:09,"Thank you @jomalonelondon 💐
#BrilliantBlossoms",8162,33,['BrilliantBlossoms']
169,2019-04-04 21:57:26,要打烊了～只好收收劇本，回家繼續吧！💪💪💪,16930,131,[]
170,2019-04-03 23:43:11,累得很滿足💪,20858,183,[]
171,2019-04-02 10:20:00,"冬天就要過去，夏天還會遠嗎
#常可艾",19778,152,['常可艾']
172,2019-03-31 18:24:03,"今晚我們和好，好嗎😗
#你有念大學嗎 #陽子浩 #常可艾 #晚上10點第12集",24765,235,"['陽子浩', '晚上10點第12集', '常可艾', '你有念大學嗎']"
173,2019-03-29 16:21:21,"以為可以很瀟灑
#nike",23222,202,['nike']
174,2019-03-26 22:10:59,有個可以說晚安的人真好,14862,148,[]
175,2019-03-26 21:24:44,"有個也喜歡去咖啡廳看書的朋友真好
#同學考試加油",13851,138,['同學考試加油']
176,2019-03-24 22:06:21,"快戴墨鏡打開電視！😎
#你有念大學嗎",17458,178,['你有念大學嗎']
177,2019-03-24 20:57:54,"閨蜜：妳等下要幹嘛
我：要看你有念大學嗎呀
#你有念大學嗎 #閨蜜穿綠色衣服招財",14542,104,"['閨蜜穿綠色衣服招財', '你有念大學嗎']"
178,2019-03-22 20:01:59,"不是說好要咬嘴唇🤷🏼‍♀️
#你有念大學嗎 #陽子浩 #常可艾 #李健",18435,121,"['陽子浩', '常可艾', '你有念大學嗎', '李健']"
179,2019-03-20 00:38:05,"天天都有🐔湯可以喝
喝完體力倍增
我 補的不是湯
是愛",10821,92,[]
180,2019-03-18 22:05:19,"一塊小蛋糕🍰
#你有念大學嗎 #常可艾",7629,68,"['常可艾', '你有念大學嗎']"
181,2019-03-18 21:47:55,"使命必達😎
#你有念大學嗎 #常可艾",7108,55,"['常可艾', '你有念大學嗎']"
182,2019-03-17 22:23:00,"等等會甜甜的！快開電視了，寶貝！🥰
#你有念大學嗎",10598,123,['你有念大學嗎']
183,2019-03-17 17:10:10,"晚上10點見💕
#你有念大學嗎 #常可艾",21142,204,"['常可艾', '你有念大學嗎']"
184,2019-03-16 22:12:26,"今天是粉紅豹🐆💕
Top @hellessy @lanecrawford 
Earring @swarovski
Ring @atelierswarovski
Booties @stuartweitzman 
Styled by @pipa.creative #PIPAstyling
Make up by @clairechengmakeup 
Hair by @u88na 
#唱跳人生",13238,127,"['唱跳人生', 'PIPAstyling']"
185,2019-03-16 22:07:16,"謝謝高雄，好像在走廚房！😘❤️我肚子餓了
Top @hellessy @lanecrawford 
Earring @swarovski
Ring @atelierswarovski
Booties @stuartweitzman 
Styled by @pipa.creative #PIPAstyling
Make up by @clairechengmakeup 
Hair by @u88na 
#唱跳人生",14523,132,"['唱跳人生', 'PIPAstyling']"
186,2019-03-14 19:09:25,"我喜歡唸書 我最喜歡唸書了 👩🏿‍🎓
#你有念大學嗎 #常可艾",14321,136,"['常可艾', '你有念大學嗎']"
187,2019-03-14 16:24:49,"白色情人節快樂❤️
#你有念大學嗎
#陽子浩 #常可艾",22117,151,"['陽子浩', '常可艾', '你有念大學嗎']"
188,2019-03-12 14:57:04,"開鏡！🦋
#月下為愛墜落的祂",15276,157,['月下為愛墜落的祂']
189,2019-03-11 23:35:53,"從以前到現在，關於籃球這件事， 選我當隊友的人，後來都會認爲我是個🐷隊友。
這次剛好要挑戰一個自己從未想過的運動目標，「不可能」是我最愛挑戰跟征服的，所以我選擇最不被看好離我最遠的！也想看看自己能有多帥，沒做，就看不到自己帥的樣子！
我的目標挑戰「左右手上籃進球」🏀
#Justdoit

3/15開始連續21天，
我會在IG限時動態上分享我的運動日常🏀
可一起加入我，用21天完成你從未想過的運動目標，留言讓我知道你們的目標是什麼
做就對了👊想一起三打三也行🏀傳送門⬇️
http://www.nike.com.tw/justdoit",12882,123,['Justdoit']
190,2019-03-11 13:05:53,"最遙遠的距離就是我在你面前 手機卻比較重要🙁
#你有念大學嗎",18281,155,['你有念大學嗎']
191,2019-03-10 16:32:56,"今晚告白，晚上10點❤️
#你有念大學嗎 #第九集了",16361,154,"['你有念大學嗎', '第九集了']"
192,2019-03-09 19:02:06,"跑就好了，跑就對了，跑就沒事了！
✔️ @nike #nike #亞拉松
Styled by @melinachen 
Make up by @clairechengmakeup 
Hair by @ethanyao_",8867,49,"['亞拉松', 'nike']"
193,2019-03-09 18:58:36,"跑就好了，跑就對了，跑就沒事了！
✔️ @nike #nike #亞拉松
Styled by @melinachen 
Make up by @clairechengmakeup 
Hair by @ethanyao_",7968,35,"['亞拉松', 'nike']"
194,2019-03-09 18:54:42,"跑就好了，跑就對了，跑就沒事了！
✔️ @nike  #nike #亞拉松
Styled by @melinachen 
Make up by @clairechengmakeup 
Hair by @ethanyao_",8472,53,"['亞拉松', 'nike']"
195,2019-03-09 13:18:55,"運動讓我勇敢面對真實的自己 ✔️
#elle #nike @elletaiwan @nike
Make up by @clairechengmakeup 
Hair by @ethanyao_",10105,78,"['elle', 'nike']"
196,2019-03-08 22:17:29,你說藍色是你最愛的顏色💧,26487,319,[]
197,2019-03-08 21:42:53,"昨天跟總經理出差，可以直接去香港嗎😍✈️
👗#cavalliclass 💍#apmmonaco
Styled by @yuwei5858 
Make up by @alinat_makeup 
Hair by @hahachung1124
#香港國際影視展
#你有念大學嗎",14988,98,"['香港國際影視展', '你有念大學嗎', 'apmmonaco', 'cavalliclass']"
198,2019-03-08 00:05:09,"🎈晚安囉 
#nikeacg #victoriajeans #marcjacobs #ootd",10653,95,"['victoriajeans', 'marcjacobs', 'ootd', 'nikeacg']"
199,2019-03-07 23:53:59,"今天色彩繽紛💕
#nikeacg #victoriajeans #marcjacobs #ootd",9420,60,"['victoriajeans', 'marcjacobs', 'ootd', 'nikeacg']"
200,2019-03-05 12:57:31,時間再慢一些 讓我在你身邊久一點,7465,90,[]
201,2019-03-04 20:44:03,今日收工✌️常可艾下班咯,14646,145,[]
202,2019-03-04 15:08:45,"沒感覺？好吧！🤷🏼‍♀️
#你有念大學嗎",7466,55,['你有念大學嗎']
203,2019-03-04 10:17:33,"Yay遊啊遊👻
#你有念大學嗎",10348,62,['你有念大學嗎']
204,2019-03-03 19:58:18,"打🎾嗎？
今晚10點！
#你有念大學嗎 第8集",16091,148,['你有念大學嗎']
205,2019-03-02 21:49:32,"想做的就去做，別再拖了⋯
#nike #nikeacg #aj",16157,143,"['nikeacg', 'aj', 'nike']"
206,2019-02-27 22:22:14,"林一下🐒
#巨峰葡萄口味角嗨",12403,118,['巨峰葡萄口味角嗨']
207,2019-02-27 00:04:18,"往光亮的地方跑好有動力，抬頭看還有好幾顆星星，吹著風，好浪漫喔！🦋
#加入NRCapp一起跑",16615,124,['加入NRCapp一起跑']
208,2019-02-26 17:42:14,"跳樓的蓮霧😂
#你有念大學嗎",14755,259,['你有念大學嗎']
209,2019-02-25 23:28:08,"大家都好可愛喔 😂怎麼辦！好喜歡😍！
#你有念大學嗎 #冠軍之吻",11939,112,"['你有念大學嗎', '冠軍之吻']"
210,2019-02-25 00:03:25,"白雪公主🕛時間到了
晚安 ❤️ 浩艾
#你有念大學嗎",14054,118,['你有念大學嗎']
211,2019-02-24 23:12:49,"👸🏻💋
#你有念大學嗎",23080,223,['你有念大學嗎']
212,2019-02-24 16:19:05,"今晚10點白馬王子跟白雪公主⋯🤴🏻💋👸🏻
#你有念大學嗎",26998,233,['你有念大學嗎']
213,2019-02-22 18:06:15,"💋週五耶
#tb #throwback",14470,149,"['throwback', 'tb']"
214,2019-02-22 14:48:32,"🐷我畫的好可愛喔！跟常可艾一樣可愛🐷
#豬年燈展 #公益義賣",13951,109,"['豬年燈展', '公益義賣']"
215,2019-02-21 21:47:26,"謝謝您！歡迎再度光臨華麗百貨！晚安囉～🌛
#你有念大學嗎 #可愛櫃姐們 #星期天見",11042,79,"['星期天見', '你有念大學嗎', '可愛櫃姐們']"
216,2019-02-19 21:03:52,"元宵節快樂🏮湯圓呢？湯圓！

#OceanStar #MidoWatches",10715,138,"['OceanStar', 'MidoWatches']"
217,2019-02-18 22:49:05,"春酒笑的好開心，藉這個機會可以跟常常照顧我的貴人們一起嘻嘻哈哈一起玩，覺得大家都好可愛！百鴻揚豬年會很旺喔！🧧🎉
#謝謝大家照顧
#我是簡訊王
#不要跟我玩遊戲你會怕",8617,37,"['我是簡訊王', '不要跟我玩遊戲你會怕', '謝謝大家照顧']"
218,2019-02-18 18:15:51,"小時候我可以一天不吃零食，
但是不可以一天不看電視！
透過大螢幕看電視人的幕後心酸，讓我想到在大黨的時光，同樣身為電視人一份子的我笑著笑著就不自覺的哭了！
再看他們用盡力氣帶給大家歡樂
哭著哭著我又放聲大笑了！

就算有多辛苦
只要想著心中最美好的那個價值
多苦都是樂啊！

#笑到並軌又哭到瘋掉
#瘋狂電視台真的很瘋狂
#演員都好強好用心
#明禎好可愛喔
#快去看絕對值得",4775,38,"['笑到並軌又哭到瘋掉', '演員都好強好用心', '快去看絕對值得', '瘋狂電視台真的很瘋狂', '明禎好可愛喔']"
219,2019-02-18 00:07:19,"第六集看完了，也來祝超級可愛的蒨蒨導演生日快樂🎂每天都超期待走戲時導演的金句，笑死了😂😂😂
#你有念大學嗎",9842,62,['你有念大學嗎']
220,2019-02-17 20:14:55,"幼稚！！！
晚上10點台視第六集見
#丟蜘蛛消滅蜘蛛 #你有念大學嗎",8176,142,"['丟蜘蛛消滅蜘蛛', '你有念大學嗎']"
221,2019-02-16 21:51:48,"#唱跳人生 🧨
Outfit tailor made by @pipa.creative
Styled by #PIPAstyling
Hair by @hahachung1124 
Make up by @clairechengmakeup",6566,37,"['唱跳人生', 'PIPAstyling']"
222,2019-02-16 21:44:34,"#唱跳人生 🧧
Outfit tailor made by @pipa.creative
Styled by #PIPAstyling
Hair by @hahachung1124 
Make up by @clairechengmakeup",8412,70,"['唱跳人生', 'PIPAstyling']"
223,2019-02-14 15:57:48,情人節快樂💩,15733,180,[]
224,2019-02-13 18:29:47,"🀄️
@juksy_mag 
#juksy #hcn 
Photo by @kevinim 
Make up by @clairechengmakeup 
Hair by @u88na",16560,112,"['juksy', 'hcn']"
225,2019-02-13 18:29:03,"各位觀眾！四張💚🌸！
@juksy_mag 
#juksy #hcn 
Photo by @kevinim 
Make up by @clairechengmakeup 
Hair by @u88na",10827,61,"['juksy', 'hcn']"
226,2019-02-13 18:27:46,"💚🌸
@juksy_mag 
#juksy #hcn 
Photo by @kevinim 
Make up by @clairechengmakeup 
Hair by @u88na",7782,37,"['juksy', 'hcn']"
227,2019-02-13 18:27:01,"@juksy_mag 🧧 🧨🏮
#juksy #hcn 
Photo by @kevinim 
Make up by @clairechengmakeup 
Hair by @u88na",5802,26,"['juksy', 'hcn']"
228,2019-02-13 18:09:29,"@juksy_mag 🧧 🧨🏮
#juksy #hcn 
Photo by @kevinim 
Make up by @clairechengmakeup 
Hair by @u88na",6844,43,"['juksy', 'hcn']"
229,2019-02-11 18:16:04,"我是專業的Model😎
🔫🤨💣
#Talia  #粉紅寶貝 #killernotstupid #真的很好笑的動作喜劇電影 #梁志強導演 #新馬的朋友快看起來",9094,91,"['粉紅寶貝', '真的很好笑的動作喜劇電影', 'Talia', 'killernotstupid', '新馬的朋友快看起來', '梁志強導演']"
230,2019-02-10 20:31:16,"等等晚上10點見！✌️🌝✌️
#10點打開台視 #你有念大學嗎 #常可艾",13000,160,"['常可艾', '你有念大學嗎', '10點打開台視']"
231,2019-02-10 13:51:27,"昨天是高雄粉紅美人魚🧜🏻‍♀️❤️
Outfit tailor made by @pipa.creative
Boots @stuartweitzman 
Styled by #PIPAstyling
Make up by @alinat_makeup 
Hair by @ethanyao_ 
#唱跳人生",11585,117,"['唱跳人生', 'PIPAstyling']"
232,2019-02-09 23:01:18,謝謝高雄的朋友 常可艾要回台北上班了😘❤️,21998,209,[]
233,2019-02-09 00:16:37,"晚安 我明天要開學了🧐

晚上高雄燈會喔",11628,101,[]
234,2019-02-08 21:57:44,跟我的寶貝們走春玩耍❤️,8980,42,[]
235,2019-02-08 21:10:13,我紅🐆了,16228,125,[]
236,2019-02-08 15:13:02,初四 以這個姿勢迎財神！恭喜發財🧧,18685,126,[]
237,2019-02-07 19:26:12,"再不看「#殺手不笨」我要開槍囉！給我怕一下喔🔫
新馬的朋友 吃完飯沒事就去看喔！🔫🤨💣
#Talia  #粉紅寶貝 #killernotstupid #真的很好笑的動作喜劇電影 #梁志強導演 #新馬的朋友快看起來",9935,75,"['粉紅寶貝', '殺手不笨', '梁志強導演', 'Talia', 'killernotstupid', '新馬的朋友快看起來', '真的很好笑的動作喜劇電影']"
238,2019-02-06 16:17:58,"你們看了嗎？「#殺手不笨」🔫
#Talia  #粉紅寶貝 #killernotstupid #真的很好笑的動作喜劇電影 #梁志強導演 #新馬的朋友快看起來",8948,80,"['粉紅寶貝', '殺手不笨', '梁志強導演', 'Talia', 'killernotstupid', '新馬的朋友快看起來', '真的很好笑的動作喜劇電影']"
239,2019-02-06 02:13:28,我的寶貝們❤️過年團圓囉🐷🀄️,8030,42,[]
240,2019-02-05 16:30:38,"「殺手不笨」今！天！上！映！🔫🔫🔫新馬的朋友今天大年初一就是最適合去電影院笑到翻過去，今年就旺翻了啊！🎉🐷🤪🧧
#殺手不笨 #killernotstupid #真的很好笑的動作喜劇電影 #梁志強導演",7294,42,"['killernotstupid', '梁志強導演', '真的很好笑的動作喜劇電影', '殺手不笨']"
241,2019-02-04 20:55:17,"年夜飯
吃好撐 
媽媽說2019有9道菜長長久久🐷
#我家小綿羊也很想吃",9209,85,['我家小綿羊也很想吃']
242,2019-02-04 16:31:31,"謝謝大家的愛跟照顧🙇🏻‍♀️
豬年也要繼續愛我疼我唷❤️🐷
閃亮亮的豬大家
豬年「旺」旺叫 🧧
天天幸福 平安 健康 Chillaxing 
#書法校隊 #明年開放春聯代寫  #殺手不笨明天新馬上映新馬的朋友快去看",12754,151,"['明年開放春聯代寫', '殺手不笨明天新馬上映新馬的朋友快去看', '書法校隊']"
243,2019-02-03 19:48:58,"還好拍糊了😂⋯想看高畫質版的 新馬的朋友 大年初一到電影院看🔫
#殺手不笨 #killernotstupid #2月5日新馬上映 #超好笑動作片",6283,46,"['killernotstupid', '超好笑動作片', '2月5日新馬上映', '殺手不笨']"
244,2019-02-02 22:58:13,"#唱跳人生 🥕跳跳跳
Top @missselfridge 
Faux fur outer @gorgorofficial
Accessories @apmmonaco
Styled by @pipa.creative #PIPAstyling
Make up by @alinat_makeup 
Hair by @u88na",14687,98,"['唱跳人生', 'PIPAstyling']"
245,2019-02-01 19:22:28,"誰說殺手不能全身粉紅色？喔？我不是殺手喔?～好吧🤪
#殺手不笨 #2月5日新馬上映 #killernotstupid #真的很好笑的動作喜劇電影 #梁志強導演 #新馬的朋友大年初一衝電影院看殺手不笨喔",9598,72,"['真的很好笑的動作喜劇電影', '殺手不笨', '2月5日新馬上映', '新馬的朋友大年初一衝電影院看殺手不笨喔', 'killernotstupid', '梁志強導演']"
246,2019-01-31 21:29:00,#美洲豹正在襲擊一匹馬 #俄羅斯普希金博物館特展,15689,84,"['美洲豹正在襲擊一匹馬', '俄羅斯普希金博物館特展']"
247,2019-01-31 21:26:43,🐷🐷🐷,21349,136,[]
248,2019-01-31 21:25:34,🐷#moschino #nike #AirMax98CNY #airmax #bluebelltw #victoriajeans,13257,65,"['victoriajeans', 'moschino', 'AirMax98CNY', 'airmax', 'bluebelltw', 'nike']"
249,2019-01-31 21:21:26,"不準笑系列🤷🏼‍♀️
🐷#moschino #nike #AirMax98CNY #airmax #bluebelltw #victoriajeans",20339,107,"['victoriajeans', 'moschino', 'AirMax98CNY', 'airmax', 'bluebelltw', 'nike']"
250,2019-01-30 16:51:31,"「殺手不笨」2/5大年初一新馬上映！🙆🏼這是跟我很喜歡的喜劇王梁志強導演合作，我不是殺手，但有殺手保護，一起逃亡的過程笑到下巴歪掉是我很珍貴的回憶，我愛我們五個！
#殺手不笨 #killernotstupid #預告去youtobe看嘛 #2月5日上映",7890,40,"['killernotstupid', '2月5日上映', '預告去youtobe看嘛', '殺手不笨']"
251,2019-01-28 00:02:04,"你們有看第四集嗎？華麗百貨可艾櫃姐們謝謝大家收看❤️
#你有念大學嗎 #華麗百貨櫃姐 #茵茵店長去待產了",14980,133,"['華麗百貨櫃姐', '你有念大學嗎', '茵茵店長去待產了']"
252,2019-01-27 17:49:25,"穿情侶裝，就是要假裝一下好像很情侶🤷🏼‍♀️
浩艾CP今晚十點 #你有念大學嗎 唷❤️",13883,76,['你有念大學嗎']
253,2019-01-27 15:35:08,"✌️😎✌️Thx @nike 
#AirMax #AirMax720 #NikeSportswear",5354,35,"['AirMax', 'NikeSportswear', 'AirMax720']"
254,2019-01-26 10:34:08,"我很會唸書 真的很會唸  書！👩🏻‍🎓
#你有念大學嗎",12452,88,['你有念大學嗎']
255,2019-01-23 23:00:47,"通心粉視角🌹❤️
#你有念大學嗎 #常可艾",11995,91,"['常可艾', '你有念大學嗎']"
256,2019-01-23 22:32:19,"謝謝大學粉們來找我們玩，謝謝你們喜歡看我們！未來我們再繼續吃垮陽副總喔！✌️😋✌️
#你有念大學嗎",12786,57,['你有念大學嗎']
257,2019-01-23 11:09:55,"大家都在新馬宣傳「殺手不笨」🔫，我也好想去，想念大家，但我拍戲飛不了！🥺
新馬的朋友，大年初一 請多多支持2019超強賀歲喜劇片「殺手不笨」！👍👍聽說很好笑，我也好想看😍台灣的朋友上映時間還不確定唷！
#殺手不笨 #2月5日新馬上映",7098,59,"['2月5日新馬上映', '殺手不笨']"
258,2019-01-22 20:52:47,"拍到歪腰腰〰️〰️
#izzue #Victoriajeans #nike #airmaxdia #airmax",8605,53,"['Victoriajeans', 'airmax', 'airmaxdia', 'izzue', 'nike']"
259,2019-01-22 09:52:04,"早😵
晚上7點 @juksy_mag FB有直播
@whatever_eyewear @izzuetwofficial",7559,58,[]
260,2019-01-20 15:36:37,"今晚10點第三集有龍哥，終於跟龍哥對到戲了，開心🥳
#阿嬤的夢中情人對不到 #年輕蔣美月與劉奇生的相遇 #你有念大學嗎 #晚上十點台視",17387,83,"['年輕蔣美月與劉奇生的相遇', '你有念大學嗎', '阿嬤的夢中情人對不到', '晚上十點台視']"
261,2019-01-19 14:36:50,"#常可艾 泡麵頭 〰️〰️✖️
#你有念大學嗎",8231,66,"['你有念大學嗎', '常可艾']"
262,2019-01-19 02:51:03,滿洲里的大象⋯,4496,29,[]
263,2019-01-17 20:59:59,"#唱跳人生 💋🐢
Top @theraggedpriest @betsyjohnson_
Dress @topshop_hk
Styled by @pipa.creative #PIPAstyling
Make up by @clairechengmakeup 
Hair by @u88na 
Photo by @hahachung1124",9806,73,"['唱跳人生', 'PIPAstyling']"
264,2019-01-16 17:46:54,"#唱跳人生 🐢
Top @topshop
Skirt @michaelkors 
Ring @apmmonaco
Styled by @pipa.creative #PIPAstyling
Make up by @clairechengmakeup 
Hair by @u88na",5468,38,"['唱跳人生', 'PIPAstyling']"
265,2019-01-16 17:38:35,"#唱跳人生 🐢
Jacket & Skirt @michaelkors 
Top @topshop
Ring @apmmonaco
Styled by @pipa.creative #PIPAstyling
Make up by @clairechengmakeup 
Hair by @u88na",5445,31,"['唱跳人生', 'PIPAstyling']"
266,2019-01-15 15:54:06,"#Chillaxing 🐢
@Blumarine
#Blumarine
Earrings @hanshsu_official 
Make up by @clairechengmakeup 
Hair by @sunnyhuanghair",29431,224,"['Chillaxing', 'Blumarine']"
267,2019-01-14 19:22:46,"各種裝死 非常#chillaxing 🤤🤤🤤
MV看了沒呀❤️
#chillaxing輕樂心",14440,109,"['chillaxing', 'chillaxing輕樂心']"
268,2019-01-13 23:51:01,"#你有念大學 有看嗎？😬
明天中午十二點#chillaxing MV首播喔
讓大家blue Monday 不會blue🥴
#chillaxing輕樂心",11884,111,"['你有念大學', 'chillaxing', 'chillaxing輕樂心']"
269,2019-01-13 19:44:47,"有人幫我扛債，
所以必須幫他擋風🤷🏼‍♀️🥴
今晚10點台視#你有念大學嗎 第二集
#明天中午十二點ChillaxingMv首播",20816,83,"['你有念大學嗎', '明天中午十二點ChillaxingMv首播']"
270,2019-01-13 10:01:57,"「ㄆㄧㄚ」
一大早天外飛來一擊，醒腦吧！🤣
今晚十點台視「你有念大學嗎」
#你有念大學嗎 @hungbruce
#明天14號中午12點ChillaxingMv首播",23817,142,"['明天14號中午12點ChillaxingMv首播', '你有念大學嗎']"
271,2019-01-11 23:39:51,"週五晚上當然要去聽chillaxing 嗨一下啊！🥴
@calvinklein @nike 
#calvinklein #nike",10097,58,"['calvinklein', 'nike']"
272,2019-01-11 12:53:41,"上了啊🥴
#chillaxing #chillaxing輕樂心 #你有念大學嗎 #各大數位音樂平台",6241,82,"['各大數位音樂平台', '你有念大學嗎', 'chillaxing', 'chillaxing輕樂心']"
273,2019-01-11 12:01:01,👒#fendi @fendi,9860,69,['fendi']
274,2019-01-08 15:26:23,"跟三原一起合作的影片，真的很好玩，那天笑到我下巴差點歪掉，真的很Chillaxing ！快去看影片唷🤣🤣🤣
@sanyuan_japan #chillaxing",9388,44,['chillaxing']
275,2019-01-07 00:17:42,"資優生不好惹😏
#你有念大學嗎 #常可艾",10844,86,"['常可艾', '你有念大學嗎']"
276,2019-01-07 00:13:26,"看完了！再等一個禮拜🥴
#你有念大學嗎",14788,84,['你有念大學嗎']
277,2019-01-06 19:37:32,"今晚十點台視 #你有念大學嗎 
要看啦！
我們演員在三立華劇粉絲頁陪大家一起看！",12393,84,['你有念大學嗎']
278,2019-01-06 01:19:27,"我的家人們❤️
#悶鍋出任務
#全民最大黨",22246,66,"['悶鍋出任務', '全民最大黨']"
279,2019-01-06 00:56:55,"回家真好，又像個幸福的女孩被疼愛著的感覺，好愛大家，很開心可以相聚在一起，希望下次再聚的時候可以再久一點，然後不要隔那麼久！
#悶鍋出任務",9527,32,['悶鍋出任務']
280,2019-01-04 22:48:43,"😂😂😂😂😂😂左邊的超厭世
#你有念大學嗎",32125,341,['你有念大學嗎']
281,2019-01-04 19:29:11,"1/6 晚上10點 #你有念大學嗎 🕶🥴
👗@minoshin.boutique
Make up by @shirleyhsu_makeup 
Hair by @u88na @hahachung1124 
Styled by @yuwei5858",12825,51,['你有念大學嗎']
282,2019-01-03 22:31:33,"#chillaxing 單曲1/11上架唷🤩
Make up by @clairechengmakeup 
Hair by @sunnyhuanghair 
Styled by @812avantgardedommicw
Accessories：@codysandersondesigns @codysanderson_tw 
Photo by @choumophoto",11040,81,['chillaxing']
283,2019-01-03 22:28:49,"#chillaxing 單曲1/11上架唷🤩
Make up by @clairechengmakeup 
Hair by @sunnyhuanghair 
Styled by @812avantgardedommicw
Accessories：@codysandersondesigns @codysanderson_tw 
Photo by @choumophoto",7759,57,['chillaxing']
284,2019-01-03 19:47:05,"#chillaxing 單曲1/11上架唷🤩
#裝死很chillaxing
#命案現場
Make up by @clairechengmakeup 
Hair by @sunnyhuanghair 
Styled by @812avantgardedommicw
Accessories：@codysandersondesigns @codysanderson_tw 
Photo by @choumophoto",8851,45,"['命案現場', '裝死很chillaxing', 'chillaxing']"
285,2019-01-03 19:32:02,"#chillaxing 單曲1/11上架唷🤩
#跑贏烏龜很chillaxing 
#被烏龜遛很chillaxing 
#chillaxing輕樂心
Make up by @clairechengmakeup 
Hair by @sunnyhuanghair 
Styled by @812avantgardedommicw
Photo by @choumophoto
Accessories：@codysandersondesigns @codysanderson_tw 🕶@whatever_eyewear",7991,43,"['被烏龜遛很chillaxing', 'chillaxing', '跑贏烏龜很chillaxing', 'chillaxing輕樂心']"
286,2019-01-02 23:47:02,"#高雄夢時代跨年
Make up by @clairechengmakeup 
Hair by @u88na @hahachung1124 
Styled by @812avantgardedommicw 
Photo by @kevinim",10094,53,['高雄夢時代跨年']
287,2019-01-02 23:23:18,"#高雄夢時代跨年
Make up by @clairechengmakeup 
Hair by @u88na @hahachung1124 
Styled by @812avantgardedommicw 
Photo by @kevinim",6341,27,['高雄夢時代跨年']
288,2019-01-02 23:19:37,"#高雄夢時代跨年
Make up by @clairechengmakeup 
Hair by @u88na @hahachung1124 
Styled by @812avantgardedommicw 
Photo by @kevinim",8477,31,['高雄夢時代跨年']
289,2019-01-02 23:16:29,"#台中麗寶樂園跨年
Outfit: @echtego @voeuxhk @off____white 
Boots: @stuartweitzman 
Accessories：@codysandersondesigns
Styled by @pipa.creative #PIPAstyling
Make up by @clairechengmakeup 
Hair by @u88na @hahachung1124 
Styled by @pipa.creative
Photo by @kevinim 
#PIPAstyling",18172,83,"['台中麗寶樂園跨年', 'PIPAstyling']"
290,2019-01-02 22:38:12,"Make up by @clairechengmakeup 
Hair by @u88na @hahachung1124 
Styled by @pipa.creative
Photo by @kevinim 
#PIPAstyling
#南投跨年",8991,46,"['南投跨年', 'PIPAstyling']"
291,2019-01-01 19:08:02,"經紀人問我跨年唱完，元旦當天早上接著拍戲，最想做什麼事來Chillaxing 舒壓呢？應該是倒著睡覺吧哈哈哈😴😴😴
#到哪都能睡
#Chillaxing",13787,61,"['到哪都能睡', 'Chillaxing']"
292,2019-01-01 02:14:47,"新年快樂🎉 呼～唱完了！辛苦大家一起跟我完成跨年表演，我的團隊真的很棒！謝謝所有朋友的熱情，我愛你們🥰我們一起chillaxing 迎接2019🤩 ❤️謝謝民視高雄夢時代 ❤️謝謝三立台中麗寶樂園 ❤️謝謝南投
@fortune88882018
 #尚裔國際文創娛樂 
@lukangwei 
@dancesoul_taiwan
@damove 
@u88na @hahachung1124 
@clairechengmakeup 
@812avantgardedommicw 
@pipa.creative 
@kevinim",14756,115,['尚裔國際文創娛樂']
293,2018-12-30 18:03:43,"明天跨年新歌首唱前需要減一波肥⋯當女明星好辛苦喔！只能吃無鹽海苔😢
#女明星的日常工作
#無言海苔 #傻眼貓咪
#Chillaxing 舒壓",12159,88,"['Chillaxing', '女明星的日常工作', '傻眼貓咪', '無言海苔']"
294,2018-12-29 20:56:36,"後天就要跨年表演了，有人跟我一樣覺得咬冰塊很Chillaxing 舒壓嗎？ 🤩
#跨年表演的舒壓良品
#咬冰塊
#Chillaxing",6886,50,"['跨年表演的舒壓良品', '咬冰塊', 'Chillaxing']"
295,2018-12-28 12:33:38,"跨年跟我一起嗨喔！🥳
🥼 @tastboutique 
Make up by @yuwei5858 
Hair by @hahachung1124
#高雄夢時代開場民視19點10 #台中麗寶樂園三立中視 #南投縣立體育館倒數",5482,44,"['台中麗寶樂園三立中視', '高雄夢時代開場民視19點10', '南投縣立體育館倒數']"
296,2018-12-28 12:31:13,"跨年跟我一起嗨喔！🥳
🥼 @tastboutique 
Make up by @yuwei5858 
Hair by @hahachung1124 
Earrings @apmmonaco 
#高雄夢時代開場民視19點10 #台中麗寶樂園三立中視 #南投縣立體育館倒數",10936,75,"['台中麗寶樂園三立中視', '高雄夢時代開場民視19點10', '南投縣立體育館倒數']"
297,2018-12-26 22:25:38,"👗💛 @fendi 
#fendi
Make up by 理惠
Hair by @hahachung1124",7443,65,['fendi']
298,2018-12-25 15:43:28,"聖誕快樂🎄跨年見唷🎅我繼續跳跳
#tommyhilfiger",6410,72,['tommyhilfiger']
299,2018-12-22 21:23:23,"感冒不快點好，跨年我要怎麼飆高音？🥴
#conversehellokitty",6912,54,['conversehellokitty']
