,time,post_caption,likes,comments,tags
0,2019-12-15 21:04:42,"陽光燦爛的午後⋯

今天一路上天氣好像你

希望你一切平安⋯我們會好好照顧自己！

也會好好照顧你的家人和所有朋友！

See you in Heaven.",35599,405,[]
1,2019-12-14 21:41:43,"謝謝你帶給我們這麼多美好的回憶！

See you tomorrow.... We love You @godfreygao",95827,842,[]
2,2019-12-14 14:46:06,"去年Tucker在我們主場受傷後⋯

當天彰化秀傳醫院的醫療團隊馬上接手，當晚就幫Tucker 進行手術，雖然當時Tucker 效力於澳門黑熊，但是我們還是把他當成自己的選手去照顧⋯重點是隔天中午就出院飛回美國休養！

謝謝秀傳醫院專業團隊的支持與協助，讓Tucker 傷後復出回到球場上，在NBL打出不可思議的數據！

而今年我們的開季戰績並不理想，所以聯盟MVP  @_ant_tucker 他用最直接的方式讓我們知道這一切都是善的循環！

期待他帶領夢想家有更好的成績！

Thanks #秀傳醫院 @powenhuang79 @mancave543",11388,15,['秀傳醫院']
3,2019-12-14 12:46:21,"Welcome to Dreamers 
@_ant_tucker  @tolb_ert",9524,17,[]
4,2019-12-12 10:21:03,"帶大家看看台灣最美麗的風景⋯併桌！

歡迎大家去忠孝東路四段223巷阿嬤麵攤體驗一下！🤣🤣🤣🤣🤣",27387,134,[]
5,2019-12-11 14:01:11,希望這個包包能找到有緣人！,39641,640,[]
6,2019-12-09 23:19:06,"我們在現有的資源與環境，很用心的經營屬於我們夢想家的主場！

雖然場館不是最豪華的，但我們的球迷絕對是最狂的！

謝謝所有支持我們的球迷和贊助商！

歡迎大家來我們的主場感受一下！",13064,29,[]
7,2019-12-09 12:25:08,"最近這幾天真的蠻硬的⋯

身心靈都要休息一下！ 😭😭😭",22516,81,[]
8,2019-12-08 22:59:06,"今天的致勝功臣吳松蔚今天的6顆3分彈讓全場沸騰！

這個孩子從夢想家的第一季就跟著我們一起拼，從當年原本要放棄籃球到今天的表現，真的是”天公疼憨人”⋯ 台灣現在的社會都希望每件事”速成”，但在運動場上對於年輕球員的養成，需要花很多時間去培養！

很開心看到松蔚今天把握了機會帶領球隊拿下首勝，相信在雲林的阿嬤一定更感動，這麼努力的孫子可以有這麼棒的表現！

希望大家為孝順的松蔚掌聲鼓勵、同時也期待飛沙之光 @sung_wei_11 繼續努力！

Let’s go Dreamers",18909,57,[]
9,2019-12-08 17:56:00,"終於贏了！

謝謝大家的支持、我們繼續努力！",19863,87,[]
10,2019-12-08 12:57:55,"我們的主場不是最豪華的，但絕對是最狂的！

今天努力把球贏下來！",18097,37,[]
11,2019-12-07 23:39:18,"謝謝姐姐到彰化力挺夢想家！

神秘嘉賓 @jeanniehsieh___bbb 一出場讓全場暴動！",29136,65,[]
12,2019-12-07 21:33:47,"看到滿場的球迷真的很感動⋯可惜沒能贏下來！

謝謝大家的到場支持，明天繼續努力～",21484,48,[]
13,2019-12-07 10:52:18,"彰化天氣非常好！

記得早點到～～看球順便賞車！

@mclarentaiwan  #mclaren @mclaren",23708,47,['mclaren']
14,2019-12-07 09:15:24,出發彰化！記得早點到～～ Thanks @mclarentaiwan,31065,59,[]
15,2019-12-06 23:24:57,"謝謝遊戲橘子和麥拉倫用行動力挺夢想家！

明天台灣內戰讓大家體驗最狂的主場！

猜猜明天誰是神秘嘉賓！？ 記得早點進場喔！🤣",13171,22,[]
16,2019-12-06 19:50:46,"明天第一次正面對決⋯

@aseanbasketballleague 聯盟也非常看重這次台灣內戰！

兩隊的對決贏家只有一個⋯

就是球迷！",8959,31,[]
17,2019-12-05 13:09:16,"能聚在一起的時間越來越少，因為各自都有家庭了！我的學弟 @poppawang 認識他的時候才18歲⋯這次從美國帶了一家五口回來，真的替他感到開心～

孩子們好像很了解我們現在的心情⋯他們就像是小天使，用他們自己的方式在安慰我們每一個大人！ 😭😭😭",61905,124,[]
18,2019-12-05 00:27:00,"感受一下最狂的主場！

一起幹大事⋯",21713,47,[]
19,2019-12-04 14:49:19,"The Power of Dreams 
這禮拜主場上架！

早點到球場搶一波～～",20368,35,[]
20,2019-12-04 12:04:01,"謝謝 McLaren 的相挺，用行動支持我們夢想家⋯

最狂的贊助商麥拉倫將要把最新款的GT 和720S敞篷 開到彰化主場，讓所有主場的球迷可以看球順便賞車，同時也有機會讓球迷試程體驗！

謝謝 @mclarentaiwan 對我們夢想家的肯定與支持！

這禮拜才是我們真正的開幕戰⋯🤣
請早一點進場感受一下最狂的主場！

#寶島夢想家",22059,64,['寶島夢想家']
21,2019-12-04 09:33:09,"這一季我們多了許多新夥伴⋯

謝謝遊戲橘子的力挺，讓我們的主場變得更不一樣！

#天堂m  #遊戲橘子  #寶島夢想家",10407,141,"['天堂m', '遊戲橘子', '寶島夢想家']"
22,2019-12-02 22:01:53,"我們很用心的經營主場，開幕戰也有接近滿場的球迷進場支持我們！

雖然開幕戰的狀況不斷，但也不會影響夢想家想要變得更好的決心！

人生不如意十之八九⋯希望能越來越順利！

抱歉！昨天算是醜ㄧ⋯希望大家能體諒！
就把12月7日的台灣內戰當成真正的開幕戰吧！

期待一下12月7日的神秘嘉賓吧！
😭😭😭",24450,95,[]
23,2019-12-02 18:37:02,"感謝頑童到場力挺⋯

請期待12月7日台灣內戰的神秘嘉賓！",17449,78,[]
24,2019-12-02 01:03:40,"這是頑童你知道的～

謝謝你們來彰化挺夢想家！

Thanks for everything 
@mjkenzy_16 @muta116 @mjfceo 
@mj116_tpc",19625,69,[]
25,2019-12-01 20:45:36,2019真難熬⋯,34381,479,[]
26,2019-12-01 12:56:49,"整個城市都是我們的主場！

準備好跟我們狂一波了嗎？！ 3:00夢想家主場開幕戰！",11906,30,[]
27,2019-11-30 23:06:24,明天可能要早一點到球場～～ 怕新貨被掃光！✊🏾✊🏾✊🏾🤣🤣🤣,13268,26,[]
28,2019-11-30 21:37:03,"Thanks @jjlin 
Let’s go Dreamers",14096,31,[]
29,2019-11-30 16:51:30,"更熱血的過每一天、明天彰化見！

寶島夢想家開幕戰！",9997,14,[]
30,2019-11-30 11:08:08,"@maomao31 & @tiffanywenlo 
永遠幸福快樂～～",54276,162,[]
31,2019-11-30 00:15:15,"用最喜樂的心祝福 @maomao31 & @tiffanywenlo 永遠幸福美滿！

今天這場婚禮我們知道 @godfreygao 你也來了⋯

我們都會為了你更勇敢、更努力的過每一天！

希望你在天上能得到安息，我們大家都很想你！

We Love u forever",159389,270,[]
32,2019-11-27 18:33:32,"今天是讓人心碎的一天⋯

這是我最珍貴的影片，我們15年前第一次見面的那一天⋯
記得當年你才20歲，從加拿大回亞洲找機會⋯

15年來我永遠忘不了你的上進、謙虛和善良！
我們都很難過、很不捨⋯
謝謝你來到這個世界，帶給大家這麼多美好的回憶！

我們會永遠記得你的！

我們天堂見⋯

Thanks for everything 
@godfreygao",106418,1404,[]
33,2019-11-27 13:24:20,"好難過⋯

你就像天使走過人間！",69797,1087,[]
34,2019-11-26 23:23:16,"一種校長兼撞鐘的感覺、從板凳球員出發到擔任領隊，很多事情都要勇敢的去嘗試，但很慶幸碰到一群有共同理想的好夥伴！

每個環節都經歷過，這也讓我更能體會每一個角色的辛苦，經營球隊跟打球真的很不一樣，要面對的問題和挑戰更多，雖然不容易但也甘之如飴！
就因為我們愛籃球～

12月1日歡迎大家返校！ 🤣🤣🤣",21857,50,[]
35,2019-11-26 21:00:27,猜猜畫什麼？！🤣🤣🤣,15383,65,[]
36,2019-11-26 17:23:45,懂吃～～～～🤣🤣🤣 @h78224,18438,104,[]
37,2019-11-25 23:58:40,"聚餐後被泰國服務生請喝氣泡水，

但⋯空氣瞬間凝結了！ 🤣🤣🤣",18331,71,[]
38,2019-11-25 22:32:46,"帶大家體驗東南亞文化，謝謝所有支持我們的台商和僑胞，讓夢想家到哪兒都有小主場的感覺！

12月1日彰化主場見！",9877,13,[]
39,2019-11-25 16:53:20,"想要嗎？！ 特別版的球衣。

我在尋找有緣人～～ 🤣🤣🤣",8582,137,[]
40,2019-11-24 22:50:50,好像找到一雙最好配這件POLO 衫的鞋了！🤣🤣🤣 黑色還是最經典～～ #nikepeaceminusone #nike #airforce1 @formosadreamers @raymondchen0912 @joyayayahola,27674,80,"['airforce1', 'nikepeaceminusone', 'nike']"
41,2019-11-24 14:30:20,"東南亞地區很多人都去旅遊過，但是真正看到東南亞各個城市，對於運動發展的機會卻不多⋯
只能說東南亞這頭沉睡的猛獸，早就已經被吵醒了！

有些人還是用一種莫名的優越感，去看待東南亞地區，也因為這樣甚至因為心態而”低估”了東南亞現在的發展，尤其是對於運動環境和觀光產業！

加入了ABL這兩年有機會看到不一樣的世界⋯
現在也想藉由夢想家的客場比賽，分享給更多朋友！

最深刻的一點就是⋯

務必用更謙卑的態度，多關注甚至”學習”一下東南亞如何崛起！

現在開始飛每一場客場，就代替大家的眼睛看世界！

第一站就從泰國開始！",11625,29,[]
42,2019-11-24 00:35:01,"謝謝泰國所有的台商和僑胞到場加油，還有在台灣所有的球迷朋友！

我們一定會越來越好的！

Let’s go Dreamers",15150,22,[]
43,2019-11-23 21:34:37,"Let’s go Dreamers 
12月1日主場見。",10701,10,[]
44,2019-11-23 19:28:35,"第一場比賽很可惜沒能拿下來⋯

謝謝到場支持的僑胞及台商⋯

我們繼續會努力！12月1日主場見。",9479,25,[]
45,2019-11-23 15:45:19,"Game Time 
4:00出戰泰國吸血鬼 
請鎖定直播為我們加油打氣！

Let’s go Dreamers",7462,10,[]
46,2019-11-23 13:41:04,Let’s go Dreamers ✊🏿✊🏿✊🏿✊🏿✊🏿,13470,22,[]
47,2019-11-23 00:28:53,"今晚好好睡一覺、明天出戰泰國吸血鬼⋯

Let’s go Dreamers",13266,19,[]
48,2019-11-22 22:20:02,"客場作戰第一戰在曼谷開始，明天將出戰泰國吸血鬼！

實力被聯盟評價為今年排名第一的隊伍！
 我們夢想家的熱血台商集結泰國，明天準備一起狂！

明天下午4:00 請鎖定 @elevensportstw  #linetoday #yahoo奇摩運動  @nownews @camerabay 
幫夢想家加油打氣！",19938,42,"['yahoo奇摩運動', 'linetoday']"
49,2019-11-22 15:24:34,"嘉嘉跟隊友們唱這首歌⋯

只能說完全國中生用他們的方式，展現了羞澀和對愛的渴望！

一轉眼嘉嘉也變我學弟了！ 
國一新生唱這首歌向金華國中 @jaychou 學長致敬！
🤣🤣🤣",10412,22,[]
50,2019-11-21 23:46:27,"Do one thing at a time, and do well.

一次只做一件事，做到最好！

Let’s go Dreamers",12108,19,[]
51,2019-11-21 22:52:59,"泰國的僑胞們請準備一下！

Let’s go Dreamers",6808,3,[]
52,2019-11-21 19:44:51,"這個球季在家或是用手機及網路

都可以看到寶島夢想家的每一場比賽⋯
請大家鎖定 
#elevensports 
#LINEToday
#Yahoo奇摩運動
#nownews 
#麥卡貝網路電視

Let’s go Dreamers",6567,6,"['麥卡貝網路電視', 'nownews', 'Yahoo奇摩運動', 'LINEToday', 'elevensports']"
53,2019-11-20 22:00:42,"這是麥當勞叔叔之家，對於許多遠距離重症的孩子和家屬來台北轉診的時候，像家一樣溫暖的地方！

裡面有一間熊貓房是我和范范認養的，所有的設計都是以熊貓為主！今天帶大家來看看這間可愛的房間，同時也希望大家能加入認養的行列，幫助遠距離重症的孩子和家屬、在對抗病魔的時候，得到更多除了醫療之外的協助，讓他們有家的溫暖～～ 也請大家為一起為孩子們加油打氣！

Lovelife forever",18939,198,[]
54,2019-11-20 12:06:55,"這是頑童、你知道的⋯

12月1日開幕戰！一起幹、大、事！

Let’s go Dreamers 
Thanks for everything @mj116_tpc @mjfceo @muta116 @mjkenzy_16",13526,92,[]
55,2019-11-20 09:15:04,"主 我獻上我心 我獻上我的靈 
我活著為了祢 
我的每個氣息 生命的每個時刻 
主 求祢掌管我！

Thank you, clay",9639,41,[]
56,2019-11-19 19:24:14,"對於穿搭⋯飛飛有他的堅持！

必須要有皮卡丘✊🏾🤣😰",47355,164,[]
57,2019-11-19 13:45:48,"對璞園三場的練習賽

@mjrk3 感覺越打越開了！

雖然實際身高只有175cm⋯
但他堅持要報180cm 
但這兩球應該跟身高無關了！

期待開打！ 🤣🤣🤣",8219,6,[]
58,2019-11-18 22:15:47,"自己去7-11支持自己⋯

接下來就麻煩你們了！

#自己的籃球自己救",14312,35,['自己的籃球自己救']
59,2019-11-18 17:59:21,"兩代之間跨世代的籃球夢⋯

偉忠哥說有空要跟我們飛一趟客場，感受一下客場作戰，他一直怕我辜負台商老大哥的支持，所以他說需要代子出征⋯ 親自跟東南亞熱血的台商鐵粉說聲謝謝！

為了報答偉忠哥的提攜之恩，只好安排偉忠哥來彰化主場看球的時候，坐在最靠近啦啦隊的位子！🤣 重點是⋯大家是不是蠻想要這條Dreamers毛巾？！🤣🤣🤣",18556,28,[]
60,2019-11-18 14:21:12,"離開舒適圈從客場開始打～

23號遠征泰國打吸血鬼！！！ 中午12:00開賣後⋯
台灣內戰夢想家vs富邦勇士一樓馬上秒殺。

二樓還有機會

快去7-11搶一波吧！

#自己的籃球自己救",11537,17,['自己的籃球自己救']
61,2019-11-18 11:49:15,"今天中午12:00快去7-11搶票！

#寶島夢想家 @formosadreamers",11424,9,['寶島夢想家']
62,2019-11-17 14:32:57,我媽很好CUE~~~~~ 🤣🤣🤣,13853,113,[]
63,2019-11-17 09:44:59,"可惜是最後一場了～接下來就要專心做新專輯了！

謝謝所有一直支持fan fan的朋友們！

我跟大家一樣期待她的新專輯. 
So proud of you @fanfan",12387,31,[]
64,2019-11-16 22:42:14,"Thanks Singapore

今天原本人應該在新加坡的，但孩子有點兒發燒，必須留守照顧一下～
有了孩子後真的計畫趕不上變化！

謝謝歌迷朋友們這麼支持 @fanfan ！so proud of you~~ 也希望大家能諒解！🙏🏽😐🇸🇬",16620,41,[]
65,2019-11-16 19:51:44,"恭喜富邦勇士有好的開始⋯

看到這麼多球迷進場，內心為台灣籃球感到開心⋯ 
這才是做這件事真正的快樂！

期待12月7日正面對決！",19188,59,[]
66,2019-11-15 20:02:58,Let’s go Dreamers,35137,41,[]
67,2019-11-15 08:20:33,Singapore 🇸🇬 R U Ready~~ @fanfan 來了！,13659,56,[]
68,2019-11-14 23:48:06,"我們主場的美食、真的超好吃的！

我們集結了全台最好吃的餐車，只要是夢想家的比賽，你們吃得到全台各地的特色小吃！

我們也希望藉由夢想家的主場賽事，創造出更多的工作機會，推廣台灣好吃的美食⋯讓人民能因為籃球比賽，有機會爭取更多收入！

記得空腹來我們主場的美食嘉年華⋯",21945,46,[]
69,2019-11-14 10:22:08,"夢想的力量無限大⋯

有空來彰化看球！",9693,14,[]
70,2019-11-14 08:26:44,"很榮幸我們能代言S-26鉑臻！

希望能讓新手爸媽們，有最棒的選擇！

#S26鉑臻 
#為寶寶打造白金學習力 
#神經鞘磷脂 
#9比1雙短鏈益菌生",36468,172,"['神經鞘磷脂', '9比1雙短鏈益菌生', 'S26鉑臻', '為寶寶打造白金學習力']"
71,2019-11-13 21:33:30,"今天去台中出席S-26的活動，工作的地點就在林酒店，等待活動開始的空檔，被飯店總經理安排到presidential suite 休息一下⋯

我就順便帶大家體驗一下這誇張的總統套房～～
謝謝 #linhotel 的貼心安排，我先去標會了！🤣🤣🤣",16481,78,['linhotel']
72,2019-11-13 07:22:30,Good morning Boys ☀️☀️☀️,33804,101,[]
73,2019-11-12 23:06:13,"今天拍攝 @pointpost 雜誌，得到意外的收穫⋯雜誌的服裝造型師原來是范范的鐵粉，默默的支持了她12年了，他在收工後的真情流露，讓我覺得非常的感動！

謝謝你這麼支持 @fanfan 
下次請你看演唱會，安排你坐在鼓手旁邊的位置來感謝你的支持！

期待你們的封面故事喔！🤣🤣🤣",15816,27,[]
74,2019-11-12 21:42:41,7-0 完封韓國！真的好爽～～～～～,43929,238,[]
75,2019-11-12 19:41:46,"到處都有夢想家！

Thanks  @weareunibuy",13642,20,[]
76,2019-11-12 07:13:35,"我有一個台商老大哥 ,他也是夢想家的股東夥伴陳立宗 ，就是第一張照片最激動的那一位！🤣 他每個禮拜在東南亞地區飛來飛去非常的忙碌！他最讓人敬佩的是，他不管多累、他還是堅持每個禮拜二固定飛回台灣回到台大校園去教書⋯
然後隔天再飛回東南亞工廠！

就是因為他對台灣這片土地、有很強烈的使命感⋯

立宗哥在開幕記者會後、有感而發寫了這段話非常感動！
台商在海外打拼真的不容易，碰到的所有困難和挑戰，他都親身體會且經歷過！在海外打拼真的非常辛苦！

謝謝立宗哥的文章⋯越過山丘，夢想依舊。 
寶島夢想家成軍第三年了
挑戰雖然很多，但是收穫更大
八卦山主場每到比賽日的熱鬧景象
更多基層球員
因為夢想家看見台灣籃球職業化的希望
家長們願意帶小朋友一起愛上籃球
這些我們期待的結果
雖然離完全做到還有千里之遙
但我們最欣慰的是
有這麼多認同我們的球迷夥伴
在我們一勝十九敗時沒有離開
在我們衝擊聯盟第一時與我們並肩作戰
這讓我們真的看見
原來，夢想的力量
無限大 
除了我們期待的結果
前兩季我們也有意外的感動收穫
征戰東南亞的每個漫長飛行
一次也沒有感受到遠征軍的孤獨
反而總像是南征北討的部隊
偶爾路過自己家鄉時
父老鄉親早早集結等候
給了我們最溫暖的接待與鼓勵
還記得第一季在佛山輸了快30分
賽後球員們洗完澡低著頭準備去吃宵夜
才一下車遠遠就聽見一陣陣的吶喊聲
「夢想家加油！」
原來，數百個台青會夥伴
在將近午夜時分仍然守著餐廳沒有散去
這份感動和感激之心
一定會永遠留在這支球隊的DNA裡 
我們還在這些台商和僑胞身上
學到與認識了什麼是「台商精神」
很多前輩與我們分享
在外打拼的台商
常常遇到日本，韓國大商社的競爭
往往只能靠幾家甚至幾十家台商策略聯盟
一起挑戰具有垂直整合優勢的巨無霸對手
這就是真正的台商精神 「敢追夢，肯打拼，懂合作」 
這些在台商前輩們身上學到的智慧
在新的一季新的挑戰來臨的此刻
顯得格外的受用和珍貴
我們的主場在彰化
但是我們不只是寶島的夢想家
更期許自己要做為全球台商的夢想家
夢想的力量無限大
經營職業運動
各種挑戰和困難從來就不會消失
我們這群人一起一步步越過一道道的難關
越過一座座的山丘
夢想，依舊 
陳立宗 @litsungchen 
Let’s go Dreamers 
請注意你們腳上穿著最猛最潮的球鞋，有可能大部份都來自他們的工廠！

他們這群人在我心目中是真正的台灣之光⋯",21501,47,[]
77,2019-11-12 00:01:41,"兩年前的我們一起從0開始⋯因為有各位的進場支持，讓大家看到了不一樣的籃球氛圍，也陸續影響了聯盟許多球隊，願意投入更多行銷資源去打造主場，也讓更多人跟著我們的腳步勇敢去挑戰夢想！

兩年前的我們，很努力的開始改變台灣籃球⋯也造成ABL的夢想家旋風⋯沒有大家的支持我們什麼都做不到！

今年期待大家把時間留下來，陪我們再狂一次、
捍衛自己的彰化主場！

#自己的籃球自己救  #寶島夢想家",12488,20,"['寶島夢想家', '自己的籃球自己救']"
78,2019-11-11 12:57:42,"新加坡的朋友，我可能會混在人群裏⋯

16日見！🤣🤣🤣🤣🤣",8813,43,[]
79,2019-11-11 10:16:37,"這是一個很特別的緣份、因為IG讓世界每一個人變的更接近了！

在紐約放鬆的這幾天，收到很多紐約當地華人朋友的溫暖～最特別的就是這位當地的攝影師，她透過私訊問我是否可以幫我拍照紀錄一下紐約生活，於是我在上飛機前跟她約了這一個紐約最著名的景點之一”布魯克林DUMBO”  當天晚上還下著雨，在她的鏡頭下確實幫我留下了跟紐約特別的紀念和回憶⋯

謝謝您的熱情和專業，拍的很有fu~~下次有機會到紐約,再補請妳吃飯喔！

在美東想拍照的朋友、可以找這個認真的女孩 @zhao2422 ！
她的攝影風格真的很棒！👍🏽👍🏽👍🏽",20667,40,[]
80,2019-11-10 23:49:12,"三位外援今第一次合體，以戰代訓希望越來越好！

請期待夢想家的狂野球風。",10296,37,[]
81,2019-11-10 18:27:18,"今天夢想家跟璞園打友誼賽！

有一球蠻猛的⋯ 
你們是不是很期待開季？！ 我們球場見！",10870,47,[]
82,2019-11-09 19:05:20,"清晨5:30到台北～

紐約的時間跟台北是顛倒的，所以時差很難調整，最好的方法就是陪孩子去放電⋯

台北的天空好久不見了～🤣🤣🤣",33132,55,[]
83,2019-11-09 16:33:29,對抗時差最好的地方,19392,24,[]
84,2019-11-09 14:06:48,Let’s go Dreamers,7409,8,[]
85,2019-11-09 12:09:52,"去台北市政府轉運站打個卡，幫夢想家加油打氣吧！ 🤣🤣🤣🤣 Thanks #威盛電子 
Let’s go Dreamers",7452,4,['威盛電子']
86,2019-11-09 06:34:59,"挑戰一下XL的超大龍蝦🦞

Chelsea Marke是我最喜愛紐約的原因之一，前身是餅乾工廠的老建築讓這兒散發出迷人的工業氣息。

有機會到紐約一定要去
Chelsea Market 感受一下！",32658,118,[]
87,2019-11-07 14:55:11,"紐約的秋天很美麗！

曼哈頓再來一家春陽就更美了～～🤣",31947,80,[]
88,2019-11-07 09:11:53,"Hudson Yards 是一個集住宅、商業空間、購物中心為一體的紐約新市鎮區！規劃的真的非常好！

但真的有點高，懼高症的人要有心理準備⋯",13611,75,[]
89,2019-11-06 21:51:44,Flight Club 的球鞋真的太狂了！限量發售的球鞋裡面全都找得到，但價錢的部份⋯⋯⋯⋯⋯😱😱😱😱😱,17577,101,[]
90,2019-11-06 11:39:54,"兩個混血姪兒也太Q了～天然腮紅！

期待他們可以跟飛翔表哥見面！到時候應該很瘋狂～🤣🤣🤣",51051,224,[]
91,2019-11-05 14:11:49,"來紐約必須體驗一下NBA原汁原味的球賽氛圍，也順便來觀摩布魯克林籃網主場的經營和設施⋯

雖然只能在夢中，但期待有一天夢想家也能有這樣的主場！🤣🤣🤣",11662,53,[]
92,2019-11-05 11:10:22,"籃網vs鵜鶘 可惜Zion 沒打⋯

Kyrie39分 Ingram40分 超狂的比賽！💪🏽💪🏽💪🏽",18688,54,[]
93,2019-11-04 20:40:21,"每天都要對抗時差和美食⋯

有沒有推薦必去的紐約餐廳和美食！？這幾天準備來狂一波～🤣",25349,127,[]
94,2019-11-04 12:40:15,"提醒大家一下⋯快去7-11 ibon 買票進場支持夢想家！

Thanks for everything",9919,21,[]
95,2019-11-04 09:59:25,"Thanks NY
@chunyangtea_newyork 
#春陽茶事",20316,53,['春陽茶事']
96,2019-11-03 18:54:57,"Let’s go Dreamers 夢想的力量無限大 
剪接和特效就自己玩一波～～🤣🤣🤣 11.4中午12:00 全省7-11 ibon 開賣

快去搶票吧！！！",7157,12,[]
97,2019-11-03 13:01:49,"好久沒來紐約了～～～ 明天春陽紐約見！
@chunyangtea_newyork 
133-41 41st Ave, Queens, NY 11355",31220,65,[]
98,2019-11-01 21:49:56,"今天收到了一封私訊！突然讓我回想了過去這17年做的事！覺得自己好像有點瘋狂！

17年前才26歲⋯當時就開始從事籃球幕後的工作，從台啤籃球隊到台灣大雲豹、再轉變成富邦勇士、再到現在的寶島夢想家！
覺得很感恩能碰到許多貴人和夥伴，願意讓我參與其中、並且想辦法一起努力去實踐！
雖然過程毀譽參半，同時也歷經了許多風風雨雨和不同的挑戰⋯更直接面對來自不同領域的批評和指教！
尤其是網路世界我的忠實網友夥伴們～
我想這17年來我應該是PTT討論區的黑卡會員吧⋯
後來竟然變成另類的”生命共同體”

因為在被酸了10幾年後、今天有一個鄉民私訊我說：千萬不能放棄做傻事⋯因為他很難想像，沒有我的日子他們幾個該怎麼辦？！如果我不做些事情，讓他們可以有機會酸，這樣好像會有點無聊、真的不知道要酸誰！

我只回覆他說：謝謝這10幾年的不離不棄⋯有機會我想請他進場看球，請他留下聯繫方式⋯
後來就已讀！🤣🤣🤣🤣🤣🤣 不管這10幾年來碰到多少的批評或曲解，今天這封私訊在內心轉化成一句讚美的話，我把它當成另類的肯定、來激勵自己！
這10幾年來雖然不容易，但絕對是我人生最美好的回憶和收穫！

但畢竟我們是人、不是神！
還是會有軟弱的時候，唯一能倚靠的就是信仰⋯

每天睡前都會向上帝禱告、最後一句話都是：請求祂賜給我力量、智慧和勇氣，讓我還有能力繼續熱血下去⋯
🤣🤣🤣 謝謝大家一路的支持，如果真的要說聲謝謝，除了按讚之外，就請你用行動來表達⋯這一季至少進球場一次吧！
就當來驗收17年來的成果展吧～

奇怪！請留下聯繫方式，我想請你看球！這句話應該很有誠意吧⋯怎麼會已讀呢？🤣 但謝謝你的私訊，讓我感到被祝福⋯

我相信你一定會來、我們球場見～

要快！趁著我血還是熱的時候⋯⋯🤣",15349,65,[]
99,2019-11-01 09:45:30,"如果你都聽得懂的話、那是真正的客家魂!

誰有空可以翻譯給大家、順便學一下正統梅縣客家話～ 🤣🤣🤣",20593,238,[]
100,2019-10-31 22:18:13,"準備好迎接新球季了嗎？！ 11月4日中午
全台7-11 i-bon 系統 正式開賣！

Let’s go Dreamers",7585,12,[]
101,2019-10-31 19:22:10,"今天很榮幸被國際扶輪社受邀去演講⋯分享的主題就是我真實的生命故事”爛命一條就要更熱血的活” 
邀請我去的是因為夢想家而結緣的Jack大律師，他跟我說與會來賓都是年輕的扶輪社社友，輕鬆的聊聊天就可以了，但去了現場根本全是長輩⋯⋯ 尷尬的是Jack還用我半裸健身的照片當文宣DM，搞的我在長輩和社會賢達面前演講、感覺有點莫名的赤裸⋯🤣🤣🤣 不過要謝謝扶輪社的邀請、讓我人生有這麼特別的演講經驗，同時也互相交換了做公益及為社會服務的心得⋯也感謝所有扶輪社社友們，出錢出力默默的為社會在付出！

Jack下次請用正經一點的照片好嗎？！ 🤣🤣🤣",14176,42,[]
102,2019-10-31 11:02:46,"昨天看了前面幾集Netflix原創影集
 #罪夢者 真的很好奇後面的劇情，到底會怎麼發展⋯

曉萱和 @alyssachia  兩個女孩在戲裡真的是表現搶眼、又搶手！

但我真心覺得 @lefthere036  你還是不要看第一集好了，免得走心⋯🤣😰😂 今天下午3:00 全劇八集Netflix一次到位！",25516,57,['罪夢者']
103,2019-10-31 00:14:35,"謝謝球團每一個人的努力，沒有大家無私的付出和貢獻，就不會有寶島夢想家！

球員和教練在享受掌聲與喝采的同時、行銷團隊和設計團隊及制服組往往是背後的無名英雄！

謝謝你們願意犧牲自己的生活、一直陪伴著Formosa  Dreamers 
因為你們的堅持和努力，才能讓大家更勇敢的面對挑戰！

第三季我們一起努力，做對的事、把事做對！
所有的榮耀全部歸功於默默付出的團隊！

Thanks for everything",11831,13,[]
104,2019-10-30 22:15:57,"夢想的力量是我們今年的主題！

同時今天也公佈了我們夢想家的吉祥物”獨角獸”! 當初發想的時候思考過很多不同的面相，到底什麼最能代表夢想家？後來才選定這個在新創領域中也意指成績亮眼的佼佼者＂獨角獸＂！象徵著不放棄的精神，即使過程崎嶇辛苦依然勇往直前，與夢想家的理念不謀而合，我們會繼續朝著成為台灣籃壇的獨角獸去努力。」 但⋯這隻獨角獸還沒有名字！

你們覺得應該取什麼名字呢？！交給大家來命名吧⋯⋯",17609,76,[]
105,2019-10-30 16:08:07,"11月4日 中午開賣，準備去7-11 i-bon 搶票吧！

Let’s go Dreamers",7406,18,[]
106,2019-10-29 22:48:23,試裝⋯⋯🤣🤣🤣,31895,85,[]
107,2019-10-29 18:51:42,"明天是我們夢想家正式開季的發佈會⋯

我們球團的所有人都準備好了⋯

期待大家跟我們一起往夢想前進！

期待在彰化主場再次看到大家～～",9753,25,[]
108,2019-10-28 22:25:46,"我們經過了7個禮拜的磨合，在花蓮觀護盃及馬來西亞的比賽，讓我們有很不錯的收穫，尤其是在世念和學林的缺陣下，年輕的球員也得到了很多的比賽經驗！
謝謝所有夢想家隊職員的辛苦付出，感謝所有海內外支持我們的球迷朋友，請期待夢想家的新球季！

請準備進場支持我們！ #寶島夢想家 @formosadreamers @kylejulius33",9637,13,['寶島夢想家']
109,2019-10-28 14:31:00,"Let’s go NY 
#春陽茶事  @chunyangtea_newyork",16344,80,['春陽茶事']
110,2019-10-27 20:10:59,"不愧是全球排名第一的飛機場⋯真的太誇張了！

聽說花了12.5億美金！（約388億台幣）

機場裡面根本就是好萊塢電影場景、天空步道讓人軟腿就是了⋯

毫無疑問，樟宜機場是現代機場的成功典範。
其數位化策略確實打開了一扇通向未來的門！

讓機場不只是機場！

短短的行程來不及看到全部新加坡的美麗，但是足以讓我們震撼不已⋯

只好等到11月范范演唱會的時候，再多留一點時間好好看看，春陽茶事也預計在11月底開幕，ABL的球季也要開打了⋯所以未來應該有很多機會可以到新加坡走走了！🤣🤣🤣🤣 新加坡的朋友我們11月16日見啦～～ Thanks Singapore ！🇸🇬",40364,306,[]
111,2019-10-26 23:33:36,"真的非常推薦大家有空、一定要帶孩子到新加坡玩～

因為這兒的所有設施會讓一家人留下最美的回憶！",35228,242,[]
112,2019-10-25 23:02:09,"Singapore is Amazing 
我覺得是全球對孩子最友善的城市！

明天再帶孩子去狂一波～～
推薦我們應該去哪兒呢！🇸🇬",81595,507,[]
113,2019-10-25 18:32:23,"環球影城真的超級好玩的，兩兄弟玩到瘋狂的地步！

我問他們說：好不好玩！

他們竟然回覆我說：他們愛上新加坡了！🤣🤣🤣❤️❤️❤️",68910,330,[]
114,2019-10-24 21:49:05,一家人在新加坡團聚～～～🇸🇬 明天準備帶孩子去最好玩的地方！🤣❤️,115750,840,[]
115,2019-10-24 13:48:21,Thanks Malaysia 🇲🇾 下一站飛新加坡帶全家去走走～～ 應該先吃什麼呢？🤣🤣🤣,21843,187,[]
116,2019-10-24 00:47:47,"比完賽吃黃亞華的烤雞翼、順便幫球隊管理志遠慶生！

這家雞翼真的是太好吃了！👍🏽👍🏽👍🏽",25326,81,[]
117,2019-10-23 20:15:22,"Game Time 9:00

寶島夢想家出戰澳洲ACBA Dragons

請鎖定FB現場直播！",9252,9,[]
118,2019-10-23 18:48:58,謝謝馬來西亞的朋友們，晚上9:00出戰澳洲隊球場見嘍～～,16081,29,[]
119,2019-10-23 11:11:21,"女籃的教育真的好！用餐完畢還要過來跟學長姊說「慢吃」才離開⋯

這是一種快要失傳倫理觀念⋯🤣🤣🤣",26252,68,[]
120,2019-10-22 23:50:04,"比完賽去唐人街怒吃～～金蓮記老鼠粉+福建麵口感真的太驚人了！

明天再去挑戰馬來西亞另外一家美食！

請推薦一下去哪一家吧！🤣🤣🤣",30274,266,[]
121,2019-10-22 14:59:32,"在飛機上碰到我父親以前的同事，她說我爸爸離開的哪一天，她們那組飛舊金山我爸這一組準備飛名古屋，他們還在簡報室跟我爸爸說再見⋯

謝謝她跟我說我爸爸以前在華航的事⋯她們都說我父親一直熱心助人、也很照顧她們剛飛的菜鳥空服員！姐姐們都說我跟我爸爸很像⋯🤣🤣🤣 每次搭乘華航總是有另類的收穫，可以聽到父親的一些小故事，這是我感到最溫暖的地方。

所以我才會說飛的是一種思念和情感⋯
@chinaairlines.tw @wangleehom",50815,108,[]
122,2019-10-22 08:48:39,"搭華航是一種思念和情感～

今晚6:30馬來西亞球場見！ 
@chinaairlines.tw #中華航空 #寶島夢想家",28446,59,"['寶島夢想家', '中華航空']"
123,2019-10-21 22:20:04,謝謝馬來西亞朋友們瘋狂傳來的美食照片⋯⋯ 我會想辦法挑戰你們推薦的每一家餐廳的！ 🤣🤣🤣🤣🤣🤣,27519,161,[]
124,2019-10-21 21:15:59,"馬來西亞有什麼好吃的，請推薦一下吧！明天打完球後帶球隊去嚐嚐正宗馬來西亞美食～我只知道黃亞華雞翼是必須去的吧？！🤣🤣🤣🤣 Malaysia see you tomorrow 🇲🇾 夢想家明天下午6點30分出戰馬來西亞猛龍

地點：大馬籃總球館 
明天見囉！ #寶島夢想家 
@formosadreamers  @fever.official",17410,127,['寶島夢想家']
125,2019-10-21 20:46:36,"平安健康的長大～

有空多來台灣感受一下最美麗的風景吧！",38458,42,[]
126,2019-10-21 14:26:23,Let’s go Singapore 🇸🇬 11月16日 見。,8507,18,[]
127,2019-10-21 13:49:56,"158公里+第四棒左右開弓的中心打者！

重點是劉致榮今年才20歲⋯

真的是陽明山大谷！😱😱😱",19989,105,[]
128,2019-10-20 23:42:36,"中華隊獲得亞錦賽冠軍！今天被劉致榮圈粉了⋯

連續5次三振日本打者真的不容易⋯最快球速158公里！

重點是劉致榮今年才20歲。
真的太狂了！前途不可限量⋯",22498,80,[]
129,2019-10-20 21:37:07,"新加坡的朋友們準備好了嗎？！ 范范 “在幸福的路上”世界巡迴演唱會 - 新加坡站
日期：2019年11月16日
時間：20:00
地點：新加坡室内體育館
購票連結：https://www.apactix.com/events/detail/fanweiqi-2019",15216,55,[]
130,2019-10-20 17:06:55,體能訓練日！ 🤣🤣🤣,35187,38,[]
131,2019-10-20 13:17:40,很適合親子一起體能訓練的地方～有空來台灣玩、可以去基隆看看海，順便吃個最新鮮的海產！,16546,60,[]
132,2019-10-20 12:00:12,基隆潮境公園好美～～～,20534,43,[]
133,2019-10-19 23:51:19,"12月7日彰化主場第一次對戰⋯
請準備好進場，幫兩隊的球員加油打氣！

Let’s go boys 
@formosadreamers  @fubon_braves",16068,132,[]
134,2019-10-19 16:39:40,"時間先留一下⋯

期待大家陪我們一起、小蝦米對抗大鯨魚！

我們走自己的路⋯
#寶島夢想家",13228,33,['寶島夢想家']
135,2019-10-18 22:02:29,平安健康的長大～～～ @ilovevicky123,33035,45,[]
136,2019-10-18 20:01:13,"沒想到下午茶變吃晚餐！

簡單的ㄧ張小紙條、讓自己覺得被鼓舞！

我人生的小確幸～

有空來來台灣玩、記得感受一下最美麗的風景⋯

Thanks @gonna_cafe ❤️❤️❤️",18475,41,[]
137,2019-10-18 11:00:29,"新加坡住哪一間飯店比較好？

麻煩推薦一下！🤣😃🙏🏽",21340,341,[]
138,2019-10-17 22:54:53,"球季開打之後來彰化看比賽，可以直接到中正路來吃一碗60年歷史的永成爌肉飯再加上ㄧ杯春陽茶事！絕對是靈魂升天的夢幻搭配～

12月開始的主場比賽，記得來彰化看球順便享受最地道的美食喔！",22950,179,[]
139,2019-10-17 19:30:08,練完球後補一下⋯⋯🤣🤣🤣,33976,108,[]
140,2019-10-16 22:15:21,"備戰馬來西亞的比賽⋯
1對1訓練的時候阿敏跟新加入的Jerran卯上了！
兩個人的單打能力都很強～ 
期待新球季他們倆的表現！

@chin_min05 @young_jerran10 
#寶島夢想家 
@formosadreamers",18153,55,['寶島夢想家']
141,2019-10-16 19:27:34,與民同歡～～🤣🤣🤣 姐姐妹妹們請期待  #遠百信義A13 #Refresh,18689,46,"['遠百信義A13', 'Refresh']"
142,2019-10-16 07:25:58,"台灣的家長有90%都擔心孩子在學校被霸凌！

但是霸凌的問題永遠找不到最好的處理方式，有時候遠水救不了近火，令家長感到最難過的是，竟然孩子已經忍受了這麼多年的痛苦，直到最後才發現，但有可能已經造成了無法挽回的傷害，孩子的未來也因為被霸凌而造成巨大的影響！

由於自己是運動員出身，從小在成長過程中因為運動的關係，結交到許多好朋友，同時也從運動中鍛鍊自己的身體，更多的是從運動中學習接受挫折，訓練自己接受失敗，也勇敢繼續接受挑戰！

霸凌的問題永遠找不到最好的處理方式，但我認為學校校隊的學生運動員，或許可以在第一時間幫助被霸凌的孩子脫離困境，所以我鼓勵所有的學生運動員和校隊的教練，平日除了刻苦訓練、努力為校爭光之外，另一件很重要、很重要、很重要的責任⋯就是要主動關心和保護學校比較弱小容易被欺負的同學，當看到或聽到有霸凌事件時、要勇敢的站出來保護被欺負的孩子⋯一個人的力量也許有限，但全隊的力量就完全不一樣！

當孩子在被一群人圍毆的時候、甚至是正在被逼著做一些不堪的事情當下⋯
被霸凌的人根本沒機會打電話求助，也許他全身上下早已遍體鱗傷，慘的是還要繼續被打，而且霸凌的次數絕對不止是一節下課的那十分鐘⋯而是度日如年的每一天，被霸凌的人就像活在地獄般的痛苦！

絕對不是鼓勵以暴制暴或是私刑教育，而是在最危急的時候，這群體格比同年齡強壯的學生運動員，有可能會是你孩子唯一能找到的避風港，至少在被打的時候知道該往體育館或是哪個教室跑，教練及老師也有責任直接進行通報，請校方甚至是警方強制介入”積極”處理,絕不接受任何妥協！

同時我非常鼓勵所有家長，可以早一點藉由運動讓孩子的人生更豐富，參與學校的運動項目，學習融入團體生活⋯就算實力無法加入校隊，但還是可以鼓勵孩子參與球隊或社團的行政職務或後勤工作，包括校內外的活動安排，球衣和校隊的視覺設計，影片內容的製作和報導，組織校內加油應援團，甚至是學校的主場經營等等⋯這些都是能結交到許多朋友的機會，當有了群體生活後，很多遺憾也許就不會發生了！

期待所有學生運動員、除了運動場上努力爭取最好的成績之外，也請把保護弱小同學這件事當成一種榮譽和使命！

真正的榮譽不是最後的那張成績單⋯
而是你願意伸出援手幫助別人的那顆心！

教育可以不一樣

請所有父母一定要重視霸凌這個非常嚴重的問題！",28009,148,[]
143,2019-10-15 09:55:25,"你們知道盪鞦韆、小飛俠、綠巨人、小黑⋯這些代號是什麼嗎？！ 孩子在求學過程的痛苦指數越來越高，我聽過有的孩子在學校有的被打、被罵、被吐口水、被圍毆、被勒索湊錢、被逼著喝尿、最後還要跟對方下跪道歉被拍影片、然後上傳給全校學生欣賞⋯回家看自己的IG和FB留言，繼續在網路世界被全校霸凌，這些如果發生在大人身上都無法承受了，那更何況是孩子們！

他們內心的恐懼往往不敢說出口，怕家長或校方處理的方式太極端，反而影響了自己在學校的人際關係，或是把霸凌這件事用非常「消極的態度」去處理⋯在無助又崩潰的情況下，孩子被霸凌不敢跟父母說出口這是最讓人心疼的⋯這些事情的累積到最後都有可能會讓孩子走上絕路！

所有的爸爸媽媽請把處理「霸凌」這件事的順位，擺在考試成績或是才藝課程之前⋯

所有霸凌者和打人的家長們，你們有義務和責任去了解⋯你的孩子在學校及網路上幹了什麼惡劣的事！
請不要再假裝你的孩子是個乖巧又聽話的孩子，如果已經發現你的孩子在學校欺負人了，請你們放下手邊的工作、用盡全力去教育你的孩子，阻止他繼續做這些蠢事，這是最直接能幫助到被霸凌的同學逃出他的地獄生活！

請所有的家長一起重視「反霸凌」

你的積極態度救的不止是一個孩子，而是一整個家庭！

我們這一代有責任和使命讓孩子能快樂健康的成長！

https://www.businessweekly.com.tw/careers/blog/25620",78952,737,[]
144,2019-10-14 21:32:12,"金華幫帶孩子的聚餐～
我是第一屆男生、Jason第二屆、杰倫第三屆！

雖然我們讀書都不太行～
但看起來金華國中真的是德、智、體、群、美 五育並重的學校！ 🤣🤣🤣 是不是很多金華畢業的同學，也想加入金華幫的聚會？！ 下次來個萬人吃麵活動好了！但麵要自己煮～～🤣🤣🤣 @jaychou",54200,193,[]
145,2019-10-14 13:09:36,"笑會傳染
.
.
.
.
.
.

你應該也在笑吧？！
🤣🤣🤣🤣🤣🤣🤣🤣",24206,231,[]
146,2019-10-14 12:10:04,秋天了～～～ #GENQUO,10564,8,['GENQUO']
147,2019-10-14 11:19:11,"11.16 新加坡室內體育館！

順便帶全家一起去旅遊～

Thanks Singapore 🇸🇬",16301,77,[]
148,2019-10-13 19:26:00,"回到陽明山上就懷念起20年前在文大讀書的日子！

山上的景色依然美麗，只是多了孩子們跟著我一起，試著找回學生時期跟山林間的感情！

唉～兒時的回憶瞬間湧上心頭啊！🤣 如果有機會來台灣旅遊、一定要到陽明山走走看看，記得去文大前門來碗超級好吃的”牛肉乾拌麵”喔～👍🏽",45677,201,[]
149,2019-10-12 21:42:54,現在假期全都留給孩子們了～～ ☀️☀️☀️☀️,36653,61,[]
150,2019-10-11 14:47:57,"在大巨蛋的屋頂上工作看起來真的很危險，感謝你們的付出與貢獻、真心佩服你們的勇氣⋯

為辛苦的勞工朋友加油打氣！

祝福你們一切平安！☀️💪🏽👍🏽",14966,32,[]
151,2019-10-10 20:37:05,"淡水真的好舒服～～ 台北-淡水捷運車票55元

淡水-漁人碼頭 船票-大人60元、小孩30元。

帶孩子享受超美的景色和滿滿的人情味⋯無價！

歡迎大家來台灣玩、記得去淡水走走！",43608,85,[]
152,2019-10-10 17:00:38,"一早出海玩，頭髮全亂～～
🤣🤣🤣",33369,58,[]
153,2019-10-10 10:49:16,淡水好舒服～～☀️☀️☀️,46790,160,[]
154,2019-10-09 18:05:03,"你們是不是也很擔心自己的孩子在學校被霸凌？！ 霸凌問題真的非常非常的嚴重，沒處理好有可能會摧毁一個孩子的身心靈！父母親千萬不能假裝沒發生或是用草率的態度去面對！

很榮幸擔任兒童福利聯盟反霸凌的愛心大使，希望用自己的影響力持續關注這個嚴肅的社會問題！

邀請大家一起支持「反霸凌計畫」
伸出援手幫助正在被欺負、每天就像生活在地獄中的孩子。

兒童反霸凌專線：04-2202-5399 #5

https://antibullying.children.org.tw/

@cocacola",17821,51,['5']
155,2019-10-09 13:13:34,台北時裝週 ！ @elletaiwan,10330,10,[]
156,2019-10-08 19:30:25,吃太飽⋯⋯🤮🤣😰,22430,377,[]
157,2019-10-08 10:44:36,"謝謝所有新加坡的朋友們，介紹了許多新加坡的美食和景點！

但是最多人傳給我的照片竟然是”樟宜機場”點開他們給我的照片後⋯我驚呆了！！！ 這個機場簡直就像是仙境！所有人提醒我離開新加坡早一點到機場，感受一下新加坡最引以為傲一座有”瀑布的機場”. 但⋯裡面應該也有很多好吃的吧？！ 🤣🤣🤣",59356,315,[]
158,2019-10-07 23:00:54,人體自拍神器～🤣🤣🤣 @elletaiwan #台北時裝週,19979,12,['台北時裝週']
159,2019-10-07 20:51:36,夜游～～～🤣,17964,54,[]
160,2019-10-07 14:22:59,"兩兄弟好久沒看麻麻的演唱會了～～ 這次準備在范范新加坡演唱會的時候，帶著孩子去新加坡看媽媽唱歌，順便帶著全家一起去走走～

麻煩新加坡的朋友推薦一些好吃的餐廳？
想每一間都去嚐嚐～～～ 嗯～兩兄弟不吃辣！
麻煩推薦小孩也愛的地方！🤣🤣🤣 Thanks Singapore 🇸🇬",36708,490,[]
161,2019-10-06 21:26:33,"這場服裝秀真的很用心，結合了東西方文化的創意，更重要的是藉由時尚讓世界可以看見台灣的本土設計師！

台灣真的太需要這樣的活動⋯讓每個參與的人都感受到不一樣的文化和藝術！

Thanks  @elletaiwan 的用心!

#TaipeiFashionWeek
#時尚有你才有未來 #ELLEx臺北時裝週  #臺北時裝週 #ELLE挺起來 #ELLETAIWAN #BMW #X7",11193,35,"['ELLETAIWAN', 'ELLE挺起來', 'X7', 'TaipeiFashionWeek', '臺北時裝週', 'BMW', 'ELLEx臺北時裝週', '時尚有你才有未來']"
162,2019-10-06 20:12:46,"好棒的台北時裝週！ 
Thanks @elletaiwan

#TaipeiFashionWeek
#時尚有你才有未來 #ELLEx臺北時裝週  #臺北時裝週 #ELLE挺起來 #ELLETAIWAN",34285,475,"['ELLETAIWAN', 'ELLE挺起來', 'TaipeiFashionWeek', '臺北時裝週', 'ELLEx臺北時裝週', '時尚有你才有未來']"
163,2019-10-06 17:22:18,"今晚台北時裝週、準備狂一波！

@justinxx_official 
@elletaiwan

#TaipeiFashionWeek
#時尚有你才有未來  #ELLEx臺北時裝週  #臺北時裝週 #ELLE挺起來 #ELLETAIWAN",31378,76,"['ELLETAIWAN', 'ELLE挺起來', 'TaipeiFashionWeek', '臺北時裝週', 'ELLEx臺北時裝週', '時尚有你才有未來']"
164,2019-10-06 11:54:21,放電的好地方！,22130,39,[]
165,2019-10-05 21:53:18,"小燕姐一上台，眼淚一直滑下來⋯

恭喜傳奇人物小燕姐獲得終生成就獎！

謝謝您對社會的貢獻！向您致敬⋯⋯",71940,162,[]
166,2019-10-05 20:41:13,"小男孩的午後時光！

長大後就等女孩加入了！ 🤣🤣🤣☀️☀️☀️",28792,23,[]
167,2019-10-05 19:45:30,他餓了！,13379,75,[]
168,2019-10-04 17:23:06,"我爸年輕的時候也很注重穿搭⋯

我覺得時尚是一種態度、也是一種傳承！

兩兄弟和爺爺穿越時空的三代時尚照！😎",50661,128,[]
169,2019-10-04 09:16:42,"謝謝小燕姐照顧了演藝圈的每一個人，也帶領大家努力做公益，謝謝小燕姐為社會所做的一切努力和貢獻！

我們也會繼續努力向您看齊！

Thanks for everything 
#一人一張小燕姐 
#終生成就獎",47066,84,"['一人一張小燕姐', '終生成就獎']"
170,2019-10-03 21:45:12,今天來做個火箭～～ 感覺兩兄弟蠻有天份的！🚀🚀🚀,25789,75,[]
171,2019-10-03 17:04:48,"這兩位年輕人在我辦公室外面唱歌⋯⋯ 他們的歌聲確實影響了我工作的情緒，不得不出去外面看一下，因為真的太好聽了！

這兩位部落青年用他們的歌聲為台東爭光～～ 加油加油加油！願上帝祝福你們 @kkkk341448 @shanhay_music 
@starettoday  #聲林之王",21892,79,['聲林之王']
172,2019-10-03 11:22:15,"這兩位姊姊 Carol姐 和Annie姐，從我是小球員時代第一份的Nike合約開始、一路看著我變成現在父親的角色，也看著范范從少女變成賢慧的媽媽⋯

突然發現這段緣份已經20年了！ 
過程中確實也經歷了人生許多美好的時刻，僅用 #同28 最肥美的海膽、向兩位姐姐致敬！🤣🤣🤣🤣 @annienikeconverse",20810,15,['同28']
173,2019-10-03 00:50:27,"上海的小姑娘張芮僑現在正在聲林之王比賽，之前就在網路上看過她的表演～
今晚有機會聽到她現場演出真的很棒，希望能讓更多人聽到她的聲音，也期待她未來的發展！加油Uri 💪🏽",13749,57,[]
174,2019-10-01 21:51:22,"麻麻辛苦了！自己拍完還要照顧三個～～🤣🤣🤣
@elletaiwan",33327,55,[]
175,2019-10-01 09:39:13,"ELLE 10月號我們父子三人合拍封面！

ELLE 安排媽媽自己來一本辣的封面， 這算是另類的全家福封面故事！
🤣🤣🤣 @elletaiwan",26371,60,[]
176,2019-09-30 21:32:20,"ELLE 10月號～明天可以買一本紀念一下！

只能說兩兄弟真的很會⋯⋯🤣🤣🤣 @elletaiwan #elle @ellethailandofficial @ellekorea @ellejapan @elleusa @ellehongkong",79418,274,['elle']
177,2019-09-30 16:16:50,"范范和老蕭 用最美的歌聲獻上祝福～

這應該是最棒的結婚禮物了吧！🤣🤣🤣 Jeremy & Joyce要永遠幸福哦！",45256,121,[]
178,2019-09-30 10:28:31,"Dear Jacky 我們把妹妹嫁出去了！❤️ 昨天以”結案”的心情主持婚禮，因為新娘 @joycewenyuchang 是我好友的妹妹，認識Joyce 的時候她才8歲，一轉眼已經穿上美麗的婚紗了！ 
整個婚禮非常的溫馨感人，范范和老蕭也用歌曲為他們獻上最美的祝福～～ 我想在天上的Jacky 一定也能看到他最愛的妹妹現在很幸福！

祝福Jeremy & Joyce 一切平安

執子之手 與子偕老🌹🌹🌹",44741,36,[]
179,2019-09-29 15:46:52,他們說要蓋立體停車場！🤣,17019,30,[]
180,2019-09-28 22:35:20,"面向大海，就好像人的心靈面向著無限遼遠。它的寬闊、寧靜、洶涌、奔流一如人生必需走過的道路。

有空來花蓮走走吧！",14970,50,[]
181,2019-09-28 11:22:20,兩兄弟努力完成的新作品～～ 😱😱😱,49630,217,[]
182,2019-09-27 13:54:13,"到花蓮比賽順便也藉機放鬆一下，享受一下花蓮悠閒的生活方式！

有什麼地方或美食餐廳必去的，大家可以推薦一下！？ 這個城市在地震發生後，觀光旅遊業確實發生了很巨大的影響，我們能做的就是把夢想家整個團隊都帶來，除了參加觀護盃之外，也希望可以用行動支持這個城市！

每年我們選在花蓮召開股東會，在比賽之餘也把花蓮的風景和美食介紹給大家，希望大家有空也來花蓮旅遊，感受一下這個台灣最美麗的城市。",26893,145,[]
183,2019-09-27 12:48:58,"終於來看看花蓮有名的貨櫃星巴克了！ 
有空來花蓮喝一杯咖啡吧～～🤣🤣🤣 #starbucks",36051,98,['starbucks']
184,2019-09-26 15:33:45,花蓮真的超美的！今天球隊輪空，我們到七星潭耍廢，順便幫我球隊的股東夥伴保守的”立宗哥”拍了一組藝術照留念一下！🤣🤣🤣 歡迎大家有空可以來花蓮玩！ @litsungchen,48129,175,[]
185,2019-09-26 13:22:53,有空一定要來花蓮玩！舒服～～～～～,19124,91,[]
186,2019-09-26 12:41:48,謝謝花蓮的球迷朋友們！Let’s go Dreamers,10100,10,[]
187,2019-09-25 16:40:16,"以戰代訓調整新陣容的狀態，用更謙卑的心去面對籃球！
晚上19:30出戰ABL勁旅泰國吸血鬼隊，請鎖定寶島夢想家FB的現場直播！",12639,19,[]
188,2019-09-25 12:43:04,"小S的大女兒曦文超有靈氣的⋯

覺得好驕傲！ 🤣🤣🤣 @elephantdee",38528,142,[]
189,2019-09-24 22:24:12,"這位司機先生他代表著台灣服務業的精神、同時也完美詮釋了花蓮最美麗的風景！

向花蓮中美車行致敬，也謝謝你們對台灣服務業的努力和堅持～～ 生命總是會給我們答案，只要你肯等一等，生活的美好，總在你不經意的時候，盛裝蒞臨。",19238,103,[]
190,2019-09-24 12:18:19,"Game Time 13:00 出戰九太科技！

請鎖定寶島夢想家FB  現場直播。",9553,13,[]
191,2019-09-24 09:05:13,"柏智加入後瘦了5公斤了，只能說他很幸福，因為總教練和學長們都非常喜歡他，願意把所有的細節都傳授給他！

這真的是很寶貴的經驗！
下午13:00出戰九太科技！請鎖定寶島夢想家FB現場直播⋯

花東地區的朋友，有空歡迎來球場看球喔！",13199,20,[]
192,2019-09-23 18:24:36,世界是很美好的！謝謝上帝這麼眷顧我們家～～,61084,132,[]
193,2019-09-23 13:55:40,"接妹妹和寶寶出院去月子中心調養一下！

只跟我妹說：好好享受在月子中心的日子，

媽媽們才知道為什麼⋯ 🤣🤣🤣🤣🤣
@ilovevicky123",22480,109,[]
194,2019-09-22 22:39:16,"Never underestimate your power to change yourself!

永遠不要低估改變自我的能力！",16847,33,[]
195,2019-09-22 14:38:01,"星期天我們照常練球，謝謝皓宇國際的大J哥建造了這麼棒的訓練環境！
明天出發去花蓮打觀護盃，花東的朋友到時候球場見啦！
#寶島夢想家  @formosadreamers",12992,15,['寶島夢想家']
196,2019-09-21 20:28:08,魔術還是要天份的⋯被破梗真的很糗！🤣🤣🤣,25623,236,[]
197,2019-09-21 16:29:03,"看來我們教練也很知道，球迷想看到什麼樣的組合～
昨天排出田壘+世念+學林+阿敏+宗憲 
這個純本土陣容內容真的很不錯，攻守兩端都很有默契，畢竟也在中華隊合作久了！

新球季請大家準備到我們主場⋯
看看這個”看一場、少一場”的經典陣容！",15371,38,[]
198,2019-09-20 23:09:55,"這支隊伍非常的強悍，陣中有多名韓國國家隊的成員，包括KBL身價最高的金鐘奎。

這場訓練賽兩隊比分都咬的很緊，最後沒能贏下比賽確實有點可惜，但在攻防兩端確實讓我們得到很棒的訓練效果！

下禮拜前往花蓮打觀護盃，繼續以戰代訓的方式，讓團隊變的更好！

謝謝皓宇國際提供了這麼棒的場地！",15956,39,[]
199,2019-09-20 21:45:27,"夢想家打完比賽一起聚餐，讓球員和家屬還有教練團、以及辛苦的熱血團隊可以更像家人一樣團結！

謝謝 @secondfloorcafe 的熱情款待，讓我們從食物中感受到滿滿的溫暖！

Thanks Frank!",19262,17,[]
200,2019-09-20 14:01:06,"辛苦了小北鼻，因為早產的關係，身體還是需要住在保溫箱內，謝謝大家的祝福，我們全家都充滿著喜樂的心，迎接這兩個新生命來到這個美好的世界！

看得出來黑媽很爽嗎？！🤣🤣🤣",54561,157,[]
201,2019-09-20 11:55:04,"不防守就不用上場!我們新任總教練 @kylejulius33 真的蠻硬的！

我也喜歡這樣的治軍風格！
#寶島夢想家",10923,24,['寶島夢想家']
202,2019-09-19 23:03:25,"在訓練了兩個禮拜後，開始安排訓練賽！主要是用比賽來找到比賽的狀態，同時也藉由訓練賽找到需要修正的問題！
明天將要對上韓國KBL DB源浦，希望能以戰代訓讓團隊的默契變的更好！

Let’s go Dreamers",13294,45,[]
203,2019-09-19 20:46:29,"夢想家 vs 台銀 友誼賽！
一起為台灣籃球努力💪🏽",14053,22,[]
204,2019-09-19 14:50:50,"我們家多了兩個新成員，我妹的雙胞胎今天來到這個世界！一個哥哥、一個妹妹～～感謝上帝讓孩子和媽媽都很平安！

飛飛翔翔正式升格為哥哥了！以後家裡應該更熱鬧了！🤣🤣🤣 看到他們來到這個世界真的很美好、感謝大家的祝福！ @ilovevicky123 好好保重身體喔！",111966,549,[]
205,2019-09-19 13:31:24,"在家自己煮一碗牛肉麵，厲害吧！！！ 其實是都包裝好的啦～～🤣🤣🤣 每次吃到都會想起黑人牛肉麵的創始人
劉伯伯，他的綽號也是”黑人”🤣 謝謝他烹調了這一碗充滿回憶的牛肉麵！也讓 @blake_6 繼續傳承這碗擁有40年歷史的 #黑人牛肉麵 
我們每次吃到它都會想起您！

哥吃的不是牛肉麵、哥吃的是回憶與思念！",30087,132,['黑人牛肉麵']
206,2019-09-18 23:20:47,"請期待寶島夢想家！

謝謝 @hao_basketball 的照片！",15855,36,[]
207,2019-09-17 17:32:32,"怕被斷章取義，所以紀錄了一下！！！ 最近事件的過程、我也順便有機會說明一下！

希望大家還是關注每個人的作品，不要製造仇恨與對立！

給彼此更多的空間去面對自己的人生。",29524,249,[]
208,2019-09-17 13:27:25,LOVELIFE x GRAHAM,26783,116,[]
209,2019-09-16 23:52:07,"確實走心了⋯ @jaychou 
強大的組合！ @ashin_ig",61335,245,[]
210,2019-09-16 21:42:05,小朋友的書房變成舞蹈教室～～ 加油加油💪🏽💪🏽💪🏽 但⋯請跟上拍子！🤣🤣🤣,41296,213,[]
211,2019-09-16 17:41:39,"新任教練Kaly的訓練氣氛真的很棒，讓所有球員都很投入在訓練中，阿敏和宗憲兩人在比賽過程中一來一往的對轟，真的蠻精彩的！值得期待的是宗憲新賽季可能會以控球後衛的角色登場，192CM打”控球”我想球迷應該蠻期待的～其他年輕球員真的進步蠻多的！

下次應該開放球迷進場看看隊內分組比賽？！但是要鐵粉才行～～怕爆滿！🤣🤣🤣",16595,94,[]
212,2019-09-16 11:53:19,"GRAHAM x LOVELIFE 
全球限量33支！",10773,35,[]
213,2019-09-15 22:45:29,籃球之夜！但⋯有人站太後面了吧？！ 🤣🤣🤣,26958,120,[]
214,2019-09-14 20:08:51,"親愛的，善良是你的優點，但是不要讓他成為了別人欺負你的弱點。

只要記得做一個善良和好的人，但是永遠都不要為了去證明自己是一善良的人而浪費你的時間。",57793,510,[]
215,2019-09-14 19:46:51,中秋假期出去走走～～ 祝福大家佳節愉快，一切都平安！,45094,66,[]
216,2019-09-14 14:30:13,"中秋節繼續努力！

祝福大家佳節快樂～ #寶島夢想家",11757,11,['寶島夢想家']
217,2019-09-13 23:10:23,"國中生的剋星⋯

應該有一項是碰到熱情的小孩吧！ 🤣🤣🤣",39834,54,[]
218,2019-09-12 22:31:32,"這是一個真實的籃球夢！

退伍後一直想要爭取繼續打籃球的紀松佑、從6月份開始以練習生的身份加入夢想家的練球，在過程中看到他的努力和堅持，他永不放棄的精神和場上的拼勁，也感動了我們夢想家所有的隊職員，今天他終於得到了一份正式的球團合約加入了我們！

恭喜松佑成為一個真正的職業選手，可以繼續你的籃球夢⋯同時也希望你也感謝自己那勇敢追夢的勇氣！

代表全隊歡迎 @sung.yu_chi 加入我們夢想家！

謝謝我的好夥伴 @litsungchen 幫助這孩子在追夢過程中的一切努力和付出！",15581,47,[]
219,2019-09-12 16:14:40,"我們制服組很努力的在這個夏天，為所有球迷完成了這個中華隊的夢幻組合！

彰化現在變成我們的第二故鄉，訓練和生活都在這個城市～每天都能夠感受到中部鄉親的愛！

謝謝整個城市給我們的溫暖，也感謝所有的球迷朋友在背後支持著我們！

請期待夢想家的新球季！",25217,71,[]
220,2019-09-11 22:33:19,浪漫的吃法～～🤣🤣🤣,31015,142,[]
221,2019-09-11 21:02:48,Gobert 實在太狂⋯⋯⋯⋯,11910,37,[]
222,2019-09-11 16:46:18,"令人敬佩的工作！

辛苦了，祝福一切平安！",13814,35,[]
223,2019-09-10 22:39:32,宗憲從美國回來後直接加入團隊的訓練⋯練球的氣氛非常棒，希望能夠把狀態調整好，9月底可以全員出席花蓮的觀護盃！#寶島夢想家  @formosadreamers,18511,23,['寶島夢想家']
224,2019-09-09 23:54:26,"久違了！

這集太太太荒謬了！🤣🤣🤣",24589,49,[]
225,2019-09-09 16:48:12,"最棒的禮物來了～～#2k20 
謝謝 @nba2k 的貼心，讓我也能照顧自己的哥兒們～～🤣🤣🤣",19561,61,['2k20']
226,2019-09-09 14:15:54,怕變白😎🤣☀️,22751,70,[]
227,2019-09-08 13:11:15,"親子館講鬼故事、竟然這樣也可以⋯⋯
🤣🤣🤣",18625,64,[]
228,2019-09-07 23:31:24,JET 為了要調整出手動作、我們讓他回到美國自己的母校、去找之前的投籃教練幫他一對一訓練投籃動作！ 一天投1200個、從10:00投到12:30 ！感覺的出來進步很多，希望美國回來後，讓我們看到不一樣的 @jetluciddream1988  #寶島夢想家,15372,60,['寶島夢想家']
229,2019-09-07 20:55:19,"謝謝博煒讓世界看到生命的韌性！
@leohuang2 我們以你為榮！",10757,34,[]
230,2019-09-07 10:03:08,神奇的魔法棒⋯⋯🤣🤣🤣,35881,143,[]
231,2019-09-06 13:52:57,台中的陽光☀️,26040,63,[]
232,2019-09-05 22:28:45,"看著宗憲從高中畢業到美國讀書⋯
畢業後回到亞洲繼續發展、每次狀態不錯準備要起飛的時候⋯
他的運氣真的很不好，不斷的被傷病阻擋了看似美好的籃球路！

上帝給他最殘酷的考驗，讓他歷經了無數次的傷病、讓他的籃球這條路走得很坎坷！

但我一直堅信老師總會把最難的題目、交給班上最聰明的學生

而上帝則會把最艱難的任務和挑戰、交給祂認為最了不起的子民！

宗憲加油！期待你再次起飛⋯

歡迎你加入寶島夢想家！",13409,20,[]
233,2019-09-05 20:17:22,報一隊吧！🤣,21645,56,[]
234,2019-09-05 18:10:09,Let’s go Dreamers,15938,57,[]
235,2019-09-05 10:49:58,"期待JET 再次起飛⋯

歡迎張宗憲加入寶島夢想家！",16678,65,[]
236,2019-09-05 08:56:51,"昨天深夜范范又摔了一跤，下巴摔了一個洞，當下緊急打給認識的診所，謝謝醫生在最短的時間內幫范范縫合好傷口⋯

以後還是開燈睡好了⋯😰😰😰",84227,2384,[]
237,2019-09-05 00:06:42,"歡迎張宗憲加入夢想家

JET 期待你再次起飛 @jetluciddream1988",12732,61,[]
238,2019-09-04 18:54:00,"有人說你們是不是簽了小亨堡的弟弟⋯

我媽更”ㄎㄧㄤ”一進門就恭喜小亨堡加入夢想家！

@h78224 我會好好照顧妳弟弟的！🤣🤣🤣",31224,260,[]
239,2019-09-04 12:11:24,歡迎柏智 @wang_1029 加入 #寶島夢想家 【ABL寶島夢想家引進 UBA重量級中鋒王柏智加盟】 【9月4日，台北訊】寶島夢想家球團對禁區補強將目光鎖定在年輕本土球員，曾有中華白隊經歷的王柏智是最佳人選，肯定他在UBA及效力中華隊時的表現，為提升球隊本土禁區戰力及培養潛力新秀，球團積極邀請王柏智加盟寶島夢想家。  擁有瓊斯盃中華白隊國手資歷的王柏智22歲，身高195公分體重125公斤，畢業於國體大，106學年度助國體大奪下UBA冠軍 (場均11.2分 6.5籃板1.1火鍋)打出代表作，隔年大四因傷病困擾僅參與4場球賽，而夢想家看準王柏智的禁區腳步、跳躍能力、身體厚實度，對上ABL外隊的本土球員有一定壓制能力。  夢想家球團對王柏智的加入表示，培養年輕的本土球員，一直是球隊的核心價值、中心思想，如去年球團發現張耕淯有潛力天賦，需要機會證明身手，而今年相中了王柏智，領隊陳建州對於網羅王柏智說到：「柏智的體型跟打法、樂觀的態度，好像看到高中的自己，這幾年來他在場上的貢獻讓大家非常期待，希望他加入之後能和前輩多學習，這也是球隊的老中青三代傳承。夢想家提供舞台延續球員的籃球夢，希望年輕球員把握機會在場上地盡情揮灑。」 與近期加入夢想家大家庭的新戰力們一樣，王柏智已到隊上報到，開始參與球隊季前訓練，正為9月24至9月29的花蓮觀護盃做足準備，屆時將會以全新的寶島夢想家陣容應戰，另外10月底球隊將前往馬來西亞參加馬來西亞國際邀請賽，更多資訊請球迷鎖定寶島夢想家官方粉絲團。,20695,67,['寶島夢想家']
240,2019-09-03 23:46:10,"謝謝范范的表弟Bryan讓阿敏”回家打球”的影片，增添了不一樣的質感！

用小提琴歡迎阿美戰士回家！

Thanks @bryanlee_violin #寶島夢想家",15052,24,['寶島夢想家']
241,2019-09-03 14:30:14,防守訓練⋯很硬！,17320,43,[]
242,2019-09-03 11:05:49,這是最難分辨的人⋯,64814,603,[]
243,2019-09-02 21:17:53,"練完吃一頓好的！

明天請繼續加油～ #寶島夢想家 
謝謝 #昭日堂",18287,23,"['昭日堂', '寶島夢想家']"
244,2019-09-02 18:53:16,"夢想家開訓第一天大家都非常的投入訓練！

新任總教練 Kyle Julius 非常強調防守，第一天就真槍實彈的演練！

請大家期待新球季夢想家全新改版！",17280,33,[]
245,2019-09-02 12:40:40,歡迎回家！,11336,27,[]
246,2019-09-02 11:33:06,"歡迎阿敏正式加入 #寶島夢想家 
@chin_min05 @formosadreamers",18426,45,['寶島夢想家']
247,2019-09-02 00:13:59,親愛的夢想家球迷朋友～～準備換我們狂了！,9793,12,[]
248,2019-09-01 22:38:22,"專為女孩們設計的訓練基地 F infinite 
9月的課程可以參考看看，自己變得更Fin 更美的好地方～～only for girls!!! 報名專線：02-2568-2660

台北市南京西路1-2號7樓",9246,21,[]
249,2019-09-01 21:37:51,范范的表弟 @bryanlee_violin 雖然回台渡假，住在我們家每天都在家練習！這禮拜感覺就像住在音樂學院的宿舍，每天都感受到世界級音樂的氛圍⋯但五線譜我還是一個音符都看不懂！🤣🤣🤣,17274,62,[]
250,2019-09-01 14:27:05,看起來狀態很不錯～～～ 準備好了嗎？！ @chin_min05,15242,43,[]
251,2019-09-01 10:07:38,"紐約法拉盛

#春陽茶事 
@chunyangtea_newyork 
133-41 41st Ave Downtown Flushing, New York",13558,67,['春陽茶事']
252,2019-08-31 23:35:34,這⋯⋯這太不合理了吧！😱😱😱,17520,209,[]
253,2019-08-31 22:10:37,準備狂一波！ #自己的籃球自己救,11185,16,['自己的籃球自己救']
254,2019-08-31 13:51:05,"期待已久！

全黑系列⋯

Thanks @beatsbydre 
#powerbeatspro",14002,60,['powerbeatspro']
255,2019-08-31 10:21:58,"這個絕對是目前台灣最棒的專業室內場館！
謝謝大J哥和晧宇團隊的努力和貢獻～

他說今天晚上18:00-22:00 開放給愛打球的人免費試打！

但請帶著一雙乾淨的球鞋，因為要共同維護並珍惜這樣的球場！

Thanks for everything @hy_basketball #晧宇國際籃球培訓中心",14090,99,['晧宇國際籃球培訓中心']
256,2019-08-31 01:03:23,"謝謝妳的這首歌 @fanfan 
看你沉沉的睡去
忍不住輕抱著你
孩子般的 無邪安寧
幸福就那麼篤定
突然想寫一封信
給我最親愛的你
看你不畏懼 一股傻勁
有時候多不忍心
夜裡 無聲眼淚驚天動地
我心疼你 為何倔強執迷
半夢半醒 你說再多打擊 也不放棄
也曾失望傷過心 你總相信
那片烏雲 會散去
從沒變的孩子氣 常讓我生氣卻又著迷",22024,147,[]
257,2019-08-30 23:23:00,"在家聽世界級的演奏會～～～
范范的表弟 @bryanlee_violin  真的好強！",21919,60,[]
258,2019-08-29 22:13:03,猜到了嗎？！🤣🤣🤣,18979,66,[]
259,2019-08-29 19:16:33,猜猜拍什麼⋯⋯🤣,12958,80,[]
260,2019-08-29 16:32:33,這球應該是史上最難超越的拉桿吧？！😱😱😱,19626,184,[]
261,2019-08-29 09:51:41,"春陽茶事在紐約

@chunyangtea_newyork 
#春陽茶事紐約

Flushing, New York",12647,39,['春陽茶事紐約']
262,2019-08-28 00:25:35,跳水特訓～～🤣🤣,65973,309,[]
263,2019-08-27 22:48:33,"帶孩子游泳膚色就是暑假的徽章～～ 感覺色卡已經升了兩級！！！
🤣🤣🤣",45421,156,[]
264,2019-08-27 19:01:34,"歡迎夢想家總教練 Kyle Julius 
期待我們能激發新的火花💥 
@formosadreamers 
#寶島夢想家",10253,12,['寶島夢想家']
265,2019-08-27 12:17:41,波希米亞狂想曲 我認為應該是有史以來最難駕馭的其中一首歌曲！ @bryanlee_violin 和他的樂團夥伴 @doverquartet 他們用古典音樂來演奏這首經典搖滾歌曲 #bohemianrhapsody 真的好厲害！發現 @fanfan 的家人音樂基因都好強⋯但運動的基因還是要靠我啦！🤣🤣🤣,13108,52,['bohemianrhapsody']
266,2019-08-26 23:49:16,深夜的籃球聚會～～ @jaychou 夢想家需要你！🤣🤣🤣,56292,173,[]
267,2019-08-26 20:28:34,"他平常都在世界各地表演，這幾天來台北玩，在家即興演出Lovelife 的主題曲給我們聽，真的好崇拜會樂器的人～～
希望大家有機會能看到他們樂團的演出 @doverquartet",38733,204,[]
268,2019-08-26 17:22:18,"眾所矚目的本土球員補強！球場上的X因子，從1號打到5號⋯被譽為最難纏的傢伙！球風偏Zion. 
歡迎 @h78224 蒞臨現場指導～",15268,53,[]
269,2019-08-25 22:21:36,下次應該請媽媽演野狼的～～🤣🤣🤣,32757,157,[]
270,2019-08-25 12:18:53,自己的盔甲自己做～🤣🤣🤣,25763,88,[]
271,2019-08-24 21:01:49,麻麻講故事時間～～❤️🤣🎈,24162,55,[]
272,2019-08-23 22:03:09,去旅行必須帶的東西～～🤣🤣🤣,29877,68,[]
273,2019-08-23 20:17:50,"Wellcome to the Dreamers 
接下來請期待本土的補強名單！

#寶島夢想家",8617,9,['寶島夢想家']
274,2019-08-23 15:51:47,"歡迎克羅埃西亞籍長人多梅高·布巴羅(綽號簡稱：波波)加盟我們夢想家。

新的禁區支柱波波，身高7呎(212公分)28歲，出生於波士尼亞與赫塞哥維亞(簡稱波赫)克羅埃西亞籍。雖沒有NCAA一級大學背景，但從18歲就打職業聯賽(波士尼亞一級)，也打過克羅埃西亞U16,U18,U19,U20國家隊，在歐洲籃球生涯打過波士尼亞、愛沙尼亞、亞得里亞海、波羅的海、立陶宛、德國、希臘、喬治亞以及克羅埃西亞聯賽！

請期待接下來本土球員的補強計畫！

Wellcome to the Dreamers @bubi_7 
Dobrodošli sanjaru, voljet ćemo vas poput vaše obitelji.

#寶島夢想家 @formosadreamers",11134,20,['寶島夢想家']
275,2019-08-23 11:41:29,10月14日范范去英國🇬🇧 倫敦的朋友請準備一下！,21444,47,[]
276,2019-08-22 14:14:38,"范范巡演下一站英國🇬🇧 10月14日倫敦見！

快去搶票吧～～ https://www.axs.com/uk/events/380853/fanfan-tickets?skin=indigo",16735,53,[]
277,2019-08-21 23:43:21,"我們都在期待你走進球場，接受所有球迷的歡呼～

博煒大家都幫你加油打氣！

let’s go @leohuang2 
#寶島夢想家",37931,167,['寶島夢想家']
278,2019-08-21 21:31:30,#下半場,12562,33,['下半場']
279,2019-08-21 19:52:01,"歡迎 @cullenrusso_ 加入寶島夢想家。

羅素身高6呎9寸(206cm)體重109公斤，在NBA G-League的體測數據記載羅素脫鞋身高206公分，球風奔放，面框進攻技巧多元，籃板及防守積極能有效壓制對手鋒線。

年僅25歲的羅素畢業於NCAA D1 Fresno state 期待他能有精彩的發揮！

Welcome to @formosadreamers  #寶島夢想家 #自己的籃球自己救",11011,17,"['寶島夢想家', '自己的籃球自己救']"
280,2019-08-21 14:33:30,"當你能開始真心地為他人感到快樂、而非嫉妒別人時⋯
你的人生也會開始變得非常快樂！ by @garyveechinese",41391,174,[]
281,2019-08-21 07:24:13,好久沒聚聚～～ 🎈💪🏽✊🏽,21948,46,[]
282,2019-08-20 18:00:44,夭壽⋯⋯,14470,42,[]
283,2019-08-20 09:33:07,抖了一下～～🤣🤣🤣,44532,194,[]
284,2019-08-18 21:29:57,"2009年拍攝的紀錄片！

真實的紀錄了3位15歲女孩最後的故事！

這是一部有可能改變你生命的紀錄片！

晚上10:00請鎖定

TVBS新聞台55頻道一步一腳印 
發現新台灣

Lovelife forever",24399,221,[]
285,2019-08-17 21:20:51,360度～～～ 還問我拍到了嗎？！🤣🤣🤣,33370,174,[]
286,2019-08-16 22:44:05,"Lovelife計畫一轉眼 也10年了⋯

希望這3位女孩的真實故事、能讓看到紀錄片的朋友帶著Dora 、奕華、家彣這三位女孩的祝福⋯
讓生命有一些不一樣的力量和感動！

星期天晚上10點請鎖定TVBS新聞台55頻道
一步一腳印 發現新台灣",28783,238,[]
287,2019-08-16 16:18:00,"準備換我們狂了！

@formosadreamers",24537,80,[]
288,2019-08-15 23:19:31,"歡迎志傑回家！

請期待下一季的俠獸對決⋯

The Last Dance

#自己的籃球自己救",29335,136,['自己的籃球自己救']
289,2019-08-15 20:21:21,看奶奶順便複習客家話！,22550,172,[]
290,2019-08-15 12:47:33,"謝謝二董的提攜及照顧！

期待ABL的新賽季

兄弟登山，各自努力！

Thanks for everything @richardmtsai @maggietsaitsai @ctsaii 
@aseanbasketballleague 
@fubonbraves @formosadreamers",25292,27,[]
291,2019-08-13 19:08:26,"Dreamers News│ ❗夢想応援団❗
❗HOT招募中❗ 【誠徵】看球賽老是坐不住
滿腔熱血隨時隨地牙起來
想讓對手感到壓力
想讓球員受到鼓勵
想讓我夢主場「 応硬der💪」 築夢之路 邀你相挺
#自己的籃球自己応
#応硬応硬応起來 --------------------------------
👤團長：1名 | 團長招募條件 |
1. 年滿18歲以上
2. 自認是寶島夢想家超級鐵粉
3. 可配合整季夢想家主場賽事
4. 具有領導能力及組織能力
5. 個性活潑開朗、喜歡接觸人群、有親和力
6. 有應援或主持經驗者佳 (若有相關活動影片請提供參考) | 團長工作內容 |
1. 協助應援事務統籌
2. 賽季前應援練習
3. 主場應援帶動
4. 主場活動配合 | 團長福利 |
1. 團長專屬津貼
2. 交通費補助
3. 活動現場供餐
4. 應援團專屬應援道具及服飾
5. 官方活動優先參與權 👥團員：6~10名 | 團員招募條件 |
1. 年滿18歲以上
2. 自認是寶島夢想家超級鐵粉
3. 可配合整季夢想家主場賽事5成以上
4. 個性活潑開朗、喜歡接觸人群、有親和力 | 團員工作內容 |
1. 賽季前應援練習
2. 主場應援帶動
3. 主場活動配合 | 團員福利 |
1. 交通費補助
2. 活動現場供餐
3. 應援團專屬應援道具及服飾
4. 官方活動優先參與權 --------------------------------
📋 報名方法
1. 請下載報名表 https://reurl.cc/Nz1R9 填寫相關資料並錄製一段應援影片
2. 將上述內容Email至夢想家信箱 formosadreamers@gmail.com (信件主旨ex:「夢想応援団HOT招募中 - 王小明」)
3. 報名截止日：2019.9.12",12071,69,"['自己的籃球自己応', '応硬応硬応起來']"
292,2019-08-13 12:57:07,"簡直就是藝術品⋯⋯ Thanks @michaellau @floranceyip 
#nikesb #sneakers",14684,27,"['sneakers', 'nikesb']"
293,2019-08-13 09:54:40,"我最喜歡的一首歌～

全場大合唱好溫暖！

范范巡演下一站⋯英國！🇬🇧",19538,99,[]
294,2019-08-11 19:55:24,"金華幫連線～ @jaychou 
現在打法只剩中距離了！

留得青山在、不怕沒柴燒！🤣🤣🤣",20853,52,[]
295,2019-08-11 10:05:17,Thanks for everything @jlin7  #豪友對決,53065,205,['豪友對決']
296,2019-08-10 19:51:01,"謝謝林書豪每一年都把大家聚集在一起，用籃球分享愛！❤️❤️❤️🏀🏀🏀 Thanks @jlin7 
#豪友對決",68448,427,['豪友對決']
297,2019-08-10 12:37:54,"謝謝豪哥的貼心～
Thanks @jlin7 ❤️🏀💪🏽
#豪友對決",18803,26,['豪友對決']
298,2019-08-09 14:05:46,"還好不痛⋯

也有老公愛玩這種遊戲的嗎？！🤣🤣🤣",60488,302,[]
299,2019-08-09 00:01:54,自己的盔甲自己做⋯⋯ 但弟弟也太鬧了吧！害哥哥一直出戲⋯⋯ 🤣🤣🤣🤣🤣🤣,46002,135,[]
