,time,post_caption,likes,comments,tags
0,2019-12-13 16:56:51,是週末。喝咖啡看電影吧。☕️🍿,17053,194,[]
1,2019-12-11 21:32:45,頓珍漢電影院 🍿,14347,171,[]
2,2019-12-05 14:31:57,笑顏的清酒杯子 😃🍶 。,8790,90,[]
3,2019-12-03 18:25:08,遇見巨人的手 ✋🏻🤚🏻 🏀,7924,71,[]
4,2019-11-30 15:51:39,星期六午後的咖啡時光 🌥,5190,49,[]
5,2019-11-28 18:16:42,"記得十幾年前第一次見到你，就覺得你好高好帥。我們一起打了場籃球，晚上還一起喝東西。雖然平時大家都很忙，沒有很常見面，但每次見到面，你總是很溫暖，聊聊最近好不好。

祝你在天堂快樂。
會想你的，my friend 。",83588,607,[]
6,2019-11-27 12:55:52,🙏🏻,20058,605,[]
7,2019-11-23 16:48:11,"Merci encore Chanel 
美好的夜晚

#TheNewJ12
#CocoCrush
#CHANELCruise",17312,111,"['CocoCrush', 'CHANELCruise', 'TheNewJ12']"
8,2019-11-21 18:19:50,COCO CRUSH👌🏻👌🏻 ♦️♦️ #cococrush,13292,92,['cococrush']
9,2019-11-18 19:13:14,Le crocodile et le pluvian 🐊📺🐦,10726,55,[]
10,2019-11-18 15:05:24,"紐約的Pet Bar招牌很應景～
就是今晚‼️鱷魚與牙籤鳥～🐊🐦📺",12410,70,[]
11,2019-11-17 16:09:18,"明天就是鱷魚與牙籤鳥的開播日了！
想分享一些我去年在法國拍攝時的美好回憶。
請準時收看✌🏻 Merci beaucoup～🇫🇷🐊🐦🍷",24565,148,[]
12,2019-11-15 11:40:44,有年代感的辦公式回眸 🖋,13993,111,[]
13,2019-11-15 10:31:43,致敬偉大的影視幕後團隊們，昨晚的活動真有意義。真是台前幕後皆英雄！🎥🎞🎞🎞,6366,28,[]
14,2019-11-14 22:40:35,今天是美好的一天～ 🐊&🐦,6587,70,[]
15,2019-11-14 17:33:49,Another one ELLE MAN 電影英雄。台前幕後皆英雄 🎥,13239,78,[]
16,2019-11-14 16:21:13,"鱷魚與牙籤鳥記者會大成功！連續幾天的訪問問、此刻的鱷魚只想泡個澡～
Btw Mr. Dandy 的西裝也太帥了。。
11/18/2019 超期待～ ✌🏻",19204,88,[]
17,2019-11-13 12:57:05,Soooooo cold today ~ 北京今天也太冷了......🥶,9981,114,[]
18,2019-11-11 13:39:01,晚秋的銀杏樹，是金黃色。,14911,112,[]
19,2019-11-08 20:47:59,"立冬～祝大家週末愉快 Love & Peace 
#GreyWall",10929,102,['GreyWall']
20,2019-11-08 18:10:10,"Would You Like (A) Grey Wall ?
#GreyWall (𝐀):𝐏𝐋𝐀𝐍𝐓 𝐂𝐒𝐑 𝐠𝐫𝐞𝐞𝐧𝐢𝐧𝐠 𝐩𝐫𝐨𝐣𝐞𝐜𝐭﻿
﻿
我們與戶外品牌 Hilltop山頂鳥發起的植樹計畫已上線，延伸自即將釋出的”GREY WALL”系列概念，我們在飽受沙塵暴之苦的濁水溪出海口認領了一片防風林，以台灣原生樹種打造可防治沙塵暴及保育鳥類的林帶。﻿
﻿
即日起凡購買(A)NOWHEREMAN商品，品牌會為您種下一顆樹，並於每年品牌日回報小樹近況給參與計畫者。地球只有一個，邀請您一同與我們投入綠化的行列。﻿
﻿
Proud to announce our CSR project (A):PLANT, which in partnership with outdoor brand Hilltop.﻿
It’s extended from our upcoming collaboration “GREY WALL”. ﻿
Focus on Air pollution and sandstorm issue. We plant a windbreak forest near the downstream of Zhoushui River. Use Taiwan native tree species to build up a sandstorm prevention and bird-conservation forest.﻿
﻿
We plant a tree for each purchasing of (A), ﻿
and we’ll report the forest status every year.﻿
﻿
#GreyWall #植樹計畫 #CSR #airpollution #sandstorm #沙塵暴 #慈心基金會",4030,22,"['CSR', '慈心基金會', 'sandstorm', 'airpollution', 'GreyWall', '沙塵暴', '植樹計畫']"
21,2019-11-08 16:21:33,來Ocean Box找兄弟chill 一下 🌊,10045,45,[]
22,2019-11-06 21:05:03,紮個頭髮錄節目。🥭 📺,13670,162,[]
23,2019-11-03 20:35:08,應該是台北最強的居酒屋了🏮,23855,179,[]
24,2019-11-03 16:29:07,"“Grey Wall” AR filter 
by @anowhereman_official 
Coming soon 🌱",5580,38,[]
25,2019-10-31 16:51:38,正能量之必要 🧸🎈,9115,68,[]
26,2019-10-29 19:59:06,凝視(食物)的力量 🥗,13840,110,[]
27,2019-10-22 17:06:48,"和好久不見的高中兄弟 @tony_bmonster 一起打拳！ 真的是個超酷的地方！像是在不同的次元！ 在台北的朋友不要錯過了！ 🥊🥊但⋯⋯⋯⋯真的超累😅

Fitness boxing with my high school homie @tony_bmonster ! What a cool place for boxing ! New experience🥊 new style ! It feels like in different dimension ! ICYMI Taipei people ~~~ ✌🏻and.........super tired btw......😏
#bmonstertaipei",11745,71,['bmonstertaipei']
28,2019-10-21 18:38:54,秋季的一種注目 ・Xie Xie ♟,5013,33,[]
29,2019-10-20 12:01:44,Sunday morning🥋,3876,32,[]
30,2019-10-17 15:59:26,"Life is good , coffee is good , brunch is good 🍳 ☕️👌🏻",21676,191,[]
31,2019-10-12 23:11:54,卡路里的條件・,15856,115,[]
32,2019-10-09 19:24:12,⬛️⬜️不錯的底，很帥 ⚪️⚫️,3828,34,[]
33,2019-10-04 21:22:15,今晚的燒肉就由我來吧 🍷,17769,171,[]
34,2019-10-04 16:39:30,今日拍攝花絮，好期待呀 🏕,5632,40,[]
35,2019-10-04 12:10:11,恭喜小燕姐獲得終身成就獎❗️上你的節目總是很開心也很安心（雖然百萬小學堂很緊張）。謝謝你這麼照顧每個人，也為演藝界付出了那麼多～恭喜✌🏻 （找出張陳年舊照 🤪） #一人一張小燕姐,19927,76,['一人一張小燕姐']
36,2019-10-02 13:33:51,應該是本年度最帥的頭巾了 ✖️ 笑臉咖啡☕️,15187,111,[]
37,2019-10-02 13:12:31,應該是本年度最帥的靴子了 ✖️ 丁滿 📦,4843,36,[]
38,2019-09-30 14:32:56,Le fils de l'homme 🍏 ❔,13737,60,[]
39,2019-09-28 16:15:08,低調的秋天 🍂 @anowhereman_official,5176,38,[]
40,2019-09-28 16:10:35,"秋天的紅格子🏾
棕色的羊毛衫♦️ @anowhereman_official",2425,16,[]
41,2019-09-28 15:50:42,今天是包裹本人 📦 @anowhereman_official,9909,71,[]
42,2019-09-25 12:53:09,好天氣，咬指甲、喝咖啡 ☕️ 🌞,21788,228,[]
43,2019-09-24 12:17:19,午安 ☕️,10333,97,[]
44,2019-09-19 13:21:00,閒暇時光。 🧸,28694,233,[]
45,2019-09-02 17:55:59,Stencilism 🖼 🐒 🎈🎨,12164,93,[]
46,2019-09-01 12:39:53,I,8987,74,[]
47,2019-08-31 22:09:01,"Daniel Arsham ⚪️▫️◽️◻️⬜️
❕❕❕",19219,113,[]
48,2019-08-27 20:52:22,㊗️ 36歲 👌🏻🤙🏻 🎉🎊🍫🍺 🍔,36132,962,[]
49,2019-08-17 22:31:34,沒想到今年第一個蛋糕出現了🤪 雖然不是今天，但還是謝啦～ @kimstarworld 😆👌🏻,13851,214,[]
50,2019-08-17 17:27:55,NOW I AM HERE 📍,6341,58,[]
51,2019-08-15 18:31:33,👀 Y’all on 8/17th 。✌🏻,2227,35,[]
52,2019-08-13 22:21:30,Thanks @michaellau & @floranceyip !!! What an Art Shoes!!! Sooooooo beautiful !!! 這雙鞋紀念Nike SB的Sandy Bodecker同時售賣所得將撥捐支持中國滑板運動 🛹 @nikesb,8166,60,[]
53,2019-08-11 22:06:08,同事～下班來找我 🥃🍫,12921,151,[]
54,2019-08-11 18:43:05,同學～下課來找我 ✌🏻🏫,23912,353,[]
55,2019-08-09 17:43:21,"昨晚遇到好多老朋友。很開心。
📒📕📗📘📙 🌏

#LouisVuitton #LVFW19",10325,61,"['LVFW19', 'LouisVuitton']"
56,2019-08-07 18:15:26,Family 七夕🎋與 8 8節 ♾ ❤️,37622,196,[]
57,2019-08-03 01:48:26,"請跟我一起 #MAKEAPROMISE，再度許下幫助更多弱勢兒童的承諾！
自2016年一月起至今，LVforUNICEF已募得超過700萬美金，但仍然需要我們一起努力！每售出一條Silver Lockit 手環，路易威登就會捐贈100美元至聯合國兒童基金會。
@LouisVuitton
#MAKEAPROMISE
#LVforUNICEF - Louis Vuitton for Unicef",4645,51,"['MAKEAPROMISE', 'LVforUNICEF']"
58,2019-07-31 10:41:55,,17611,407,[]
59,2019-07-29 12:11:52,好玩！野！🤙🏻 下次再來❗️謝謝FIRST影展的邀請！🎥🎞🎬📽❕,7065,67,[]
60,2019-07-28 00:15:28,感受電影的力量 Day2 📽 #first影展,13285,112,['first影展']
61,2019-07-27 13:14:38,難得的電影人聚會 🎥 #first影展,8067,59,['first影展']
62,2019-07-27 13:12:34,每天看電影 🎬 #first影展,7035,56,['first影展']
63,2019-07-27 13:10:21,第一次來First影展 📽,7761,28,[]
64,2019-07-26 13:32:34,Need some air • 青海的高原 👌🏻 #first影展,10876,116,['first影展']
65,2019-07-23 12:49:17,"Great time with bros in Chengdu , I’ll be back soon!!! F is for Future ✨🐼",12472,65,[]
66,2019-07-21 20:22:19,Say hello to my little friend 🐼 #fendidi,16878,139,['fendidi']
67,2019-07-21 02:31:09,午夜成都，遇見FENDIDI🐼。 So proud of you bro @mroscarwang 🌝,11383,102,[]
68,2019-07-17 16:09:04,80 Grandpa mode 👨🏼‍🦳🍵,21896,420,[]
69,2019-07-16 16:45:30,咖啡時光 ☕️🌞,28092,210,[]
70,2019-07-07 14:32:36,川菜永遠是首選❗️雖然辣成這樣🌶🌶🌶 The Best麻婆豆腐 🍚🥢 #繁花·精品川菜,17344,215,['繁花']
71,2019-07-06 22:08:12,"太可愛的展！在北京的朋友們千萬不要錯過！
🍏🍎🍉🍌🍓🍇🌽🍱🍣 木木美术馆新展Lucy Sparrow，《路西斯帕罗的艺术史狂想曲》展期：2019年7月6号-10月7号。展览时间：周二-周日10:30am - 7:00pm。地址：北京798艺术区D-06木木美术馆内。",7289,61,[]
72,2019-07-05 19:03:25,♠️♥️♣️♦️,9961,93,[]
73,2019-07-04 18:24:49,陪了我30幾年的”右痣”再見了，我會想你們的。👋🏻👋🏻👋🏻 #notpimple😡,23239,393,['notpimple']
74,2019-06-26 19:01:28,"今天拍攝雜誌封面 , 總編輯拿出15年前的雜誌封面。2004年。那時的我，21歲🤪。攝影師一樣是邵哥，一樣是偉雄訪問我。總覺得，好像、就是這麼一瞬。但，回頭看看自己的訪問，覺得，青春，真的無所畏懼。好像時間永遠用不完，永遠充滿著信心與希望。突然想到了一首歌想獻給當下和過去的自己：Smells like teen spirit 🤘🏻",12456,128,[]
75,2019-06-26 14:41:13,選擇高腰的男子。 ♠️,14280,115,[]
76,2019-06-19 22:04:24,謝謝上海電影節，讓我第一次擔任評審。遇見了好久不見的君如姐，還有許多優秀的影視人。SIFF團隊真的很用心，辛苦你們了。🎥🎬🍾📽,11333,82,[]
77,2019-06-18 21:22:17,"以為是劇本，原來是Menu。
外灘3號的mixture menu
#鱷魚與牙籤鳥 #欣舍",10297,72,"['欣舍', '鱷魚與牙籤鳥']"
78,2019-06-18 12:58:34,河南拉麵Sooooo good 🍜,17500,165,[]
79,2019-06-16 23:45:32,晚飯時，媽媽遇見她的偶像鄧超，老媽罕見的要求拍照😆。謝謝超哥的招待！ 也祝銀河補習班票房大賣💫,36105,148,[]
80,2019-06-16 17:47:46,第一次擔任評委，請多多指教。謝謝上海國際電影節的邀請。🎬 電影是有生命的，我們都在電影裡。不斷的你看看我，我看看你。📽,6081,58,[]
81,2019-06-14 21:51:37,Shanghai international film &TV festival D1 🎥,18551,124,[]
82,2019-06-12 18:09:23,Sliver/Black🐻 @medicom_toy @blackscalechina 下雨天💦,15680,103,[]
83,2019-06-10 22:53:59,一年一度的雙子月晚餐 👯‍♂️,13833,80,[]
84,2019-06-06 12:28:25,Keep fighting !!! 👌🏻,13636,178,[]
85,2019-06-05 17:00:16,來呀❗️打球吧 🏀,8474,84,[]
86,2019-05-29 15:20:22,"法語台詞完成🐊🇫🇷✅
La Victoire ❗️❗️❗️",8813,94,[]
87,2019-05-28 17:41:52,ADRing🎧 鱷魚與牙籤鳥 🐊🎤,11084,74,[]
88,2019-05-24 20:23:40,紀錄一下❗️(A)NOWHEREMAN Taipei 📍歡迎這幾天有空來玩玩～ 5/24-26🎉,10932,93,[]
89,2019-05-21 20:10:32,爆汗的萬耐映北京 🏀💦,10497,80,[]
90,2019-05-21 17:54:02,看完西決，就等東決了！感覺要奔一下球場了！ 🏀 🏀🏀 換鞋出發～～～ 😁,4328,46,[]
91,2019-05-20 18:31:10,溫暖的陽光☀️，貓懂的那種🐈,12403,103,[]
92,2019-05-20 11:41:09,"ELLEMEN睿士 🖐🏻✌🏻👊🏻特刊
鱷魚與牙籤鳥 🐊🕊🇫🇷 💐🍷",24212,180,[]
93,2019-05-19 22:06:19,北京今晚月真圓 🌕,11179,103,[]
94,2019-05-18 17:17:17,Summer is coming 🥥🥥🥥,14519,107,[]
95,2019-05-17 10:17:51,北京好友相聚🍷 #同香荟 食物太美味😋,18720,84,['同香荟']
96,2019-05-11 11:58:33,看的我好緊張！Respect Rocket 🚀! DubNation 🏀!!!!! 💦💦💦,16212,140,[]
97,2019-05-10 16:39:40,啡嚐Chill的午後~~~ ☕️ ❌ 3,11903,116,[]
98,2019-05-04 21:55:26,台北市的街頭（唱）🚏🍺。,12151,95,[]
99,2019-05-02 17:44:22,有人說不下會缺水。那好吧，下吧。💦💦💦💦💦😅,21031,210,[]
100,2019-05-02 13:38:04,不要再下雨了 🌨,13633,131,[]
101,2019-04-23 22:09:18,刮個鬍子焼肉之夜 🌙,20685,158,[]
102,2019-04-22 21:41:50,Polaroid 🥡🥢,16820,128,[]
103,2019-04-20 20:45:24,一點都不累☝🏻🙂🏀,14717,155,[]
104,2019-04-08 15:46:10,和阿夫利的四連拍 🐕 1個月又27天 🍜,54490,529,[]
105,2019-04-01 23:06:49,香港四月真君子。 @esquirehk April 2019 💎 🌵 ☎️,11520,103,[]
106,2019-03-30 13:32:55,在香港也要牛肉麵一下 。😋,25962,231,[]
107,2019-03-28 17:49:38,Unlock Propaganda 🔓,4618,33,[]
108,2019-03-28 17:46:46,Zen mode,5354,44,[]
109,2019-03-28 17:42:00,Louise Bourgeois 🔴🕸🕷,5919,35,[]
110,2019-03-27 19:31:12,香港的三月，藝術的季節 。#artbasel2019,20126,132,['artbasel2019']
111,2019-03-26 23:31:44,"The shapes of water @fendi 
Great night in HK 🌃",18579,112,[]
112,2019-03-23 20:53:49,La~La~ 筋 💯,23634,215,[]
113,2019-03-20 19:43:52,嗜啡之地 ☕️ ✖️ 3 👌🏻,12652,122,[]
114,2019-03-19 17:17:39,"Thanks for the 80 jersey !!!
@nba @warriors 🏀💦",5783,70,[]
115,2019-03-17 08:06:33,Embrace kindness. Forgive ignorance 。A beautiful world with irresponsible comments .,21035,315,[]
116,2019-03-11 13:21:33,謝謝昨晚香港導演會的邀請：） 香港導演會30週年 🎬 電影讓大家聚在一起，真的太美好了❗️🎞🎞🎞,20359,145,[]
117,2019-03-09 14:49:13,I’m happy 🤷🏻‍♂️,15115,99,[]
118,2019-03-04 21:55:56,燒肉服務👍🏻,35688,248,[]
119,2019-03-04 15:25:26,游泳隊,11791,188,[]
120,2019-02-28 12:55:34,有人繡帳號 🤷🏻‍♂️,20758,134,[]
121,2019-02-25 22:01:17,丹寧復興 🔵🔴,18616,141,[]
122,2019-02-23 13:17:08,看最右邊的圖。All you need is A CAP 🧶🧢,14450,141,[]
123,2019-02-20 17:44:39,遇見一隻喵星人🐱,24100,214,[]
124,2019-02-14 17:31:46,來民生社區喝杯咖啡吧 ☕️,24010,233,[]
125,2019-02-10 10:27:09,New space,7797,58,[]
126,2019-02-09 11:38:07,Part 2,11113,77,[]
127,2019-02-09 10:12:31,Part 3,5894,41,[]
128,2019-02-09 09:59:23,"Great as a sauce, Too! 🥫",9644,59,[]
129,2019-02-08 11:27:28,不管是身為電影人還是設計師，Tom Ford總是能給我們驚喜。很榮幸受到 @tomford 的邀請。,28755,180,[]
130,2019-02-07 00:58:04,CNY IN NYC 🐷🧧🧧🧧🧧🧧,24296,184,[]
131,2019-02-02 22:32:23,回家過年🧧 HAPPY CNY 🧨🧨🧨,40555,340,[]
132,2019-01-26 23:13:52,存在主義口香糖 #hellisotherpeople 👀♟,5493,61,['hellisotherpeople']
133,2019-01-15 10:28:48,Foodie Chen 🌶 Epicure No.2,23223,200,[]
134,2019-01-09 05:02:51,"I was here , These are here .",28627,216,[]
135,2019-01-07 07:58:48,OhLaLaaaa~~~~~~ 🍷,50115,357,[]
136,2018-12-31 23:12:03,Happy new year !!! 18-19 🎉,29574,437,[]
137,2018-12-28 21:38:23,2018 年末 🍶,23471,194,[]
138,2018-12-25 16:49:57,For god’s SAKE 🍶 😁,6481,65,[]
139,2018-12-24 20:50:46,Merry Christmas 🎄 🎂,31560,413,[]
140,2018-12-11 20:27:51,Santé ✌🏻大家注意身體健康 🐻,17597,490,[]
141,2018-12-09 19:11:47,是藍色 ❄️,24582,192,[]
142,2018-12-09 11:59:32,一個浪人俱樂部 ✖️❄️,25699,156,[]
143,2018-12-07 21:02:32,以帽取人 🎓 🤔,20653,177,[]
144,2018-12-06 19:46:53,Create your own RL 🏇🏻😃,10422,63,[]
145,2018-12-04 15:59:56,🏠 😃 👌🏻,27254,139,[]
146,2018-12-01 08:11:32,謝謝兄弟 @linhan_lhbb 的邀請。 非常有意思的展覽🍄 @m__woods  @nicolasparty 。 期待木木社區 🌳,21420,105,[]
147,2018-11-30 17:54:53,santé 🍷,22302,207,[]
148,2018-11-27 13:26:53,It will be my Halloween costume again next year 😂😂😂 昨天看完真的好懷念 🔥 #火王之破晓之战,9730,99,['火王之破晓之战']
149,2018-11-27 02:36:57,凌晨成功追了 2 集火王 🔥 ✌🏻,17461,157,[]
150,2018-11-26 19:26:24,Tonight !!! The king of blaze !!! 🔥 #火王之破晓之战 #thekingofblaze,9094,71,"['火王之破晓之战', 'thekingofblaze']"
151,2018-11-22 12:38:10,火王二人組的日常 🔥&🌪 #火王之破晓之战 #THEKINGOFBLAZE,28861,155,"['火王之破晓之战', 'THEKINGOFBLAZE']"
152,2018-11-21 18:10:22,🔴 FABULOUS 💄,23710,165,[]
153,2018-11-14 19:09:59,"Homemade,  Bon appétit 🍷",32260,300,[]
154,2018-11-12 19:00:31,"https://anowhereman.club
now online
@anowhereman_official
#anowhereman_official",2749,15,['anowhereman_official']
155,2018-11-12 18:21:53,"https://anowhereman.club
now online
@anowhereman_official
#anowhereman_official",4413,15,['anowhereman_official']
156,2018-11-12 18:08:55,"https://anowhereman.club
now online
@anowhereman_official
#anowhereman_official",2356,0,['anowhereman_official']
157,2018-11-09 01:04:44,Midnight in nowhere 📍,19717,154,[]
158,2018-10-28 14:17:50,昨日秋天的夜晚，謝謝師大附中的所有校友們，用心的安排一場在泳池放映的聚會。感覺非常的超現實，卻又及其寫實。17年後回到這裡，感動的像個孩子一樣，情緒也暗湧著無法言喻。也許⋯我們真的留下了一些什麼了吧。🚲 🚲,16697,329,[]
159,2018-10-16 11:27:35,鱷魚與牙籤鳥。,21563,251,[]
160,2018-10-06 19:06:50,Comme d'habitude,36008,301,[]
161,2018-10-02 21:47:45,"A beautiful day In Paris 
#CHANELByTheSea

#CHANELSpringSummer",16593,145,"['CHANELSpringSummer', 'CHANELByTheSea']"
162,2018-09-24 17:47:18,Miroir rouge 🍇,21560,190,[]
163,2018-09-23 20:13:05,Natural set ⛰,8332,58,[]
164,2018-09-18 19:56:12,美麗的雲,16505,166,[]
165,2018-09-17 17:24:18,Nowhereman・Literally,14800,111,[]
166,2018-09-14 22:27:24,Supercollider 🗻,10036,73,[]
167,2018-09-10 03:40:42,Paradise 🍷✖️🐊 #ducourt,24114,208,['ducourt']
168,2018-09-08 20:04:10,日常 / 法語臺詞焦慮的午後☕️,13087,168,[]
169,2018-09-05 18:12:22,Prendre une photo 🐜,11321,118,[]
170,2018-09-01 20:53:19,Behind the scenes 🗻,26090,236,[]
171,2018-08-31 16:22:36,Prendre une pause ⚗️🌡,16311,137,[]
172,2018-08-31 01:58:23,At the moment 🍃,14253,145,[]
173,2018-08-27 03:26:49,㊗️ 35歲 ・👌🏻🖐🏻 🎉🍷,66006,1783,[]
174,2018-08-21 23:57:59,午後歇片刻 🚲,24937,203,[]
175,2018-08-05 09:58:12,湘,31199,413,[]
176,2018-07-28 12:28:47,Même chaud ☀️,32123,336,[]
177,2018-07-19 12:07:55,"第一次設計PopSocket,chill in Chinatown ⚪️⚫️🔴🔵 #跟陈柏霖驰游唐人街 #PopSockets泡泡骚",11948,137,"['跟陈柏霖驰游唐人街', 'PopSockets泡泡骚']"
178,2018-07-16 15:35:30,普普燈 ⚪️,8720,81,[]
179,2018-07-10 17:02:34,Ombre,17637,136,[]
180,2018-07-04 14:11:27,Meme？,39016,503,[]
181,2018-07-03 00:43:35,沒看球的夜晚 ⚽️,27224,245,[]
182,2018-06-23 16:24:27,歷史性的一刻，新婚快樂❗️我最愛的妹妹。永遠幸福 ❤️🧡💛💚💙💜 🎉,52319,406,[]
183,2018-06-18 21:31:43,Wah~  So shiok ah!!! 😆🥢,26866,423,[]
184,2018-06-13 19:22:58,內在美 ⚪️⚫️,14177,148,[]
185,2018-06-10 21:13:51,是的。✍🏻🐊,54541,372,[]
186,2018-06-09 11:54:22,"Respect , be humble , celebration , enjoy the moment 🏆 #gsw2018",9855,74,['gsw2018']
187,2018-06-02 16:03:27,空氣中瀰漫著籃球的季節 🏀👌🏻,12089,151,[]
188,2018-05-26 21:35:29,恭喜兄弟，很開心參與到你人生中最重要的其中一天。祝你們永遠幸福。㊗️,60180,374,[]
189,2018-05-24 13:35:57,麻婆拉麵。🍜 ✖️🌶,38936,470,[]
190,2018-05-22 21:08:31,拍攝模式啟動 🎥,20919,195,[]
191,2018-05-16 13:31:16,Go to New York and ring the bell🔔 Should I go ? 👴🏻🤔,23749,187,[]
192,2018-05-11 17:09:22,午後的上海。 🐞,22143,234,[]
193,2018-05-05 00:58:46,SoMek night ?,34864,371,[]
194,2018-05-01 19:11:46,這個下午Latte Art ☕️,22157,268,[]
195,2018-05-01 16:02:20,修 time 💡,25590,223,[]
196,2018-04-26 14:48:25,マジ卍～ 超美的 😋,14314,292,[]
197,2018-04-25 11:06:10,ま・路 🎧,14944,213,[]
198,2018-04-24 10:45:20,拉拉麵 🍜,16033,169,[]
199,2018-04-14 17:46:32,路過。。,53803,583,[]
200,2018-04-12 09:00:53,Thank you for inviting us !  The show was awesome !!!!!Chicago !!!!!!!! 🎩 #chicagomusical,19638,146,['chicagomusical']
201,2018-04-11 21:24:10,Psychoanalysis 🏠,11403,145,[]
202,2018-04-09 05:14:46,It was a great night at Olivier Awards 。 #olivierawards,76805,670,['olivierawards']
203,2018-04-08 00:24:50,Not just cigar but history . Having 97’ Romeo y Julieta Churchill 🎩,8550,81,[]
204,2018-04-07 17:14:59,Chill 🍎,15344,118,[]
205,2018-04-07 17:05:25,It’s been a while ⏳,21810,173,[]
206,2018-04-03 17:29:58,It’s been a while 🚶🏻‍♂️,12590,232,[]
207,2018-04-03 14:21:58,Thanks NBA ⭐️,11067,93,[]
208,2018-03-30 21:54:38,潮州工夫茶之夜 🤜🏻🤛🏻,18267,311,[]
209,2018-03-26 23:19:28,⏱ & 📷,47656,513,[]
210,2018-03-15 11:25:09,午安 🗞,38981,420,[]
211,2018-02-14 18:52:24,大叔 👨🏻,38280,769,[]
212,2018-02-12 17:44:15,Sunny ☀️,23308,202,[]
213,2018-02-07 12:20:44,保佑,15218,237,[]
214,2018-02-03 14:08:07,🏠,33943,362,[]
215,2018-02-02 15:49:54,為何一直下雨 😕🤔,36205,392,[]
216,2018-02-01 17:16:46,兼具美感與口感的藝術品🍣・裝不下肚子的，就剩酒杯了吧🍶,8658,68,[]
217,2018-01-27 11:26:19,冷炸 🦔,25203,339,[]
218,2018-01-26 22:38:57,我說了涮 😬,12656,193,[]
219,2018-01-26 16:29:52,福 ・🏮,16956,217,[]
220,2018-01-26 10:20:18,北京的早晨 🌞,8860,164,[]
221,2018-01-24 17:32:48,Make it fly ⛳️,6976,66,[]
222,2018-01-24 08:01:20,早晨的微儀式感 🍽,14661,209,[]
223,2018-01-24 01:00:44,好久沒進電影院 🐴,9545,88,[]
224,2018-01-23 17:04:32,進了 🎯 🤣,33228,650,[]
225,2018-01-21 11:00:07,Ooh Wee ~~~ 😁,7026,126,[]
226,2018-01-17 16:46:08,時間・日內瓦 🕰,37939,300,[]
227,2018-01-17 16:41:51,時間・日內瓦 ⏱,32206,291,[]
228,2018-01-17 06:27:05,Great night ! #iwc,7459,48,['iwc']
229,2018-01-16 21:41:20,150 years @iwcwatches,21331,110,[]
230,2018-01-16 16:54:15,日安日內瓦 🌫,9428,85,[]
231,2018-01-14 21:43:04,午後的米蘭,33060,306,[]
232,2018-01-14 00:03:29,Ralph Lauren @ralphlauren,8483,63,[]
233,2018-01-13 19:58:54,Buon pomeriggio 🐻,27982,198,[]
234,2018-01-12 04:30:32,First night 🤘🏻,56254,429,[]
235,2018-01-12 00:08:33,First day 🍝,14014,140,[]
236,2018-01-11 19:25:40,Ciao~ 🧐,37708,348,[]
237,2018-01-05 21:19:12,從去年感冒到今年 #😷🤘🏻,25163,615,[]
238,2017-12-24 17:28:11,🎄祝福大家。,21925,411,[]
239,2017-12-14 18:51:17,Nowhere man in Iceland 📍XXXVII #eos6d2,15334,350,['eos6d2']
240,2017-12-11 15:58:31,XVII Dec ⚜️,28883,290,[]
241,2017-12-11 12:54:31,Gaze 🥠,19679,132,[]
242,2017-12-10 14:09:47,No pain no gain 鄭天籌 #假如王子睡着了,55870,674,['假如王子睡着了']
243,2017-12-10 00:17:53,📽 謝謝深圳的朋友，今天很開心🍻 #假如王子睡着了,16060,117,['假如王子睡着了']
244,2017-12-08 23:22:57,火鍋發光了・成都 🔥,48921,506,[]
245,2017-12-07 22:40:59,就是明天❗️12/8/2017 🎬 #假如王子睡着了 👨🏻‍🍳,12703,303,['假如王子睡着了']
246,2017-12-07 17:22:30,二人轉 💯 @jellylinyun #假如王子睡着了,11193,104,['假如王子睡着了']
247,2017-12-07 00:47:46,Good thing takes time ✨,13162,149,[]
248,2017-12-05 12:05:27,又見冬天的紅格子 ♦️,57399,552,[]
249,2017-11-30 17:20:54,我回來了❗️,30668,194,[]
250,2017-11-29 00:43:02,"原力與我同在 , Thank you Disney :) 🍷",32121,202,[]
251,2017-11-24 17:15:36,冬天的紅格子 ♦️,40127,414,[]
252,2017-11-24 14:02:30,和SK2合作了美好的一年，每次的旅程都特別愉快，謝謝SK2團隊✌🏻,10196,77,[]
253,2017-11-23 17:57:50,WHAT THE ROCK!!!!!!! IS COOKIN 🤯,8320,57,[]
254,2017-11-22 23:06:57,Esquire MAHB Beijing 📍,24154,125,[]
255,2017-11-17 12:52:33,Now here 🤨,21495,215,[]
256,2017-11-15 19:05:19,"My first Disney movie , I can’t wait to watch it !!! 🌙 #假如王子睡着了",24150,302,['假如王子睡着了']
257,2017-11-10 19:51:23,冰島喝咖啡的日子・懷念 ☕️,32444,167,[]
258,2017-11-08 23:57:45,長沙快本站成功❗️起飛前吃辣粉🌶  #假如王子睡着了,32033,238,['假如王子睡着了']
259,2017-11-04 02:49:48,超偏僻山區森林，善人鋪路・木屑路。覺得感恩。 🇮🇸,11569,61,[]
260,2017-11-04 02:41:42,今年・初見雪 ❄️,9402,56,[]
261,2017-11-04 02:40:13,冰島真的變冰島 ❄️,14221,63,[]
262,2017-11-02 16:56:27,"永遠忘不了的5個月在2017。謝謝所有火王幕前幕後的夥伴們。很感激，很感恩！謝謝！
大家辛苦了！🙇🏻 ✌🏻",27317,175,[]
263,2017-10-31 19:40:09,Game of Ghost 🎃 happy Halloween 👻,28910,156,[]
264,2017-10-31 18:18:54,This is Halloween 🎃,15934,109,[]
265,2017-10-30 05:56:37,Halloween mode 🎃,19176,104,[]
266,2017-10-30 04:54:14,布瀑 😜,25629,166,[]
267,2017-10-27 01:24:38,是的，很冷 ☃️,21168,230,[]
268,2017-10-27 00:45:50,Crystallized 🔹,29796,204,[]
269,2017-10-26 23:04:45,冰島的湖人 ❄️,16431,91,[]
270,2017-10-26 16:41:53,Who wants some 🍕❓,32239,578,[]
271,2017-10-25 22:49:02,Ice Iceland 🌅,26227,206,[]
272,2017-10-25 07:53:25,初見極光的凡人 🌌,17984,183,[]
273,2017-10-24 20:37:11,Dirty paws 🐾,9435,80,[]
274,2017-10-24 06:57:35,Sanbu sanbu 🌝,22598,331,[]
275,2017-10-24 06:28:51,Midnight in Iceland 🔥,22554,124,[]
276,2017-10-23 23:19:29,路過⋯⋯,12134,87,[]
277,2017-10-23 00:45:17,再次，北國的凡人 ❄️,20923,261,[]
278,2017-10-20 19:50:13,即將結束杭州拍攝飛往下一個地方。陪伴了我4，5個月的房車。會想念的。 #火王,29834,174,['火王']
279,2017-10-18 14:22:49,🎯 #火王,18198,167,['火王']
280,2017-10-17 11:32:49,外星人❓❔#火王,18300,159,['火王']
281,2017-10-12 22:14:32,收工後開心的喝酒 🍶,19676,221,[]
282,2017-10-12 13:40:52,很冷 👍🏻,31128,302,[]
283,2017-10-11 23:56:34,Need to chill out,10158,86,[]
284,2017-10-10 23:31:15,#napastrong #napavalley,4856,43,"['napastrong', 'napavalley']"
285,2017-10-10 19:08:08,我得到了一隻凱蒂 ❗️#火王,35086,475,['火王']
286,2017-10-10 12:03:16,海怪與紅鼻子 🔴,15522,147,[]
287,2017-10-08 20:25:39,It's me !! 6666 ✌🏻,33508,360,[]
288,2017-10-07 22:24:52,I had a good time 😜,14529,92,[]
289,2017-10-07 21:23:52,I had a great day 👌🏻,8965,79,[]
290,2017-10-07 13:23:40,Skr Skr ☄️,27116,173,[]
291,2017-10-05 12:13:05,無双,15576,127,[]
292,2017-10-05 12:01:50,無聊,21013,172,[]
293,2017-10-05 12:01:15,無題 #火王,31783,271,['火王']
294,2017-10-02 22:32:59,其實我是在月球上看書 🌕 #火王,22338,204,['火王']
295,2017-09-30 22:16:37,Woohoo~~~! Dub Nation 👌🏻🏀,9464,77,[]
296,2017-09-30 12:23:52,赤。,37038,248,[]
297,2017-09-30 01:21:51,深夜食糖 🥃,16607,226,[]
298,2017-09-29 22:18:17,這是幾分之幾 ❓,26256,348,[]
299,2017-09-29 20:13:58,一又三分之一 🌘 #火王,29517,229,['火王']
