,time,post_caption,likes,comments,tags
0,2019-12-11 23:22:58,"工作等待之餘的搞笑
我們的可愛與崩壞😆

#BFF#睡袍談心",22874,196,"['睡袍談心', 'BFF']"
1,2019-12-11 22:11:08,今日長這樣 🎤💃🏻 #王心凌 #Cyndiwang,17196,184,"['Cyndiwang', '王心凌']"
2,2019-12-09 13:18:20,"特意為廣州場加裝了寬又長的延伸台 
燈光、音響、舞蹈、服裝，都為了延伸台做了調整
一切都是為了讓我們的距離更靠近❤️
感受到我們滿滿的用心了嗎？
知道我對你/妳們的愛了吧！😉
前晚你/妳們的表現也很棒喔👍🏻
距離影響不了我們的熱情如火大合唱🔥
期待今年最後一場
與凌寶們12/21武漢場的相遇～

#CyndiLoves2Sing愛心凌巡迴演唱會
#新衣服美嗎 
#王心凌 #CyndiWang",12036,142,"['新衣服美嗎', 'CyndiWang', 'CyndiLoves2Sing愛心凌巡迴演唱會', '王心凌']"
3,2019-12-07 23:21:51,"今天有一個自己也沒想到的驚喜⋯
演唱生涯中，第一次在台上跌倒，
就獻給廣州了🤪🤣 #耍賴坐 #笑歪
#CyndiLoves2Sing愛心凌巡迴演唱會
#王心凌 #CyndiWang",10075,191,"['笑歪', 'CyndiLoves2Sing愛心凌巡迴演唱會', '耍賴坐', '王心凌', 'CyndiWang']"
4,2019-12-07 17:31:04,"廣州的凌寶們❤️
準備好今晚和我一起大合唱了嗎？🎤
#CyndiLoveS2sing愛心凌巡迴演唱會
#王心凌 #CyndiWang",9005,70,"['CyndiLoveS2sing愛心凌巡迴演唱會', 'CyndiWang', '王心凌']"
5,2019-12-06 13:33:00,"不管唱了幾場，每次被高掛在半空中，手心都會不自覺的冒汗⋯
有一種為了你/妳們，無論如何都要克服恐高的信念，假裝住安定自在的狀態. . . 
凌寶們～ #CyndiLoves2Sing愛心凌巡迴演唱會  #1207廣州場 ，我們明天見！
#身體很誠實",5695,115,"['1207廣州場', '身體很誠實', 'CyndiLoves2Sing愛心凌巡迴演唱會']"
6,2019-11-29 12:40:35,"和媽媽的約會❤️. . .
#媽媽滿足我就開心 🍣🥢🍶
#cyndifoodie",16476,117,"['cyndifoodie', '媽媽滿足我就開心']"
7,2019-11-27 11:58:24,💔😭,13269,384,[]
8,2019-11-26 13:19:56,"I’m your venus 🛹 😍 Thanks~❤️ @kaerusensei @meet_project @ARR.allrightsreserved
#YuNagaba #MEET_PROJECT #MEETYuNagabaGallery #ImYourVenus 
#AllRightsReserved #DDTStore",4235,40,"['YuNagaba', 'MEETYuNagabaGallery', 'DDTStore', 'AllRightsReserved', 'ImYourVenus', 'MEET_PROJECT']"
9,2019-11-21 18:34:31,"今天依舊持續著
每週至少2次的運動訓練課程💪🏻
謝謝Jeff教練今天加強照顧🙄😩
第三張照片是我帥氣的累姿🚼💦🚼💦. . . 
下課！謝謝再見掰掰🤪👋🏻
#王心凌 #CyndiWang
#當運動已成為習慣💪🏻",12376,118,"['CyndiWang', '當運動已成為習慣', '王心凌']"
10,2019-11-20 14:36:19,"下午好～～😊
#王心凌 #CyndiWang",9631,118,"['CyndiWang', '王心凌']"
11,2019-11-12 15:31:34,"謝謝澳門的凌寶們❤️
繼續送上情歌組美照～
期待12/7 廣州場、12/21武漢場的相遇～
#CyndiLoves2Sing愛心凌巡迴演唱會 #1109澳門場
#王心凌 #CyndiWang",5471,65,"['CyndiWang', '1109澳門場', 'CyndiLoves2Sing愛心凌巡迴演唱會', '王心凌']"
12,2019-11-12 15:30:18,"昨天好好休息後，
我們美好的記憶之一❤️
澳門場的歡快組美照來囉！
#CyndiLoves2Sing愛心凌巡迴演唱會 #1109澳門場
#王心凌 #CyndiWang",10510,81,"['CyndiWang', '1109澳門場', 'CyndiLoves2Sing愛心凌巡迴演唱會', '王心凌']"
13,2019-11-11 17:40:51,"結束澳門場演唱會，昨天回到家，雖然感覺有點累，但還是抱著今天無論如何都要照原定排程做健身訓練的決心，除了已養成運動習慣之外，體力這事兒不是一蹴可及的，為了又唱又跳的巡演，體能還是得好好保持💪🏻
結果，今天到健身教室，教練ㄧ看到我，問了幾句話，然後⋯
教練就把我趕回家了。
我...我太拼命錯了嗎⋯我容易嘛我🙄🥺🤣 #王心凌 #CyndiWang #1111快樂 😘",9988,122,"['CyndiWang', '1111快樂', '王心凌']"
14,2019-11-10 13:18:13,"因為喜歡+一點私心，這首我在去年專輯裡頭收錄，讓我在錄音室唱的很開心的歌，
想把一樣的開心也帶給你/妳們～
澳門場特別曲目❤️🎤
第一次公開演唱「教海鷗飛行的貓」
#王心凌 #CyndiWang",8165,137,"['CyndiWang', '王心凌']"
15,2019-11-09 18:59:22,"㊗️今晚演出成功順利
大合唱你們準備好了嗎～🎤
20:00見喔！

#CyndiLoves2Sing愛心凌巡迴演唱會 #1109澳門站
#王心凌 #CyndiWang",17024,101,"['王心凌', 'CyndiWang', 'CyndiLoves2Sing愛心凌巡迴演唱會', '1109澳門站']"
16,2019-11-09 01:50:42,"累了。晚安。來去睡💤
起步～走！🏃🏻🏃🏻‍♀️🏃🏻🏃🏻‍♀️🏃🏻‍♀️ #王心凌 #CyndiWang #CyndiLoves2Sing愛心凌巡迴演唱會 #1109澳門站",4148,52,"['CyndiWang', '1109澳門站', 'CyndiLoves2Sing愛心凌巡迴演唱會', '王心凌']"
17,2019-11-09 00:23:31,"今天小姐姐心情好✨
來個彩排大放送🥳

#王心凌 #CyndiWang #CyndiLoves2Sing愛心凌巡迴演唱會 #1109澳門站",7739,69,"['CyndiWang', '1109澳門站', 'CyndiLoves2Sing愛心凌巡迴演唱會', '王心凌']"
18,2019-11-08 22:29:24,"排練完吃飯的路上巧遇 #王心凌

#CyndiLoves2Sing愛心凌巡迴演唱會 #1109澳門站 
#威尼斯人金光綜藝館",10119,95,"['威尼斯人金光綜藝館', '1109澳門站', 'CyndiLoves2Sing愛心凌巡迴演唱會', '王心凌']"
19,2019-11-08 13:40:43,"放個風～

#CyndiLoves2sSing愛心凌巡迴演唱 
#1109澳門場 #澳門威尼斯人金光綜藝館
#咚咚咚的小金😄 
#王心凌 #CyndiWang",10073,108,"['王心凌', 'CyndiWang', '1109澳門場', '咚咚咚的小金', '澳門威尼斯人金光綜藝館', 'CyndiLoves2sSing愛心凌巡迴演唱']"
20,2019-11-03 16:29:16,"週五的練團🎤明天再練舞💃🏻
#CyndiLoves2sing愛心凌巡迴演唱會 
11/9 澳門場
我們準備好囉！你/妳們呢？😉 #團聚的力量最可貴
#Fighting咖啡💪🏻
#CyndiLoves2Sing咖啡🎵
#王心凌 #CyndiWang",8866,98,"['王心凌', 'CyndiWang', '團聚的力量最可貴', 'CyndiLoves2Sing咖啡', 'CyndiLoves2sing愛心凌巡迴演唱會', 'Fighting咖啡']"
21,2019-10-28 13:29:02,"快快樂樂出門🐶 @plutowang_ 
#PlutoWang #FrenchBullDog #Frenchie 
#王心凌 #CyndiWang",13071,100,"['王心凌', 'PlutoWang', 'CyndiWang', 'Frenchie', 'FrenchBullDog']"
22,2019-10-25 15:29:36,"看照片才發現昨晚只有我沒戴帽子🧢 
@peachanyu 
@butterfly092288 
@foodtaipei_ 
#算是不合群的一種😝
#4個很會吃的女子 #BFF",10314,68,"['4個很會吃的女子', '算是不合群的一種', 'BFF']"
23,2019-10-22 12:47:46,"#CYNDILOVES2SING愛心凌巡迴演唱會 廣州站 ⏰今天11：18 開賣囉！
時間過得好快，馬上就要到12月了！！
12/7 19:30 廣州體育館一號館
期待和你們一起大合唱喔🤗

購票網站🔗
大麥網：
https://m.damai.cn/damai/detail/item.html?itemId=600564272027
聚橙網：
https://m.juooo.com/ticket/105320
貓眼：
https://show.maoyan.com/qqw#/detail/125362?fromTag=myshare&utm_source=myshare&share=iOS
#王心凌 #CyndiWang",7652,130,"['CyndiWang', 'CYNDILOVES2SING愛心凌巡迴演唱會', '王心凌']"
24,2019-10-21 15:52:59,"團結你我，終結乳癌。

#TimeToEndBreastCancer 
#ELCTW30 
#粉紅絲帶",10534,73,"['TimeToEndBreastCancer', 'ELCTW30', '粉紅絲帶']"
25,2019-10-19 18:42:32,"今日妝容 💄💇🏻‍♀️
蘇州掰掰囉～
#髮色也是亮點✨
#王心凌 #CyndiWang 
Makeup: @emilyliu1118 
Hair: @fluxreelsunny",17269,141,"['CyndiWang', '✨', '王心凌']"
26,2019-10-19 17:10:44,"今天長這樣～
下班4連拍💃🏻 #OOTD #WIWT
#頭髮長了
Stylist: @andrew0531",26488,255,"['OOTD', 'WIWT', '頭髮長了']"
27,2019-10-18 21:48:35,"順利飛到蘇州✈️
一定要和夥伴們來場大閘蟹趴🦀️ #大閘蟹 😋",11362,98,['大閘蟹']
28,2019-10-15 13:37:02,"從高中到現在的情誼❤️
好好吃、好好喝、好好聊的昨晚
@daniellee0306 @tillyhuang 
#友誼歷久一樣濃 
#朋友還是老的好
#華崗藝校 #BFF 
#CyndiFoodie",9687,61,"['CyndiFoodie', '朋友還是老的好', '華崗藝校', '友誼歷久一樣濃', 'BFF']"
29,2019-10-13 15:56:10,"☀️🌳😄
快樂和好天氣

#王心凌 #CyndiWang #新竹",9913,75,"['CyndiWang', '新竹', '王心凌']"
30,2019-10-12 17:24:08,"週末愉快～☀️
我 x 希希 x 好友們❤️ #BFF #開心的週末聚
#少了希希的把爸麻媽入鏡🙈",15287,63,"['開心的週末聚', 'BFF', '少了希希的把爸麻媽入鏡']"
31,2019-10-12 15:21:31,"黑白、彩色
你/妳喜歡哪一種？

#有沒有發現好多Love❤️
#墨鏡鍊也是喔
#王心凌 #CyndiWang",9646,130,"['CyndiWang', '墨鏡鍊也是喔', '❤️', '王心凌']"
32,2019-10-11 17:06:56,"☀️❤️
#OOTD #WIWT
衣服 #JasonWu
墨鏡 #SaintLaurent
包 #LuluGuinness
#王心凌 #CyndiWang",16081,128,"['SaintLaurent', 'LuluGuinness', 'WIWT', '王心凌', 'CyndiWang', 'JasonWu', 'OOTD']"
33,2019-10-10 17:53:08,😃❤️ #OOTD #WIWT #ToryBurchTaiwan #ToryBurchFW19,13512,113,"['OOTD', 'ToryBurchTaiwan', 'WIWT', 'ToryBurchFW19']"
34,2019-10-07 15:50:58,"📢 @mediplus_taiwan 
美樂思在康是美上架囉！
想用還沒有用過、想買但沒有試用不敢買的朋友們～
快到附近的康是美試用日本最厲害的保濕小凝露吧！ 🎉為了慶祝這個好消息
現在起至全台康是美架上尋找
「Mediplus美樂思凝露」
拿起試用品試用後
在這篇貼文下方來描述一下試用後的心得
我們會選出3位朋友
🎁贈送美樂思系列旅行組（+我的簽名小卡）
P.S. 越有創意、越吸引人或有附上照片的朋友可能會更容易被選到唷！
⏰截止日期：2019/10/20 23:59

趕快手刀奔向康是美🏃‍♀️🏃‍♂️
一起試用美樂思凝露吧！

#Mediplus #美樂思 #保濕凝露 #AllInOne #美樂思凝露 #天然 #日本原裝 #MeaiplusMakeMePlus
#王心凌 #CyndiWang",5348,72,"['天然', '日本原裝', 'MeaiplusMakeMePlus', 'Mediplus', 'AllInOne', '美樂思凝露', '王心凌', 'CyndiWang', '美樂思', '保濕凝露']"
35,2019-10-04 18:19:42,"運動健身1個半小時後💦
接下來就是大塊朵頤的時間了🦀️ #大閘蟹 😋
#吃飽飽才有力氣運動
#有吃有還再吃不難",11850,125,"['吃飽飽才有力氣運動', '大閘蟹', '有吃有還再吃不難']"
36,2019-10-03 17:10:03,"從小看小燕姐的節目，長大後進入演藝圈上了「小燕有約」，到前陣子和小燕姐同桌吃飯，對我來說是多麼意想不到，多麼神奇的事～ 
雖然私下和小燕姐見面的機會不多，但每每總是能感受到小燕姐的溫暖力量，謝謝我敬愛的小燕姐，有您真好❤️
也謝謝佼哥的發起☺️
#一人一張小燕姐
#終身成就獎",15763,46,"['終身成就獎', '一人一張小燕姐']"
37,2019-10-02 14:03:49,"買了好久才收到...
ㄟ...可以補握手嗎.... @imqingfeng",5025,46,[]
38,2019-09-30 14:41:23,"歡迎Sis回來～🍷🍴#姐妹淘 #BFF 
#米塔颱風來襲灣灣的大家出入一切小心要注意安全喔",12217,52,"['姐妹淘', '米塔颱風來襲灣灣的大家出入一切小心要注意安全喔', 'BFF']"
39,2019-09-27 15:45:04,"謝謝昨晚的美味私廚😋
和舒服自在，漂亮的環境❤️
開心放鬆的一晚🥰",11292,65,[]
40,2019-09-22 22:38:04,"義氣幫溫馨家庭日🥰❤️ #義氣幫 
#缺二的下回請跟上☝🏻",9806,57,"['☝', '義氣幫']"
41,2019-09-18 18:37:54,"健身運動訓練開始💪🏻💦
是時候 #收心 啦～😄",13866,140,['收心']
42,2019-09-16 19:08:03,"㊗️我家托哥生日快樂🎂
健康、快樂、長壽❤️ @plutowang_ 
特別幫托哥預定的13歲生日餐🐶
犇牛三品盛合、白雞湯茶碗蒸、火星月球酥，
還有全天然狗飲品偽裝成的 狗狗專屬紅、白酒🍷

#PulutoWang #FranceBullDog 
#HappyBirthday 
#布魯托 #生日快樂 #媽咪愛你 #阿婆也愛你",14427,115,"['生日快樂', 'FranceBullDog', '阿婆也愛你', 'PulutoWang', '布魯托', 'HappyBirthday', '媽咪愛你']"
43,2019-09-13 13:16:21,"謝謝中秋禮物們🎁
感到幸福😊
@piaget 可以自己DIY設計音樂的美美音樂盒組
我代言的❤️ @mediplus_taiwan 
新品 #涼感植萃水凝露 
@shiseido #超進化底妝系列 
@popsockets #泡泡騷
@lxz.com.tw #燕窩月餅
@richardmilleofficial 港式月餅
@umgtaiwan 最愛的環球唱片白酒中秋禮❤️",4316,58,"['涼感植萃水凝露', '燕窩月餅', '超進化底妝系列', '泡泡騷']"
44,2019-09-12 21:10:37,"@Bose Tks!!! 謝謝🎁
好適合常搭飛機愛音樂的我❤️
還可以清楚的接講電話呢

#Bose700
#BoseHeadphones
#讓想像發聲",3300,44,"['Bose700', 'BoseHeadphones', '讓想像發聲']"
45,2019-09-10 12:57:10,"凌寶們！
#CYNDILOVES2SING愛心凌巡迴演唱會
「澳門站」來囉！💃🏻
日期及時間：2019年11月9日（六）晚上8時
場地：澳門威尼斯人  金光綜藝館
票價：
澳門幣 / 港幣 1,380元 （VIP 區）
澳門幣 / 港幣 980元（A 區）
澳門幣 / 港幣 780元（B 區）
澳門幣 / 港幣 580元（C 區）
澳門幣 / 港幣 380元（D 區）
船票套票 可另加澳門幣/港幣128元購買包括金光飛航往返港澳雙程船票的套票。
金光票務
• 網上訂購：www.cotaiticketing.com
• 售票處：
o 澳門巴黎人 – 一樓正門大堂售票處
o 澳門威尼斯人 – 酒店正門大堂及酒店西翼大堂售票處
o 澳門四季酒店 – 百利宮™️售票處
o 澳門金沙®️ – 一樓售票處
o 金沙城中心 – 喜來登酒店正門及假日酒店正門售票處 • 電話訂購：
o 澳門熱線：+853 2882 8818
o 香港熱線：+852 6333 6660
o 中國內地免費熱線：4001 206 618
澳門廣星傳訊
• 網上訂購：www.macauticket.com
• 門市據點資料請瀏覽：www.macauticket.com/TicketWeb/ServiceStations.aspx
• 電話訂購：+853 2855 5555
#王心凌 #CyndiWang",5245,125,"['CyndiWang', 'CYNDILOVES2SING愛心凌巡迴演唱會', '王心凌']"
46,2019-09-06 19:10:59,"昨晚第3個生日蛋糕🎂
謝謝好朋友們的陪伴慶生
平常大家都在不同領域的工作上努力
可以這樣專程有心歡聚在一起
真的很幸福開心❤️ #生日蛋糕最終回
#衣服主題是花兒 #托托蛋糕😄 #BFF
#王心凌 #CyndiWang",20482,242,"['王心凌', '衣服主題是花兒', '生日蛋糕最終回', '托托蛋糕', 'CyndiWang', 'BFF']"
47,2019-09-05 10:00:02,"九月五日來送禮🍭
水噹噹時尚包租婆造型
選在這一天PO出這組照片
來個大家沒見過的Look 
生日就是要大家都快樂呀！💕
祝我生日快樂吧～🎂 #HappyBirthDay #王心凌 #CyndiWang",14946,544,"['CyndiWang', 'HappyBirthDay', '王心凌']"
48,2019-09-04 21:40:10,"今晚回家和家人們吃飯❤️
吃了第二個生日暖壽蛋糕🎂
我手上抱的托托、我旁邊的表姐、拿蛋糕的舅舅、抱著女兒的弟弟、媽媽旁邊紅色上衣的叔叔，我們都是處女座♍️✌🏻😄
#處女座萬歲 
#謝謝媽媽的母難日",13150,182,"['處女座萬歲', '謝謝媽媽的母難日']"
49,2019-09-04 13:25:22,"#最特別的生日禮物
與大家分享心路基金會的 #存愛撲滿
有能力的凌寶們可以一起認捐
為智能障礙孩子存下希望，創造好天天❤ . . . . . . . .
➡立即認捐：bit.ly/心路接力存愛
➡Line Pay手機認捐：bit.ly/2BTUvgf（請選擇「存愛專案」）
➡即日起至9/30前認捐，就有機會獲得我的簽名撲滿唷！",10057,70,"['最特別的生日禮物', '存愛撲滿']"
50,2019-09-03 22:21:00,"第一個生日暖壽蛋糕🎂
謝謝姐妹們❤️ #BFF #暖壽",28959,324,"['暖壽', 'BFF']"
51,2019-09-03 20:47:43,"謝謝姐妹們的貼心暖壽🎂
Love u guys ❤️😘
@rainie77 @junoohknow @yeungyancindy 
#BFF #姐妹",7756,86,"['BFF', '姐妹']"
52,2019-09-03 15:48:55,"來囉～～～
☀️🌳🥤#熱熱熱 #喝喝喝
#小橘洋裝 最後ㄧPart 
#清邁 #ChingMai 
#王心凌 #CyndiWang",13967,108,"['ChingMai', '喝喝喝', '熱熱熱', '王心凌', '小橘洋裝', 'CyndiWang', '清邁']"
53,2019-09-03 12:42:45,"☀️
如果我還有幾張清邁小橘洋裝庫存照片
凌寶們～ 你/妳們想看嗎？

#王心凌 #CyndiWang #清邁 #ChingMai",20727,209,"['ChingMai', 'CyndiWang', '清邁', '王心凌']"
54,2019-08-31 15:42:12,#王心凌 #CyndiWang #清邁 #ChingMai,15630,132,"['ChingMai', 'CyndiWang', '清邁', '王心凌']"
55,2019-08-30 12:09:02,"可愛老闆娘小店的角落
延著牆邊長的是火龍果😊
還有剛剛忘了放的食物照
酸酸辣辣好下飯啊😋

#小橘洋裝 第三Part 
#王心凌 #CyndiWang #CyndiFoodie",12237,96,"['小橘洋裝', 'CyndiWang', 'CyndiFoodie', '王心凌']"
56,2019-08-30 10:37:36,"食物很好吃😋
還讓我自己動手裝飯的可愛老闆娘❤️ #小橘洋裝 
第二part 
#王心凌 #CyndiWang #CyndiFoodie",20780,121,"['小橘洋裝', 'CyndiWang', 'CyndiFoodie', '王心凌']"
57,2019-08-29 16:34:47,"可愛的地方
#王心凌 #CyndiWang #清邁 #ChingMai",10865,110,"['ChingMai', 'CyndiWang', '清邁', '王心凌']"
58,2019-08-28 14:18:43,"凌寶們～❤️
#CYNDILOVES2SING愛心凌巡迴演唱會 
廣州站💃🏻 今天開始預購囉～🎉
時間：2019年12月7日 19：30
地點：廣州體育館1號館
「廣州市白雲大道南793號」

購票連接🔗：
大麥網：https://m.damai.cn/damai/detail/item.html?itemId=600564272027
聚橙網：https://m.juooo.com/ticket/105320
貓眼：http://www.gewara.com/detail/125362
永樂：https://www.228.com.cn/ticket-610998204.html
#王心凌 #CyndiWang",6129,99,"['CyndiWang', 'CYNDILOVES2SING愛心凌巡迴演唱會', '王心凌']"
59,2019-08-27 12:32:26,"跟喜歡的朋友放鬆在一起☕️🥂🍴
@w824824 
#暖壽 #王心凌 #CyndiWang",10517,61,"['CyndiWang', '暖壽', '王心凌']"
60,2019-08-26 18:34:29,Denim Blue,5627,63,[]
61,2019-08-23 23:03:45,"我的工作夥伴⋯ 我的愛❤️ . . . . . . .  #姐姐妹妹 #Sister
@stacychaung @kimyu920",6501,63,"['Sister', '姐姐妹妹']"
62,2019-08-20 17:27:46,"Bye bye New Zealand👋🏻
Bye bye 開心拿著小禮物的2個寶貝蛋❤️ . . 
#閨蜜的寶貝蛋",10904,70,['閨蜜的寶貝蛋']
63,2019-08-18 14:41:54,小畫家🎨,7316,50,[]
64,2019-08-18 12:13:46,"Hobbiton!!
在紐西蘭待了3年的閨蜜，跟我一樣沒來過這裡，我們都好開心啊😄

#哈比屯 #Hobbiton #BFF",14049,71,"['Hobbiton', 'BFF', '哈比屯']"
65,2019-08-18 10:02:44,早安～～～☀️☁️🌦❄️,19754,169,[]
66,2019-08-16 18:07:47,"實現諾言探親閨蜜一家
+ 南半球今日穿搭 🌍❤️ . . 
帽、上衣、包：Dior 
外套：Max Mara
皮帶：Hermes
皮褲：rag & bone
鞋：Chanel

#BFF #姐妹 #WIWT #OOTD #情和義",9522,78,"['姐妹', 'WIWT', 'OOTD', '情和義', 'BFF']"
67,2019-08-16 11:12:25,南半球🌍,9689,102,[]
68,2019-08-12 17:44:39,"Zumba揮汗日💦 
#KeepFit #StayHealthy",10168,80,"['StayHealthy', 'KeepFit']"
69,2019-08-11 21:12:24,"舒服自在的一下午到現在❤️ #BFF 
#打開話夾子嘴巴停不了",21320,102,"['打開話夾子嘴巴停不了', 'BFF']"
70,2019-08-08 21:32:21,"午餐後續攤下午茶☕️
父親節快樂❤️🎉 愛你喔😘

#88節 #HappyFathersDay #爸爸帥帥der",24552,119,"['爸爸帥帥der', '88節', 'HappyFathersDay']"
71,2019-08-07 21:49:48,"七夕情人節快樂🌷 
#BFF #默契黑 #HappyChineseValentinesDay",9900,90,"['默契黑', 'HappyChineseValentinesDay', 'BFF']"
72,2019-08-04 19:48:52,"昨晚我唱的很開心，也感受到長沙的凌寶們擁有了一個美好的夜晚，謝謝你/妳們和我一起唱生日快樂歌送給我媽媽❤️
來參與的凌寶們都知道「這就是愛」有很多愛的鏡頭💕☺️
下一站繼續我們的美好回憶🎤💃🏻❤️ #CyndiLoves2Sing愛心凌巡迴演唱會",13756,148,['CyndiLoves2Sing愛心凌巡迴演唱會']
73,2019-08-03 18:18:35,"長沙！我準備好了💃🏻
你/妳呢！？ #CyndiLoves2Sing愛心凌巡迴演唱會
#王心凌 #CyndiWang",6124,77,"['CyndiWang', 'CyndiLoves2Sing愛心凌巡迴演唱會', '王心凌']"
74,2019-08-02 22:37:03,"排完收工～ 吃飽睡覺～ 
長沙明天見～💃🏻",6034,67,[]
75,2019-08-01 12:01:28,"我昨天真是孩子王✌🏻
昨看下午場獅子王前
先來了一場和Peach sis 一家的午餐約會🥢❤️ @peachanyu 
#孩子王 #獅子王 
#BBF #姐妹情深",13010,61,"['姐妹情深', '獅子王', 'BBF', '孩子王']"
76,2019-07-31 19:51:30,"今天跟2位美麗的媽咪
和2個搞笑小可愛約會💕
在小巨蛋看百老匯音樂劇「獅子王」🦁️👑
我們一行6人大大小小都看的很開心
舞台、道具、服裝、演員、聲光視覺都很棒！
想看的👀 8/4號前都還有機會上寬宏售票系統訂票喔！

#TheLionKing #獅子王",11523,76,"['獅子王', 'TheLionKing']"
77,2019-07-30 17:58:57,"最近迷上看這個😍
Hip hop 的復古舞步「奔跑者」動作
剛好有被編排在我新巡演的舞蹈中☺️
每當在節目看到這個動作就格外親切😄❤️. .

#這就是街舞 #CyndiLoves2Sing愛心凌巡迴演唱會",3672,67,"['這就是街舞', 'CyndiLoves2Sing愛心凌巡迴演唱會']"
78,2019-07-28 17:48:10,"8/3 長沙站 #ComingSoon‼️ #CyndiLoves2Sing愛心凌巡迴演唱會 
#王心凌 #CyndiWang",6829,90,"['‼️', 'CyndiWang', 'CyndiLoves2Sing愛心凌巡迴演唱會', '王心凌']"
79,2019-07-26 16:54:48,"出門在外演出💃🏻
還是不忘在飯店自主訓練💪🏻
期待8/3長沙站相見❤️ #CyndiLoves2Sing愛心凌巡迴演唱會 
#自然腮紅最好看惹 #Puma #Pumataiwan",12710,122,"['Puma', '自然腮紅最好看惹', 'Pumataiwan', 'CyndiLoves2Sing愛心凌巡迴演唱會']"
80,2019-07-25 22:26:58,晚安🌛,7427,111,[]
81,2019-07-22 12:55:15,"#CyndiLoves2Sing愛心凌巡迴演唱會 
第二站上海站，在前晚順利結束了🙌🏻
謝謝現場1萬1千位凌寶們熱情合唱，看到你/妳們開心感動，就是我讓感到最有成就感的事了❤️
未來～讓我們一起創造更多更美好的回憶喔！
8/3 長沙站見～ Love u guys~~~
#王心凌 #CyndiWang",15590,228,"['CyndiWang', 'CyndiLoves2Sing愛心凌巡迴演唱會', '王心凌']"
82,2019-07-19 20:24:23,"彩排結束！
不要再咳了！明天見！💃🏻 #CyndiLoves2Sing愛心凌巡迴演唱會 #0720上海站",9504,170,"['0720上海站', 'CyndiLoves2Sing愛心凌巡迴演唱會']"
83,2019-07-14 13:54:18,"隨拍  #wwit
衣 Rui Rui
褲 #TheRow
鞋 #Chloe
包 #LouisVuitton 
保溫瓶 #Mediplus #美樂思
#應觀眾要求這次不拼圖☺️",18026,190,"['☺️', 'Chloe', 'wwit', 'Mediplus', 'TheRow', 'LouisVuitton', '美樂思']"
84,2019-07-12 12:36:30,"隨拍 #wwit

衣 #Balmain 
短褲 #Siwy
鞋 #Nike #Airmaxff720
包 #Hermes",21867,175,"['Siwy', 'wwit', 'Nike', 'Balmain', 'Airmaxff720', 'Hermes']"
85,2019-07-09 15:33:12,"姐姐把我拍的很朦朧呢～

#朦朧美 #姐姐也是挺會拍的📷",26952,233,"['朦朧美', '姐姐也是挺會拍的']"
86,2019-07-05 16:52:32,我的寶貝姐姐💋❤️ #muah,12721,97,['muah']
87,2019-07-02 17:38:04,"凌寶們～ 7/20 上海見喔！！
「上海東方體育館」
#CyndiLoves2Sing愛心凌巡迴演唱會
購票連結🔗
 大麥網： http://t.cn/Ai0llbn3
 聚橙網： http://t.cn/Ai93nCI8
 貓眼：http://t.cn/Ai0llbnn",4726,103,['CyndiLoves2Sing愛心凌巡迴演唱會']
88,2019-07-01 14:54:38,"6/29 首場「成都站」
#CyndiLoves2Sing愛心凌巡迴演唱會
很感動，無論是耳熟能詳的舊歌，還是新專輯的新歌，從頭到尾首首都能聽到你們的聲音，首首都是大合唱。
當晚我們又一起創造了我們的美好回憶之一，
知道你/妳們很享受在其中，這是我最開心的事！
就像前晚台上對凌寶們說的，
我在想，聽我唱歌這件事，也許可以成為我和你/妳之間的一個約定，不論過了多久，不論在甚麼地方，我們約好了，未來要繼續聽我唱歌，很久很久⋯❤️
接下來還有 #0720上海站 、 #0803長沙站 、
廣州、武漢 ⋯⋯ 讓我們快樂感動的再歡聚在一起吧！",14106,278,"['0803長沙站', '0720上海站', 'CyndiLoves2Sing愛心凌巡迴演唱會']"
89,2019-06-29 18:00:09,"成都的凌寶們～
你/妳們 準備好了嗎？📣📣📣
待會見喔！！！
#CyndiLoves2Sing愛心凌巡迴演唱會 
#0629成都站 #0720上海站 #0803長沙站

化妝： @emilyliu1118 
髮型： @fluxreelsunny",11761,134,"['0803長沙站', '0629成都站', '0720上海站', 'CyndiLoves2Sing愛心凌巡迴演唱會']"
90,2019-06-28 16:00:37,"就是明天！！
#CyndiLoves2Sing愛心凌巡迴演唱會 
#0629成都站",10110,174,"['0629成都站', 'CyndiLoves2Sing愛心凌巡迴演唱會']"
91,2019-06-27 18:08:14,"演唱會首場著裝彩排準備中⋯😚 #CyndiLoves2Sing愛心凌巡迴演唱會 
#0629成都站  #0720上海站  #0803長沙站",9688,131,"['0803長沙站', '0629成都站', '0720上海站', 'CyndiLoves2Sing愛心凌巡迴演唱會']"
92,2019-06-26 20:50:07,"在機場繼續等著飛往成都Delay的飛機☕️☕️☕️ #CyndiLoves2Sing愛心凌巡迴演唱會 
#0629成都站 #倒數3天",12235,155,"['0629成都站', 'CyndiLoves2Sing愛心凌巡迴演唱會', '倒數3天']"
93,2019-06-26 16:59:16,"帶著新美甲造型💅🏻 @ddnailspa
準備出發演唱會成都站💃🏻🎤🎵 . 
#CyndiLoves2Sing愛心凌巡迴演唱會 
#0629成都站",4974,77,"['0629成都站', 'CyndiLoves2Sing愛心凌巡迴演唱會']"
94,2019-06-23 19:38:27,"緊鑼密鼓訂完演唱會服裝💃🏻
大口吃肉🥢飽飽練團去🎤🎵 . 
#CyndiLoves2Sing愛心凌巡迴演唱會
#0629成都站",15598,171,"['0629成都站', 'CyndiLoves2Sing愛心凌巡迴演唱會']"
95,2019-06-20 12:56:25,"感謝爸媽生給了我白泡泡的皮膚，
讓當藝人的我，在工作造型時不太挑顏色，但這件亮橘色上衣，是我個人衣櫃裡的第一件橘色衣物～～
橘色系列裡，也許粉嫩一點的粉橘、帶橘的珊瑚紅之外，我從來不會想擁有像這樣「亮橘色」的衣服，也算是今年的嘗試突破之一了😆

#這角度對媽媽來說太仰角
#對托哥來說挺剛好😂",16630,139,"['這角度對媽媽來說太仰角', '對托哥來說挺剛好']"
96,2019-06-17 21:46:04,"練團Day2️⃣🎤🎵
今日特別來賓：我家托哥🐶

#CyndiLoves2Sing愛心凌巡迴演唱會 
#0629成都站
#王心凌 #CyndiWang",11952,138,"['0629成都站', 'CyndiWang', 'CyndiLoves2Sing愛心凌巡迴演唱會', '王心凌']"
97,2019-06-14 18:31:20,"洗完澡回家就犯睏的托哥💤

#大叔級別13歲的托哥日常 
#沒關係馬麻陪你❤️",9073,80,"['大叔級別13歲的托哥日常', '❤️']"
98,2019-06-12 19:53:28,"練團Day 1️⃣ 🎤🎵 . 
#CyndiLoves2Sing愛心凌巡迴演唱會 
#王心凌 #CyndiWang",11834,102,"['CyndiWang', 'CyndiLoves2Sing愛心凌巡迴演唱會', '王心凌']"
99,2019-06-10 18:17:40,"運動前一定要暖身！
運動後的拉筋放鬆也很重要喔☝🏻. . 
我們是 #運動三嬌娃 💃🏻💃🏻💃🏻
出差上工前的運動好伴侶～
@emilyliu1118 @fluxreelsunny",6856,52,['運動三嬌娃']
100,2019-06-06 22:29:14,"最喜歡這張的大家💕
各自有樣子💃🏻🕺🏻
最重要的是 @rainie77 
阿琳6/4生日大快樂🎉🎂 #犇廚魔館 好好吃😋",11724,63,['犇廚魔館']
101,2019-06-05 15:14:35,"媽媽特地帶了粽子北上
提前和我過端午❤️ #預祝大家端午節快樂喔",14051,117,['預祝大家端午節快樂喔']
102,2019-06-03 18:08:03,"🎵: 大眠+劈你的雷正在路上
📷: Wow news David 
#王心凌 #CyndiWang",12336,126,"['CyndiWang', '王心凌']"
103,2019-06-03 13:52:16,"謝謝昨晚的舞者和樂手們❤️ . 
有你們的參與，讓演出更精彩

@we.rambo @joycebaby63 
#王心凌 #CyndiWang 
#2019hito流行音樂獎頒獎典禮",7664,56,"['CyndiWang', '2019hito流行音樂獎頒獎典禮', '王心凌']"
104,2019-06-02 23:38:04,"#2019HiTo流行音樂獎
🏆最受歡迎女歌手
🏆年度十大華語歌曲《大眠》
🏆Hit Fm聽眾最愛情歌《大眠》
謝謝我的歌迷對我的支持，我會繼續努力做出更好的音樂作品，唱更多的好歌，也會帶著這些好音樂到不同的地方和大家見面。
謝謝所有參與這張專輯的老師們，謝謝環球唱片還有我的經紀公司天晴音樂。
一樣要說～
音樂真的很美好，我很幸運可以一直在音樂里生活著，也很開心可以一直在音樂里耕耘著🎵❤️. . 
化妝: @emilyliu1118 
髮型: @fluxreelsunny 
造型: @andrew0531 
服裝: @andrewgn  #Andrewgn
#王心凌 #CyndiWang",15383,220,"['CyndiWang', '2019HiTo流行音樂獎', 'Andrewgn', '王心凌']"
105,2019-05-31 19:57:37,"謝謝 @pazzo #風格代言人 
我親愛的蕊妮~ @rainie77 Tks!!
#0603即將上市",7294,49,"['風格代言人', '0603即將上市']"
106,2019-05-29 13:57:23,"昨晚演出美美的妝髮
很開心久違短暫的相聚
我會想你/妳們的～
Bye bye #Singapore 👋🏻❤️ #流行音樂全金榜盛會 
#新加坡
化妝： @emilyliu1118 
髮型： @fluxreelsunny",9319,101,"['新加坡', 'Singapore', '流行音樂全金榜盛會']"
107,2019-05-28 22:30:47,"謝謝大家對我腹肌的支持
再來背部2張

#Nike運動內衣背面好好看",11371,120,['Nike運動內衣背面好好看']
108,2019-05-28 15:43:56,"Workout time

#王心凌 #CyndiWang 
#昨晚大肆啃食胡椒蟹後的健身還債
#新加坡 #Singapore",18827,184,"['新加坡', '王心凌', 'CyndiWang', 'Singapore', '昨晚大肆啃食胡椒蟹後的健身還債']"
109,2019-05-27 19:02:20,"胡椒蟹我來了😋

#新加坡 #WWIT #OOTD",14758,126,"['WWIT', 'OOTD', '新加坡']"
110,2019-05-26 17:24:16,"久違的分享美甲樣式💅🏻
春天感～搭配了5/28 #新加坡 演出服裝",7360,73,['新加坡']
111,2019-05-25 15:18:56,"好久沒去 #新加坡 演出了～
5/28就要和大家見面，好期待！
但我竟然感冒了😷 喉嚨好痛😭
努力乖乖吃藥中，希望趕快好😩
一定要帶給你們久違的、最好的演出 💪🏻💃🏻 #感冒退散",27350,230,"['新加坡', '感冒退散']"
112,2019-05-24 12:12:00,勢界POWERCIRCLES X 王心凌,3414,44,[]
113,2019-05-23 12:42:29,"勢界POWERCIRCLES X 王心凌

Producer出品人：Dylan Geng 
Producer監製：費騰
Photographer攝影:江民仕 @icura2000 
Editor Senior資深編輯：Thea
Make Up化妝：Emily Liu @emilyliu1118 
Hair Style髮型：Rick Lin @zoom_rick 
Video director視頻導演：楊淇勝
Video Clip：Poen（New Media Operations）
新媒體營運：石嬌
Clothing Assistant服裝助理：尹禎
Text Editing文字編輯：Sunmile",11065,95,[]
114,2019-05-22 19:37:02,"勢界POWERCIRCLES X 王心凌

Producer出品人：Dylan Geng 
Producer監製：費騰
Photographer攝影:江民仕 @icura2000 
Editor Senior資深編輯：Thea
Make Up化妝：Emily Liu @emilyliu1118 
Hair Style髮型：Rick Lin @zoom_rick 
Video director視頻導演：楊淇勝
Video Clip：Poen（New Media Operations）
新媒體營運：石嬌
Clothing Assistant服裝助理：尹禎
Text Editing文字編輯：Sunmile",9502,85,[]
115,2019-05-21 17:22:30,"在練舞教室可以這般自在
算你厲害😆🤣👍🏻 #隨遇而安的小金
#CyndiLoves2Sing愛心凌巡迴演唱會",10045,70,"['隨遇而安的小金', 'CyndiLoves2Sing愛心凌巡迴演唱會']"
116,2019-05-20 18:18:32,"不放過自己 累累的520❤️😆
練舞3小時再直奔NTC 💃🏻💦 #CyndiLoves2Sing愛心凌巡迴演唱會 #NTC",9715,100,"['NTC', 'CyndiLoves2Sing愛心凌巡迴演唱會']"
117,2019-05-15 15:46:08,"練唱中🎤
#CyndiLoves2Sing愛心凌巡迴演唱會 
#來賓點唱不哭
#放心我沒有在家哭",15041,312,"['來賓點唱不哭', '放心我沒有在家哭', 'CyndiLoves2Sing愛心凌巡迴演唱會']"
118,2019-05-14 21:20:12,"練舞日收工照💃🏻 @we.rambo @joycebaby63 
看不清楚我吧～～
早知道就不轉圈了🤣

#CyndiLoves2Sing愛心凌巡迴演唱會",4911,105,['CyndiLoves2Sing愛心凌巡迴演唱會']
119,2019-05-14 21:03:07,"謝謝 @gucci Tks!! 🌸

#Gucci #Bloom #Perfume",3180,22,"['Bloom', 'Perfume', 'Gucci']"
120,2019-05-13 18:16:33,"才為演唱會排練了3小時的舞蹈，然後緊接著安室奈美惠主題NTC，一路揮灑汗水💦 
好嗨啊～～💃🏻 #運動已是自然而然
#2019cyndiloves2sing愛心凌巡迴演唱會 #NTC",6034,69,"['NTC', '2019cyndiloves2sing愛心凌巡迴演唱會', '運動已是自然而然']"
121,2019-05-11 19:29:52,"和 @mediplus_taiwan 一起
預祝所有親愛的媽咪們～
母親節快樂喲💕 muah💋

#Mediplus #美樂思
#王心凌 #CyndiWang
照片出處：Wow news",5839,48,"['CyndiWang', 'Mediplus', '美樂思', '王心凌']"
122,2019-05-11 17:39:27,"@mediplus_taiwan 活動順利結束
見到很多熱情可愛的歌迷❤️
一起聽大眠做保養～
一起肌膚保水好膚質💕

#Mediplus #美樂思 #王心凌 #CyndiWang",8506,76,"['CyndiWang', 'Mediplus', '美樂思', '王心凌']"
123,2019-05-11 12:53:24,"你/妳準備好了嗎～
今天14:00 
華山藝文中心 中四E館見喔！

#美樂思 #Mediplus 
#王心凌 #CyndiWang",10332,79,"['CyndiWang', 'Mediplus', '美樂思', '王心凌']"
124,2019-05-09 12:42:38,"謝謝「ReVive 麗膚」Tks!! 💕
隨時補水的「 #ATP能量精露 」
還有印上名字的專屬充電寶呢～

#Revive",3074,24,"['Revive', 'ATP能量精露']"
125,2019-05-07 01:31:07,"第9屆 流行音樂全金榜：
🏆港台地區年度最佳女歌手。
🏆年度傳媒推崇專輯 王心凌 #CYNDILOVES2SING愛心凌 。
🏆年度二十大金曲 王心凌《 #在青春迷失的咖啡館 》。 . 
準備了三年的作品，受到大家的肯定和喜愛，是最開心的事情❤️
感謝流行音樂全金榜聯盟電台給我這麼大的鼓勵和肯定。
更謝謝我的歌迷對我的支持，我會繼續努力做出更好的音樂作品，唱更多的好歌，也會帶著這些好音樂到不同的地方和大家見面❤️
謝謝所有參與這張專輯的老師們，謝謝環球唱片，同時也要特別感謝陳珊妮老師，寫了 在青春迷失的咖啡館這首歌給我。
音樂真的很美好，我很幸運可以一直在音樂里生活著，也很開心可以一直在音樂里耕耘著❤️🎵～. #王心凌 #CyndiWang #Andrewgn

化妝： @emilyliu1118 
髮型： @fluxreelsunny 
服裝： @andrew0531 
服裝提供： @andrewgn",21432,249,"['CYNDILOVES2SING愛心凌', 'Andrewgn', '王心凌', 'CyndiWang', '在青春迷失的咖啡館']"
126,2019-05-06 18:05:47,"攝影師 @emilyliu1118 
認真運動的我和小金 
這位太太在？ @fluxreelsunny 🤣
#Puma #Pumataiwan",12408,82,"['Puma', 'Pumataiwan']"
127,2019-05-06 16:48:47,"北京上班前
在飯店也是要來個自主訓練💪🏻",6325,42,[]
128,2019-05-03 18:51:27,"練舞💃🏻❤️ #很重要的那種
#CyndiLoves2Sing愛心凌巡迴演唱會",8457,82,"['很重要的那種', 'CyndiLoves2Sing愛心凌巡迴演唱會']"
129,2019-05-02 20:01:37,"認真的還債日💪🏻💦
教練說我程度已不同
給了這非常難平衡的負重動作🤪

#核心訓練 #王心凌 #CyndiWang
#CyndiLoves2Sing愛心凌巡迴演唱會",14515,122,"['核心訓練', 'CyndiWang', 'CyndiLoves2Sing愛心凌巡迴演唱會', '王心凌']"
130,2019-05-02 12:50:48,"謝謝 @piaget  Tks!!! . 
空運來台美美的傳奇伯爵玫瑰🌹

#Piaget #PiagetRoseDay",3469,22,"['Piaget', 'PiagetRoseDay']"
131,2019-05-02 12:43:27,"謝謝 @puma Tks!!
印上名字的專屬櫃，裡頭好多禮物啊 🎁 
#Puma #DoYou",3969,24,"['Puma', 'DoYou']"
132,2019-04-27 19:11:41,東京鐵塔下😋🥢💕🍻 #CyndiFoodie,8484,72,['CyndiFoodie']
133,2019-04-25 11:13:28,"那日穿搭～❤️
攝影大師蕊妮 @rainie77 😘
#OOTD",14172,130,['OOTD']
134,2019-04-24 19:10:49,吃貨之旅 😋🥢 #吃飽飽回台灣才有力氣繼續準備演唱會 #日本隨時連線UpDate🎵 #CyndiFoodie,8165,71,"['吃飽飽回台灣才有力氣繼續準備演唱會', '日本隨時連線UpDate', 'CyndiFoodie']"
135,2019-04-24 12:51:54,"壽喜燒😋🥢
肚子好飽飽

#BFF #姐妹之旅 #CyndiFoodie",4705,56,"['姐妹之旅', 'CyndiFoodie', 'BFF']"
136,2019-04-23 12:00:34,"母親節要到了🤱🏻
大家準備好要送媽媽什麼禮物了嗎?
還沒想到的，我幫妳們想好囉🙋🏻‍♀
最佳選擇當然就是可以讓媽媽輕鬆保養的美樂思凝露
👉https://bit.ly/2UiYt8r
這次母親節的優惠很厲害，
直接推出連日本都沒有、限量500瓶的台灣限定瓶，上面有蒲公英的圖案，非常可愛❤
(忍不住想唱:彎彎月光下 蒲公英在遊盪🎶) 最優惠的經典雙倍美麗組合除了限定瓶還""加碼贈送迷你凝露""
就是我去北京工作時帶的迷你尺寸，好用方便攜帶又可愛～

這次的活動真的是划算到不行
要搶要快唷！
🉐母親節活動到‪5/19‬
👉https://bit.ly/2UiYt8r

再次提醒🔔 
特別瓶只有限量500瓶喔！！ #Mediplus #美樂思 #溫柔綻放限定瓶 #濕潤美容 #AllInOne #美樂思凝露 #天然 #日本原裝 #MeaiplusMakeMePlus
#王心凌 #CyndiWang",9134,63,"['天然', '日本原裝', 'MeaiplusMakeMePlus', '濕潤美容', 'Mediplus', 'AllInOne', '溫柔綻放限定瓶', '美樂思凝露', '王心凌', 'CyndiWang', '美樂思']"
137,2019-04-22 17:30:11,"今天，最重要的事是什麼？
#CyndiLoves2Sing愛心凌巡迴演唱會 ..... 「成都場」開始預售了！
這是這次巡迴的第一場，隨著時間越來越近，老實說，心裡有點緊張，但有大家的陪伴，我一定會做到最好❤💃🏻
那也會是凌寶們歡聚歡唱的大日子，你怎麼能錯過一起來唱第一場呢？
呼朋引伴來玩，是必要的，六月盛夏，該開心，該歡唱，該享受音樂一整晚 💃🏻🎵
大家快去預購囉！
6/29，我們成都見！🙌🏻 購票鏈接⬇️
大麥網 https://detail.damai.cn/item.htm?id=591834964844
聚橙網 http://item.juooo.com/98502
永樂 https://www.228.com.cn/ticket-558181249.html
貓眼 http://www.gewara.com/detail/113655",7897,118,['CyndiLoves2Sing愛心凌巡迴演唱會']
138,2019-04-20 20:34:22,"期待已久～✈️
姐妹們在日本的第一晚🍻❤️
@junoohknow  @rainie77  @yeungyancindy 
#BFF #GirlsNightOut #CyndiFoodie",8811,119,"['CyndiFoodie', 'GirlsNightOut', 'BFF']"
139,2019-04-17 11:57:51,謝謝 @miumiu Tks!!💕 #MiuMiu #Twist #TShirt,3220,34,"['MiuMiu', 'Twist', 'TShirt']"
140,2019-04-16 21:32:33,"Happy birthday my dear😘
Wishing you a wonderful day and a year filled with happiness❤️ Luv~ mua mua~~ #HappyBirthday #BFF #CyndiFoodie",8415,53,"['HappyBirthday', 'CyndiFoodie', 'BFF']"
141,2019-04-16 14:03:45,Sad... #Notredame #Peace,11759,91,"['Notredame', 'Peace']"
142,2019-04-16 01:01:12,"期盼已久的到來😍😍😍
尖叫聲～啊～～～～～～～～ #GameOfThrones
#雖然一集一集讓人心很癢但為了它我願意",4068,62,"['雖然一集一集讓人心很癢但為了它我願意', 'GameOfThrones']"
143,2019-04-14 16:10:08,"托哥的悠閒午後💤💤 @plutowang_ 
#FrechBullDog #Frenchie #PlutoWang",8332,90,"['FrechBullDog', 'Frenchie', 'PlutoWang']"
144,2019-04-11 19:52:06,"為了演唱會我拚惹～～～
90公斤大輪胎 🚚 🚛 . 
#我好好一個女孩子家
#專業教練一對一訓練沒在手軟😅
#CyndiLoves2Sing愛心凌巡迴演唱會",12755,199,"['CyndiLoves2Sing愛心凌巡迴演唱會', '專業教練一對一訓練沒在手軟', '我好好一個女孩子家']"
145,2019-04-10 19:09:16,"要來公佈活動的正確答案囉~~😊
Ans：#2019CYNDILOVES2SING愛心凌巡迴演唱會 +愛我什麼的一句話。
卡爾護照夾得獎者為：
第174位(成都演唱會日期6/29，6*29=174)
第140位(上海演唱會日期7/20，7*20=140)
第24位(長沙演唱會日期8/3，8*3=24)
答對的同學得到，答錯則順延下一位答對者得獎，以此類推。
究竟得獎的是誰？
請睜大眼睛仔細看第三張照有沒有你/妳喔！👀
(接下來小幫手姐姐會私訊得獎的這三位同學，請留意喔！😉) #王心凌 #CyndiWang",9658,124,"['王心凌', 'CyndiWang', '2019CYNDILOVES2SING愛心凌巡迴演唱會']"
146,2019-04-08 20:38:26,"小姐姐福利時間到！💃🏻
話說前陣子去了巴黎時裝周，緊湊的行程中除了發美照以解大家相思之苦外，寵粉的我呢，也為大家爭取了很棒的禮物☺️ @karllagerfeld 護照夾！！！
由於禮物實在很棒，所以題目一定要很難，
大家準備好了嗎…..? 😝
請問：王心凌2019新巡演的名稱？
再加上你/妳最愛我什麼的一句話。

從現在起，到4月9日21:00止，在此po文留言回答，你/妳就有機會獲得 #karllagerfeld 護照夾。
我們將會在4月10日公布3個中獎名單。

禮物真的好棒耶😍👍🏻
只能說，你們愛對人了！💃🏻（旋轉撒花）",11516,521,['karllagerfeld']
147,2019-04-08 17:08:51,"武漢上工前和妝髮夥伴相約
飯店健身房運動流汗💦💦
而照片中甩壺鈴的訓練動作
我很愛，也有一點恨😆
恨是因為這動作會讓臀肌很爆炸
但可以得到臀部緊實美麗線條
並汗流夾背的很過癮
就又心甘情願認真愛甩下去了
（健康運動的前提是姿勢一定要正確！
甩壺鈴姿勢不正確，腰會容易受傷喔！💪🏻） #愛運動
 #愛自己",7541,70,"['愛自己', '愛運動']"
148,2019-04-07 16:49:43,"怎麼樣都不願好好拍照
鬼臉不停的可愛侄小子😝🤣🤣 . 
#長大就不要會後悔😂",14801,102,['長大就不要會後悔']
149,2019-04-05 16:39:48,"下課！
#覺得充實",3720,39,['覺得充實']
150,2019-04-02 15:05:04,"好久不見 @willpan23 
#Hito流行音樂獎 
記者會相見歡😄😄❤️",19381,116,['Hito流行音樂獎']
151,2019-04-01 21:02:13,謝謝 @imaginextw Tks!!❤️ #AliceAndOlivia #aointw,3642,35,"['aointw', 'AliceAndOlivia']"
152,2019-04-01 14:37:37,"#義氣幫 大合體💕

#牡羊座生日快樂",4529,40,"['牡羊座生日快樂', '義氣幫']"
153,2019-03-29 23:35:21,"大啖美食心情總是特別好❤️
Especially with my lovely friends❤️ #吃飽飽心情好 
#小紅帽和包包的呼應發現了嗎✨ #WWIT #OOTD #CyndiFoodie",11783,93,"['✨', 'CyndiFoodie', 'WWIT', '吃飽飽心情好', 'OOTD']"
154,2019-03-29 13:20:05,"好~可愛的3個包包❤️💕
謝謝 @lulu_guinness Tks!! . 
英國Lulu Guinness娃娃戴貝蕾帽遊巴黎系列～ 
好適合一樣戴著紅色貝蕾帽，愛上巴黎的我啊～☺️ #LuLuGuinness #OohLuLu 
#紅色貝蕾帽",4835,54,"['紅色貝蕾帽', 'OohLuLu', 'LuLuGuinness']"
155,2019-03-28 20:37:33,"謝謝 @miumiu Tks❤️
香水、沐浴液、乳液～",3203,40,[]
156,2019-03-27 19:35:53,"花絮分享～
今天下午的演唱會記者會
以及和3位參與上台的凌寶代表合照❤️ #CyndiLoves2Sing愛心凌巡迴演唱會 
#王心凌 #CyndiWang #CyndiLoves2Sing
妝: @emilyliu1118 
髮: @fluxreelsunny",12521,127,"['CyndiWang', 'CyndiLoves2Sing', 'CyndiLoves2Sing愛心凌巡迴演唱會', '王心凌']"
157,2019-03-27 18:33:16,"演唱會海報來囉！
#CyndiLoves2Sing愛心凌巡迴演唱會
巡演正式啟動💃🏻 搶先公佈場次：
6/29 成都 四川省體育館
7/20 上海 上海東方體育中心體育館
8/3 長沙 湖南國際會展中心

其他場次時間會再陸續公佈喔！

妝: @emilyliu1118 
髮: @fluxreelsunny 
#王心凌 #CyndiWang #CyndiLoves2Sing",16404,412,"['CyndiWang', 'CyndiLoves2Sing', 'CyndiLoves2Sing愛心凌巡迴演唱會', '王心凌']"
158,2019-03-26 18:53:46,下工立馬找上北京鴨鴨準備大快朵頤😋🍴 #吃貨  #吃飽明天才有力氣上班,11924,109,"['吃飽明天才有力氣上班', '吃貨']"
159,2019-03-26 18:35:56,"偷圖😛
今日北京上工營業照分享～
髮型： @fluxreelsunny 
化妝： @emilyliu1118",10103,106,[]
160,2019-03-22 21:19:51,"❤️
#MJSnapshot #MJSS19",10988,96,"['MJSnapshot', 'MJSS19']"
161,2019-03-22 18:00:57,"Sooooo cute!! ❤️
Tks @imaginextw 
@marcjacobs 謝謝～

#MJSnapshot #MJSS19 
#MarcJacobs #果凍包",7423,48,"['果凍包', 'MJSnapshot', 'MarcJacobs', 'MJSS19']"
162,2019-03-21 18:09:15,謝謝💕 @tiffanyandco Tks!! #TiffanyFragrance #美麗的氣味,4863,25,"['TiffanyFragrance', '美麗的氣味']"
163,2019-03-21 18:04:02,"謝謝 @nike Tks!!! 😊

#Nike #NikeWomen #JustDoIt",4463,27,"['Nike', 'NikeWomen', 'JustDoIt']"
164,2019-03-20 15:38:34,"應觀眾要求 
#巴黎行漏網照片 再一發！
就算當時坐在車上正犯著時差...
但拍照的態度還是要有的☝🏻💃🏻
#Attitude",16988,146,"['巴黎行漏網照片', 'Attitude']"
165,2019-03-19 16:30:34,"巴黎好美，風好大
無法拒絕的風💨 難得露出的額頭😉

#巴黎行漏網照片 #眼神100分 #送給你們",16172,113,"['巴黎行漏網照片', '送給你們', '眼神100分']"
166,2019-03-17 14:06:10,"昨晚
好友+美食= 再幸福不過的事了💕😋 #王心凌 #CyndiWang #CyndiFoodie",9497,61,"['CyndiWang', 'CyndiFoodie', '王心凌']"
167,2019-03-16 00:26:07,"全面啟動
#很重要的那種",18226,185,['很重要的那種']
168,2019-03-14 16:39:40,Training 💪🏻,7774,98,[]
169,2019-03-12 18:13:59,開會！📖🖊 #很重要的那種,8090,231,['很重要的那種']
170,2019-03-11 17:39:08,"雖然表情還好
但實際是個開心動動的還債日💦💃🏻 . 
謝謝 @nike 的運動上衣、褲、鞋😊

#Nike #NikeWoman #JustDoIt #NikeTaiwan",12180,93,"['Nike', 'NikeTaiwan', 'JustDoIt', 'NikeWoman']"
171,2019-03-11 15:01:09,謝謝 @chloe Tks!!💕 #芳心之旅,4654,25,['芳心之旅']
172,2019-03-08 16:56:39,那天巴黎羅浮宮❤️ #Paris #Louvre #OOTD #Swag,20242,144,"['OOTD', 'Paris', 'Swag', 'Louvre']"
173,2019-03-08 12:44:30,"上班！！！ #Shooting 
#很重要的那種",11649,133,"['Shooting', '很重要的那種']"
174,2019-03-06 11:51:22,"回到家了～✈️
昨晚是這趟在巴黎待的最後一晚🍷
謝謝我親愛的團隊❤️
Love u guys😘 #WWIT #Swag",11760,68,"['WWIT', 'Swag']"
175,2019-03-05 18:13:16,"機上相遇❤️
My dear @rainie77 😘",23292,115,[]
176,2019-03-05 18:09:29,"回家✈️
Bye bye Paris 👋🏻❤️",9689,72,[]
177,2019-03-04 21:50:42,"隨意街拍
美到我都不想回去了

#Paris #王心凌 #CyndiWang #OOTD #WWIT",19567,133,"['王心凌', 'WWIT', 'Paris', 'CyndiWang', 'OOTD']"
178,2019-03-04 08:02:00,"#Mashama #巴黎時裝周
妝: @emilyliu1118 
髮: @fluxreelsunny 
#王心凌 #CyndiWang #Swag",9694,76,"['王心凌', 'CyndiWang', 'Swag', '巴黎時裝周', 'Mashama']"
179,2019-03-04 07:39:19,"#Mashama #巴黎時裝周
#王心凌 #CyndiWang
妝： @emilyliu1118 
髮： @fluxreelsunny",8901,40,"['王心凌', 'CyndiWang', '巴黎時裝周', 'Mashama']"
180,2019-03-04 07:17:14,"設計師 @mashamainsta 與我

妝: @emilyliu1118 
髮: @fluxreelsunny 
#CyndiWang #王心凌 #Mashama",6165,33,"['Mashama', 'CyndiWang', '王心凌']"
181,2019-03-04 05:17:06,"看完 #Mashama 的秀
直奔吃Pho🍜

#巴黎的Pho😋 #Prais",13871,91,"['巴黎的Pho', 'Prais', 'Mashama']"
182,2019-03-03 19:05:02,"☕️ #Paris

#王心凌 #CyndiWang #OOTD #WWIT #Swag",12747,80,"['王心凌', 'WWIT', 'Paris', 'CyndiWang', 'OOTD', 'Swag']"
183,2019-03-03 05:43:52,"吃到快睡著💤
巴黎22:38，時差大發作⋯

#好吃的米其林🌟
#Paris #JetLag
#需要大眠
#CyndiFoodie",10342,67,"['JetLag', 'CyndiFoodie', 'Paris', '需要大眠', '好吃的米其林']"
184,2019-03-03 02:15:18,"#Paris

#王心凌 #CyndiWang",9696,76,"['Paris', 'CyndiWang', '王心凌']"
185,2019-03-02 17:19:03,"巴黎聖母院

#天國的嫁衣 #時光飛逝
#Paris #巴黎時裝週 #王心凌 #CyndiWang #OOTD #WWIT #Swag",13804,131,"['時光飛逝', '天國的嫁衣', '巴黎時裝週', '王心凌', 'WWIT', 'Paris', 'CyndiWang', 'OOTD', 'Swag']"
186,2019-03-01 19:16:45,"夜晚的艾菲爾鐵塔

#喜歡這裡 #Paris
#王心凌 #CyndiWang",14283,130,"['Paris', 'CyndiWang', '喜歡這裡', '王心凌']"
187,2019-03-01 14:38:48,"07:38 Bonjour Paris~~❤️
這趟與我提早到巴黎旅遊兼工作的好夥伴
業界最正化妝師 @emilyliu1118
#Paris
#王心凌 #CyndiWang",15635,80,"['Paris', 'CyndiWang', '王心凌']"
188,2019-03-01 03:47:30,"巴黎20:47 
對抗時差💤
#Paris #JetLag
#王心凌 #CyndiWang",12998,119,"['Paris', 'CyndiWang', 'JetLag', '王心凌']"
189,2019-02-28 17:41:33,"巴黎的第一天☀️
從輕鬆舒服的早餐開始🍴🧀🥖
#Paris",20204,172,['Paris']
190,2019-02-28 11:54:21,"睡眼惺忪吃著機上早早餐 ✈️🍴
再一個多小時就飛到巴黎戴高樂機場了
期待這趟工作之旅～

#巴黎時裝周 #工作兼玩耍 
#機上Wifi真不賴",12245,141,"['工作兼玩耍', '機上Wifi真不賴', '巴黎時裝周']"
191,2019-02-24 16:33:38,"2003年的今天 - 2/24，我的第一張專輯「Begin...」發行。
對我來說，這是正式踏入歌壇的第一天。
16年後的今天，我擁有許多大家喜愛傳唱的歌，謝謝一路上遇見的風景和好人。當然，一直支持著我毫不猶豫往前走的原因，是一路陪著我的凌寶們❤️
年前結束新專輯的宣傳，在宣傳過程中，最常被問的問題就是：什麼時候要再辦演唱會⋯？
在16週年的今天，開心的要告訴所有期待已久的歌迷朋友們～
2019全新的巡演，即將在6月份展開！
這也是我在個人演藝工作，將邁進17年的第一天，送給大家的禮物。
「2019 CYNDILOVES2SING 愛.心凌 巡迴演唱會」正式啟動！
又是一個忙碌循環的開始，一次未知挑戰的開始。我相信，所有一路以來陪著我的凌寶們，依然會是我背後最強大的力量，支持著我完成這一切。
新的巡演，會是怎樣的風貌？我們正開始緊鑼密鼓的籌備中，我期待也緊張，新的巡演除了大家喜愛的回憶殺之外，會有更多的新元素。
這是我出道16週年送給大家的禮物～
謝謝你們，一直陪著我。
讓我們繼續守護彼此❤️ #王心凌 #CyndiWang 
#CYNDILOVES2SING愛心凌巡迴演唱會",25092,778,"['CyndiWang', 'CYNDILOVES2SING愛心凌巡迴演唱會', '王心凌']"
192,2019-02-21 19:30:51,"下午上完健身課
晚上幫自己備了用雞湯煮的粥
幾個醬菜和煎蛋簡單吃～

#SimpleLife #簡簡單單",18389,152,"['SimpleLife', '簡簡單單']"
193,2019-02-19 23:59:15,"開心舒服歡樂😄
吃撐的一晚✌🏻 #BFF #生日趴",13084,60,"['生日趴', 'BFF']"
194,2019-02-19 21:28:58,"今天～
是特別要幫小可愛補過生日的🎉
@junoohknow Dear 生日快樂！！！
😘😘😘 Luv~💕 #BFF #生日趴",16063,110,"['生日趴', 'BFF']"
195,2019-02-19 13:41:07,"#金豬鬧元宵
「可能缺憾，是為了更加圓滿~」
今天是正月十五，湯圓黨報到，祝福大家和和美美團團圓圓，元宵節快樂喔~
#正月十五花好月圓
#湯圓元宵分不清楚",10818,117,"['正月十五花好月圓', '湯圓元宵分不清楚', '金豬鬧元宵']"
196,2019-02-18 17:38:01,"💦💦過癮💃🏻 #臉頰紅通通 
#自然腮紅來著 
#Zumba #越跳越有趣",18649,151,"['自然腮紅來著', '越跳越有趣', 'Zumba', '臉頰紅通通']"
197,2019-02-16 16:43:47,"冷冷的天
其實不想出門好想窩在家的啊⋯⋯",13513,157,[]
198,2019-02-14 22:44:43,"我是電燈泡💡

#情人節這樣過 #HappyValentinesDay #CyndiFoodie",11168,98,"['情人節這樣過', 'CyndiFoodie', 'HappyValentinesDay']"
199,2019-02-13 15:28:11,"我們肚子餓⋯
小姑姑與姪女昨晚相約～
🍣🥢🍶 #吃飽了才有力氣運動 😝",10745,83,['吃飽了才有力氣運動']
200,2019-02-11 18:30:56,動 起 來！ 💃🏻💃🏻💦💦 #臉頰紅通通 #自然腮紅來著 #Zumba,16728,147,"['自然腮紅來著', 'Zumba', '臉頰紅通通']"
201,2019-02-08 22:40:18,"媽媽和姐姐們～
每年都會陪媽媽回娘家，今年長輩們選在初四聚，家人們齊聚一堂就是熱鬧溫馨❤️ #HappyChineseNewYear",11963,78,['HappyChineseNewYear']
202,2019-02-07 16:06:04,"過年🧨怎麼少的了年糕呢！
媽媽每年都會把炸年糕的任務交給我
「餛飩皮酥炸年糕」
香香酥酥甜甜好好吃啊～😋 . 
#過年就是要吃 #減肥是明天的事
#HappyChineseNewYear #CyndiFoodie",24212,200,"['過年就是要吃', 'CyndiFoodie', 'HappyChineseNewYear', '減肥是明天的事']"
203,2019-02-06 13:30:41,"後面那位男子～我老爸！
老帥老帥的～❤️☺️ #過年就是要和家人膩在一起
#HappyChineseNewYear",13949,93,"['HappyChineseNewYear', '過年就是要和家人膩在一起']"
204,2019-02-06 00:25:35,"過年就是要和家人膩在一起❤️
大年初一晚餐🥢😋🍷
我可愛的家人💕

#謝謝媽媽準備我愛吃的白鯧魚🥰
#家的料理最美味❤️
#謝謝阿秋大肥鵝☺️
#HappyChineseNewYear",14505,95,"['☺️', 'HappyChineseNewYear', '❤️', '謝謝媽媽準備我愛吃的白鯧魚']"
205,2019-02-05 12:19:10,"沈睡的小舞獅🐶

#我馬麻的凌寶送的舞獅裝
#好溫暖好好睡💤 
#新年快樂
#HappyChineseNewYear",8759,107,"['我馬麻的凌寶送的舞獅裝', '新年快樂', '好溫暖好好睡', 'HappyChineseNewYear']"
206,2019-02-04 19:49:08,豬年快樂！🎉 除夕快樂！🥳 #HappyChineseNewYear,14858,189,['HappyChineseNewYear']
207,2019-02-04 16:17:05,"新年快樂！🎉
今晚19:00 
#2019超級巨星紅白藝能大賞
有我和夥伴們帶來
17首精彩組曲演唱喔！💃🏻🕺🏻 #王心凌 #CyndiWang",8938,127,"['王心凌', 'CyndiWang', '2019超級巨星紅白藝能大賞']"
208,2019-02-04 14:59:13,"謝謝 @marcjacobs Tks!!!
謝謝 @calvinklein Tks!!! . 
#MarcJacobs #CalvinKlein
#香水 #香噴噴💕",3909,21,"['MarcJacobs', 'CalvinKlein', '香噴噴', '香水']"
209,2019-02-03 21:47:55,小年夜姐妹聚～❤️ #BFF #姊妹淘,11559,76,"['姊妹淘', 'BFF']"
210,2019-01-31 21:00:08,義氣幫年前歡聚🧨🍶🥢❤️,7602,50,[]
211,2019-01-31 16:21:23,"應觀眾要求～
過年🧨 喜氣紅紅指甲來囉",7395,89,[]
212,2019-01-30 23:46:22,"不約而同 同款耳環☺️
@rainie77 我們真是默契十足啊❤️ #BFF",24442,124,['BFF']
213,2019-01-30 23:42:50,"年前相聚❤️
謝謝阿琳的美味晚餐🍲
超飽超滿足🥰
 #BFF",17427,54,['BFF']
214,2019-01-29 22:41:53,"品水課下課🔔
@watersommelier_tw 
#好友開課 #台灣唯二品水師",7380,47,"['好友開課', '台灣唯二品水師']"
215,2019-01-29 19:39:37,"品水課📝
@watersommelier_tw 
#好友開課 #台灣唯二品水師",9923,68,"['好友開課', '台灣唯二品水師']"
216,2019-01-27 17:37:22,"謝謝 @whittard_taiwan Tks!!
冷冷的天 喝熱熱的茶
聽著大眠 是最幸福的事🍵🎵❤️ #Whittard #CyndiLoves2Sing #大眠",4217,37,"['大眠', 'CyndiLoves2Sing', 'Whittard']"
217,2019-01-24 21:50:36,"在北京聽大眠做保養

#王心凌 #CyndiWang #美樂思 #Mediplus",10322,101,"['CyndiWang', 'Mediplus', '美樂思', '王心凌']"
218,2019-01-20 20:50:30,My lovely girlfriends ❤️🥢🥂🏂,12246,92,[]
219,2019-01-19 17:25:39,Good evening 👋🏻👋🏻 #BalanceBeTweenWorkAndLife,6746,97,['BalanceBeTweenWorkAndLife']
220,2019-01-19 15:38:44,"S turn 練習中🏂

#BalanceBeTweenWorkAndLife",5886,63,['BalanceBeTweenWorkAndLife']
221,2019-01-18 20:24:29,"2009 心電心 vs. 
2019 CyndiLoves2sing 
#十年對比挑戰# #TenYearChallenge",26931,374,"['十年對比挑戰', 'TenYearChallenge']"
222,2019-01-16 22:27:41,"媽媽、姐姐、弟弟、姪子、姪女⋯ 
家人歡聚在一起就是熱鬧🥳

#嘰哩呱啦 #嘰嘰喳喳",12788,97,"['嘰嘰喳喳', '嘰哩呱啦']"
223,2019-01-16 17:47:22,"謝謝 @gucci Tks!!❤️
「花悦蜜意濃郁淡香精」

#Gucci #GucciTaiwan #Bloom",4424,36,"['Bloom', 'GucciTaiwan', 'Gucci']"
224,2019-01-16 17:41:58,"「花悦蜜意濃郁淡香精」
謝謝 @gucci  Tks!!! #Bloom #Gucci #GucciTaiwan",97,5,"['Bloom', 'GucciTaiwan', 'Gucci']"
225,2019-01-12 16:29:01,💕,8924,106,[]
226,2019-01-10 22:15:31,"Shooting 🎥
@shen_miao_miao 
@fluxreelsunny 
#MV 
#生命中的美好缺憾 
#CyndiLoves2Sing #愛心凌
#王心凌 #CyndiWang",8942,132,"['愛心凌', 'CyndiLoves2Sing', 'MV', '王心凌', 'CyndiWang', '生命中的美好缺憾']"
227,2019-01-10 20:48:03,"Shooting 🎥
@shen_miao_miao 
@fluxreelsunny 
#MV 
#CyndiLoves2Sing #愛心凌
#王心凌 #CyndiWang",13533,217,"['愛心凌', 'CyndiLoves2Sing', 'MV', '王心凌', 'CyndiWang']"
228,2019-01-10 16:56:47,"😊謝謝「ReVive 麗膚」Tks!! . 
極致光采潔膚霜、六胜肽眼部抗皺精華、極致除皺眼霜 👀❤️ #ReVive",3587,41,['ReVive']
229,2019-01-06 21:07:11,"今日泉州演出的馬尾辮和美美妝容
看出和昨晚的差別了嗎～？💃🏻
@fluxreelsunny @emilyliu1118 
#王心凌 #CyndiWang",15760,163,"['CyndiWang', '王心凌']"
230,2019-01-06 20:45:47,"帶著佼哥 @mickey1972330 的專輯
「Live & Life」到泉州演出💃🏻 . 
#支持 #黃子佼第一張專輯",9465,78,"['支持', '黃子佼第一張專輯']"
231,2019-01-05 22:33:23,"我今晚可愛的馬尾辮和美美的妝容
@zoom_rick @emilyliu1118 
#紅白藝能大賞 #豬年行大運 
#zoomhairstyling 
#王心凌 #CyndiWang",21063,244,"['zoomhairstyling', '王心凌', 'CyndiWang', '豬年行大運', '紅白藝能大賞']"
232,2019-01-04 22:26:18,"「到處不存在的我」
MV拍攝當天是個超級大清早
我們妝、髮、服、藝人組 一行8人
正走入車子無法到達的拍攝現場
要與其他工作人員會合拍攝MV
天氣也是個大風大沙的狀態🤪
所以基本上大家都包緊緊的
當時的我內心是有點羨慕..
其實常常美美的畫面
總是有些不為人知的不容易啊～～～ #到處不存在的我 
#CyndiLoves2Sing #愛心凌
#王心凌 #CyndiWang",9539,104,"['愛心凌', 'CyndiLoves2Sing', '到處不存在的我', '王心凌', 'CyndiWang']"
233,2019-01-04 13:26:28,"「到處不存在的我」
MV已上線：https://youtu.be/cFHAn_20sKc

#荒野漂流的一朵花 #到處不存在的我
#CyndiLoves2Sing #愛心凌
#王心凌 #CyndiWang",11171,139,"['愛心凌', 'CyndiLoves2Sing', '到處不存在的我', '王心凌', '荒野漂流的一朵花', 'CyndiWang']"
234,2019-01-03 17:36:10,"彷彿荒野漂流的一朵小花，
在狂風中依然挺立綻放！
明天（1/4）中午12點，
「到處不存在的我」MV即將上線。
記得到環球音樂YouTube 頻道搶先觀賞喔！

#荒野漂流一朵花
#到處不存在的我
#CYNDILOVES2SING #愛心凌
#王心凌 #CyndiWang",6326,111,"['愛心凌', 'CYNDILOVES2SING', '到處不存在的我', '王心凌', 'CyndiWang', '荒野漂流一朵花']"
235,2018-12-31 21:11:06,"2018年底
帶上了#CyndiLoves2Sing 
和你/妳們相聚陪伴在一起❤️
2018年的最後一晚，決定留給自己☺️
謝謝你/妳～ 愛你/妳～
期待2019的到來～
祝福我們都有更好的自己❤️ #2019
#王心凌 #CyndiWang

妝： @emilyliu1118 
髮： @zoom_rick",23630,353,"['CyndiWang', 'CyndiLoves2Sing', '2019', '王心凌']"
236,2018-12-28 22:47:20,"💅🏻主題：閃耀
預祝大家新年快樂喔🎉

#2019倒數 
#CyndiLoves2Sing 
#CyndiWang #王心凌",8417,162,"['CyndiWang', 'CyndiLoves2Sing', '2019倒數', '王心凌']"
237,2018-12-22 23:56:16,"廣州演出結束，抓住冬至的尾巴☺️
祝大家冬至快樂喔～❤️ #雖是冬至但天氣挺熱的
#不免俗還是要吃湯圓
#聽說北方吃的是餃子",12917,169,"['不免俗還是要吃湯圓', '雖是冬至但天氣挺熱的', '聽說北方吃的是餃子']"
238,2018-12-22 16:17:12,"紅豆冰🦶🏻癢死我了🥴

#臭蚊子 #大大小小8個包 #應該吃很飽",7638,150,"['應該吃很飽', '臭蚊子', '大大小小8個包']"
239,2018-12-22 14:13:27,"📺
請服用今日最黑的閃電快報！
「誰？是誰擊敗了外星人拯救地球？」 🔎劈你的雷正在路上
#CYNDILOVES2SING #愛心凌
#王心凌 #CyndiWang",3330,61,"['愛心凌', 'CyndiWang', 'CYNDILOVES2SING', '王心凌']"
240,2018-12-21 12:03:41,"📺
請服用今日最黑的閃電快報！
「感情綁架事件 嫌犯身份有了重大突破」 🔎劈你的雷正在路上
#CYNDILOVES2SING #愛心凌
#王心凌 #CyndiWang",3816,102,"['愛心凌', 'CyndiWang', 'CYNDILOVES2SING', '王心凌']"
241,2018-12-20 14:36:58,"📺
請服用今日最黑的新聞！
「誰？到底這名神秘女子是誰？」 .
🔎劈你的雷正在路上

#CYNDILOVES2SING #愛心凌
#王心凌 #CyndiWang",4000,122,"['愛心凌', 'CyndiWang', 'CYNDILOVES2SING', '王心凌']"
242,2018-12-20 14:15:07,"謝謝禮物們🎄🎁
「@bose」 Tks!! 🎵😊
#SoundSport #BoseUp #樂無線樂出色
「@puma」 Tks!! ☺️❤️
#Puma #PumaTaiwan",4797,45,"['SoundSport', '樂無線樂出色', 'PumaTaiwan', 'Puma', 'BoseUp']"
243,2018-12-20 13:55:04,"謝謝聖誕禮物們🎄🎁
「@jomalonelondon」Tks!!💕
#JoMaloneLondon #AllThatSparkles
「@ouiorganictw」 Tks!!😊
.#唯有機 #OuiOrganicTw",4966,34,"['JoMaloneLondon', 'AllThatSparkles', 'OuiOrganicTw', '唯有機']"
244,2018-12-18 23:32:57,"飛回灣灣直奔戲院支持Vi姐💪🏻
@vivianhsu.ironv 😘
恐怖又感人🙈❤️
「人面魚：紅衣小女孩外傳」
還沒看的加緊腳步跟上喔！

#數度摀耳摀眼看 
#魚肉好吃嗎 #怕怕",19325,142,"['怕怕', '魚肉好吃嗎', '數度摀耳摀眼看']"
245,2018-12-18 15:55:25,"快閃上海⚡️
還是要帶上新專輯和工作夥伴們
跟上海的姐妹們在「上海樂軒和牛」
短暫的午餐約會🥩🍴🍷 #CyndiLoves2Sing #愛心凌 
#劈你的雷正在路上 #熱播中
#王心凌 #CyndiWang 
#上海樂軒和牛 #好好吃 #CyndiFoodie",10852,82,"['愛心凌', 'CyndiLoves2Sing', 'CyndiFoodie', '劈你的雷正在路上', '好好吃', '王心凌', 'CyndiWang', '上海樂軒和牛', '熱播中']"
246,2018-12-16 00:38:54,"三年沒有和你/妳們面對面見面，
昨晚高雄、台中2場見到大家有滿滿的的感動⋯

有5歲就喜歡我，但那時太小不能來參加活動，到現在長大了，可以自己來了的。
有多年前就帶著1歲兒子來支持，到現在兒子已是青少年，還是一起來看我的可愛父子。
有一位很喜歡我的弟弟，快樂的去當天使了，但他的姐姐代替他來，說要繼續弟弟對我的支持。
有專程從內地、日本、新加坡、馬來西亞、香港、美國⋯飛來的。
有對我說謝謝支持同志的。
有長大結婚生兒育女，也許拋夫棄子，或者帶著老公、孩子來現場的。
有交往多年一起支持我的情侶。
有交了男友、女友帶來給我看的。
有歷劫歸來的。
有很多一路以來專情愛著我多年的熟面孔，也有很多可愛的新面孔⋯⋯。
實在有太多太多的感動，我會一一記在心裡。
你/妳們交給我的信，我一定都會一一讀完。
今天還有一次面對面見面的機會，
記得想好要對我說的話，
如果怕一時緊張忘記或覺得累積了太多說不完，
那就寫封信帶給我吧～
12/16（日）14:00
我們在台北西門町聯合醫院前廣場見！

#CyndiLoves2Sing #愛心凌 
#滿滿的愛 #滿滿的感動
#王心凌 #CyndiWang",16660,336,"['愛心凌', 'CyndiLoves2Sing', '滿滿的愛', '滿滿的感動', '王心凌', 'CyndiWang']"
247,2018-12-13 19:56:30,"再多都甘之如飴～💕 #CyndiLoves2Sing #愛心凌 
#王心凌 #CyndiWang",14199,294,"['愛心凌', 'CyndiWang', 'CyndiLoves2Sing', '王心凌']"
248,2018-12-12 21:41:37,"剛錄完完全娛樂
大家一起可愛打哈欠
往今天最後一個通告出發～💃🏻",7389,114,[]
249,2018-12-11 14:58:10,"哇！！！
謝謝 @furbodogcamera Tks!!
好適合我跟托哥的禮物啊🎁
可以對話和丟給零食的Camera。
還特製了我跟托哥的插畫🎨
好用心！💕
媽媽我出門工作可以看在家的阿托，有沒有偷約朋友回家打麻將了🤣🤣🤣🤣
#Furbo #FurboTaiwan",6562,91,"['FurboTaiwan', 'Furbo']"
250,2018-12-11 01:29:24,"睡前要做的兩件有益身心好事～
聽著大眠做保養🥰

#王心凌 #cyndiloves2sing #大眠
#Mediplus #美樂思 
#濕潤美容 #AllinOne  #天然 #日本原裝#Mediplusmakemeplus",5716,101,"['天然', '日本原裝', '大眠', 'Mediplus', '濕潤美容', '王心凌', 'Mediplusmakemeplus', 'cyndiloves2sing', 'AllinOne', '美樂思']"
251,2018-12-11 00:16:43,"謝謝品牌禮物們～🎁 . 
@nike 粉喜歡😍 Tks!! . 
#NikeTaiwan #jordan11 
@tiffanyandco 😊 Tks!! . 
#TiffanyFragrance #AllYouNeed
@jurlique 🥰❤️ Tks!! . 
#JurliqueTaiwan #賦活再生面膜 #牡丹花恬澄活膚露",5543,43,"['AllYouNeed', 'TiffanyFragrance', 'NikeTaiwan', 'jordan11', 'JurliqueTaiwan', '賦活再生面膜', '牡丹花恬澄活膚露']"
252,2018-12-08 23:06:09,"收工！💃🏻
和工作團隊在我房間客廳吃夜宵🥢",5682,108,[]
253,2018-12-07 14:19:31,".
嘿～來陪我戀完這場愛吧😘！《大眠》MV來囉！

#到Youtube看完整版
#開放式結局考驗愛情清醒指數
//
《CYNDILOVES2SING愛。心凌》數位實體現正發行
🖤#發現一張每首都想TAG朋友的全新專輯❤
//
《CYNDILOVES2SING愛。心凌》
專輯簽唱會
12.15(六) 13:30 高雄夢時代 // 18:30 台中中友百貨
12.16(日) 14:00 台北 西門町聯合醫院前廣場
// #王心凌 #CyndiWang #大眠
#CYNDILOVES2SING #愛心凌",6552,166,"['愛心凌', 'CYNDILOVES2SING', '❤', '大眠', '王心凌', 'CyndiWang', '到Youtube看完整版', '開放式結局考驗愛情清醒指數']"
254,2018-12-06 23:50:25,"再10分鐘！⏳
#CyndiLoves2Sing #愛心凌
就要發片了！！🎉🎵～～
你/妳 準備好了沒～～～📣📣📣",10573,367,"['愛心凌', 'CyndiLoves2Sing']"
255,2018-12-06 18:54:48,"熱騰騰🔥
拍攝的雜誌出來囉～ 還有很棒的贈品喔！@mediplus_taiwan",7207,122,[]
256,2018-12-06 13:07:06,👉🏻👈🏻 😍😍😍,9939,124,[]
257,2018-12-05 12:03:18,"#大眠teaser #內有劇透
我和你，看不到盡頭，但是，我不會逃走。

原來，愛情到最後，只剩下二種人：
不肯逃走的傻子，和不願面對現實的騙子。
.
《大眠》12.07 椎心強映
#開放式結局 #決定你在愛裡的清醒指數
//
《CYNDILOVES2SING愛。心凌》現正預購｜12.07發行 
#王心凌 #CyndiWang #大眠
#CYNDILOVES2SING #愛心凌",5794,127,"['愛心凌', 'CYNDILOVES2SING', '大眠', '內有劇透', '王心凌', '開放式結局', '決定你在愛裡的清醒指數', 'CyndiWang', '大眠teaser']"
258,2018-12-04 14:28:24,"可愛💕
這次選用 #LuluGuinness 的美甲貼 💅🏻",7097,162,['LuluGuinness']
259,2018-12-03 15:04:43,"嘿~ 準備一起來愛心凌吧💋！
《CYNDILOVES2SING愛。心凌》專輯簽唱會

12.15(六) - 13:30 高雄 // 夢時代
- 18:30 台中 // 中友百貨

12.16(日)
- 14:00 台北 // 聯合醫院前廣場 //
*簽唱會詳情會再公告唷* // .
《CYNDILOVES2SING愛。心凌》
現正預購｜12.07發行 //
❤#粉愛妮 版👉 https://lnk.to/CW_AP //
🖤#黑哈妮 版👉 https://lnk.to/CW_AB //
🎧首波氣質主打《#在青春迷失的咖啡館》// .
#王心凌 #CyndiWang #大眠
#CYNDILOVES2SING #愛心凌",6349,169,"['愛心凌', 'CYNDILOVES2SING', '大眠', '王心凌', 'CyndiWang', '粉愛妮', '黑哈妮', '在青春迷失的咖啡館']"
260,2018-12-03 11:36:22,Go 🏃🏻‍♀️ #王心凌 #CyndiWang #Pumataiwan #Puma,16003,170,"['Puma', 'CyndiWang', 'Pumataiwan', '王心凌']"
261,2018-12-03 00:00:35,"愛情的開始與結束 
總在從未預期的那一瞬間 
最終開第一槍的，究竟是誰？ 
王心凌《大眠》12.07 椎心強映 // 《CYNDILOVES2SING愛。心凌》12.07發行 
首波主打《在青春迷失的咖啡館》橫掃數位排行冠軍 // #王心凌 #CyndiWang
#大眠 #CYNDILOVES2SING #愛心凌",7679,163,"['愛心凌', 'CYNDILOVES2SING', '大眠', '王心凌', 'CyndiWang']"
262,2018-11-30 13:53:42,"感冒病號經紀人”為丸哥”😷
生日還要陪拍MV，不好意思捏～🙈
生日快樂喲🥳 
年年有今日 歲歲有今朝🎉
Luv❤️😘 #生日快樂 #健康快樂 #幸福快樂",8271,80,"['生日快樂', '幸福快樂', '健康快樂']"
263,2018-11-30 09:14:25,"忙碌的工作中，收到禮物真是開心～
謝謝品牌們的禮物🎁😄 Tks!! 分別為：
@sandroparis #sandrotaiwan #sandro 
#富錦樹集團 #富錦樹 #富蛋 #伴手禮
@charleskeith_tw #charleskeith_tw #托哥表示開心🐶
#曼秀雷敦 #mentholatum #潤唇膏",5337,57,"['富蛋', 'mentholatum', '潤唇膏', '曼秀雷敦', '富錦樹', 'sandrotaiwan', 'sandro', '托哥表示開心', 'charleskeith_tw', '伴手禮', '富錦樹集團']"
264,2018-11-29 21:34:11,"#LuluGuinnessTaiwan 的禮物們🎁
覺得被愛💕☺️ 謝謝～Tks!! 由上至下分別為：
好看實用💋後背小包
紅唇跟高跟鞋👠
美甲貼貼💅🏻和手寫卡片 
貓咪手環🐱
美美金唇手拿包💋附鍊可肩背2用

#LuluGuinness",4815,48,"['LuluGuinness', 'LuluGuinnessTaiwan']"
265,2018-11-29 17:29:35,"直到吃了2顆泡泡糖才吹出這個小球球🎈🤣🤣
#戀愛泡泡糖 🎵🎵 支持喔！@butterfly092288 ❤️",17226,152,['戀愛泡泡糖']
266,2018-11-28 18:16:41,"謝謝珊妮公主的好歌🎵
喜歡珊妮公主的人💕 @sandeechan 
#CyndiLoves2Sing #愛心凌 #王心凌 #CyndiWang 
#在青春迷失的咖啡館 #陳珊妮",15406,120,"['愛心凌', 'CyndiLoves2Sing', '王心凌', 'CyndiWang', '陳珊妮', '在青春迷失的咖啡館']"
267,2018-11-27 19:08:46,開會✏️,16878,240,[]
268,2018-11-23 23:37:55,"2好3壞投起來！ ！！
🙋🏻‍♂️🙋🏻‍♂️🌈🙋🏻‍♀️🙋🏻‍♀️",12627,174,[]
269,2018-11-22 17:42:08,"嘿~ 《在青春迷失的咖啡館》聽了沒？
我的第12專輯《CYNDILOVES2SING 愛。心凌》開始預購囉！
❤#粉愛妮版
加贈2019年曆，限定珍藏12種不同面向的心凌。
🖤#黑哈妮版
加贈HASHTAG磁鐵組，拼貼出生活的甜美標記。 
#到主頁看看那些格子有藏驚喜
#明天中午我的IG限時動態有10個禮物要送大家
#王心凌 #CyndiWang
#CYNDILOVES2SING #愛心凌 
#粉愛妮 #黑哈妮",3830,60,"['愛心凌', '黑哈妮版', '粉愛妮版', 'CYNDILOVES2SING', '王心凌', 'CyndiWang', '粉愛妮', '明天中午我的IG限時動態有10個禮物要送大家', '黑哈妮', '到主頁看看那些格子有藏驚喜']"
270,2018-11-22 17:41:45,"嘿~ 《在青春迷失的咖啡館》聽了沒？
我的第12專輯《CYNDILOVES2SING 愛。心凌》開始預購囉！
❤#粉愛妮版
加贈2019年曆，限定珍藏12種不同面向的心凌。
🖤#黑哈妮版
加贈HASHTAG磁鐵組，拼貼出生活的甜美標記。 
#到主頁看看那些格子有藏驚喜
#明天中午我的IG限時動態有10個禮物要送大家
#王心凌 #CyndiWang
#CYNDILOVES2SING #愛心凌 
#粉愛妮 #黑哈妮",2983,14,"['愛心凌', '黑哈妮版', '粉愛妮版', 'CYNDILOVES2SING', '王心凌', 'CyndiWang', '粉愛妮', '明天中午我的IG限時動態有10個禮物要送大家', '黑哈妮', '到主頁看看那些格子有藏驚喜']"
271,2018-11-22 17:41:30,"嘿~ 《在青春迷失的咖啡館》聽了沒？
我的第12專輯《CYNDILOVES2SING 愛。心凌》開始預購囉！
❤#粉愛妮版
加贈2019年曆，限定珍藏12種不同面向的心凌。
🖤#黑哈妮版
加贈HASHTAG磁鐵組，拼貼出生活的甜美標記。 
#到主頁看看那些格子有藏驚喜
#明天中午我的IG限時動態有10個禮物要送大家
#王心凌 #CyndiWang
#CYNDILOVES2SING #愛心凌 
#粉愛妮 #黑哈妮",4338,32,"['愛心凌', '黑哈妮版', '粉愛妮版', 'CYNDILOVES2SING', '王心凌', 'CyndiWang', '粉愛妮', '明天中午我的IG限時動態有10個禮物要送大家', '黑哈妮', '到主頁看看那些格子有藏驚喜']"
272,2018-11-22 17:41:05,"嘿~ 《在青春迷失的咖啡館》聽了沒？
我的第12專輯《CYNDILOVES2SING 愛。心凌》開始預購囉！
❤#粉愛妮版
加贈2019年曆，限定珍藏12種不同面向的心凌。
🖤#黑哈妮版
加贈HASHTAG磁鐵組，拼貼出生活的甜美標記。 
#到主頁看看那些格子有藏驚喜
#明天中午我的IG限時動態有10個禮物要送大家
#王心凌 #CyndiWang
#CYNDILOVES2SING #愛心凌 
#粉愛妮 #黑哈妮",2645,12,"['愛心凌', '黑哈妮版', '粉愛妮版', 'CYNDILOVES2SING', '王心凌', 'CyndiWang', '粉愛妮', '明天中午我的IG限時動態有10個禮物要送大家', '黑哈妮', '到主頁看看那些格子有藏驚喜']"
273,2018-11-22 17:40:24,"嘿~ 《在青春迷失的咖啡館》聽了沒？
我的第12專輯《CYNDILOVES2SING 愛。心凌》開始預購囉！
❤#粉愛妮版
加贈2019年曆，限定珍藏12種不同面向的心凌。
🖤#黑哈妮版
加贈HASHTAG磁鐵組，拼貼出生活的甜美標記。 
#到主頁看看那些格子有藏驚喜
#明天中午我的IG限時動態有10個禮物要送大家
#王心凌 #CyndiWang
#CYNDILOVES2SING #愛心凌 
#粉愛妮 #黑哈妮",2244,6,"['愛心凌', '黑哈妮版', '粉愛妮版', 'CYNDILOVES2SING', '王心凌', 'CyndiWang', '粉愛妮', '明天中午我的IG限時動態有10個禮物要送大家', '黑哈妮', '到主頁看看那些格子有藏驚喜']"
274,2018-11-22 17:40:09,"嘿~ 《在青春迷失的咖啡館》聽了沒？
我的第12專輯《CYNDILOVES2SING 愛。心凌》開始預購囉！
❤#粉愛妮版
加贈2019年曆，限定珍藏12種不同面向的心凌。
🖤#黑哈妮版
加贈HASHTAG磁鐵組，拼貼出生活的甜美標記。 
#到主頁看看那些格子有藏驚喜
#明天中午我的IG限時動態有10個禮物要送大家
#王心凌 #CyndiWang
#CYNDILOVES2SING #愛心凌 
#粉愛妮 #黑哈妮",3199,11,"['愛心凌', '黑哈妮版', '粉愛妮版', 'CYNDILOVES2SING', '王心凌', 'CyndiWang', '粉愛妮', '明天中午我的IG限時動態有10個禮物要送大家', '黑哈妮', '到主頁看看那些格子有藏驚喜']"
275,2018-11-22 17:36:19,"嘿~ 《在青春迷失的咖啡館》聽了沒？
我的第12專輯《CYNDILOVES2SING 愛。心凌》開始預購囉！
❤#粉愛妮版
加贈2019年曆，限定珍藏12種不同面向的心凌。
🖤#黑哈妮版
加贈HASHTAG磁鐵組，拼貼出生活的甜美標記。 
#到主頁看看那些格子有藏驚喜
#明天中午我的IG限時動態有10個禮物要送大家
#王心凌 #CyndiWang
#CYNDILOVES2SING #愛心凌 
#粉愛妮 #黑哈妮",4205,38,"['愛心凌', '黑哈妮版', '粉愛妮版', 'CYNDILOVES2SING', '王心凌', 'CyndiWang', '粉愛妮', '明天中午我的IG限時動態有10個禮物要送大家', '黑哈妮', '到主頁看看那些格子有藏驚喜']"
276,2018-11-22 12:25:14,"嘿~ 《在青春迷失的咖啡館》聽了沒？
我的第12專輯《CYNDILOVES2SING 愛。心凌》開始預購囉！
❤#粉愛妮版
加贈2019年曆，限定珍藏12種不同面向的心凌。
🖤#黑哈妮版
加贈HASHTAG磁鐵組，拼貼出生活的甜美標記。 
#到主頁看看那些格子有藏驚喜
#明天中午我的IG限時動態有10個禮物要送大家
#王心凌 #CyndiWang
#CYNDILOVES2SING #愛心凌 
#粉愛妮 #黑哈妮",3530,184,"['愛心凌', '黑哈妮版', '粉愛妮版', 'CYNDILOVES2SING', '王心凌', 'CyndiWang', '粉愛妮', '明天中午我的IG限時動態有10個禮物要送大家', '黑哈妮', '到主頁看看那些格子有藏驚喜']"
277,2018-11-22 12:13:43,"嘿~ 《在青春迷失的咖啡館》聽了沒？
我的第12專輯《CYNDILOVES2SING 愛。心凌》開始預購囉！
❤#粉愛妮版
加贈2019年曆，限定珍藏12種不同面向的心凌。
🖤#黑哈妮版
加贈HASHTAG磁鐵組，拼貼出生活的甜美標記。 
#到主頁看看那些格子有藏驚喜
#明天中午我的IG限時動態有10個禮物要送大家
#王心凌 #CyndiWang
#CYNDILOVES2SING #愛心凌 
#粉愛妮 #黑哈妮",4349,17,"['愛心凌', '黑哈妮版', '粉愛妮版', 'CYNDILOVES2SING', '王心凌', 'CyndiWang', '粉愛妮', '明天中午我的IG限時動態有10個禮物要送大家', '黑哈妮', '到主頁看看那些格子有藏驚喜']"
278,2018-11-22 12:13:06,"嘿~ 《在青春迷失的咖啡館》聽了沒？
我的第12專輯《CYNDILOVES2SING 愛。心凌》開始預購囉！
❤#粉愛妮版
加贈2019年曆，限定珍藏12種不同面向的心凌。
🖤#黑哈妮版
加贈HASHTAG磁鐵組，拼貼出生活的甜美標記。 
#到主頁看看那些格子有藏驚喜
#明天中午我的IG限時動態有10個禮物要送大家
#王心凌 #CyndiWang
#CYNDILOVES2SING #愛心凌 
#粉愛妮 #黑哈妮",2532,13,"['愛心凌', '黑哈妮版', '粉愛妮版', 'CYNDILOVES2SING', '王心凌', 'CyndiWang', '粉愛妮', '明天中午我的IG限時動態有10個禮物要送大家', '黑哈妮', '到主頁看看那些格子有藏驚喜']"
279,2018-11-22 12:12:46,"嘿~ 《在青春迷失的咖啡館》聽了沒？
我的第12專輯《CYNDILOVES2SING 愛。心凌》開始預購囉！
❤#粉愛妮版
加贈2019年曆，限定珍藏12種不同面向的心凌。
🖤#黑哈妮版
加贈HASHTAG磁鐵組，拼貼出生活的甜美標記。 
#到主頁看看那些格子有藏驚喜
#明天中午我的IG限時動態有10個禮物要送大家
#王心凌 #CyndiWang
#CYNDILOVES2SING #愛心凌 
#粉愛妮 #黑哈妮",4312,23,"['愛心凌', '黑哈妮版', '粉愛妮版', 'CYNDILOVES2SING', '王心凌', 'CyndiWang', '粉愛妮', '明天中午我的IG限時動態有10個禮物要送大家', '黑哈妮', '到主頁看看那些格子有藏驚喜']"
280,2018-11-22 12:12:03,"嘿~ 《在青春迷失的咖啡館》聽了沒？
我的第12專輯《CYNDILOVES2SING 愛。心凌》開始預購囉！
❤#粉愛妮版
加贈2019年曆，限定珍藏12種不同面向的心凌。
🖤#黑哈妮版
加贈HASHTAG磁鐵組，拼貼出生活的甜美標記。 
#到主頁看看那些格子有藏驚喜
#明天中午我的IG限時動態有10個禮物要送大家
#王心凌 #CyndiWang
#CYNDILOVES2SING #愛心凌 
#粉愛妮 #黑哈妮",2326,7,"['愛心凌', '黑哈妮版', '粉愛妮版', 'CYNDILOVES2SING', '王心凌', 'CyndiWang', '粉愛妮', '明天中午我的IG限時動態有10個禮物要送大家', '黑哈妮', '到主頁看看那些格子有藏驚喜']"
281,2018-11-22 12:11:31,"嘿~ 《在青春迷失的咖啡館》聽了沒？
我的第12專輯《CYNDILOVES2SING 愛。心凌》開始預購囉！
❤#粉愛妮版
加贈2019年曆，限定珍藏12種不同面向的心凌。
🖤#黑哈妮版
加贈HASHTAG磁鐵組，拼貼出生活的甜美標記。 
#到主頁看看那些格子有藏驚喜
#明天中午我的IG限時動態有10個禮物要送大家
#王心凌 #CyndiWang
#CYNDILOVES2SING #愛心凌 
#粉愛妮 #黑哈妮",2362,8,"['愛心凌', '黑哈妮版', '粉愛妮版', 'CYNDILOVES2SING', '王心凌', 'CyndiWang', '粉愛妮', '明天中午我的IG限時動態有10個禮物要送大家', '黑哈妮', '到主頁看看那些格子有藏驚喜']"
282,2018-11-22 12:10:48,"嘿~ 《在青春迷失的咖啡館》聽了沒？
我的第12專輯《CYNDILOVES2SING 愛。心凌》開始預購囉！
❤#粉愛妮版
加贈2019年曆，限定珍藏12種不同面向的心凌。
🖤#黑哈妮版
加贈HASHTAG磁鐵組，拼貼出生活的甜美標記。 
#到主頁看看那些格子有藏驚喜
#明天中午我的IG限時動態有10個禮物要送大家
#王心凌 #CyndiWang
#CYNDILOVES2SING #愛心凌 
#粉愛妮 #黑哈妮",2829,7,"['愛心凌', '黑哈妮版', '粉愛妮版', 'CYNDILOVES2SING', '王心凌', 'CyndiWang', '粉愛妮', '明天中午我的IG限時動態有10個禮物要送大家', '黑哈妮', '到主頁看看那些格子有藏驚喜']"
283,2018-11-22 12:10:09,"嘿~ 《在青春迷失的咖啡館》聽了沒？
我的第12專輯《CYNDILOVES2SING 愛。心凌》開始預購囉！
❤#粉愛妮版
加贈2019年曆，限定珍藏12種不同面向的心凌。
🖤#黑哈妮版
加贈HASHTAG磁鐵組，拼貼出生活的甜美標記。 
#到主頁看看那些格子有藏驚喜
#明天中午我的IG限時動態有10個禮物要送大家
#王心凌 #CyndiWang
#CYNDILOVES2SING #愛心凌 
#粉愛妮 #黑哈妮",2525,7,"['愛心凌', '黑哈妮版', '粉愛妮版', 'CYNDILOVES2SING', '王心凌', 'CyndiWang', '粉愛妮', '明天中午我的IG限時動態有10個禮物要送大家', '黑哈妮', '到主頁看看那些格子有藏驚喜']"
284,2018-11-22 12:09:36,"嘿~ 《在青春迷失的咖啡館》聽了沒？
我的第12專輯《CYNDILOVES2SING 愛。心凌》開始預購囉！
❤#粉愛妮版
加贈2019年曆，限定珍藏12種不同面向的心凌。
🖤#黑哈妮版
加贈HASHTAG磁鐵組，拼貼出生活的甜美標記。 
#到主頁看看那些格子有藏驚喜
#明天中午我的IG限時動態有10個禮物要送大家
#王心凌 #CyndiWang
#CYNDILOVES2SING #愛心凌 
#粉愛妮 #黑哈妮",2585,10,"['愛心凌', '黑哈妮版', '粉愛妮版', 'CYNDILOVES2SING', '王心凌', 'CyndiWang', '粉愛妮', '明天中午我的IG限時動態有10個禮物要送大家', '黑哈妮', '到主頁看看那些格子有藏驚喜']"
285,2018-11-22 12:09:07,"嘿~ 《在青春迷失的咖啡館》聽了沒？
我的第12專輯《CYNDILOVES2SING 愛。心凌》開始預購囉！
❤#粉愛妮版
加贈2019年曆，限定珍藏12種不同面向的心凌。
🖤#黑哈妮版
加贈HASHTAG磁鐵組，拼貼出生活的甜美標記。 
#到主頁看看那些格子有藏驚喜
#明天中午我的IG限時動態有10個禮物要送大家
#王心凌 #CyndiWang
#CYNDILOVES2SING #愛心凌 
#粉愛妮 #黑哈妮",3047,9,"['愛心凌', '黑哈妮版', '粉愛妮版', 'CYNDILOVES2SING', '王心凌', 'CyndiWang', '粉愛妮', '明天中午我的IG限時動態有10個禮物要送大家', '黑哈妮', '到主頁看看那些格子有藏驚喜']"
286,2018-11-22 12:08:38,"嘿~ 《在青春迷失的咖啡館》聽了沒？
我的第12專輯《CYNDILOVES2SING 愛。心凌》開始預購囉！
❤#粉愛妮版
加贈2019年曆，限定珍藏12種不同面向的心凌。
🖤#黑哈妮版
加贈HASHTAG磁鐵組，拼貼出生活的甜美標記。 
#到主頁看看那些格子有藏驚喜
#明天中午我的IG限時動態有10個禮物要送大家
#王心凌 #CyndiWang
#CYNDILOVES2SING #愛心凌 
#粉愛妮 #黑哈妮",2365,9,"['愛心凌', '黑哈妮版', '粉愛妮版', 'CYNDILOVES2SING', '王心凌', 'CyndiWang', '粉愛妮', '明天中午我的IG限時動態有10個禮物要送大家', '黑哈妮', '到主頁看看那些格子有藏驚喜']"
287,2018-11-22 12:08:08,"嘿~ 《在青春迷失的咖啡館》聽了沒？
我的第12專輯《CYNDILOVES2SING 愛。心凌》開始預購囉！
❤#粉愛妮版
加贈2019年曆，限定珍藏12種不同面向的心凌。
🖤#黑哈妮版
加贈HASHTAG磁鐵組，拼貼出生活的甜美標記。 
#到主頁看看那些格子有藏驚喜
#明天中午我的IG限時動態有10個禮物要送大家
#王心凌 #CyndiWang
#CYNDILOVES2SING #愛心凌 
#粉愛妮 #黑哈妮",4615,28,"['愛心凌', '黑哈妮版', '粉愛妮版', 'CYNDILOVES2SING', '王心凌', 'CyndiWang', '粉愛妮', '明天中午我的IG限時動態有10個禮物要送大家', '黑哈妮', '到主頁看看那些格子有藏驚喜']"
288,2018-11-22 12:07:41,"嘿~ 《在青春迷失的咖啡館》聽了沒？
我的第12專輯《CYNDILOVES2SING 愛。心凌》開始預購囉！
❤#粉愛妮版
加贈2019年曆，限定珍藏12種不同面向的心凌。
🖤#黑哈妮版
加贈HASHTAG磁鐵組，拼貼出生活的甜美標記。 
#到主頁看看那些格子有藏驚喜
#明天中午我的IG限時動態有10個禮物要送大家
#王心凌 #CyndiWang
#CYNDILOVES2SING #愛心凌 
#粉愛妮 #黑哈妮",2690,15,"['愛心凌', '黑哈妮版', '粉愛妮版', 'CYNDILOVES2SING', '王心凌', 'CyndiWang', '粉愛妮', '明天中午我的IG限時動態有10個禮物要送大家', '黑哈妮', '到主頁看看那些格子有藏驚喜']"
289,2018-11-22 12:07:12,"嘿~ 《在青春迷失的咖啡館》聽了沒？
我的第12專輯《CYNDILOVES2SING 愛。心凌》開始預購囉！
❤#粉愛妮版
加贈2019年曆，限定珍藏12種不同面向的心凌。
🖤#黑哈妮版
加贈HASHTAG磁鐵組，拼貼出生活的甜美標記。 
#到主頁看看那些格子有藏驚喜
#明天中午我的IG限時動態有10個禮物要送大家
#王心凌 #CyndiWang
#CYNDILOVES2SING #愛心凌 
#粉愛妮 #黑哈妮",9465,90,"['愛心凌', '黑哈妮版', '粉愛妮版', 'CYNDILOVES2SING', '王心凌', 'CyndiWang', '粉愛妮', '明天中午我的IG限時動態有10個禮物要送大家', '黑哈妮', '到主頁看看那些格子有藏驚喜']"
290,2018-11-22 12:06:29,"嘿~ 《在青春迷失的咖啡館》聽了沒？
我的第12專輯《CYNDILOVES2SING 愛。心凌》開始預購囉！
❤#粉愛妮版
加贈2019年曆，限定珍藏12種不同面向的心凌。
🖤#黑哈妮版
加贈HASHTAG磁鐵組，拼貼出生活的甜美標記。 
#到主頁看看那些格子有藏驚喜
#明天中午我的IG限時動態有10個禮物要送大家
#王心凌 #CyndiWang
#CYNDILOVES2SING #愛心凌 
#粉愛妮 #黑哈妮",2426,11,"['愛心凌', '黑哈妮版', '粉愛妮版', 'CYNDILOVES2SING', '王心凌', 'CyndiWang', '粉愛妮', '明天中午我的IG限時動態有10個禮物要送大家', '黑哈妮', '到主頁看看那些格子有藏驚喜']"
291,2018-11-22 12:06:00,"嘿~ 《在青春迷失的咖啡館》聽了沒？
我的第12專輯《CYNDILOVES2SING 愛。心凌》開始預購囉！
❤#粉愛妮版
加贈2019年曆，限定珍藏12種不同面向的心凌。
🖤#黑哈妮版
加贈HASHTAG磁鐵組，拼貼出生活的甜美標記。 
#到主頁看看那些格子有藏驚喜
#明天中午我的IG限時動態有10個禮物要送大家
#王心凌 #CyndiWang
#CYNDILOVES2SING #愛心凌 
#粉愛妮 #黑哈妮",3042,14,"['愛心凌', '黑哈妮版', '粉愛妮版', 'CYNDILOVES2SING', '王心凌', 'CyndiWang', '粉愛妮', '明天中午我的IG限時動態有10個禮物要送大家', '黑哈妮', '到主頁看看那些格子有藏驚喜']"
292,2018-11-22 12:04:44,"嘿~ 《在青春迷失的咖啡館》聽了沒？
我的第12專輯《CYNDILOVES2SING 愛。心凌》開始預購囉！
❤#粉愛妮版
加贈2019年曆，限定珍藏12種不同面向的心凌。
🖤#黑哈妮版
加贈HASHTAG磁鐵組，拼貼出生活的甜美標記。 
#到主頁看看那些格子有藏驚喜
#明天中午我的IG限時動態有10個禮物要送大家
#王心凌 #CyndiWang
#CYNDILOVES2SING #愛心凌 
#粉愛妮 #黑哈妮",6771,58,"['愛心凌', '黑哈妮版', '粉愛妮版', 'CYNDILOVES2SING', '王心凌', 'CyndiWang', '粉愛妮', '明天中午我的IG限時動態有10個禮物要送大家', '黑哈妮', '到主頁看看那些格子有藏驚喜']"
293,2018-11-21 23:27:27,"今晚到達北京，在飯店為了明天的新專輯記者會定裝，修改師傅也帶著縫紉機到飯店現場修改，豐富的經驗與厲害的手藝著實令人刮目相看👍🏻
一切剛完成，期待明天的到來～👀💃🏻",6041,87,[]
294,2018-11-21 15:03:02,"凌寶們～
聽起來！購起來！支持起來喲！ ❤首波主打
《在青春迷失的咖啡館》數位現正發行！
KKBOX ▶ https://goo.gl/Wsfozf
Spotify ▶ https://goo.gl/jJX7jT
Apple Music ▶ https://goo.gl/CVaBw3
MyMusic ▶ https://goo.gl/mE6aQ3
friDay音樂 ▶https://goo.gl/EhTYVX ❤全新專輯《CYNDILOVES2SING》
11/21 全省7-11、各大唱片行開始預購！
12/7 正式發行！ 
#王心凌 #CyndiWang #陳珊妮
#CYNDILOVES2SING #愛心凌 
#粉愛妮 #黑哈妮",10084,153,"['愛心凌', 'CYNDILOVES2SING', '王心凌', 'CyndiWang', '粉愛妮', '黑哈妮', '陳珊妮']"
295,2018-11-19 13:53:13,"☕
王心凌《在青春迷失的咖啡館》11/21 數位上線
在反覆與自己和他人的對話之中，譜出一段漫遊城市的迷人旋律，首度合作的陳珊妮老師巧妙安排鋪陳的一句句歌詞，運用兩個不同城市、不同個性的迷樣女性角色，在討論記憶與追尋的過程中，交織出城市中隨性自處、咖啡館般的迷人香氣。 《CYNDILOVES2SING 愛。心凌》11/21  7-11、各大唱片行開始預購。
❤#粉愛妮版
加贈2019年曆，限定珍藏12種不同面向的心凌。
🖤#黑哈妮版
加贈HASHTAG磁鐵組，拼貼出生活的甜美標記。

#CYNDILOVES2SING #愛心凌 
#王心凌 #CyndiWang #陳珊妮",11465,385,"['愛心凌', '黑哈妮版', 'CYNDILOVES2SING', '粉愛妮版', '王心凌', 'CyndiWang', '陳珊妮']"
296,2018-11-18 19:33:29,"目前氣溫7度🌨☁️❄️
準備開工！
今晚是戶外演出場地，早先下了一天雨，希望體感溫度不要再低太多，新專輯就快出輯了，一定不能感冒💃🏻 化妝: @emilyliu1118  髮型: @fluxreelsunny 
#王心凌 #CyndiWang 
#2018新專輯#CyndiLoves2Sing #愛心凌",21027,236,"['愛心凌', 'CyndiLoves2Sing', '2018新專輯', '王心凌', 'CyndiWang']"
297,2018-11-16 09:40:04,"早安☀️ #MV #Shooting 
#CyndiLoves2Sing #愛心凌
#王心凌 #CyndiWang",7956,109,"['愛心凌', 'CyndiLoves2Sing', 'MV', '王心凌', 'Shooting', 'CyndiWang']"
298,2018-11-15 14:47:36,"包租婆與偽雪寶也是有時尚態度的💃🏻 #Attitude 
#MV #ShootingDay
#CyndiLoves2Sing #愛心凌 
#王心凌 #Cyndi",11672,105,"['愛心凌', 'CyndiLoves2Sing', 'Attitude', 'MV', 'ShootingDay', '王心凌', 'Cyndi']"
299,2018-11-14 12:24:30,"#心凌經典升級款 #粉愛妮
嘿~ 一句話形容新專輯👇🏻
“一張每首都想TAG朋友的全新專輯”

#一句話留言你愛心凌的什麼
#CYNDILOVES2SING #愛心凌
#王心凌 #CyndiWang",5456,94,"['一句話留言你愛心凌的什麼', '愛心凌', 'CYNDILOVES2SING', '心凌經典升級款', '王心凌', 'CyndiWang', '粉愛妮']"
