,time,post_caption,likes,comments,tags
0,2019-12-12 14:44:24,老公的傑作！,52823,435,[]
1,2019-12-11 17:22:34,天氣冷懶得出門，請老公幫我染髮^_^,50416,322,[]
2,2019-12-03 18:39:04,"在嘉義的偏遠鄉區，有一群老人家非常需要大家的關心和幫助，只要加入活動，就可以付出一份力量，讓他們感受溫暖，大家一起擁抱希望，傳出愛 ———————— 臉書「中廣活動專區 」🎄小S 聖誕愛心競標活動🎁 ■ 競標物品：手拿包(二手）
■ 起標價格：$10,000
■ 活動辦法：
1. 按讚加入「中廣活動專區」臉書粉絲團。
2. 按「讚」及轉貼活動頁面（設定為公開）。
3. 在圖片下方留言競標金額。
4. 同時請私訊姓名、聯絡電話與個資同意書，才算完成競標流程喔。 ■ 活動時間：12/2(一) 至12/16(一) pm23:59
■ 截止時間：12/16(一) pm23:59
■ 公佈時間：12/17(二) ※本次募款所得將全數捐給：
「財團法人私立天主教中華聖母社會福利慈善事業基金會」：用愛深耕嘉義專案籌募基金。

https://www.facebook.com/222140721159633/posts/3472256922814647?d=n&sfns=mo",28523,133,[]
3,2019-11-27 16:23:21,,133425,1864,[]
4,2019-11-25 08:10:02,我二女兒生日竟然送了我一朵康乃馨，因爲她說沒有我就沒有她！我是何德何能生了一個那麼孝順的孩子！感謝老天爺啊！,214227,1391,[]
5,2019-11-22 17:28:52,@loewe #ArchitectsD,14982,69,['ArchitectsD']
6,2019-11-19 00:49:07,https://www.facebook.com/1509106909358665/posts/2470394513229895?d=n&sfns=mo,75408,536,[]
7,2019-11-18 11:32:33,志玲，要永遠幸福喔！好好跟先生享受2人世界，演藝圈不是很重要的！,313261,1670,[]
8,2019-11-14 10:10:24,夢想家新球季將要開打，有空去彰化夢想家主場看球，支持籃球！我女兒最近也迷上籃球了，謝謝魏于淳教練的指導！這次帶她去現場感受一下！侄子打了幾次突然抽高好多！真是個好運動！,22538,65,[]
9,2019-11-13 22:33:40,我真的想拍她正常的一面，她真的有，但我不知道她到底怎麼了！我決定接受她、愛她！看她可以多瘋！其實我很愛她這麼瘋狂！,124816,3288,[]
10,2019-11-07 17:04:37,"曉萱在罪夢者好美，演得超棒！她是我姐妹！
@tods 
#todstw 
#FW19",72847,504,"['FW19', 'todstw']"
11,2019-11-05 17:27:29,@louboutinworld #louboutinworld,10650,41,['louboutinworld']
12,2019-11-01 12:11:28,赫蓮娜真的超!好!用，榮登我的最愛!覺得我美的人，留言寫個美吧! #helenarubinstein #helenarubinsteinpower #赫蓮娜 #高光精華 #年輕高透光 #匯集五道光 @helenarubinstein_tw,29043,906,"['年輕高透光', '高光精華', '匯集五道光', '赫蓮娜', 'helenarubinsteinpower', 'helenarubinstein']"
13,2019-10-30 11:35:12,"一定支持好姐妹 #范曉萱 最新力作，期待你的精彩演出！
#罪夢者 #10月31日播映 #Netflix原創影集",53867,185,"['10月31日播映', 'Netflix原創影集', '罪夢者', '范曉萱']"
14,2019-10-28 17:30:07,時髦的ASOS~,45271,336,[]
15,2019-10-27 13:43:05,"祝大家事事順心
#PradaFW19
#PradaEyewear  @prada",32290,184,"['PradaEyewear', 'PradaFW19']"
16,2019-10-26 17:15:18,萬聖節派對，母女四人拼了，但許老三有點太噁，我則真的很像劇中人物，可有可無！,154751,1296,[]
17,2019-10-25 17:30:43,知道她有多瘋了吧！這到底是什麼路線？,94667,2372,[]
18,2019-10-24 23:12:45,https://www.facebook.com/481538968668235/posts/1396467943841995?sfns=mo,43493,333,[]
19,2019-10-21 17:36:36,主廚就是老闆，是位羅馬人！第一次來這家餐廳，已經拍了3次手！太好吃了啦！人生好幸福哦！,40719,129,[]
20,2019-10-21 16:44:11,好久沒收工跟同事們吃飯了，他們可是不聰明黃金團隊哦！,30448,70,[]
21,2019-10-20 12:51:22,https://www.facebook.com/481538968668235/posts/1391019397720183?sfns=mo,29480,236,[]
22,2019-10-16 12:01:42,謝謝赫蓮娜，創造出一罐乳霜之神，黑繃帶乳霜讓我展現自信魅力，看見極致年輕!大家 10/19(六)快來信義A8赫蓮娜和我一起見證年輕，想和我合照嗎?下午兩點不見不散! #helenarubinstein #helenarubinsteinpower #赫蓮娜 #黑繃帶乳霜 #九大深層修護力 @helenarubinstein_tw,26378,202,"['九大深層修護力', '赫蓮娜', '黑繃帶乳霜', 'helenarubinsteinpower', 'helenarubinstein']"
23,2019-10-11 12:03:35,"終於可以跟大家宣布這個好消息!很開心能擔任HR赫蓮娜品牌大使，想要像我一樣散發前所未有的自信光彩，一定要去台北信義A8專櫃體驗看看我最愛的高光精華!
#helenarubinstein #helenarubinsteinpower #赫蓮娜 #高光精華 #年輕高透光 #匯集五道光 @helenarubinstein_tw",28027,243,"['年輕高透光', '高光精華', '匯集五道光', '赫蓮娜', 'helenarubinsteinpower', 'helenarubinstein']"
24,2019-10-09 08:16:55,小天使，我是指睡著的時候～,55572,186,[]
25,2019-09-28 11:49:11,"這是我最近最愛的精華！
真的讓我的臉亮到不能比！ 
@helenarubinstein_tw 
#helenarubinstein　#helenarubinsteinpower　
#高光精華 #匯集五道光 #煥發年輕高透光 #赫蓮娜 #10月1日台北新光三越A8盛大開幕",25056,148,"['高光精華', '匯集五道光', '10月1日台北新光三越A8盛大開幕', '赫蓮娜', '煥發年輕高透光', 'helenarubinsteinpower', 'helenarubinstein']"
26,2019-09-26 22:39:05,確實很有大將之風，但麻煩書房也請清理乾淨！ https://www.facebook.com/481538968668235/posts/1369384276550362?sfns=mo,109829,1171,[]
27,2019-09-17 13:33:10,羽球雙嬌！流汗太爽了啦，下課先去吃個火鍋，回去再洗個澡，然候躺著看書！人生啊～很開心,43484,256,[]
28,2019-09-16 13:05:54,Zumba with Katie and專業歌手！ @katiemovestaipei #katiemovestaipei @fanfan,34901,561,['katiemovestaipei']
29,2019-09-12 00:21:55,睡不著！,32126,549,[]
30,2019-09-11 22:27:05,真的希望大家可以喜歡這一季的花花萬物 https://www.facebook.com/1509106909358665/posts/2412589795677034?sfns=mo,13593,213,[]
31,2019-09-09 20:40:56,我親愛的媽媽，生日快樂！真不敢想像您65歲了！明明我就像28～9歲，您則是45歲啊！生命真的一直在走，只是以前你不在乎，現在發現你快抓不住了！媽～女兒真的好愛您！s hotel 的菜也太好吃了！我要好好感受這生命的河流！,84778,325,[]
32,2019-09-07 12:12:17,我有新歡了！長安十二時辰的雷佳音和周一圍！好會演！祝他們平安！,15740,440,[]
33,2019-09-03 11:37:20,"請老公幫我拍mv,現場一堆超棒的臨演！
結果被外國來的朋友大肆稱讚，還說：you win green man!搶著拍照更不用說了！這就是巨星的魅力！",74482,857,[]
34,2019-09-03 08:48:06,#火人節2019# 我終於跟我老公一起參加了！白天的火人節在炎熱及無垠的沙漠，透過陣陣的沙塵，看見一個又一個奇特的裝置藝術，彷彿身在別的星球！夜晚的火人節是完全不同的感覺！爭奇鬥豔的改裝車，無數的奇幻光影，及來自世界地的朋友！在這裡你感受不到空間、時間、隔閡，只有令人歎為觀止的藝術～和人類的愛與創意！,88038,503,['火人節2019']
35,2019-08-22 20:09:03,"范范我愛妳啦～～～
https://www.facebook.com/481538968668235/posts/1340204969468293?sfns=mo",21404,251,[]
36,2019-08-22 18:13:40,雖然認錯菜，但成品還是讓孩子們歡呼！三杯雞，奶油玉米，鮭魚蒸飯～是我做的！我大姐做的是蔥花蛋、蛤蜊絲瓜、煎鱈魚！我也太有才了吧！,56520,313,[]
37,2019-08-22 14:47:59,今天決定做菜給孩子吃，太久沒做了！孩子們一直哇哇叫！來到超市想買個蔥，竟然連拿錯兩次！一次拿成澎湖絲瓜，我大姐說：你真的夠了！然後她拿了一把韭菜！只能說術業有專攻！,46409,366,[]
38,2019-08-20 19:08:26,阿春滷味我拜託你～也太好吃了吧！尤其糯米腸，根本停不下來！我身為明星半夜狂吃糯米腸，像話嗎？,51799,528,[]
39,2019-08-19 17:05:26,@ysl #ysl #saintlaurent,21079,126,"['saintlaurent', 'ysl']"
40,2019-08-15 18:58:10,還真會剪接～ https://www.facebook.com/1509106909358665/posts/2393509647585049?sfns=mo,15817,243,[]
41,2019-08-08 15:45:10,誰能幫我把身上的箭拔下來 https://www.facebook.com/481538968668235/posts/1328963830592407?sfns=mo,33572,603,[]
42,2019-08-03 13:31:00,"許醫師又出新書了！這次是在探討如何讓兩性關係變得更好！也許我們彼此都有的問題,可以在書中找到答案！",8728,54,[]
43,2019-07-31 12:03:14,"#ZOOMHairstyling 
#RememberYourself 
#15週年形象專刊
#ZOOM同步展出 #Findyourstylebyoureyes",15515,141,"['Findyourstylebyoureyes', 'RememberYourself', '15週年形象專刊', 'ZOOM同步展出', 'ZOOMHairstyling']"
44,2019-07-30 14:47:10,"@longchamp
#LongchampXnendo",14107,57,['LongchampXnendo']
45,2019-07-24 11:22:27,"工作結束了，但是暑假還沒結束⋯阿拉丁、獅子王、玩具總動員4還在還在後面緊追著我！#PradaPanier 
@Prada",64321,481,['PradaPanier']
46,2019-07-21 21:17:45,感謝北京洲際酒店的貼心！但我真的蠻想立刻躺在床上！那些花瓣⋯⋯⋯好美！辛苦你們囉！我現在也要來忙著收了！,35503,275,[]
47,2019-07-18 19:12:14,最近我的最愛 #AUDACE,19242,119,['AUDACE']
48,2019-07-12 14:16:39,不孝女！,67226,1153,[]
49,2019-07-12 13:44:06,明明是孩子的暑假，我跟著瞎嚷嚷個什麼！超孬的！,60606,530,[]
50,2019-07-11 20:22:11,#我們是真正的朋友 和好姐妹們一起飆戲的感覺很爽！阿雅你就是我的最佳拍檔！怎麼樣，我演的好不好？節目要收官囉好捨不得，我覺得這次的旅行真的非常有意義，我們四姐妹的心貼的更近了，謝謝各位的支持，要記得愛你身邊的人哦,37696,928,['我們是真正的朋友']
51,2019-07-11 19:31:53,隔了兩年再來上海迪士尼，許老三總算長高到什麼都可以玩，而我沒變，還是一樣美！但實在美不過這裡的煙火～讓人幸福快樂的地方！但腿真的會斷！@shanghaidisneyresort,138586,780,[]
52,2019-07-09 10:52:04,"鬼打牆，我還是愛短髮！
@maisonvalentino
#VSLING #Valentino
#FW19 #Handbag",82847,686,"['FW19', 'Valentino', 'Handbag', 'VSLING']"
53,2019-07-05 15:05:10,"鹿港也很值得一遊，為了怕許曦文太囂張，我還是硬擺了幾個時尚pose,但效果好像不大！",144401,1066,[]
54,2019-07-05 09:32:44,玩到了高雄，今天再去台中，每天都吃的一發不可收拾，夭壽飽喔！回去要振作了！,128675,661,[]
55,2019-07-04 20:15:55,#我們是真正的朋友 今天姐姐帶我追星，我很開心！謝謝于和偉老師對我的稱贊，您本人真的非常帥！,27689,241,['我們是真正的朋友']
56,2019-07-03 10:52:28,父母最怕的暑假來囉！第一站溪頭妖怪村是個很棒的開始！還跟小孩玩了密室逃脫，發現孩子的身高和智商都超越我了！,96748,444,[]
57,2019-06-30 15:42:33,跟姐姐來亞瑟的花店，插花、喝下午茶，好充實的一天，本來想幫女兒慶功，但她們都各自有局了，還好有這麼好的地方讓我沈澱女兒已經不需要我了！@hide.daily,51382,128,[]
58,2019-06-30 14:49:04,再讓我炫耀一下，3個女兒都各獲得不同舞蹈的第一名，謝謝曼曼老師，還有我女兒的努力，還有媽媽的基因！,158094,934,[]
59,2019-06-27 20:25:06,#我們是真正的朋友 我就是這樣，開心的時候就會忘記傷痛，跟烏鴉battle我也沒有在怕的好嗎？我模仿的像不像？,16100,129,['我們是真正的朋友']
60,2019-06-20 20:39:40,#我們是真正的朋友 這期節目來了好朋友信 ，我承認你是個很厲害的歌手，且句句扎我心，雖然大家總覺得我做什麼都像在搞笑，但是我真的有很認真的對待每一件我想去做的事情，無論是主持人、歌手還是演員，我也會繼續努力去得到大家的認可！,71961,2046,['我們是真正的朋友']
61,2019-06-15 19:04:58,"#mm6maisonmargiela
#MM6Taiwan
#breezecouture
#微風南山",9693,57,"['mm6maisonmargiela', '微風南山', 'MM6Taiwan', 'breezecouture']"
62,2019-06-14 19:32:41,謝謝大家～,40818,495,[]
63,2019-06-13 20:17:59,#我們是真正的朋友 想擁有我的同款大眼睛嗎？謝謝我的化妝師哦 @aya_liu914,48965,1113,['我們是真正的朋友']
64,2019-06-12 18:49:55,每天都要說自己漂亮，感謝身體的每一個部位，漸漸的真的會越來越漂亮，越來越健康！,87364,2600,[]
65,2019-06-11 18:52:18,謝謝  @mti.ii的外套，小S阿姨就收下囉！,35887,138,[]
66,2019-06-11 16:21:20,"到底要不要剪頭髮？
#Tiffanyandco #TiffanyT #TforTiffany",48006,742,"['Tiffanyandco', 'TforTiffany', 'TiffanyT']"
67,2019-06-06 20:15:53,#我們是真正的朋友 這是一首寫給爸爸的歌~親愛的爸爸，我好想你,53134,720,['我們是真正的朋友']
68,2019-06-05 23:22:36,,203377,3382,[]
69,2019-06-05 01:47:54,失眠，但明天有工作，我得打起精神，但有點餓！怎麼辦？？？？,32188,493,[]
70,2019-06-04 19:03:11,難道這就是所謂的夫妻臉嗎？好恐怖！,43368,486,[]
71,2019-06-03 18:57:14,"Zumba with teacher katie and 范范！范范真的是天生的歌手！
#katiemovestaipei
@katiemovestaipei",56794,701,['katiemovestaipei']
72,2019-05-30 20:16:15,#我們是真正的朋友 這就是我和閨蜜的日常啊，我和 @aya_liu914 經常互相傷害，但又彼此相愛,37055,470,['我們是真正的朋友']
73,2019-05-27 01:06:06,我今天的計畫是把自己變成豬，然後再瘋狂的運動跟健康飲食！人沒變成豬過，實在很累！,38992,228,[]
74,2019-05-24 14:26:47,祝福勇敢的你們，選擇走入婚姻，但是不走入婚姻，單純的相愛也是一件很幸福的事情#MichaelKors,63495,346,['MichaelKors']
75,2019-05-23 18:53:15,#我們是真正的朋友 娣SPA只爲你開 @aya_liu914,37571,301,['我們是真正的朋友']
76,2019-05-23 16:00:19,坎城第三套,28280,333,[]
77,2019-05-23 14:32:29,"坎城第二套服裝
攝影by @hungyihsieh 
@casadeiofficial 
@moniquelhuillier
@debeersofficial
@louboutinworld
#louboutinworld",38034,268,['louboutinworld']
78,2019-05-23 14:06:19,#我們是真正的朋友 我們的第一個夢想四姐妹合體拍時尚大片完成了，我的姐妹們都好時髦好會拍啊，當紅四姊妹要出道了！,140234,1631,['我們是真正的朋友']
79,2019-05-23 05:34:43,"坎城的第一套！
攝影by @hungyihsieh
@casadeiofficial 
@debeersofficial 
@maxmara 
#MAXMARA2019春夏系列",45853,316,['MAXMARA2019春夏系列']
80,2019-05-21 18:25:15,坎城，誰怕誰啊！,20769,188,[]
81,2019-05-16 20:08:50,"#我們是真正的朋友 演員真的是一個偉大的職業，我還在努力學習中，謝謝姐妹的鼓勵，我的姐妹們也都超棒！PS：我真的好愛哭啊！
http://t.cn/EKjo01o",42900,745,['我們是真正的朋友']
82,2019-05-12 20:33:12,"@polarbearelly ：Dear mama~~❤️❤️❤️ 謝謝你這13年來的照顧，雖然你常常出外工作，但你總是會抽空時間來陪我們，你總是在我身邊支持著我，在我想放棄時鼓勵我，在我開心時陪我笑，在我難過時叫我不要小題大作😂，雖然你自己很愛為了小事哭～但你真的是一個超級棒的媽媽，又堅強又脆弱！但你對我們的愛是無堅不摧的！We All Love You❤️🧡💛💚💙💜
也祝全世界最偉大的媽媽們母親節快樂🎉
By the way 我媽身材長相ㄧ級棒（這句絕對是媽媽逼我寫下的）

@hsu1124 ：親愛的媽媽， 謝謝您這幾年以來的照顧，雖然您常常不在家我還是很愛您，您就像是我感冒時的藥丸，用心的照顧我，等我長大時我一定會好好孝順您，祝您母親節快樂，我永遠愛您！",131348,547,[]
83,2019-05-11 18:43:34,工作中的慢慢蛻變！,33190,208,[]
84,2019-05-10 10:01:45,不過講真的我兩邊眉毛到底一不一樣？,70028,977,[]
85,2019-05-09 21:21:23,"#我們是真正的朋友 四姐妹終於合體出去玩啦！在蒲甘的這一天正好是愚人節，我的節日怎麼能少了玩笑，對不起婆婆，讓您擔心啦！身邊是最親愛的姐妹，電話裡還有媽媽們的愛，幸福！！
http://t.cn/EoEtIDd",31494,252,['我們是真正的朋友']
86,2019-05-08 12:07:31,你們也知道我發這個幹嘛吧！#CoachNY,33197,363,['CoachNY']
87,2019-05-07 22:20:54,我們是真正的朋友～,68283,294,[]
88,2019-05-01 19:50:12,"想過過不同的人生
https://www.vogue.com.tw/mobile/feature/content-47112.html",43275,357,[]
89,2019-04-30 17:04:05,"我好漂亮喔～
#Prada #PradaNewVela #PradaBlackNylon",53376,478,"['Prada', 'PradaNewVela', 'PradaBlackNylon']"
90,2019-04-29 19:50:25,好久沒跟大S單獨吃飯，好喜歡這種感覺，無止盡的姐妹談心～～,159746,820,[]
91,2019-04-27 11:28:37,別怕自己會成為大嬸！勇敢的搭配，反而可以闖出一片天#TodsTW #SS19,57722,504,"['SS19', 'TodsTW']"
92,2019-04-20 13:11:11,"你意下如何？
#chloeGIRLS @chloe",49404,372,['chloeGIRLS']
93,2019-04-04 11:34:40,"祝大家平安
#bluebellhk #AHWeaveProject",32707,201,"['bluebellhk', 'AHWeaveProject']"
94,2019-04-03 11:24:59,"祝大家快樂
#Ferragamo
#Gancini",33173,184,"['Gancini', 'Ferragamo']"
95,2019-03-31 19:47:57,我大女兒舞蹈比賽奪冠，我第一次不在她身旁，因為工作離她好遠，但她的感動及榮耀我深深感受到！只遺憾不能給她一個大擁抱！好以她為榮！她是我女兒，許曦文！,197416,1196,[]
96,2019-03-30 11:15:33,照片又被濫用！皮膚過敏一定要去看醫生～,17041,167,[]
97,2019-03-29 21:10:13,參加上海Nicole+Felicia 開幕  美！ ​@nicolefeliciacouture,60381,566,[]
98,2019-03-28 10:27:54,https://www.facebook.com/481538968668235/posts/1227077674114357?sfns=mo,37917,265,[]
99,2019-03-27 22:32:45,好久沒跟姐姐ㄧ起出席活動了，她今天好美！我甘願做配角！,127311,909,[]
100,2019-03-24 16:35:12,寶貝的7歲生日派對！她覺得她自己很時髦！我不想管了，有人愛她欣賞她就是她的福氣！,76646,355,[]
101,2019-03-14 20:06:29,"明明今天是白色情人節，#小姐姐的花店 卻要收官，是又想讓我哭嗎？捨不得讓我認識這麼可愛的一群人
https://www.iqiyi.com/v_19rqvr6msg.html",9637,175,['小姐姐的花店']
102,2019-03-12 16:11:22,"腿好細喔！
#VRING
@maisonvalentino",67162,501,['VRING']
103,2019-03-10 18:47:32,爽！但睡前跟泡澡前都會挺忙的，還好我不是那麼熱愛洗澡！但覺得自己好巨星喔！感謝雜誌的安排,23553,228,[]
104,2019-03-07 20:11:24,"#小姐姐的花店 雖然你們很氣人，但姐還是捨不得你們😢小林、小鬼
http://m.iqiyi.com/v_19rqv9wmg4.html",7425,59,['小姐姐的花店']
105,2019-03-04 23:40:35,"不用美圖，不用無他，不用foodie,真實的人生取個角度也ok啊！修，能修你的人品、修你的思想嗎？算了，這篇會被酸自命清高！",74390,981,[]
106,2019-03-01 22:44:52,不要再說我怎麼把女兒燙成這樣，她愛到不行，我覺得時髦到爆！她就是那麼特別！我覺得我好幸運我的女兒那麼有sense!,102775,1639,[]
107,2019-03-01 20:41:29,我婆婆要我帶寶貝去燙頭髮，說她每天花至少一小時研究隔天怎麼讓頭髮捲！於是，我今天就帶她去了，燙完之後我對她肅然起敬，根本就是70年代搖滾天團的吉他手或主唱！we are the champions my friends ⋯⋯⋯⋯,145938,2831,[]
108,2019-02-28 20:25:56,"#小姐姐的花店 
看在姐一直想著你的份上，小林你說說這個畫好不好看？畫得像不像？",15455,177,['小姐姐的花店']
109,2019-02-27 14:04:46,肚子好餓，想了半天不知要吃什麼？突然想到朋友送的黑人牛肉麵，想說順邊宣傳一下！結果竟然非常好吃，牛肉跟牛筋都好嫩，湯頭也很棒，此刻覺得自己在繞圈圈～,27333,170,[]
110,2019-02-25 14:20:26,在Kamekona 夏威夷鐵板燒，好吃好玩！捨不得回家～可惜有人硬要帶老公,41823,132,[]
111,2019-02-22 12:19:44,"簡單穿就不簡單！我私下真的很愛穿UNIQLO 的T-shirt 和褲子， 很舒服又有很多選擇，重點是都超好看穿起來也超有型，還可以把全家人的衣服也一起買起來！

#簡單穿不簡單 #UNIQLO解決褲子大小事 #UNIQLOTAIWAN #LifeWear #UNIQLOBottomsCollection
#UNIQLOTshirt",26595,270,"['UNIQLOTshirt', 'UNIQLOTAIWAN', 'UNIQLOBottomsCollection', '簡單穿不簡單', 'UNIQLO解決褲子大小事', 'LifeWear']"
112,2019-02-21 20:06:34,#小姐姐的花店 為什麼我媽不來啊😭,22458,103,['小姐姐的花店']
113,2019-02-16 16:13:24,好想念我媽的麵疙瘩，今天ㄧ下飛機就拜託媽媽煮給我吃！好幸褔！,62530,312,[]
114,2019-02-15 21:38:58,千萬不要放棄自己的夢想，即使有人從中阻擾你！,79573,1645,[]
115,2019-02-15 21:19:55,我跟親愛的工作人員，一切順利，謝謝大家！,17852,68,[]
116,2019-02-14 20:10:17,今晚#小姐姐的花店 歡迎春夏，歡送娜娜 ，捨不得我們有才華的少女😣,10486,67,['小姐姐的花店']
117,2019-02-11 15:20:01,"這麼久沒出現，也很久沒與小豬合唱，觀眾還這麼捧場，真的讓國際巨星又害羞又開心❤️ 轉載新聞：小S小豬學豬叫逼出收視高潮 豬年學豬叫稱霸紅白！

http://ent.ltn.com.tw/m/news/breakingnews/2695361",30235,288,[]
118,2019-02-07 20:13:57,真的很感恩 遇見了我的媽媽和婆婆給予我很大的鼓勵 愛你們！#小姐姐的花店 好感人喔，以我們花店的小工們為榮，姐so proud of u！,44579,240,['小姐姐的花店']
119,2019-02-05 19:12:04,約了今天要穿紅色應景，結果好像足球隊喔！而且還是爛隊～,86797,184,[]
120,2019-02-04 11:30:44,"2/1~2/9 我在iM短影發送百萬現金紅包給大家!! 點我下載拿紅包👉https://go.onelink.me/8Cym/PGC

#iM短影 #iM",44419,664,"['iM', 'iM短影']"
121,2019-02-01 19:36:51,飛躍青春！,70081,191,[]
122,2019-02-01 19:23:01,10年前跟公婆去帛琉玩，10年後帶著孩子再去帛琉玩，一樣的美景，一樣的歡樂，怎麼會有一個地方玩怎麼玩都玩不膩！也謝謝這次的導遊柔柔和亞當！永生難忘～,158753,1004,[]
123,2019-01-31 20:43:05,#小姐姐的花店 你們是在欺負我嗎？😤,20536,190,['小姐姐的花店']
124,2019-01-31 16:54:46,#小姐姐的花店 俗話說窮養兒子富養女，我家三個女兒…誒，只能窮養了,12225,70,['小姐姐的花店']
125,2019-01-24 12:51:29,"#小姐姐的花店 這場婚禮真的把老娘我都看哭了
https://www.iqiyi.com/v_19rqw9f448.html",64056,366,['小姐姐的花店']
126,2019-01-24 03:36:22,硬要我簽名在她們臉上，說崇拜我崇拜到無法自拔！真是的～ ​​​,39259,232,[]
127,2019-01-22 05:05:47,來紐約工作，聽化妝師說這裡的韓國菜有多好吃，立刻殺來順便喝個燒酒！出來工作好開心喔！當然也是要看跟誰～,36992,201,[]
128,2019-01-17 22:05:38,#小姐姐的花店 畫的我女兒雖然比本人差了一點，但還是有夠可愛，這一家的基因真是要羨慕死人了！！！,33977,130,['小姐姐的花店']
129,2019-01-17 20:04:02,#小姐姐的花店 全宇宙最美店長要開門營業啦，小工們再不來我要踹人了～http://www.iqiyi.com/v_19rqrbxcek.html,18573,61,['小姐姐的花店']
130,2019-01-17 12:06:54,https://www.facebook.com/481538968668235/posts/1179384788883646/,44873,642,[]
131,2019-01-13 13:27:33,想跟女兒比少女，還是得靠嘟臉那招！,100735,531,[]
132,2019-01-11 21:06:13,隔了22年，華岡藝校同學會由大S發起，很感動同學們從世界各地飛來，回憶我們的荒謬、回憶我們的青春！,65316,174,[]
133,2019-01-10 22:04:53,我要拒絕老派，拒絕在#小姐姐的花店 當遊戲黑洞。現在的年輕人都玩什麼鬼遊戲，都快來給我分享一下啦 http://www.iqiyi.com/v_19rqqle9dg.html,19170,115,['小姐姐的花店']
134,2019-01-10 21:58:40,#小姐姐的花店 遊戲黑洞又怎樣，你們這些小工知不知道我們是開花店的，都給我好好賣花！,23079,134,['小姐姐的花店']
135,2019-01-05 20:35:19,隔了快6年，再次跟小豬合唱戀愛達人這首經典歌曲！,109327,898,[]
136,2019-01-03 19:50:41,"#小姐姐的花店 小工來的第一天特意穿的這麼時尚，可是我竟然穿反高跟鞋，生氣！
https://www.iqiyi.com/v_19rqq1ciac.html",11074,90,['小姐姐的花店']
137,2019-01-03 18:05:35,#小姐姐的花店 我人生最享受的三件事：瘋狂的挖眼屎、挖鼻屎，和朋友在一起。你們呢？,29505,212,['小姐姐的花店']
138,2019-01-03 10:01:13,"#小姐姐的花店 讓我更明白人生最「享受」的三件事，請填空____,____,____。",36070,640,['小姐姐的花店']
139,2018-12-27 20:30:01,"#小姐姐的花店 開播啦 @giuseppezanotti 
http://www.iqiyi.com/v_19rqphzxzc.html",34549,292,['小姐姐的花店']
140,2018-12-26 18:05:45,"明天開始，愛奇藝每週四晚上八點#小姐姐的花店#，等你來看！#ValentinoResort19
#CallMeValentino",35881,393,"['ValentinoResort19', '小姐姐的花店', 'CallMeValentino']"
141,2018-12-20 18:45:26,絕對不要以為自己是一個不會做菜的人，上了他們的課，看了這本食譜之後，你會發現原來你潛力無窮！,10584,58,[]
142,2018-12-18 18:41:13,娘家的回憶，還有肉毒和玻尿總算快消失！,42852,298,[]
143,2018-12-18 02:45:03,喝醉的代價，亂剪頭髮～,33984,291,[]
144,2018-12-14 17:06:43,大家可以參考一下我有多時尚 #gucci #Maje #Sandro #小姐姐的花店,59584,373,"['小姐姐的花店', 'Sandro', 'Maje', 'gucci']"
145,2018-12-14 14:49:12,"舞麗自信 with Katie 
#katiemovestaipei
@katiemovestaipei",33488,223,['katiemovestaipei']
146,2018-12-13 16:34:29,"Zumba with teacher Katie
#katiemovestaipei
@katiemovestaipei",29181,190,['katiemovestaipei']
147,2018-12-06 22:36:14,我老公小學就去美國，中文不是太強，但又不喜歡講大白話！那天他跟我聊到他朋友，說：這個人不太對勁，不知道他賣什麼葫蘆！⋯⋯⋯⋯⋯⋯⋯我說：是不知道他葫蘆裡賣什麼藥吧！頓時，又再愛上他一次～,130163,712,[]
148,2018-12-05 20:16:20,"自己永遠看到自己的缺點，我的淚溝，我的眼袋，我哪裡不夠瘦！然後就去打一堆肉毒、玻尿酸，最後變得像僵屍一樣！可是我問我女兒：媽媽哪裡不好看？她們都看不出來，她們還是一樣愛我，阿雅不是大美女我還是一樣愛她！有人是因爲我的外型愛我的嗎？我如果是個自私自利的大美女，有人會愛嗎？為何這些無聊簡單的事，我到40歲會突然糾結，不是越老越有智慧嗎？其實不是，人，總是找一堆廢事來煩自己！我要自在而不是說說，我要開心而不是假裝！我要漂亮但是自然的！當你喜歡一個人真的不是因爲外表，而是他跟你交心的靈魂，so,放過自己吧！不講運動、正面能量這種很多人做不到的事！只講愛你自己，要打，也要適可而止！我去義大利錄影之前，因爲糾結，付出慘痛的經驗，整季都是僵臉怪！但其實很幽默，值得一看！此篇獻給我自己～徐熙娣，別再發瘋了！！！",76009,1054,[]
149,2018-12-04 21:43:20,女兒好有主見！,39934,587,[]
150,2018-12-04 14:48:28,運動完真的會變漂亮～當然也是底子好.,27212,206,[]
151,2018-12-04 05:26:28,時差！在側所一個人靜一靜，睡不著就不睡吧，越躺越慌！,35789,226,[]
152,2018-12-03 21:04:30,結束一個超～～～大型的工作，終於到家了，好累，決定息影1個月！！ ！！！ 好爛哦！那麼短宣布什麼！,54438,241,[]
153,2018-11-28 01:01:00,"今年最值得買的一本烹飪書！

博客來網路書店：https://bit.ly/2DCzWX8
金石堂網路書店：https://bit.ly/2S4HIwX
誠品網路書店：https://bit.ly/2AdKJ73
TAAZE讀冊生活：https://bit.ly/2DTLOVV
淘寶天貓購書：https://bit.ly/2FxzoEM",17553,139,[]
154,2018-11-22 03:26:25,"Firenze 真美！
#小姐姐的花店
#GUCCI 
#SANDRO",84128,645,"['SANDRO', 'GUCCI', '小姐姐的花店']"
155,2018-11-16 00:27:05,房間還挺舒服的，但有攝影機隨時在拍！#小姐姐的花店,57028,377,['小姐姐的花店']
156,2018-11-15 10:31:22,果然凌晨3點起床！#小姐姐的花店,28603,177,['小姐姐的花店']
157,2018-11-14 15:41:19,好想回家～#小姐姐的花店,27113,188,['小姐姐的花店']
158,2018-11-13 23:20:03,好不想去義大利開花店喔，不是應該去義大利逛酒莊嗎？#小姐姐的花店,48727,223,['小姐姐的花店']
159,2018-11-13 16:21:27,怎麼辦啦！許老三團體舞也第一名啦！我這媽也太會生了！當然還是要謝謝老師辛苦的指導！媽媽要飛上天了！,133844,447,[]
160,2018-11-13 15:02:58,"天冷了，加件外套吧！
#HMOSCHINO #HMTAIWAN #HM @hm @moschino",41411,143,"['HMTAIWAN', 'HM', 'HMOSCHINO']"
161,2018-11-13 14:55:15,實在忍不住了，看著女兒和其他女孩們一路辛苦練習，還要擔心課業，最後⋯⋯身為媽媽的我不得不說以我女兒為榮！當然還有其他女孩們！個人賽，團體賽都得第一名！不虧是有我的基因～純炫耀文～,157222,1103,[]
162,2018-11-13 03:32:43,等會4點要送大女兒去學校，準備舞蹈比賽，覺得她比我辛苦好多，但以她為榮！上次她個人賽還拿第一，炫耀一下～,80240,339,[]
163,2018-11-12 17:02:17,"走路是很好的運動
#HOGAN
#ActiveOne",16051,62,"['HOGAN', 'ActiveOne']"
164,2018-11-11 22:30:30,"芭娜娜的「聖誕饗宴」～🎄 12月是溫暖的季節~

怎麼說呢？總覺得冬季裡的團聚讓人倍感溫馨，孩子們期待著繽紛的聖誕樹，大人們也開始為一年下來的忙碌生活緩緩做個收尾，準備迎接新的一年到來！這種回顧與期待的交織，特別讓人覺得感恩，就把心裡的感謝好好表現出來吧！芭娜娜老師為妳設計的專屬「聖誕饗宴」，跟我們一起動手做吧！

授課老師：芭娜娜 老師
上課日期：11/28(三)上午、12/1(六)下午、12/5(三)下午、12/8(六)下午、12/12(三)下午、12/14(五)上午
上課時間：上午課11:00~14:00  下午課14:00~17:00
招生人數：8~10人
課程費用：NT$2,680/堂/人
課程內容：
1. 洋風煎魚餅佐酸甜百香果橙醬
手做魚餅煎得酥脆噴香，搭配酸甜醬汁讓味蕾奔向天堂。
2. 義式生火腿與莫札瑞拉cheese小牛肉捲
層層疊疊捲起來，每一口都是驚喜，我們一起來體驗。
3. 北海道干貝奶油明太子義大利麵
喇喇ㄟ就完成怎會如此美味？北海道生食級干貝畫龍點睛華麗飾頂。
4. 繽紛聖誕香烤春雞與蔬菜們
用台灣在地飼養的春雞烤得皮酥肉嫩又juicy，有雞汁澆淋的蔬菜們蠢蠢欲動想搶主位，聖誕節的主軸與節奏，不費吹灰之力完美展演。
5. 草莓焦糖烤布蕾
焦糖布丁、焦糖烤布蕾傻傻分不清？沒關係，芭娜娜老師帶你來理解，聖誕節是草莓的季節，我們想當然爾不會錯過。 【老師簡介】
芭娜娜婚後為了孩子們的健康開始走進廚房，進而對烹飪產生莫大熱情，她擅長在下班後的短時間內快速上菜，以簡單的佳餚撫慰家人的脾胃。無論是亞洲風或各種異國料理，都因不斷嘗試而展現出個人特色，在餐桌布置上也有獨特的見解與美感。

幾年前開始在網路上分享關於餐桌、生活、設計、旅行等種種美好生活體驗，笑稱自己是四口之家的菲莫琳(Family )主廚，熱衷為一家大小提供美味健康的料理，想把做菜當成一輩子功課。

芭娜娜深信料理是生活中很重要的一部份，只要用心就算沒受過專業訓練也能快速端出一桌好菜色。為了推廣家庭佳餚的理念，在2018年成立菲莫琳Family cuisine料理工作室，分享輕鬆優雅做料理的訣竅給忙碌的現代人，希望每位學員以到朋友家做客的心情，跟著芭娜娜一起輕鬆做料理、一起體驗生活中的美好樣貌。 
著作：國際廚娘的終極導師 
部落格：豆哥與芭娜娜的易享世界
http://dogandbanana.blogspot.tw/
臉書粉絲團：豆哥與芭娜娜的易享世界
https://www.facebook.com/dogandbanana

課程報名這邊請：
https://goo.gl/mBEhPu
用Line報名也可以喔：
Line@官方帳號，請搜尋 ID：@bwl0456e（有包含@喔！中間那個是零不是歐）
歡迎電詢活動配合、包班上課:
(02)2592-1339
我們的ig～@familycuisine_",10303,38,[]
165,2018-11-08 17:01:47,"其實我已經染髮了
#PradaSidonie",24290,144,['PradaSidonie']
166,2018-11-07 02:00:55,又失眠啦！,45959,510,[]
167,2018-11-04 18:54:45,有其母必有其女！烤肉烤到一半下起毛毛雨，我媽她～真的很幽默,77189,454,[]
168,2018-11-04 12:07:25,"吃了麻辣鍋怎樣可以隔天不胖？
#anyahindmarchhk
@breezecouturetw",49003,311,['anyahindmarchhk']
169,2018-11-03 01:20:16,"今晚最大獎，全能天后！真的是⋯⋯⋯⋯⋯⋯⋯⋯⋯⋯實至名歸  @elletaiwan
@ysl @vancleefarpels @giuseppezanotti 
#ESA2018 #我就是風格
#ELLE風格人物大賞",81014,572,"['ELLE風格人物大賞', 'ESA2018', '我就是風格']"
170,2018-11-01 14:02:09,"動手做包包好好玩，入內看完整版影片~>>https://goo.gl/eSGFJV

#ELLETAIWAN #小S在巴黎 #ELLE包打聽",18948,70,"['ELLE包打聽', 'ELLETAIWAN', '小S在巴黎']"
171,2018-10-31 23:02:33,天人交戰！,18004,403,[]
172,2018-10-31 17:01:50,"謝謝植村秀~ ~ @shuuemura #植村秀 #shuuemura

#鑽石光植萃精華粉底
#鑽石光氣墊粉餅
#巧克力色正潮
#deliciouscolors
#lamaisonduchocolat",12132,51,"['鑽石光植萃精華粉底', '植村秀', '巧克力色正潮', 'lamaisonduchocolat', '鑽石光氣墊粉餅', 'shuuemura', 'deliciouscolors']"
173,2018-10-29 17:02:26,"到底要不要剪頭髮！ 
@tods 
#Tods
#TodsTheaBag",58791,868,"['TodsTheaBag', 'Tods']"
174,2018-10-28 20:05:28,"【我最具風格的地方，就是我根本不care什麼是風格】

2018 ELLE Style Awards 風格人物大賞就在11月2號，精采盛典直播敬請鎖定 ELLE TAIWAN
→ http://bit.ly/2PkVsml

於10月29日 （一）晚上12:00 前，於Facebook 相關貼文以下留言你最具風格的一句話。

會挑選出5位得獎者可一起參與典禮活動。 （得獎者會以私訊方式通知）
（每位得獎者會提供兩個名額，可攜伴一位入場）

#ESA2018 #ELLEstyleawards #我就是風格 #elletaiwan @elletaiwan",28716,97,"['elletaiwan', 'ELLEstyleawards', 'ESA2018', '我就是風格']"
175,2018-10-27 21:28:41,提前過萬聖節，看得出我是誰嗎？祝大家平安～,89011,967,[]
176,2018-10-23 20:58:08,"【多倫多明報採訪報導】

上週末照例回娘家陪陪爸媽和阿嬤，我們高齡90歲的阿嬤又不斷的叨唸著我說（這段請自動轉成台語😂）：「啊妳齁，放著大間公司的主管不做，教人煮飯咁會賺錢？」，我笑著安慰阿嬤，心裡仍是一抹平靜。
料理教學的確比不上上班族的收入好，但除了職業倦怠想轉換跑道外，我們真心希望幫大家喚回對餐桌的記憶。小時候只要肚子餓了，就會回家找媽媽要東西吃，而媽媽也總能變出一些平凡而美味的食物來滿足我們。現在，台灣很多孩子們餓了就往7-11跑，不禁感嘆我們的外食人口真的太多太多了！
在日本、歐美國家的人們，一般也都能自己做些家庭料理，希望我們對料理的熱情也能傳遞給大家，讓我們一起動手做料理吧！
我們熱衷料理的小故事，飄洋過海到了加拿大，感謝多倫多明報的採訪報導，除了芭娜娜老師創辦菲莫琳的小故事外，文內還有五道秋冬食譜分享，當然要同步分享給我們的粉絲囉！快來看看吧！
多倫多明報採訪報導及五道秋冬食譜在這裡：
https://www.familycuisine3.com/26368260322804024687

本期課程報名這邊請：
https://goo.gl/mBEhPu

芭娜娜的【法式家庭料理】
唯美的法國料理一直給人一種工序繁複、需要高超技巧才能烹煮的刻板印象。然而，芭娜娜老師深知家常料理才是永遠的主流，大家最愛的是隨時、隨手都能在家做出來的菜色，而非複雜到一個不行的星級饗宴。沒錯，這次老師又要發揮一貫的化繁為簡功力，將法式風情輕鬆帶入居家，不需米其林星級技術、不需一流的廚房設備，只要掌握經典元素加上些許自己的創意，法式佳餚便在仙女魔棒揮灑下，展現在自家餐桌，令人大快朵頤。
授課老師：芭娜娜 老師
上課日期：10/31(三)下午、11/3(六)下午、11/9(五)上午(額滿)、11/14(三)下午(額滿)、11/17(六)下午
上課時間：上午課11:00~13:30 下午課14:00~16:30
招生人數：8~10人
課程費用：NT$2,380/堂/人
課程內容：
1. 無花果雞肝沙拉佐紅酒油醋醬
2. 香煎魚排佐檸檸檬奶油醬汁
3. 經典紅酒燉牛肉(佐搭勃根地紅酒)
4. 檸檬糖霜磅蛋糕

課程報名這邊請：
https://goo.gl/mBEhPu
用Line報名也可以喔：
加入Line粉絲團 ID：@bwl0456e（有包含@喔！）
歡迎電詢活動配合、包班上課：
(02)2592-1339
我們的ig～
http://instagram.com/familycuisine_【法式家庭料理】",7737,52,[]
177,2018-10-19 11:08:28,"我是小S，邀請您和我一起獻愛心做公益！
想看我深蹲 https://ppt.cc/fE1D2x 
快下載「iM短影」跟我一起合拍深蹲影片，每個人合拍一則影片，「iM短影」將捐出公益金給指定公益單位！
活動詳情請參考>> https://ppt.cc/fMAwDx",26451,222,[]
178,2018-10-18 21:17:53,"整個巴黎，走到哪，我跳到哪！街拍完整圖輯>>https://goo.gl/Rb7qX2
@elletaiwan
#ELLETAIWAN #小s在巴黎 #ELLE時裝週直擊",17452,110,"['ELLE時裝週直擊', '小s在巴黎', 'ELLETAIWAN']"
179,2018-10-18 17:07:39,為愛而跑吧！12/15加入我們的行列！,11405,88,[]
180,2018-10-17 17:20:44,"謝謝NARS~ 
@narsissist #nars #narsholiday2018",22689,86,"['nars', 'narsholiday2018']"
181,2018-10-15 17:02:47,"謝謝植村秀~@shuuemura #植村秀
#就是不用補
#型色聚光唇萃
#lipsignature
#mattesupreme",14489,69,"['植村秀', '就是不用補', 'mattesupreme', 'lipsignature', '型色聚光唇萃']"
182,2018-10-11 17:01:11,"ELLE Taiwan 27週年

#elle封面大人物 @elletaiwan 
@ysl @michaelkors 
@tiffanyandco 
@marcjacobs @marikavera
@netaporter",85607,808,['elle封面大人物']
183,2018-10-09 17:00:29,"都十年了，我怎麼還是沒長大
@elletaiwan @michaelkors 
#elle封面大人物",45119,339,['elle封面大人物']
184,2018-10-07 15:35:57,好久沒帶孩子到郊外玩～少一個女兒，因為她堅持要在家複習功課，她說要段考了！母親已哭～,65310,220,[]
185,2018-10-06 19:38:52,不要以為你是我姪子我就會讓你！但得失心太重的下場~拍攝者是我大姐，你們也知道，平凡人很容易high⋯⋯,51011,433,[]
186,2018-10-05 22:22:55,路人，淡淡的明星味～,26767,140,[]
187,2018-10-05 21:36:21,你們喜歡哪一套，完整巴黎街拍圖輯～https://goo.gl/g4vWbe  @elletaiwan #ELLETAIWAN #小S在巴黎 #ELLE時裝週直擊,57169,483,"['ELLE時裝週直擊', 'ELLETAIWAN', '小S在巴黎']"
188,2018-10-05 17:03:09,"非洲象盜獵情形是超乎想像的，15分鐘就會有一頭象倒下，需要大家一起保護，謝謝香緹卡，呼籲拒買象牙製品，一起守護大象
@chantecaille #香緹卡 #花妍絲漾唇彩 #Mylipveil",35815,109,"['香緹卡', 'Mylipveil', '花妍絲漾唇彩']"
189,2018-10-04 18:03:25,此行的回顧加總結～,80079,659,[]
190,2018-10-04 17:26:38,"在巴黎最後一場秀就是要辣死歐洲人！完整圖文>>https://goo.gl/Yz3mN5
追蹤 @elletaiwan 還有更多時裝周花絮
#ELLETAIWAN #小S在巴黎 #PFW #ELLE時裝週直擊",59949,519,"['ELLE時裝週直擊', 'ELLETAIWAN', 'PFW', '小S在巴黎']"
191,2018-10-03 03:25:14,"小S 看秀日記，身上衣服的穿搭靈感，用唱的給你聽！入內看完整影片 >>https://goo.gl/qu9KBv

追蹤 @elletaiwan 還有更多即時動態

#ELLETAIWAN #小S在巴黎 #PFW #ELLE時裝週直擊",13884,91,"['ELLE時裝週直擊', 'ELLETAIWAN', 'PFW', '小S在巴黎']"
192,2018-10-03 03:04:11,慶功宴with 黃金團隊 和 Elle Taiwan～我請客,18770,100,[]
193,2018-10-03 02:58:22,總算洗了頭洗了澡！明天可以舒服的坐飛機了！,21262,219,[]
194,2018-10-02 23:36:43,結束了！完美的ending！媽媽要回家了～女兒竟然全程只打了一通電話給我，比巨星還跩！,28533,145,[]
195,2018-10-02 20:16:44,最後一場秀～miu miu,46002,1547,[]
196,2018-10-02 03:07:45,醜話說前頭！還有後面那位女生有事嗎？,25148,229,[]
197,2018-10-02 01:19:25,這就是我說全巴黎最好吃的熱狗～,25029,94,[]
198,2018-10-02 00:52:21,黃金團隊的厲害～把國際巨星變成國際時尚巨星～,56296,283,[]
199,2018-10-01 20:37:54,"整個巴黎都是我的伸展台！完整街拍圖輯>>https://goo.gl/5cdXAC

追蹤 @elletaiwan 看更多

#ELLETAIWA #小S在巴黎 #PFW #ELLE時裝週直擊",57917,328,"['ELLE時裝週直擊', 'PFW', '小S在巴黎', 'ELLETAIWA']"
200,2018-10-01 10:13:25,"「我是小S，終結乳癌，就是現在。」立刻行動>>http://elcpinkribbon.tw/@esteelaudercompanies
#TimeToEndBreastCancer",41949,125,['TimeToEndBreastCancer']
201,2018-10-01 03:32:08,我身邊的每個工作人員的個性～,14908,82,[]
202,2018-10-01 03:04:52,超消腫紅豆水～炆久之芯！蔡依珊推出，讓我巴黎時裝週更有自信！,12738,72,[]
203,2018-10-01 02:11:19,陪我渡過好ㄧ陣子的延禧攻略，今天在Valentino 的秀相遇，吳謹言還真瘦！佘詩曼臉好繃，但我好時髦喔！,124735,746,[]
204,2018-09-30 22:52:00,"史上走路最慢的秀～Thom Browne,讓身為生物學家的我很心急！",47249,198,[]
205,2018-09-30 20:48:33,"#小S在巴黎 突然高歌是為了你啊！S跟ELLE去巴黎時裝週，時不時來這一下現場笑翻😂😂😂 時裝週快訊不漏接👉🏻追蹤 #ELLE時裝週直擊  follow @elletaiwan

#elletaiwan #elle追星 #小s #徐熙娣 #pfw #ss19 #愛拼才會贏 @elephantdee
Wear_ The row by @arthausofficial",31404,385,"['pfw', '愛拼才會贏', '小s', 'ss19', '徐熙娣', '小S在巴黎', 'elletaiwan', 'ELLE時裝週直擊', 'elle追星']"
206,2018-09-30 18:27:02,"跟Sㄧ起看大秀直播~~>>https://goo.gl/vGpwQa
@elletaiwan 
#ELLETAIWAN #ELLE時裝週直擊 #小S在巴黎 #PFW",7367,21,"['ELLE時裝週直擊', 'ELLETAIWAN', 'PFW', '小S在巴黎']"
207,2018-09-30 00:27:48,"小S在巴黎的瘋狂看秀日記>>https://goo.gl/3xZ22H

#ELLETAIWAN #小S在巴黎 #ELLE時裝週直擊 #PFW #LOEWE",49637,243,"['ELLETAIWAN', 'LOEWE', '小S在巴黎', 'ELLE時裝週直擊', 'PFW']"
208,2018-09-29 17:13:00,"小s在巴黎，挑戰隨興街拍10連拍，完整圖輯>>https://goo.gl/wE31fV
@elletaiwan 
#elletaiwan #小s在巴黎 #pfw #elle時裝週直擊",60016,308,"['pfw', 'elletaiwan', 'elle時裝週直擊', '小s在巴黎']"
209,2018-09-28 20:46:44,"2018最受矚目時尚盛事 - 「ELLE 風格人物大賞」形象影片釋出 ✨ 
年度盛事，絕對要與一等一天后  一同玩耍！
風格沒有極限，大家的天后也沒有！
你們說，這樣的小S還喜歡嗎？ 💖  2018 ELLE Style Awards
「風格」沒有絕對的定義，它就如宇宙中的奇點，趨向於無限！ ❓ 「奇點」是什麼 → http://bit.ly/2OUT3P9

#因為ELLE時尚有了風格
#我就是風格 #ESA2018 #elletaiwan 小S 徐熙娣",12029,65,"['elletaiwan', 'ESA2018', '因為ELLE時尚有了風格', '我就是風格']"
210,2018-09-28 20:21:41,"唯美～@ELLETAIWAN 
#ELLETaiwan #小S在巴黎 @elephantdee #pfw #ss19 #loewe",20355,69,"['pfw', 'loewe', 'ss19', '小S在巴黎', 'ELLETaiwan']"
211,2018-09-28 20:01:34,"FOLLOW @ELLETAIWAN 
#ELLETaiwan #小S在巴黎 @elephantdee #pfw #ss19 #loewe",23336,365,"['pfw', 'loewe', 'ss19', '小S在巴黎', 'ELLETaiwan']"
212,2018-09-28 18:53:13,"沒想到LOEWE那麼貼心，看完show還有抓背機
@elletaiwan @LOEWE
#pfw#2019ss#paris#elletaiwan#LOEWE",57798,300,"['pfw', 'LOEWE', 'elletaiwan', '2019ss', 'paris']"
213,2018-09-28 18:43:47,"沒想到LOEWE那麼貼心，看完show還有抓背機
@elletaiwan @LOEWE
#pfw#2019ss#paris#elletaiwan#LOEWE",40134,293,"['pfw', 'LOEWE', 'elletaiwan', '2019ss', 'paris']"
214,2018-09-28 18:43:36,"沒想到LOEWE那麼貼心，看完show還有抓背機
@elletaiwan @LOEWE
#pfw#2019ss#paris#elletaiwan#LOEWE",105389,1756,"['pfw', 'LOEWE', 'elletaiwan', '2019ss', 'paris']"
215,2018-09-28 15:26:10,"小S 徐熙娣：設計師很帥，那我就.....
同步高清直播跟S一起看秀>>https://goo.gl/5z5nqz

#小S在巴黎 #ELLETAIWAN #ELLE時裝週直擊 #PFW",8031,32,"['ELLE時裝週直擊', 'ELLETAIWAN', 'PFW', '小S在巴黎']"
216,2018-09-27 19:54:26,"【只有大象才真正需要象牙】平均每15分鐘就有一頭非洲象倒下，砍斷象鼻、殘忍取牙。我是小S ，我與奇遇人生、騰訊公益慈善基金會 共同呼籲：參與 #斷鼻妝挑戰，一起守護大象。挑戰接力，下一位：@fanfan
http://m.creatby.com/v2/manage/book/3gmtwr/",42842,375,['斷鼻妝挑戰']
217,2018-09-27 17:01:09,收工晚餐，跟化妝師爭吵～,25680,85,[]
218,2018-09-27 03:43:15,"https://goo.gl/1RfSf7

#小S在巴黎 #ELLETAIWAN #ELLE時裝週直擊 #PFW",81712,452,"['ELLE時裝週直擊', 'ELLETAIWAN', 'PFW', '小S在巴黎']"
219,2018-09-26 14:28:18,看秀前的窩囊樣⋯⋯,17915,119,[]
220,2018-09-26 04:07:19,"第一場YSL的秀看完了，妝很淡，但很美，原來水池可以走！一開始還怕掉進去！右邊那位就是在機上幫我化妝的呆臉大師～
@elletaiwan  @ysl
#ELLETAIWAN #ELLE時裝週直擊 #小s在巴黎 #pfw #paris #2019ss",61965,245,"['pfw', 'ELLETAIWAN', '小s在巴黎', '2019ss', 'ELLE時裝週直擊', 'paris']"
221,2018-09-26 01:24:46,"好幾個老外昏厥了！ @elletaiwan @ysl 
#ELLETAIWAN #小S在巴黎 #ELLE時裝週直擊 #SAINTLAURENT #pfw #paris #2019ss",69782,422,"['pfw', 'SAINTLAURENT', 'ELLETAIWAN', '小S在巴黎', '2019ss', 'ELLE時裝週直擊', 'paris']"
222,2018-09-26 01:03:07,"@elletaiwan  @Gucci 
#ELLETAIWAN #ELLE時裝週直擊 #小s在巴黎",21016,107,"['ELLE時裝週直擊', '小s在巴黎', 'ELLETAIWAN']"
223,2018-09-26 00:38:01,"我的黃金團隊都沒有，只有我有！
@elletaiwan  @ysl
#ELLETAIWAN #ELLE時裝週直擊 #小s在巴黎 #pfw #paris #2019ss",22800,51,"['pfw', 'ELLETAIWAN', '小s在巴黎', '2019ss', 'ELLE時裝週直擊', 'paris']"
224,2018-09-25 16:04:47,"https://goo.gl/ZFB8Ye
#elletaiwan #elle時裝週直擊 #小s在巴黎 @gucci",80942,401,"['elle時裝週直擊', 'elletaiwan', '小s在巴黎']"
225,2018-09-24 20:38:34,巨星又要去巴黎時裝週了！美死那些歐洲人～,35780,364,[]
226,2018-09-21 17:20:04,"謝謝YSL @yslbeauty ~~
#YSLBEAUTYTW #奢華緞面絲絨唇膏  #ysl小金條 #theslim",17904,80,"['奢華緞面絲絨唇膏', 'YSLBEAUTYTW', 'ysl小金條', 'theslim']"
227,2018-09-20 17:41:52,祝大家中秋愉快、身體健康～#miumiu #miucleo,40724,225,"['miumiu', 'miucleo']"
228,2018-09-19 14:34:58,我的化妝師亞歷姐實在太強了！我在機上全程睡著被她化！最後成果驚人～她可以去化往生者了！,162364,2787,[]
229,2018-09-17 17:02:16,謝謝雅詩蘭黛 @esteelauder ~~~ #EsteeLauder #ReNutriv,21723,104,"['ReNutriv', 'EsteeLauder']"
230,2018-09-13 21:26:28,https://www.facebook.com/481538968668235/posts/1097030030452456/,20368,319,[]
231,2018-09-10 18:16:08,怎麼隨便一看就看到國際巨星啊～  @gqchina,87987,808,[]
232,2018-09-07 23:41:05,人常被別人影響，說你胖，說你沒以前好，說你老了⋯⋯⋯⋯⋯!我只能說，你不愛自己，你的人生就不會快樂！但當你不care anything ，人生就亮起來了！so what?我們步入中年，但我們的心是18歲！,68825,876,[]
233,2018-09-04 00:30:04,你現在的自我，可能要感謝光緒！,44950,560,[]
234,2018-08-29 17:02:36,"謝謝 @giorgioarmani ～
#Giorgioarmani #GA #亞曼尼粉氣墊",21130,167,"['亞曼尼粉氣墊', 'GA', 'Giorgioarmani']"
235,2018-08-27 20:48:02,"Zumba class with teacher Katie
#katiemovestaipei @katiemovestaipei",47909,464,['katiemovestaipei']
236,2018-08-27 17:02:06,"謝謝雅詩蘭黛的禮盒~~
@esteelauder 
#不好的不過夜 #超能小棕眼 #EyeLoveANR #雅詩蘭黛保養",18278,50,"['雅詩蘭黛保養', '不好的不過夜', 'EyeLoveANR', '超能小棕眼']"
237,2018-08-26 20:41:08,快開學了，再帶孩子們來菲莫琳 Family cuisine @familycuisine_ 上一次烹飪課！今天的菜單是：焗烤通心粉、瑪芬蛋糕、巧克力小圓餅、番茄蔬果蜜～孩子學得開心，當然回家不見得會做，但此年代我覺得找到興趣更重要！艱辛的訓練maybe在後面等著他！總比到現在還不知道自己喜歡什麼好！,67378,286,[]
238,2018-08-25 21:33:11,整理書櫃的時候發現，以後老了有很多可以跟後代子孫炫耀的作品,76048,530,[]
239,2018-08-25 20:38:12,一家好吃卻非常難訂到的日本料理，鰭七海～還好我是一位很有耐心的巨星！當然還要謝謝有另一位人脈廣的明星！,87916,257,[]
240,2018-08-25 09:22:02,"小姑生日，她總是喜歡找巷弄美食！今天找到一家AB house,食物好吃，老闆是一對夫妻，老婆外場，老公在廚房做出道道美食！許老三去完廁所說：媽媽這裡什麼都有！備了女性用品和護手乳⋯⋯等，我說：不見得要富麗堂皇才是好餐廳，這種每一位工作人員都充滿熱情，食物又好吃的，就是好餐廳！",56921,152,[]
241,2018-08-24 17:04:04,"虎頭斑馬腳加上酷包包#Prada
#PradaOMALogoBag",30479,184,"['Prada', 'PradaOMALogoBag']"
242,2018-08-23 17:53:15,好久沒打了，萬教練也沒在客氣，教的很認真，現在手抖到像酒精中毒！不過跟女兒ㄧ起上課很容易上火，想拿球拍從她膝蓋後面打下去，給我蹲！,54195,245,[]
243,2018-08-22 08:37:52,報一下平安，小指現在的狀況！,25381,134,[]
244,2018-08-21 22:10:10,好久沒發文了！但生活平靜，也沒什麼好發的！代表我活得好好的！,71867,393,[]
245,2018-08-16 20:35:12,其實很想被拍的巨星 #iM #iM影音 #Ipss,31117,259,"['Ipss', 'iM', 'iM影音']"
246,2018-08-15 14:06:24,"驕傲的書生讓巨星吃鱉！
#iM #iM影音 #iMSuperStar #Ipss",139945,3099,"['iMSuperStar', 'Ipss', 'iM', 'iM影音']"
247,2018-08-14 23:46:33,為什麼一收工，臉就由我控制！,27431,130,[]
248,2018-08-13 12:17:35,今天不追劇了，決定來把這本看完！,33131,189,[]
249,2018-08-12 09:04:24,我最愛的老公，永遠愛你，生日快樂！因為你，帶給我正能量和無止盡的鼓勵～當我有一絲懷疑自己時，你總是給我200分的讚許！當然有時侯大清早叫我去健身房，我會鬧脾氣，可是結束後我都覺得還好我老公是你！謝謝你總是肯定我，以我為榮，我不管是不是明星，但有個背後那麼棒的男人都讓我很幸福！love you forever,165374,569,[]
250,2018-08-10 12:00:17,8/11下午2點，在台北SOGO忠孝館1樓圓形廣場，國際巨星會在現場跟大家見面，歡迎大家共襄盛舉~~,14371,172,[]
251,2018-08-09 17:47:56,健身被啞鈴壓到，痛喔～～～～～～～～～該如何止血？,43583,1063,[]
252,2018-08-09 13:20:01,根本就是短髮好看，心情又咻一下飛上天！,40410,254,[]
253,2018-08-08 18:53:45,https://www.facebook.com/1509106909358665/posts/2160483014221048/,11951,44,[]
254,2018-07-29 18:02:47,中暑，該是回家的時候了！,31981,215,[]
255,2018-07-28 21:23:12,媽媽累了⋯,27592,152,[]
256,2018-07-28 16:17:36,長腿少女團體 v.s長腿巨星及被比例正常的路人硬逼要組的團體～,71504,279,[]
257,2018-07-28 14:44:15,來首爾一定要去咖啡廳，大姐說要幫我拍照，我說我自拍比較美，沒想到，巨星怎麼拍都美，可惜孩子亂入！,40740,181,[]
258,2018-07-27 14:10:24,我女兒可以混進團裡當團員，我像媽媽！,58926,399,[]
259,2018-07-26 17:45:17,https://www.facebook.com/481538968668235/posts/1048961418592651/,24912,304,[]
260,2018-07-24 16:14:26,漳州土樓，很值得一遊～,76265,377,[]
261,2018-07-23 14:46:08,今天帶小孩去漳州火山島渡假村玩，太好玩了，有刺激的八輪水陸兩棲車，坐得我腰都快散了，小孩說比雲霄飛車還好玩！食物又好吃，下個暑假還要再來！,36197,210,[]
262,2018-07-20 21:27:29,北京工作完，立刻跟全家在廈門相聚！又累又開心！但看到家人的笑容，一切都值得了！,58835,359,[]
263,2018-07-14 08:49:28,二女兒昨天去剪髮，還堅持要捐髮給癌症基金會，人美不美其次，但心美真的讓媽媽很很欣慰～,64917,487,[]
264,2018-07-10 18:35:15,二女兒好愛烹飪，剛好表姐們開了菲莫琳，我試問可以為小孩開一班嗎？結過她們說暑假剛好要排兒童班！於是一堆小孩在那玩的好開心！但二女表lily真的很專注，還堅持要帶一半的雞排給我吃，落淚！那麼小就找到自己的興趣又孝順！老娘還真會教～@familycuisine_,56143,259,[]
265,2018-07-09 22:02:42,久違的短髮！爽～,30942,196,[]
266,2018-07-08 00:24:22,跟許老三比誰比較欠揍～我覺得她好像贏了,68638,2805,[]
267,2018-07-06 11:25:37,上海迪士尼，本來以為會被大眾包圍，結果，想太多！推薦晚上的城堡燈光煙火秀，美到不可思議～但媽媽腿還是快斷了，而且為何媽媽的包包裡總是要裝所有的東西？自作自受！,37922,253,[]
268,2018-07-02 20:44:03,謝謝BVLGARI酒店的貼心！感覺自己真的很像巨星！ ​​​,39159,329,[]
269,2018-07-02 15:33:43,大女兒參加了雙人爵士舞及多人嘻哈舞蹈比賽，得了兩面金牌！大s說：你女兒舞感已超越你了，各個方面！我ㄧ方面以女兒為榮，ㄧ方面也蠻想飛踢大s的！當母親真矛盾啊！還是只有我這樣！有種來場媽媽舞蹈大賽啊！參賽者我和大s⋯⋯⋯⋯⋯,119943,804,[]
270,2018-06-27 17:52:53,"另一種型式的姐妹淘聚會~❤️❤️❤️ S在滿檔工作中硬是切了空邀請姊妹淘們來菲莫林聚會學做菜,當然我知道她是真心想捧表姐們的場,表姐自然得使出渾身解數萬萬不能讓她失面子。 : P

家一般的氛圍讓明星朋友們很是放鬆,整場屬於自己可以無所顧忌聊心事,看你們開心我們也跟著樂開懷,但~~~~老師今天教的都學會了嗎？😄 #熱騰騰的金曲獎得主盧廣仲在姐妹淘群中一點也不違和
#黑人陳建州也很隨意自在

課程報名這邊請:
https://goo.gl/forms/8MXILV5z4UrmopBQ2
歡迎電詢包班上課:
(02)2592-1339

我們的ig～
http://instagram.com/familycuisine_",16058,71,"['熱騰騰的金曲獎得主盧廣仲在姐妹淘群中一點也不違和', '黑人陳建州也很隨意自在']"
271,2018-06-25 23:27:01,今日和好友到菲莫琳學做菜吃美食，天南地北的聊，真的好開心！,71879,209,[]
272,2018-06-16 21:51:44,懲罰：穿我老公的衣服！誰曉得我就是個天生的衣架子～而且他的衣服還蠻跳的嘛！,55531,534,[]
273,2018-06-16 21:15:46,我真的留不了～,13094,151,[]
274,2018-06-14 21:47:05,為了生日，變豬也在所不惜～,32452,654,[]
275,2018-06-14 21:33:21,謝謝瑰麗酒店的貼心祝福及禮物～,31217,125,[]
276,2018-06-12 17:53:10,"教育和睡眠的重要性！
https://www.facebook.com/1509106909358665/videos/2104958376440179/",12100,121,[]
277,2018-06-11 02:19:47,得意忘形，結果現在右手快舉不起來！,27534,149,[]
278,2018-06-09 23:05:33,分裂的情緒～,20672,236,[]
279,2018-06-06 15:00:14,現在是非洲的冬天，早晚很冷！,24921,204,[]
280,2018-06-05 22:30:27,看到大象好開心喔！,75457,597,[]
281,2018-06-05 19:46:34,阿雅在非洲耶！,52836,304,[]
282,2018-06-05 01:07:40,來到非洲就會很想唱一首歌～,54151,1220,[]
283,2018-06-05 00:10:05,到非洲了！看得出來嗎？,45995,196,[]
284,2018-06-03 22:42:45,交錯朋友！,24048,186,[]
285,2018-06-03 21:55:06,我們要去非洲囉！謝謝范的祝福，我會拍很多我倆最愛的大象給你看的！love you,72956,349,[]
286,2018-06-02 22:31:40,其實我生日是6月14，但老公堅持幫我提前慶生，因為我明天就要跟阿雅去一個遙遠的地方大概14天！本來覺得慶生好多餘，但一群你愛的，跟愛你的人聚在一起，還是很開心！謝謝老公！,107624,576,[]
287,2018-06-01 20:23:08,奇怪，得了一種明明本人漂亮，上鏡頭卻浮腫的怪病！,35845,388,[]
288,2018-05-30 01:12:39,到底要多瘦！我受不了了，每個女人都在炫耀自己的身材，我也是，但他X的到底要多瘦！人的一生只為了追求瘦跟美，我退出！比基尼照片，瘋狂運動的照片，到美景拍一些別人不想看的照片！我受夠了，我要做我自己，不發狂，但我要照著自己的腳步走，誰問我：胖了喔！我會說：干你屁事！去看看你的身材吧！還有不要再美圖！面對你自己吧！,91782,1207,[]
289,2018-05-29 00:34:27,雖然沒在現場看蕭敬騰的演出，但斷斷續續看到別人po的演出畫面，覺得他就是這一代的巨星了！都忘了自己有多喜歡他！,36668,172,[]
290,2018-05-24 20:04:50,"改善雙下巴的方法！
https://www.facebook.com/1509106909358665/videos/2095755400693810/",27366,2060,[]
291,2018-05-23 14:36:40,失眠隔天的工作空檔～,59057,528,[]
292,2018-05-23 01:06:33,我必須承認，失眠是最可怕的事，尤其當你明天有很重要的工作，要專業要漂亮！但躺在床上假裝睡了2小時，只會讓自己更恐慌！,52249,494,[]
293,2018-05-22 16:30:02,#TODS,37535,141,['TODS']
294,2018-05-18 14:09:07,什麼叫沒框框！,38445,366,[]
295,2018-05-18 13:31:44,髮型師太畫地自限了～,18502,218,[]
296,2018-05-13 19:18:03,我心愛的二女兒，她總是夾在中間，急著想表達自己對我的愛，也渴望能獲得家人的愛！媽媽其實都懂，我如果做不好真的很抱歉，但你的貼心真的是讓媽媽好感動！感謝老天爺把一個害羞的天使賜給我～我要更愛你更愛你～,58598,355,[]
297,2018-05-13 17:22:41,準備過母親節囉！,39020,258,[]
298,2018-05-04 19:56:04,在珠海的瑪麗蓮夢露，搭拖鞋更性感！,117188,1023,[]
299,2018-05-04 13:30:20,人類搭乘人肉雲霄飛車～,29403,232,[]
