,time,post_caption,likes,comments,tags
0,2019-12-14 13:38:18,#bluechrismas @genquo 💙💙💙,23064,41,['bluechrismas']
1,2019-12-14 00:57:02,"好文妳我共享之
希拉蕊講的故事

這個故事是克林頓·希拉蕊在演講中多次提及的，她在中學讀書時的一件往事。

一個春暖花開的中午，希拉蕊和爸爸在公園裏散步。她發現有位老太太緊裹著厚厚的羊絨大衣，脖子上圍著毛皮圍巾，那穿戴彷彿是在滴水成冰的三九隆冬。

她說：爸爸，妳看，那位老太太穿的，真是太奇怪、太可笑了！」當時爸爸的表情有些嚴肅，沈默了一會兒說：「希拉蕊，我突然發現妳缺少一種本領，就是欣賞別人的本領。這說明妳在與別人的交往中，缺少了一些熱心和友善。」 希拉蕊覺得爸爸太小題大做了，很不服氣地問：「那你不覺得老太太穿得太多了嗎？」 爸爸說：「恰恰相反，我覺得老太太很值得欣賞。她穿著羊絨大衣，圍著毛皮圍巾，也許是因為生病初癒，身體還沒有完全康復，也許是因為別的什麽原因。」「而且妳仔細看，她專注地看著樹枝上清香、漂亮的丁香花，表情是那麽的安祥、愉快。她是那麽熱愛鮮花，熱愛春天，熱愛大自然。我覺得老太太的神情令人感動！難道妳不認為她很美嗎？」 希拉蕊認真地觀察了之後，覺得確實像爸爸說的那樣，從老太太臉上的笑容可以看到她的內心像怒放的鮮花一樣。

爸爸帶著希拉蕊走到老太太面前，微笑著說：「夫人，您欣賞鮮花的神情真令人感動，您使這春天變得更加美好了！」 老太太似乎有些激動：「謝謝，謝謝您！先生。」隨後，她從提包裏取出一小袋餅乾，一邊遞給了希拉蕊一邊誇讚地說：「這孩子真漂亮……」 事後，爸爸對希拉蕊說： 「渴望得到欣賞，是人的本性。一定要學會真誠地欣賞別人，因為每個人都有值得欣賞的優點和特點。」
「當妳學會真誠地欣賞別人之日，就是妳得到別人更多欣賞之時。」",20811,119,[]
2,2019-12-13 22:27:59,媽媽功課有點多啊😅😅😅～,11617,46,[]
3,2019-12-12 19:49:30,今天Rex老師教飛翔自己組裝他們最愛的crane! 有耐心的Rex 會告訴飛翔要把吊車做好，最重要的是把地基穩固👍🏻👍🏻👍🏻我非常喜歡老師的教學方式～@refun_rex的STEAM科學課真的好好玩，兩兄弟每個星期四都迫不及待的等老師來：）～,27038,43,[]
4,2019-12-12 01:12:53,好真實又充滿愛的電影！大推！#marriagestories 兩個男女主角，甚至是八歲的小男孩，都好會好會演戲！真好看.,14714,42,['marriagestories']
5,2019-12-11 23:50:08,Hard lesson to learn....,11567,59,[]
6,2019-12-11 09:01:43,Listen to your heart ~ my favorite queen of all time! May you Rest In Peace😭😭😭😭🙏🏼🙏🏼🙏🏼,10370,67,[]
7,2019-12-11 01:41:20,陪以翔的爸爸聊聊天唱唱歌，今晚真的是好特別的一晚～ 神說《喜樂的心是良藥，憂傷的靈使骨頭枯乾》 我想 @godfreygao  GODFREY 希望我們每一個人，包括他最愛的家人，朋友，都要喜喜樂樂的過每一天，唯有如此，他才能安心的離開，去最快樂最無憂無慮的地方！很想念你，真的，很快我希望我們能在天上繼續做家人，做彼此的兄弟姐妹^_^～,90672,1103,[]
8,2019-12-10 15:31:50,粉絲送的禮物，飛飛照著上面的海報畫的媽媽，雖然把媽媽畫的嘴歪眼斜的 但媽媽好感動喔！飛飛遺傳了爸爸的畫畫基因🧬～,42936,268,[]
9,2019-12-08 13:29:12,看完了書，終於也有時間看了電影版 #82年生的金智英 ，很寫實，看了心會痛！平淡中有一種說不出的酸楚，身為女人，男人，為人父母為人子女的都應看完會很有感觸⋯⋯ 願天下女人能有日甩開所有枷鎖，擁抱自己 珍惜眼前 擁有真正自由的靈魂💕💕💕共勉～,26384,75,['82年生的金智英']
10,2019-12-07 20:35:20,得到一句能量滿分的話，謝謝妳我的朋友：）～,13849,80,[]
11,2019-12-05 15:55:05,努力工作 別忘了跟自己說加油💪🏻💪🏻💪🏻,34098,228,[]
12,2019-12-04 00:44:04,經過這次痛失好友的經歷....我想說，天使走過人間！Godfrey 教了我好多好多事情！從今以後，我要為我愛的人而活.把每一天當成恩典來活！誰也不知明日將如何！我要把時間花在我愛的人 還有真正關心我的家人朋友身上！時間不善良，對誰都一樣，不論無常，我要保持堅定的信念，告訴愛我的關心我的朋友們，我很好！不要擔心我🙂 是你們給我的信念，讓我勇往直前，不畏風雨！❤️ 當然......我會非常非常的想念你，我的朋友，我們很快，天上見❤️,49886,428,[]
13,2019-12-03 12:22:19,回來就好....回來就好了。,41983,277,[]
14,2019-11-30 10:40:12,"恭喜毛毛和Tiffany,做出了人生最重要的決定～祝福你們平安喜樂滿滿！更重要的，是把最好的朋友GODFREY 的愛，繼續努力進行下去！昨晚內心真的是百感交集，但，我，我們都知道，他其實是在我們身邊的，他將會永遠的活在我們心裏，再次祝福你們！ 深深的～@maomao31 @tiffanywenlo @godfreygao",179974,345,[]
15,2019-11-28 15:04:14,永遠想念～善良的你。,137170,1644,[]
16,2019-11-27 12:14:14,心碎了,60488,1188,[]
17,2019-11-23 19:55:47,太久沒有見面了，話夾子打開完全無法收拾！兩位靈性超強的姐妹，為我的身體密碼解鎖🔓 超級有趣的～好喜歡跟妳們相處的時光喔～❤️❤️❤️ @mimimirandalu  @chiagochia,30748,51,[]
18,2019-11-23 14:56:57,"謝謝 @lefthere036 @alyssachia  的邀請，今天飛翔第一次認識了Elsa and Anna,而且沒有亂跑乖乖從頭看到完，媽咪太開心了啦🥰🥰🥰🥰🥰",48113,36,[]
19,2019-11-22 16:14:45,@n30201 congratulations! #專屬合約,16022,33,['專屬合約']
20,2019-11-22 15:45:49,#hoii,6906,7,['hoii']
21,2019-11-22 15:08:39,#hoii,6625,9,['hoii']
22,2019-11-21 17:47:28,My love~總是在最特別的時刻出現給我無比力量的女孩～ 我好愛妳 @chiagochia,21070,44,[]
23,2019-11-21 12:17:40,天氣冷冷的在家工作也蠻好的：）超愛我的兩個戰將 @xk31695 @hhssuueenn ❤️❤️❤️,22024,25,[]
24,2019-11-19 21:27:40,Fun time love with my dearest friend @chiagochia ，有妳在身邊就是一個聊不完的開心啊哈哈：） 愛妳❤️,10636,21,[]
25,2019-11-17 12:50:06,不忘～ 感謝一切～很愛你們。,20593,84,[]
26,2019-11-17 00:34:43,"#在幸福的路上世界巡迴演唱會 
#范范的范團#很愛你們 #有你真好#",17170,59,"['范范的范團', '很愛你們', '有你真好', '在幸福的路上世界巡迴演唱會']"
27,2019-11-16 14:37:07,"今晚～開放點歌好嗎？把大家想聽卻沒聽過現場的歌報上來！我ㄧ定盡量滿足大家❤️❤️❤️
#在幸福的路上世界巡回演唱会#  #singapore#  新加坡室內體育場，晚點見嘍！最親愛的你們～ ，10年啦！終於等到了這一天。",17851,199,"['singapore', '在幸福的路上世界巡回演唱会']"
28,2019-11-16 04:43:24,也許 這真的是我最後一戰，也許將來不會再有更好的舞台，但 我會好好的保守，這樣，往更大的目標去努力💪🏻💪🏻💪🏻 謝謝你們所有的真心！！,42178,197,[]
29,2019-11-15 13:58:54,#大的小的#媽媽與小孩的日常大戰！好可愛的書🥰🥰🥰 推薦給大家～,14224,20,"['大的小的', '媽媽與小孩的日常大戰']"
30,2019-11-14 20:40:44,"@ivychenphoto  you are like a muse and goddess to me! Every time I work with you, magical things will happen!!! I love you dearly my dear sister and this project will be amazing❤️❤️❤️❤️❤️",19599,33,[]
31,2019-11-13 21:54:37,"很開心參加惠氏的活動❤️現場的朋友好熱情🥳🥳🥳
#惠氏 #Wyeth #S-26鉑臻 #為寶寶打造白金學習力 #神經翹磷脂 #9比1雙短鏈益菌生",19580,27,"['惠氏', 'Wyeth', '9比1雙短鏈益菌生', '神經翹磷脂', '為寶寶打造白金學習力', 'S']"
32,2019-11-11 16:19:51,不可思議的合作！謝謝導演 @birdynio,38167,79,[]
33,2019-11-11 12:22:08,🌊🌊🌊,13361,31,[]
34,2019-11-09 12:17:27,@Genquo ❤️,22160,57,[]
35,2019-11-08 17:29:31,🥰🥰🥰,16818,49,[]
36,2019-11-07 12:36:38,"最近看了這本書 挺有意思的🥰 
還有什麼推薦的嗎^_^～ 🥦🥦🥦",8214,35,[]
37,2019-11-06 12:22:07,"溫暖的故事持續著呢～
你的 我的 我們的.. @GENQUO
#GENQUO",7962,32,['GENQUO']
38,2019-11-06 03:03:26,I like people who can joke around and then having a real conversation with.......... @elephantdee,74950,142,[]
39,2019-11-06 00:49:48,家教會 big family，聖靈充滿的夜晚，謝謝每一個弟兄姊妹，在基督裡，我們是家人！是祂的寶貝孩子！#housechurch #常常喜樂不住禱告凡事謝恩 ❤️❤️❤️,24473,49,"['housechurch', '常常喜樂不住禱告凡事謝恩']"
40,2019-11-04 17:52:51,@genquo 秋冬新品來了🥰🥰🥰舒服暖暖的^_^~❤️❤️,25204,60,[]
41,2019-11-03 02:06:30,想看！#netflix 11/22~❤️❤️❤️,17544,70,['netflix']
42,2019-11-03 02:05:00,"All boys, all super high!!🤣🤣🤣#男生對球就是沒有抵抗力是嗎？😅😅😅",15627,39,['男生對球就是沒有抵抗力是嗎']
43,2019-11-01 22:37:56,"💙💙💙謝謝理膚寶水滿滿的理膚寶水🤩
#理膚寶水 #LAROCHEPOSAY #理所當藍 #BLUEBOX @larocheposay @larocheposaytw",9431,11,"['BLUEBOX', 'LAROCHEPOSAY', '理膚寶水', '理所當藍']"
44,2019-11-01 18:17:08,專心畫還會彼此討論.......媽媽喜歡認真的你們❤️,32859,48,[]
45,2019-10-31 10:53:54,There’s a snake in my boots! 😎,38504,65,[]
46,2019-10-31 10:35:08,#罪夢者  #netflix  #台灣Netflix 原創劇，總共八集，今天下午三點可以看到完整的八集！支持我的好朋友曉萱和靜雯！so so proud of you dear girls!! 希望這部原創影集能給大家帶來豐沛的藝術能量！向電影電視劇的團隊致意！💪🏻💪🏻💪🏻加油！我今天一定想辦法把後面追完！😎😎😎,21412,33,"['netflix', '罪夢者', '台灣Netflix']"
47,2019-10-30 19:08:53,To infinity and beyond ~,32133,43,[]
48,2019-10-30 02:49:56,"可愛的妞～妳絕對有淺力超約乾媽🤣🤣🤣🤣🤣🤣🤣🤣🤣🤣🤣🤣
@elletaiwan  #有一種雜誌封面的時尚表情.......乾媽也是20年才慢慢練成的🤣🤣🤣🤣我也不知道，我覺得妞妞妳絕對有淺力！❤️❤️❤️😎😎😎 @shannon33",18680,47,['有一種雜誌封面的時尚表情']
49,2019-10-29 19:28:40,The book of answers 😊,21092,99,[]
50,2019-10-28 12:35:08,"睡前看了這本書 #大腦的記憶鍛鍊 
推薦給大家還有爸爸媽媽們❤️❤️❤️ 風影寫的真棒🥰🥰",14341,29,['大腦的記憶鍛鍊']
51,2019-10-28 01:09:32,"Like paradise #singaporeairport
#樟宜機場
#太夢幻
#下個月見啦親愛的朋友！ #新加坡室內體育場 #11/16/2019 不見不散🥳🥳🥳",34878,69,"['樟宜機場', '11', '太夢幻', '新加坡室內體育場', '下個月見啦親愛的朋友', 'singaporeairport']"
52,2019-10-24 13:49:14,出發嘍～  #singapore 兩隻太興奮了哈哈 第一次的新加坡探險之旅，希望收獲滿滿玩滿滿開心滿滿❤️❤️❤️,69421,296,['singapore']
53,2019-10-22 12:42:33,有你溫柔的眼光 指引著我的方向～ 不忘～ @genquo,19048,38,[]
54,2019-10-22 04:26:44,沈浸在其中 不可自拔～ 九歲的記憶@焚燒的鋼琴........眼眶紅了....... #塩田千春,24567,42,['塩田千春']
55,2019-10-18 11:23:42,塩田千春展～,9929,32,[]
56,2019-10-14 12:29:17,@genquo  新品上市啦！淡淡秋意已經感覺到了對吧？希望大家喜歡喔～,11445,69,[]
57,2019-10-11 11:34:39,"分享一個媽媽跟我說的小故事：

老人和他的老狗，同時在一場意外中過世，一起到了天堂。

眼看就要接近時，卻突然出現天使攔住他們說： 「很抱歉！你們之中只有一個可以進去，有看到前面那條林蔭大道了嗎？這條路走到底，就是天堂的入口，你們比賽誰先跑到，誰就可以上天堂，另一個就只好下地獄了」。 老人聽了，就對狗下命令說： 「阿福你留在這不准動」！ 說完之後，自己便往天堂的入口前進。

天使非常焦急，彎腰對狗說： 「你怎麼那麼傻？快點追上去呀」。 但老狗只是抬頭看了看天使，牠那單純的眼神彷彿在 「我必須忠於主人的命令」。
天使望著老人的背影，忍不住搖頭嘆息 ... 他不明白為什麼上帝要訂出這麼奇怪的新規矩？

這個老人，明明就沒有資格上天堂啊。

眼看老人差一步就能跨進天堂的大門了，卻突然停下腳步，回過頭來大聲喊道： 「阿福快過來」。 老狗聽到主人的叫喚，高興得跳了起來往前狂奔，一口氣就跑到了老人身邊，因為力道太猛，就直接衝進了天堂的大門裡。

老人呵呵笑了起來說： 「太好了！這麼一來，我的狗就可以上天堂了」。 天使不解地問： 「你為什麼要這麼做」? 老人說： “因为阿福非常忠心，無論我走到哪裡，牠都堅持走在我身後，唯一讓牠比我先進入天堂的方法，就是讓牠興奮起來，這樣牠才可能超前我。

天使聽了非常感動，決定破例讓他們一起進入天堂。

此時上帝也出現了，並慈祥地對天使說： 「這件事讓你上了一課，凡事一定要觀察到最後，才能下定論」。 人與人之間的許多誤會，就是起因於沒有「觀察到最後」，就把自己的揣測當事實。

多一點耐心和理解，人與人就不會有那麼多的誤解和怨恨。",19345,212,[]
58,2019-10-09 22:34:05,New era! Thanks to @elletaiwan,11282,33,[]
59,2019-10-09 18:23:43,開心和這麼棒又專業團隊工作，大家辛苦嘍！💪🏻💪🏻💪🏻 @fever.official,13804,21,[]
60,2019-10-09 12:38:41,又有好書看啦🥰🥰🥰開心～ 謝謝 #地平線文化  #覺醒父母 #82年生的金智英,18286,50,"['82年生的金智英', '覺醒父母', '地平線文化']"
61,2019-10-04 19:46:17,配唱殺青了！嗚～～～ 好捨不得呀！！😭😭😭😭😭😭😭😭😭,22045,70,[]
62,2019-10-04 14:45:47,🍾️🍾️🍾️🍾️🍾️🍾️🍾️🍾️🍾️🥰🥰🥰🥰🥰🥰🥰🥰🥰🥰🥰🥰🥰,13934,27,[]
63,2019-10-04 12:26:35,"小燕姐，我們都愛妳❤️❤️❤️❤️❤️
#一人一張小燕姐
#終生成就獎",47878,71,"['一人一張小燕姐', '終生成就獎']"
64,2019-10-04 12:15:59,喝了好多酒 但  好開心 愛妳們^_^~,28919,54,[]
65,2019-10-03 16:58:52,Love my sky blue Converse  #converse💙💙💙💙,31392,79,['converse']
66,2019-10-01 19:35:35,My boys~ Thanks @elletaiwan ❤️❤️❤️,57507,206,[]
67,2019-09-29 21:56:27,祝福這對可愛的新人Jeremy and Joyce~ 永浴愛河🥰🥰🥰,49541,58,[]
68,2019-09-29 18:47:12,謝謝 @huang_roro  可愛的伴手禮🥰🥰🥰,30971,40,[]
69,2019-09-29 16:54:42,參加婚禮❤️❤️❤️,22685,55,[]
70,2019-09-26 22:31:05,May the music calm your little heart ❤️ ❤️❤️,12116,44,[]
71,2019-09-24 22:11:11,#跟著genquo一起送愛到部落 @genquo,8978,42,['跟著genquo一起送愛到部落']
72,2019-09-24 20:21:38,最近總感覺飛翔每天都在飛速的長大！這世界還有好多東西等著你們去探索～媽媽也要加油，才能跟上你們的腳步👣,37727,88,[]
73,2019-09-21 11:56:25,20年前的今天，921大地震。那天，住在埔里的大舅媽走了。大舅舅和大舅媽牽手40年，那晚，舅舅握著舅媽的手，在瓦礫堆下，在等待救援的五個小時裡，舅媽的手，從溫暖慢慢變成冰冷，舅舅被救出後因右手臂開放性骨折及全身挫傷被送往林口長庚醫院治療。我們去探望舅舅時，我無法忘記他驚恐害怕的眼神和失去舅媽的痛心顫抖......20年過去了，埔里的家也已經重建，只是，再也沒有舅媽的陪伴。想念舅媽。緬懷過去，珍惜當下。珍惜身邊每一個家人。,43044,215,[]
74,2019-09-20 14:21:55,恭喜小姑平安生下兩個可愛的弟弟妹妹！感謝主！偉大的媽咪希望妳快快復原健健康康奶水多多哦！🤗🤗🤗 @ilovevicky123 ❤️❤️❤️,43882,153,[]
75,2019-09-20 08:45:44,學習創造空間結構～,29171,125,[]
76,2019-09-19 21:47:11,#臺北時裝週 #NOWism @elletaiwan,10708,77,"['NOWism', '臺北時裝週']"
77,2019-09-16 13:24:29,有些事情永遠不會變.....例如我的舞技😬 @elephantdee,86560,1078,[]
78,2019-09-15 15:15:30,翻到四年前今天的照片，時光飛逝啊：）～提醒自己繼續微笑過日子，每天都好珍貴😊😊😊,105327,691,[]
79,2019-09-15 14:35:09,@genquo @burberry swimming day~ 謝謝 @alyssachia @chiaselect.tw  的中秋禮物，好好吃喔～,35102,140,[]
80,2019-09-14 11:30:03,乾女兒妞妞 @shannon33 和寶寶自己做了大象小夜燈給我，還跟我說：「乾媽妳要小心不要又摔倒了喔！.......乾媽好感動好感動，😭😭😭好愛妳們❤️❤️❤️謝謝女兒😚😚😚,27849,131,[]
81,2019-09-13 14:07:52,兒子的ok 繃都變成媽媽在用😓😓😓,36876,210,[]
82,2019-09-12 21:23:58,"@nike @niketaiwan 
#nikewomen #boutiquecollection",16573,82,"['nikewomen', 'boutiquecollection']"
83,2019-09-11 18:00:35,勇往直前，keep going~,28658,415,[]
84,2019-09-09 16:40:04,消暑解渴的蜂蜜檸檬～謝謝小楊哥的愛心🧡 每次遇到挫折或意外，好像總是有你在身旁默默守候著，感覺好幸福！謝謝你這快20年的友情和緣份：）,27537,187,[]
85,2019-09-09 11:56:04,What a fun night ❤️ #因為愛舞所聚 謝謝大家來參加💃💃💃,15989,42,['因為愛舞所聚']
86,2019-09-08 16:04:14,一絲絲 🍂🍂🍂,21114,96,[]
87,2019-09-07 23:26:31,太夢幻了吧 thanks @fendi,12703,20,[]
88,2019-09-07 18:03:26,準備 #因為愛舞所聚zumba 動起來嘍！💃💃💃,28646,53,['因為愛舞所聚zumba']
89,2019-09-05 23:11:41,"真的不好意思啊帶傷出席活動😭😭😭謝謝攝影大哥貼心～讓我遮一下下巴🤣🤣❤️ 謝謝Tod’s 的邀請到台中跟大家見面～^_^
@tods  #TODSTW #FW19",30051,87,"['FW19', 'TODSTW']"
90,2019-09-05 12:16:20,"謝謝大家的關心把大家嚇壞了不好意思😅😅
人沒事啦～等等在台中Tod’s跟大家碰面哦❤️❤️
@tods #TODSTW #FW19",75759,431,"['FW19', 'TODSTW']"
91,2019-09-05 00:26:42,"今夜又摔了⋯謝謝醫生幫我縫的很仔細！

明天還要參加時尚活動，希望大家不要嚇到！ 
謝謝打鼻帶我去縫了15針！
😭😭😭",95424,4833,[]
92,2019-09-04 16:23:06,Try and try until you get it right!!,18764,40,[]
93,2019-09-04 15:51:08,,20659,39,[]
94,2019-09-03 09:33:16,Shooting day~ 🎬🎬📸📸📽📽 @elletaiwan,11730,25,[]
95,2019-09-02 21:48:08,極限運動～🎤,10083,11,[]
96,2019-09-02 13:28:32,"歡迎阿敏加入寶島夢想家！

而且這次也邀請我的表弟 @bryanlee_violin 參與熱血團隊的影片配樂！用小提琴歡迎阿美戰士回家打球！

好期待新球季喔！",12753,17,[]
97,2019-08-29 11:08:13,@genquo  stay cool ~💦💦💦,19497,63,[]
98,2019-08-29 09:26:18,下一站英國見！🥰❤️🎤🎹🎧,17471,55,[]
99,2019-08-29 02:53:35,🎤🎤🎤,10606,23,[]
100,2019-08-26 21:52:39,Love ❤️ @genquo,12596,41,[]
101,2019-08-26 20:17:37,好久不見的表弟 @bryanlee_violin 回來玩幾天，每天還是認真練習，真心佩服！ @doverquartet  #lovelife,18483,46,['lovelife']
102,2019-08-24 02:25:29,Forget me not ~ 💕💕💕,28027,100,[]
103,2019-08-23 14:52:13,"#在幸福的路上世界巡迴演唱會
⏰2019.11.16  8:00PM
📍新加坡室內體育館
❤️❤️❤️ 新加坡首次開唱，等你們哦😘
🎫請點：
https://www.apactix.com/events/detail/fanweiqi-2019",16042,112,['在幸福的路上世界巡迴演唱會']
104,2019-08-11 14:42:54,"我們在 這時候 回頭數白日夢
看天空 藍的也很遼闊
小時候 或許我 不懂愛是什麼
可是你 帶給我 的是 知足感動
沿途會有波浪 忙中也有感傷
看時間 推我走過 黑夜漫長
海風起 我也不會慌張
我們總是這樣 回到這條路上
等日光 在歲月中成長
一加一點點緊張 我們 才看到 愛的漂亮 
#路",23881,307,['路']
105,2019-08-11 02:33:59,感動！謝謝廈門！我愛哩喔🥰🥰🥰 #在幸福的路上世界巡迴演唱會,19039,50,['在幸福的路上世界巡迴演唱會']
106,2019-08-10 18:09:05,Hello 廈門，準備好了嗎？ 等等要唱很大很大聲喔！🥰🥰🥰 #在幸福的路上世界巡迴演唱會 #廈門站,15690,46,"['廈門站', '在幸福的路上世界巡迴演唱會']"
107,2019-08-09 18:57:06,OOXX,40550,61,[]
108,2019-08-09 13:14:07,@genquo （圖文不符）這颱風天的 大家要注意安全！  又是颱風又是地震的，生活在這片土地上還真的都需要些勇氣吧！還有韌性💪🏻💪🏻💪🏻,19413,57,[]
109,2019-08-08 21:04:03,"孩子的健康是媽媽最重視的事情，因為飛翔是早產兒的關係，體質比一般足月出生的孩子差一些，加上遺傳我的過敏體質，所以要非常注意他們的生活環境和飲食，除了每一餐營養均衡之外，食物的來源也要很乾淨。 
益暢敏益生菌是超過百位醫師信任推薦的品牌，而且有兩個小綠人認證，除了輔助調整過敏體質、胃腸功能也會改善，從出廠、配送到保存全程冷藏，還有公開透明的檢驗報告，我覺得非常放心。除了給孩子吃以外，到各地工作也會把益暢敏帶在身上，日常都會超順暢的～😆 市面上保健食品琳瑯滿目，挑選好的品牌不容易，給孩子吃的更要注意
媽媽們一起為孩子努力吧！ 
#健康力周年慶 8/1-9/30 可以優惠入手
#范范的朋友可以有專屬優惠哦！
官網結帳時輸入折價券號：XTVJRELY，即可立即享有 200 元折扣
想了解更多資訊：https://dradvice.cc/1jJSO",14606,21,"['范范的朋友可以有專屬優惠哦', '健康力周年慶']"
110,2019-08-08 07:37:39,祈禱大家都平平安安的喔🙏🏼🙏🏼🙏🏼,22849,35,[]
111,2019-08-07 23:34:00,"七夕快樂 爸爸節快樂！有彩虹耶！🌈🌈🌈但，爸爸你會不會覺得自己快曬成碳了💦💦💦🧔🏿🧔🏿🧔🏿 #桃園大溪笠復威斯汀度假酒店 
太好玩了！有機會夏天結束前一定要來感受一下🥰🥰🥰",44139,81,['桃園大溪笠復威斯汀度假酒店']
112,2019-08-07 15:49:08,幼稚鬼爸爸又在拿水槍掃射小孩了🙄🙄🙄,24502,73,[]
113,2019-08-07 15:47:25,Beach party @westin @janetdazzling,15324,11,[]
114,2019-08-07 12:34:41,💪🏻💪🏻💪🏻,15932,25,[]
115,2019-08-07 12:30:13,"和高手工作是極大的榮耀和幸運！
#newalbuminprogress",9393,12,['newalbuminprogress']
116,2019-08-07 07:23:40,新品上市嘍～ 希望你們喜歡🥰🥰🥰🥰 @genquo,21474,55,[]
117,2019-08-07 07:20:34,Come come :)~ @genquo,8030,8,[]
118,2019-08-06 17:11:28,弦樂日～🥰🥰🥰,9461,11,[]
119,2019-08-06 15:47:11,媽咪：This dinosaur is not really scary! ......#媽媽已經快負荷不了兩隻的需求了，唉～,33578,61,['媽媽已經快負荷不了兩隻的需求了']
120,2019-08-05 08:58:24,Good morning with good vibes guys❤️❤️❤️ #burberry #converse,19764,39,"['converse', 'burberry']"
121,2019-08-01 20:40:06,覺得這背影有點帥～ #期待 @rogeryo_music,17220,34,['期待']
122,2019-07-31 13:00:53,🥰 @cnflowerofficial,10651,7,[]
123,2019-07-31 01:46:53,My boys 💖💖💖,56749,59,[]
124,2019-07-29 14:35:30,安仔仔終於讓飛翔兄弟開始對家裡這台快被玩具淹沒的鋼琴感興趣了🤗🤗🤗🤗🤗🤗🤗🤗🤗🤗🤗🤗,47989,145,[]
125,2019-07-29 13:27:43,@hachill 😎😎😎,11461,19,[]
126,2019-07-28 23:20:16,"空降漂浮的TROY EXTRA要帶我到各地去玩啦😍
很喜歡這次的色系～是一般少見的沙棕色也非常好搭平常的穿著🥰🥰
-
側小包附有雙拉鍊
能安全保管錢包、耳機、卡夾等貴重物品
不論是在人擠人的捷運車廂上還是扒手超多的國外旅遊
只要在後背包前側輕扣小包，就能輕鬆應付各種情境
-
想體驗 Troy Extra 後背包的輕盈空降感嗎？
7.29 台北即將推出快閃體驗限定打卡點
敬請期待Kipling粉絲團公布囉😊
-
🌏更多資訊請上 @kipling_taiwan 
https://bit.ly/2K3Jg8a
 #KiplingTroyExtra #KiplingTaiwan #KiplingLiveLight #就要輕潮流 #LiveLight #Edgeland #Music",17343,21,"['KiplingTroyExtra', 'KiplingLiveLight', '就要輕潮流', 'LiveLight', 'Edgeland', 'Music', 'KiplingTaiwan']"
127,2019-07-28 15:53:47,Family day,36969,57,[]
128,2019-07-27 23:36:25,Never，let your circumstances define your life.,22382,129,[]
129,2019-07-26 23:38:08,邊踩邊狂笑，笑到腹肌都出來了🤣🤣🤣,9577,11,[]
130,2019-07-26 18:07:54,@janetdazzling 😛😛😛 thanks dear~ super delicious!,7881,5,[]
131,2019-07-26 18:05:52,#dazzlingcafe,7394,15,['dazzlingcafe']
132,2019-07-26 12:31:41,"下次再來金門玩^_^~
#KiplingTaiwan",20789,33,['KiplingTaiwan']
133,2019-07-26 11:54:23,生命影響生命💪🏻💪🏻💪🏻柏鈞媽咪，加油！！#lovelife,27779,80,['lovelife']
134,2019-07-26 10:09:53,"謝謝金門💙💙💙
#2019金門夏日音樂季",17852,25,['2019金門夏日音樂季']
135,2019-07-23 22:34:03,又一次 美好的仗 打完了......往後的路 無論多煎熬......我陪你  一起走下去～一直一直～,103997,234,[]
136,2019-07-22 12:51:03,難得清純的素顏化妝師 @emilyliu1118,20281,42,[]
137,2019-07-21 14:47:54,Chilling Sunday,21106,34,[]
138,2019-07-20 16:20:24,爸爸今晚加油！💪🏻💪🏻,41030,62,[]
139,2019-07-19 17:59:19,在幸福的路上要去廈門了❤️❤️❤️ 8/10見^_^,15022,59,[]
140,2019-07-18 17:22:27,So so beautiful ~,19443,62,[]
141,2019-07-17 14:26:03,"謝謝美好的吉隆坡🥰
#在幸福的路上世界巡迴演唱會 ❤️完整影片在IG TV，限時動態往上滑哦^_^",8708,20,['在幸福的路上世界巡迴演唱會']
142,2019-07-17 14:10:33,,23575,116,[]
143,2019-07-16 16:01:19,猜猜我們在幹嘛？,17698,47,[]
144,2019-07-16 02:10:16,,16358,45,[]
145,2019-07-15 14:05:07,Congratulations my dear! Super proud 🏆🏆🏆🏆🏆 @latishayjchan,12424,9,[]
146,2019-07-14 16:37:00,從今以後，我會為我愛的人和愛我的人 好好活著 好好唱著，謝謝昨夜感動的一晚！愛你們❤️,24058,90,[]
147,2019-07-13 18:35:51,R U READY?,13002,59,[]
148,2019-07-13 14:29:25,"@andygaga my dear dear friend GaGa, 已經當了媽咪啦！認識妳超過十年了，真的沒想過妳有天會生孩子，而且是這麼可愛的女兒小April💖💖💖 謝謝妳來澳門看我，愛妳們，好愛妳們～",21530,30,[]
149,2019-07-13 14:24:35,謝謝你們，好溫暖～🥰🥰🥰,17009,32,[]
150,2019-07-12 12:44:59,好想去龍目島🥰🥰🥰聽說Gong Yoo喜歡去那裡度假😛😛😛 @genquo @nike @ca4la_official,23139,154,[]
151,2019-07-12 08:34:58,🎤大家也要唱喔🎤,18928,58,[]
152,2019-07-12 08:12:24,澳門的朋友，準備好了嗎？ #在幸福的路上世界巡迴演唱會 can’t wait to see you all tomorrow!!😊😊😊,18557,57,['在幸福的路上世界巡迴演唱會']
153,2019-07-11 12:06:21,❤️ #LauramercierTW #Setthetone,9751,8,"['LauramercierTW', 'Setthetone']"
154,2019-07-10 09:23:37,"馬來西亞相見歡～我愛妳姐妹^_^～❤️❤️❤️ 還有光良哥，我第一次吃到這個水果（龍宮果）聽說在大馬大家叫它Landsat? 超好吃的啦！長知識了，謝謝dear~🥰🥰🥰
@fishleong616 @michaelxymusic",33804,58,[]
155,2019-07-10 05:11:18,這是金門的活動哦🤣🤣🤣,11713,34,[]
156,2019-07-08 20:09:04,Mommy’s coming home my boys 🥰🥰🥰,40767,60,[]
157,2019-07-08 13:40:12,So much love and so much to thank for! Thank you my dearest group #謝謝范團 #在幸福的路上世界巡迴演唱會,20341,41,"['在幸福的路上世界巡迴演唱會', '謝謝范團']"
158,2019-07-08 01:59:04,謝謝馬來西亞的你們～很感動的一夜！相約很快再見面💪🏻💪🏻💪🏻,28766,127,[]
159,2019-07-08 01:56:18,難忘～很快再見面^_^～ #在幸福的路上世界巡迴演唱會  #吉隆坡,14180,43,"['在幸福的路上世界巡迴演唱會', '吉隆坡']"
160,2019-07-06 21:50:46,天啊期盼了整整七年的黃亞華😛😛😛😛 我愛吉隆玻😋😋😋,75862,391,[]
161,2019-07-06 18:54:29,So so happy to see you dear dear dearest friend @fishleong616  在妳的地盤開唱，有沒有什麼美食推薦一下😛😛😛,32847,100,[]
162,2019-07-05 13:16:29,多久沒有去大馬啦！超級想念你們！出發吉隆坡！🥰🥰🥰 Can’t wait to see you all tomorrow!!!! #在幸福的路上世界巡迴演唱會 #馬來西亞 @converse @genquo @ca4la_official,31355,141,"['在幸福的路上世界巡迴演唱會', '馬來西亞']"
163,2019-07-05 01:20:56,無論世界怎麼變化，市場怎麼走向........做對自己最誠實最真摯的音樂就對了！無論什麼曲風在流行，無論如何，想Jolin 說的，了解自己擁抱自己最真實的樣子，音樂，就會在你身上發光！ 獨立或超級巨星.......不是歌手或創作人該擔心的，把自己最喜歡最炙熱最真實的東西 誠實的表現在聽眾面前，他們一定一定會聽見會感受到的！！❤️Be true to yourself! And embrace your music!! Cuz it’s so unique and nobody can judge you for being true and honest to your music!❤️💪🏻💪🏻💪🏻💪🏻華語音樂不死！是有那麼多了不起的音樂人，默默付出的 不求回報的努力！愛音樂這條路，永遠保持初心！❤️ （哈哈原諒圖文不符，純粹喜歡這照片給我的能量哈哈）,33386,95,[]
164,2019-07-03 08:38:58,Morning,28833,75,[]
165,2019-07-03 01:03:37,#健康力益暢敏益生菌,15981,12,['健康力益暢敏益生菌']
166,2019-07-03 01:00:12,再自然不過的事情啦～#健康力益暢敏益生菌。守護過敏寶寶和媽媽～🥰🥰🥰 #健康力益暢敏益生菌,25352,25,['健康力益暢敏益生菌']
167,2019-06-30 07:09:11,最喜歡的配唱日🥰🥰🥰🥰今天累到卻極開心😃,24834,55,[]
168,2019-06-30 07:03:35,有帥到🥰🥰🥰 @n30201,22911,83,[]
169,2019-06-30 06:53:46,So so proud of you dear friends!!!!! Congratulations 🎉🍾🎊🎈 @latishayjchan @angelhcchan,14025,12,[]
170,2019-06-28 19:49:57,#gentlemonster #puyioptical 😎😎😎😎,10677,6,"['puyioptical', 'gentlemonster']"
171,2019-06-28 15:50:37,@leohuang2  親愛的博煒，看到你完成了夢想，再站起來，經過那麼大的磨難， 還是堅持下來，真的好感動！！你的見證必定會影響著千千萬萬的生命！你是勇者！像你看齊！🙌🏻🙌🏻🙌🏻,63241,249,[]
172,2019-06-27 15:48:30,"2019金門夏日音樂季 ^_^
-
Sorry海報更新了所以重發😂會來嗎金門的朋友😘😘😘",11724,80,[]
173,2019-06-25 13:32:29,"@nike  @genquo 
後面整山的鞋.......都是我家蜈蚣人的..... @blackielovelife 請您這星期內好好把這半山整理乾淨！否則後果自負🤬🤬🤬",64786,485,[]
174,2019-06-24 20:28:55,給自己一個安靜放空的時間到了～,13403,34,[]
175,2019-06-23 21:15:48,用運動翻轉教育！好棒的分享！謝謝你總是給我們家教會滿滿的熱情和溫暖！Congratulations my dear friend @chengho33  #球學 @choxue,12761,12,['球學']
176,2019-06-23 15:41:52,🛁 bubble bath time~,48357,59,[]
177,2019-06-22 13:29:39,"@genquo  @converse 
你們在哪 家就在哪～",20836,35,[]
178,2019-06-22 05:57:12,What a night!!!!’👏🏼👏🏼👏🏼 so so proud of you!!!!!!!!!!!,30290,32,[]
179,2019-06-20 22:27:14,"澳門❤️❤️❤️范范要來了^_^~
#在幸福的路上世界巡迴演唱會 #RoadtoHappiness 
7月13日 在幸福的路上世界巡迴演唱會-澳門站 威尼斯人金光綜藝館
售票請上：https://cn.cotaiticketing.com/shows/fanfan2019.html",25044,127,"['在幸福的路上世界巡迴演唱會', 'RoadtoHappiness']"
180,2019-06-20 21:31:17,"#一切從昏睡開始
-
湘萍隔了五年的最新作品，大家快去支持一下🥰
-
6月24號起，週一到週五 晚上9點
新傳媒8頻道 『一切從昏睡開始』
也可以在Toggle免費觀看喔！
#whileyouwereaway8
@yvonnelim928",14281,22,"['一切從昏睡開始', 'whileyouwereaway8']"
181,2019-06-19 16:23:06,捷運+輕軌列車+蒸汽火車.....今天是飛翔火車日哈哈哈 坐個過癮～🚃🚋🚞🚝🚄🚂 @genquo,46216,92,[]
182,2019-06-17 05:36:20,還是要補一個Happy Father’s Day to one of the best daddy in the world:)~ @blackielovelife,59293,75,[]
183,2019-06-17 04:56:20,在夢中........,27356,42,[]
184,2019-06-16 19:38:16,☁️☁️☁️,17233,21,[]
185,2019-06-15 15:40:52,出發上海～早上點解答之書居然翻到這個答案～ 有點意思💕💕💕,23072,32,[]
186,2019-06-14 01:23:52,40公里的日常！真的大大的改善我的睡眠了.運動真的好神奇，聽爸爸的話「運動千萬不能停」💪🏻💪🏻💪🏻,25102,88,[]
187,2019-06-13 05:53:39,難得還沒開始狂風暴雨，第一天配唱日，慶祝一下！🥰🥰🥰 @genquo 好舒服的棉麻襯衫，配唱最合適啦👍🏻,20403,34,[]
188,2019-06-13 05:40:28,❤️謝謝熱血，想念小宇的「傻得可以」❤️❤️❤️ @b.angel_corp,12585,39,[]
189,2019-06-12 07:09:47,美麗的魚，感性的魚，溫柔的魚，那麼多的愛，給妳～ #生日月開慶啦！今天算暖場：）～🎂🎂🎂😘😘😘 @fishleong616 @yvonnelim928 @shannon33 @wang_amber @chingshiuanyang,36851,34,['生日月開慶啦']
190,2019-06-11 16:58:12,人生在世，最浪費不起的，就是「時間」～,21422,39,[]
191,2019-06-10 12:21:53,謝謝Dee借我看的書，十分有趣......發人省思！如果有天，真的有這樣的法案通過，你會為生活生命價值做出什麼選擇和改變？,14741,39,[]
192,2019-06-10 11:48:39,👂,17181,26,[]
193,2019-06-10 05:46:38,"生日快樂!!🎉little baby is now turn 10 !!🎂🎂🎂姑姑最愛的安仔仔Anderson,gugu miss you sooooo much!!! Can’t wait to see you soon  summer ❤️❤️❤️",33757,40,[]
194,2019-06-09 16:47:38,#罕見疾病基金會 20年 love with life 演唱會 今晚會跟這10位美少女合唱團有一段特別的演出哦💞💞💞,15032,21,['罕見疾病基金會']
195,2019-06-09 15:30:49,@genquo @tods 🧡🧡🧡,31763,57,[]
196,2019-06-08 19:05:26,"趕上啦！ #龍的傳人2060 @wangleehom 台北小巨蛋
Break a 🦵💪🏻💪🏻💪🏻",66920,101,['龍的傳人2060']
197,2019-06-07 15:51:02,"來到澳門的第一站 😋😋
#sky21 #macau #在幸福的路上 #范瑋琪在幸福的路上世界巡迴演唱會 #幸福滿滿的甜點",25094,52,"['macau', '在幸福的路上', '范瑋琪在幸福的路上世界巡迴演唱會', '幸福滿滿的甜點', 'sky21']"
198,2019-06-07 11:43:46,"這禮拜學校飛翔一人包一個粽子，下課馬上衝來送給我🥰
媽媽其實有點猶豫到底要不要吃，不知道裡面會有什麼奇怪的東西 哈哈哈🤣🤣🤣 祝大家 端午佳節假期愉快哦^_^～",54346,136,[]
199,2019-06-07 08:03:07,早安，澳門^_^～,23781,48,[]
200,2019-06-06 22:57:41,"謝謝 @LauraMercier 的邀請❤️看到很多朋友好開心🥰🥰🥰
-
Laura Mercier 忠孝SOGO正式開幕🎉🎉
戶外廣場有一個玻璃屋🖤Pop-up Shop到6/12趕快抓緊時間去玩喔^_^
-
#LAURAMERCIERTW #LAURAMERCIER",19592,91,"['LAURAMERCIER', 'LAURAMERCIERTW']"
201,2019-06-06 13:15:20,"一切已經開始那麼期待🥰🥰🥰🥰🥰🥰🥰
#新專輯
#天生的歌手
#拿手的事",28903,57,"['天生的歌手', '新專輯', '拿手的事']"
202,2019-06-04 19:44:58,"@lauramercier SOGO  忠孝館盛大開幕🎉
6/6 我會在SOGO忠孝館戶外廣場跟大家見面🥰🥰🥰
下班就過來逛逛啦😆😆還有小禮物要送給你們❤️
晚上六點我們不見不散^_^

#LAURAMERCIERTW #蘿拉蜜思",9476,14,"['蘿拉蜜思', 'LAURAMERCIERTW']"
203,2019-06-04 15:18:21,試唱日～太多好歌了🥰🥰🥰,16803,47,[]
204,2019-06-03 19:12:54,真的有累到🤣🤣🤣但媽媽盡力了,42098,143,[]
205,2019-06-02 20:42:29,2019Hito流行音樂獎頒獎典禮，等等要和詩萍台長頒三個大獎喔：）期待🥰🥰🥰 @momosmarch ✨✨✨✨✨✨✨✨✨✨✨,37686,52,[]
206,2019-06-02 14:05:54,好天氣絕對不能錯過！,41262,44,[]
207,2019-06-01 01:07:19,Keep going 🚴‍♀️🚴‍♀️🚴‍♀️,20267,36,[]
208,2019-05-29 17:59:37,"#佼心食堂 
超級開心大聊特聊，佼哥節目太好玩了
#6/9晚上七時台北國際會議中心記得來聽歌喔",18813,20,"['佼心食堂', '6']"
209,2019-05-28 14:07:57,夢想的實現建立在「我要成功」的強烈願望上。💪🏻💪🏻💪🏻,25769,51,[]
210,2019-05-27 23:09:52,成功！💖💖💖孩子們表現的太棒啦！,26342,54,[]
211,2019-05-27 18:44:06,媽媽出差，爸爸帶孩子就是這種結果.........🤦🏻‍♀️🤦🏻‍♀️🤦🏻‍♀️,40578,160,[]
212,2019-05-27 18:35:46,葡萄🍇人？,30302,126,[]
213,2019-05-26 12:37:19,是有多睏😴😴😴,23538,23,[]
214,2019-05-25 14:06:28,"每天告訴自己一次：我很好。我很好。
@converse",20886,57,[]
215,2019-05-25 12:41:01,捨不得離家😭,38138,38,[]
216,2019-05-23 13:05:32,經紀人累了😴😴😴,17333,39,[]
217,2019-05-22 21:28:52,今天上場前禮服拉鍊壞掉了，還好范團們各各精明幹練，在上台前10分鐘內把整件衣服手縫補救回來，謝謝 @hhssuueenn @emilyliu1118 @xk31695 還有很多人，沒有你們的幫助 今晚我就尷尬了😅 謝謝🙏🏼愛妳們～,19429,40,[]
218,2019-05-22 18:14:28,"愛心公益X👯 活力ZUMBA X🎤 音樂派對
因為愛，讓我們一同齊聚；因為愛，讓我們無所畏懼！💙💙💙
-
全球人壽「因為愛 舞所聚ZUMBA」
9月7號 晚上六點 中正紀念堂兩廳院廣場
我們不見不散喔❤️💃❤️
-
🔗報名網頁請上：https://reurl.cc/envWb
-
#全球人壽 #因為愛舞所聚ZUMBA #一起ZUMBA做公益",14014,9,"['因為愛舞所聚ZUMBA', '一起ZUMBA做公益', '全球人壽']"
219,2019-05-22 14:48:11,"上海一日行～🥰🥰🥰
@nike @niketaiwan @genquo 
#Nike #BETRUE #genquo",22107,46,"['Nike', 'genquo', 'BETRUE']"
220,2019-05-21 11:25:10,"#在幸福的路上世界巡迴演唱會 #天津 
意猶未盡的一晚^_^～",17060,46,"['天津', '在幸福的路上世界巡迴演唱會']"
221,2019-05-20 17:09:22,"來做一件有意義的事^_^～
#罕見疾病基金會 
#lovewithlife 6/9 台北國際會議中心 等你們來：）",17937,29,"['lovewithlife', '罕見疾病基金會']"
222,2019-05-19 12:30:24,好愛你們！我最親愛的團隊！和你們一起工作真的是好幸福的一件事🥰🥰🥰🌰🌰🌰,20406,32,[]
223,2019-05-19 00:43:39,超感動的 我愛你們，美好的天津！,17783,31,[]
224,2019-05-18 19:28:38,@converse  興奮興奮不已,17023,59,[]
225,2019-05-18 13:56:41,準備好嘍～今晚要跟天津的朋友繼續走在幸福的路上，好嗎？🥰🥰🥰,28931,86,[]
226,2019-05-18 13:14:24,Thanks for bringing back all the good memories! @phoebephilodiary #missphoebephilo,16774,18,['missphoebephilo']
227,2019-05-17 18:36:08,飛：「媽媽頭上有蚊子！我幫妳打它！」我：「為什麼我覺得你只是想要呼媽媽的頭？」,38161,89,[]
228,2019-05-17 18:11:16,出發天津～💙💙💙東東你又瘦了耶！工作不要太辛苦喔，要注意身體！💪🏻💪🏻💪🏻,23870,27,[]
229,2019-05-17 15:38:58,等你想起她 抱著她 說好久不見 ㄧ切都 好嗎？,33441,42,[]
230,2019-05-15 01:30:27,"#PortsPUREBreeze  What a lovely night! Congratulations to this beautiful new brand #PortsPUREBreeze
#PortsPURETW #BreezeCenter #PureisTheCure #BreezeNight",21838,36,"['PortsPURETW', 'PortsPUREBreeze', 'PureisTheCure', 'BreezeNight', 'BreezeCenter']"
231,2019-05-14 04:59:23,日子啊日子,119934,201,[]
232,2019-05-13 18:52:36,畫作題目：斑馬。 上：翔翔。下：飛飛。🧐🧐🧐 我問翔翔：你的斑馬怎麼啦？翔秒回：「喔，牠吃太多東西了。」,35310,230,[]
233,2019-05-13 11:12:33,Happy birthday to my dearest Stylist @hhssuueenn 💐💐💐🎁🎁🎁🎉🎉🎉💖💖💖 辛苦妳啦！,30962,30,[]
234,2019-05-13 00:56:54,晚安 廣州💙,19344,40,[]
235,2019-05-12 13:18:24,祝福全天下的母親們母親節幸福快樂！媽媽辛苦了！我愛妳：）💐 @范范的媽媽,18213,37,[]
236,2019-05-11 17:27:01,Time flies ~,16661,49,[]
237,2019-05-11 13:56:25,Here we come 廣州 #在幸福的路上世界巡迴演唱會 廣州站💙💙💙,27593,42,['在幸福的路上世界巡迴演唱會']
238,2019-05-11 01:24:08,"What a night!! Thanks to #微風之夜 
#PortsPUREBreeze  I had so much fun!💖💖💖 #PortsPURETW #PortsPUREBreeze #BreezeCenter #PureisTheCure #BreezeNight",15242,36,"['微風之夜', 'PortsPUREBreeze', 'PortsPURETW', 'PureisTheCure', 'BreezeNight', 'BreezeCenter']"
239,2019-05-10 23:35:42,"謝謝 PortsPURE 的邀請🥰🥰🥰
今天穿了兩套新服裝，還走上了微風之夜紅毯～充滿泡泡的星光大道💕 
現在準備收行李啦，明天廣州見🙏
#PortsPURETW
#PortsPUREBreeze
#BreezeCenter
#PureisTheCure
#BreezeNight",21186,35,"['PortsPUREBreeze', 'PortsPURETW', 'PureisTheCure', 'BreezeNight', 'BreezeCenter']"
240,2019-05-10 16:25:58,#portspure getting ready~💙 #PortsPURETW #PortsPUREBreeze #BreezeCenter #PureisTheCure #BreezeNight,17413,42,"['portspure', 'PortsPUREBreeze', 'PortsPURETW', 'PureisTheCure', 'BreezeNight', 'BreezeCenter']"
241,2019-05-10 14:14:27,"@nike 超輕的超喜歡🚲
#ReactElement55
#NikeSportswear",12995,8,"['ReactElement55', 'NikeSportswear']"
242,2019-05-09 22:10:29,🏆🏆🏆💙💙💙太開心了！好久沒有拋彩帶啦！恭喜 @fubon_braves,23670,34,[]
243,2019-05-09 17:48:31,Game 4 💪🏻💪🏻💪🏻 @fubon_braves,30765,54,[]
244,2019-05-09 13:38:15,"像救贖ㄧ般的 點醒了我🍀
#我記不得每隻貓的名字 
#我愛葛大 謝謝你",31344,270,"['我記不得每隻貓的名字', '我愛葛大']"
245,2019-05-09 13:16:52,"謝謝杭州❤️❤️❤️好喜歡大家一起合唱的感覺🥰🥰
5/12 期待廣州跟你們見面^_^～
#在幸福的路上世界巡迴演唱會",16960,53,['在幸福的路上世界巡迴演唱會']
246,2019-05-09 11:31:06,@converse,13211,37,[]
247,2019-05-08 23:41:53,"Genquo 兩年了！
萬般感恩🙏🏼🙏🏼🙏🏼辛苦了我最棒的團隊！ @genquo",14686,38,[]
248,2019-05-08 23:10:50,"挑戰40km達陣!爽啊!🚴‍♀️🚴‍♀️🚴‍♀️
#在幸福的路上世界巡迴演唱會 
廣州 我準備好了，你們呢？💖",19563,60,['在幸福的路上世界巡迴演唱會']
249,2019-05-07 22:43:42,再督促自己ㄧ次又一次！廣州！要給你們最佳體態的小歌女啦！🥰🥰🥰 #在幸福的路上世界巡迴演唱會 #廣州,20583,52,"['在幸福的路上世界巡迴演唱會', '廣州']"
250,2019-05-07 18:21:40,"#唯寶貝 #義大利布料 #親膚防紫外線防蚊防曬泳衣 
超棒的泳衣，防蚊又防曬！推一個！#唯寶貝👍🏻👍🏻👍🏻",32437,31,"['唯寶貝', '義大利布料', '親膚防紫外線防蚊防曬泳衣']"
251,2019-05-07 11:53:55,獻給每一位媽媽🥰🥰🥰,26993,50,[]
252,2019-05-07 09:15:13,謝謝眾多友人提醒，今天我和賤內結婚滿8年了。～,139543,439,[]
253,2019-05-06 21:58:56,"30公里！飆汗真的是太過癮了啦！
#sacaixnike",16180,43,['sacaixnike']
254,2019-05-06 16:52:58,❤️ more to come~ @genquo,19979,41,[]
255,2019-05-06 16:36:03,"@genquo 
#mother’s day special!!
❤️❤️❤️",22571,60,['mother']
256,2019-05-06 12:20:58,"@genquo 
#母親節好好愛自己愛媽媽嘍",11967,28,['母親節好好愛自己愛媽媽嘍']
257,2019-05-06 09:04:25,#我的青春住了楊丞琳,26647,65,['我的青春住了楊丞琳']
258,2019-05-06 08:25:07,Still amazed @rainie77 💖,32807,58,[]
259,2019-05-05 01:02:15,17年第一次有機會跟原唱者合唱！！！！有妳真好！謝謝美好的丞琳，為妳感到驕傲無比！也向妳看齊，有天份又比任何人都努力的妳，成功是必然的！❤️❤️❤️#我的青春住了楊丞琳 @rainie77,62344,155,['我的青春住了楊丞琳']
260,2019-05-04 11:27:09,"謝謝 @xk31695 當我的人肉拐杖，嗚～ 
#閃到腰不是開完笑的",29713,68,['閃到腰不是開完笑的']
261,2019-05-03 15:44:58,"可愛的麋鹿🥰🥰🥰
#沒有沒有沒有想生女兒的念頭
@genquo",79901,210,['沒有沒有沒有想生女兒的念頭']
262,2019-05-02 23:21:09,"@genquo 新品上市！請多關照囉🙏🏼🙏🏼🙏🏼🥰🥰🥰
#今天挑戰25公里成功🎉🎉🎉超爽的但好像有點閃到腰😅😅😅 #做人還是不要太免強自己
#也別太貪心 😬😬😬",13529,37,"['今天挑戰25公里成功', '做人還是不要太免強自己', '也別太貪心']"
263,2019-05-02 15:41:10,@larocheposaytw 紫外線的最大勁敵,14077,37,[]
264,2019-05-02 13:33:21,#cnflower #bellavita thank you so much! So so lovely of you💐🌷🌹🥀🌺🌼🌻☘️🍀,14391,18,"['cnflower', 'bellavita']"
265,2019-05-01 22:47:15,明天是打鼻生日🎂，但爸爸在北京，所以就免強的錄了一段happy birthday dear daddy.....無奈有人不配合還把媽咪推倒😬😬😬 @blackielovelife  sorry 媽媽我盡力了喔^_^～ happy birthday daddy we love you,63047,252,[]
266,2019-05-01 09:54:10,😜😜😜 早安～,71019,153,[]
267,2019-05-01 09:38:51,熱血滿點的一部電影，演員的踢踏舞實力讓我震驚了，努力又有天分，不得了的男孩，前景可期～大推👍🏻👍🏻👍🏻,31665,360,[]
268,2019-04-30 18:44:27,"@genquo 
Are you coming?
來逛逛嗎？高雄的朋友？～",8897,36,[]
269,2019-04-30 13:41:59,姑姑真的好為你驕傲喔～ 我的安仔仔又長大了👏🏼👏🏼👏🏼,25834,78,[]
270,2019-04-30 13:07:08,"馬來西亞的朋友準備好一起在幸福的路上了嗎🥰🥰🥰
2019/07/07❤️KLCC PLENARY HALL
#在幸福的路上世界巡迴演唱會
#RoadtoHappiness",21341,254,"['在幸福的路上世界巡迴演唱會', 'RoadtoHappiness']"
271,2019-04-29 21:25:06,怪表情真多 哈哈哈🤣,23566,49,[]
272,2019-04-29 15:23:12,"@genquo keep going, keep smiling ~",20614,35,[]
273,2019-04-29 08:27:00,會幫媽媽吸地板了耶～ 早知到不買掃地機器人了啦吼～😔,52274,135,[]
274,2019-04-28 22:48:04,再累都要找機會運動ㄧ下，排汗的感覺 真的很爽！好像把身體裡的不好的能量，毒，有害的物質，都藉著汗水排出去體外了！💪🏻💪🏻💪🏻,21509,47,[]
275,2019-04-28 16:34:13,"這趟帶著Blank Canvas又完成一場演唱會啦❤️謝謝美麗的杭州～
-
除了工作上方便使用外，日常生活也很簡單的搭配就可以出門，推薦給大家～別忘了畫上自己獨一無二的圖案成為專屬你的包包🥰🥰🥰
-
剛回到家想到還有一個活動忘了跟大家分享，現在快上Kipling官網玩一下小遊戲就有機會得到Blank Canvas包款喔^_^
我也分享我的創作給你們看😄😄😄
-
先在手機上畫出你想要的包款創作吧，也不用怕出錯！
設計的作品最後記得提交參賽，圖片也可以另外存下來跟好朋友們分享～～最後投票也別忘了拉票一下，得票數最高有創意的就會獲得這謝列包款喔！（活動到4/30動作要快喔 ）
-
⭐️馬上逛逛BLANK CANVAS包款全系列
http://bit.ly/2ZrRmOM
🎨立即線上虛擬體驗創作你的包款
http://bit.ly/2KViGSt
#KiplingTaiwan #KiplingLiveLight 
#BlankCanvas #KiplingArtM
-
#就要輕潮流 #燃創真我 
#BLANKCANVAS由你fun畫",13701,9,"['KiplingLiveLight', '就要輕潮流', 'KiplingArtM', 'KiplingTaiwan', 'BLANKCANVAS由你fun畫', 'BlankCanvas', '燃創真我']"
276,2019-04-28 08:09:14,難忘杭州的美麗，是因為你們❤️❤️❤️～期待下次相聚🥰 #在幸福的路上世界巡迴演唱會 #杭州,35342,65,"['杭州', '在幸福的路上世界巡迴演唱會']"
277,2019-04-26 16:02:20,Stay close to people who feel like sunlights 🌞🌞🌞 杭州 #在幸福的路上世界巡迴演唱會  我們來啦！,23661,62,['在幸福的路上世界巡迴演唱會']
278,2019-04-26 08:44:16,Vox Lux 影后演技沒話說，視效也讓人目眩神迷，不過劇情是看完後會讓人有些沮喪就是了～值得分享一下：）,10027,23,[]
279,2019-04-25 22:10:28,"五月八日Genquo 2 歲啦！🥰🥰🥰🍻🍻真心感謝每一位支持我們的夥伴們💖💖💖有你們的支持， 我相信我們會一直一直穩定的成長茁壯，一起越來越好！！🥰🥰🥰
@genquo @converse",14306,51,[]
280,2019-04-24 15:48:22,Congratulations 🎉🎊🍾🎈 to David and Penny❤️ May the force and all the happiness be with you❤️,13502,20,[]
281,2019-04-24 15:32:36,@agete_official ✨✨✨,17023,38,[]
282,2019-04-23 11:39:39,"@genquo  @tods 
Good things take time.",25815,63,[]
283,2019-04-22 23:23:57,"@genquo 
Overthinking does kill your happiness 😴😴😴
#失眠重症患者",25425,52,['失眠重症患者']
284,2019-04-20 22:46:40,"謝謝惠州那麼熱情的在暴風雨中前來支持我們：）謝謝 George,玉琳哥太可愛了~祝福ㄧ芳大成功！💪🏻💪🏻💪🏻",27913,85,[]
285,2019-04-20 13:02:11,"@genquo  @converse 
Always be kinder than you feel~🥰",21320,44,[]
286,2019-04-19 14:04:37,@converse ⭐️⭐️⭐️,17570,78,[]
287,2019-04-19 01:03:26,"今天跟波特王同台成為Kipling的業配🤣🤣🤣
-
現場的pop-up store好多好玩的，大家要在22號前來哦❤️好多手繪包 有我們一家人的還有很棒的藝術家，超多作品^_^可以一起在上面塗鴉真的很棒🥰🥰
-
🙏今日小插曲🙏
活動前台北突然來個大地震，希望大家都平安⋯

#KiplingTaiwan 
#BlankCanvas由你Fun畫
#Kiplinglivelight
#就要輕潮流
@kipling_taiwan @potterking",21048,42,"['Kiplinglivelight', '就要輕潮流', 'BlankCanvas由你Fun畫', 'KiplingTaiwan']"
288,2019-04-19 01:02:25,"今天跟波特王同台成為Kipling的業配🤣🤣🤣
-
現場的pop-up store好多好玩的，大家要在22號前來哦❤️好多手繪包 有我們一家人的還有很棒的藝術家，超多作品^_^可以一起在上面塗鴉真的很棒🥰🥰
-
🙏今日小插曲🙏
活動前台北突然來個大地震，希望大家都平安⋯

#KiplingTaiwan 
#BlankCanvas由你Fun畫
#Kiplinglivelight
#就要輕潮流
@kipling_taiwan @potterking",15939,16,"['Kiplinglivelight', '就要輕潮流', 'BlankCanvas由你Fun畫', 'KiplingTaiwan']"
289,2019-04-17 23:48:28,@cheer___chen  女神妳為什麼這樣可愛！可愛又迷人，讓女生都無法招架🥰,28693,80,[]
290,2019-04-16 20:34:59,@chiagochia 4/26小河岸有非常特別的演出！我的姐妹！妳是最棒的！拜託大家多多支持喔！有讓你們一想不到的表演💪🏻🙏🏼💪🏻🙏🏼❤️❤️❤️,12029,24,[]
291,2019-04-16 15:03:56,"@genquo @converse 
路邊看到這麼可愛的吉普車，忍不住跟它合照了一張🚙",26554,71,[]
292,2019-04-14 16:39:48,"@genquo @converse 
#no filter 
you make me happy in a way nobody else can.🥰🥰🥰",28371,41,['no']
293,2019-04-14 10:58:25,口紅這種東西，不用擦，看著就賞心悅目了呀哈哈😄 謝謝 @shuuemura #溫柔到讓他_,15453,29,['溫柔到讓他_']
294,2019-04-13 21:09:07,謝謝#origins @originstaiwan 雖然這次拿到的是更高級的保養產品，不過我特別喜歡它家的護手霜，不黏不膩好滋潤又沒有怪香味：）大推喔：）,13498,18,['origins']
295,2019-04-13 18:38:25,范媽媽的笑點變高了耶🤣🤣🤣🤣,98443,914,[]
296,2019-04-12 21:47:30,大噴汗，爽！,11814,27,[]
297,2019-04-12 15:50:02,@genquo @converse have a great day everyone 💖,23326,52,[]
298,2019-04-12 09:38:59,一個耍帥一個諧星.....都吃定媽媽嗚嗚嗚😭,54664,92,[]
299,2019-04-11 16:40:27,"#抱抱挑戰
您有多久沒有擁抱身旁重要的人？
擁抱，一個簡單、立即幸福有感的好方法！
Love Hugs ，讓我們更親近！
家扶基金會推廣４月２８日兒童保護日
在4月推出＃抱抱挑戰，我已接受這項挑戰，邀請您一起來感受這溫暖的力量！
每一個＃抱抱挑戰，愛心企業將捐款10元支持給家扶「用愛包圍受虐兒」計畫，邀請您一起幫助弱勢兒少走出黑暗森林。
我來點名＠blackielovelife 邀請您能響應，與我們一起「用愛包圍受虐兒」！
＃抱抱挑戰
＃用愛包圍受虐兒
#428兒保日
＠家扶基金會
@blackielovelife",57142,119,"['抱抱挑戰', '428兒保日']"
