,time,post_caption,likes,comments,tags
0,2019-12-08 12:25:54,#田馥甄,5424,0,['田馥甄']
1,2019-11-20 23:58:50,"#田馥甄#勁寶
#陳嘉樺 #任家萱",3518,0,"['陳嘉樺', '勁寶', '任家萱', '田馥甄']"
2,2019-10-31 15:01:50,@selinanahaha happy birthday 🥳 🎂#田馥甄 #陳嘉樺 #任家萱,8394,0,"['陳嘉樺', '任家萱', '田馥甄']"
3,2019-10-26 20:27:43,#田馥甄 #陳嘉樺 #任家萱,11430,0,"['陳嘉樺', '任家萱', '田馥甄']"
4,2019-10-21 13:35:40,#田馥甄,1979,0,['田馥甄']
5,2019-09-24 14:46:57,#田馥甄,5678,0,['田馥甄']
6,2019-09-18 18:08:39,#田馥甄 #陳嘉樺 #任家萱,10384,0,"['陳嘉樺', '任家萱', '田馥甄']"
7,2019-09-12 20:46:35,"為了贏！田馥甄 Hebe 老歌金曲全出動🔥 👉全世界只有這兩張，想得到Hebe的簽名拍立得嗎
(1)按讚&分享這則貼文
(2)留言寫下Hebe歌曲中你最愛的一首？原因是什麼？ *活動時間至9/16 23:59，我們將在當中抽出一位送出；名單於9/17公布於此貼文* 
#讓理性的HEBE崩潰成就達成
#美食甄的接歌大賽 #封面大人物",3557,0,"['封面大人物', '讓理性的HEBE崩潰成就達成', '美食甄的接歌大賽']"
8,2019-09-11 16:12:56,"[小編] 大家窮追不捨的正面自拍來了～😍
也借此機會祝最美好的 S.H.E 18歲 成年快樂！

#田馥甄 Hebe 
#陳嘉樺 Ella
#任家萱 Selina 
#孫燕姿",9940,0,"['陳嘉樺', '孫燕姿', '任家萱', '田馥甄']"
9,2019-09-11 15:03:56,"儀式感有時或許很必要，而真正的信仰則存在於生活的每一秒。

來吧！讓我們隔空擁抱！

SHE 18歲生日快樂！

#愛在每一秒
#SHE是我的信仰
#感謝有你

#田馥甄 #陳嘉樺 #任家萱",3164,0,"['愛在每一秒', 'SHE是我的信仰', '田馥甄', '陳嘉樺', '感謝有你', '任家萱']"
10,2019-09-09 13:02:47,"#田馥甄 
by smile石麥爾 fb",5385,0,['田馥甄']
11,2019-09-09 09:46:05,#田馥甄,6980,0,['田馥甄']
12,2019-09-09 00:01:12,#田馥甄,5398,0,['田馥甄']
13,2019-09-08 23:32:27,#田馥甄,6002,0,['田馥甄']
14,2019-09-08 14:12:11,#田馥甄,3297,0,['田馥甄']
15,2019-09-06 18:37:49,#田馥甄,5357,0,['田馥甄']
16,2019-08-31 18:11:37,"時間更教會我，關於人生的珍惜與不強求。當下就是珍惜，擁有的就要好好珍惜；至於那些不曾擁有的，或是已經過去的，就不強求。所以我對於未來不強求，我從不會很有抱負地去設定說，我必須得到甚麼？我要成為甚麼樣的人？要做到甚麼宏大的志願？我沒有！只要這個當下，有人跟我一起工作，跟我一起拍雜誌，我就覺得很珍惜，所以我也會認真地做，好好地做。但是結果出來大家喜歡不喜歡，我並不會強求。 　在乎未來發生甚麼，有用嗎？因此我不愛算命。我買房子，也不會去看風水，看時辰、算名字、算命運、算未來…我不會去做探究未知的這些事情。我就是靠著我的直覺跟感覺往前走。 　更別問我會不會想要乘坐時光機回到過去！這題完全浪費，因為我根本不會想要回到過去，一點都不想要改變過去任何事情。我也不會想要偷看未來，因為當你知道未來會發生甚麼，你就不會想要好好過現在了。因為很無聊啊，因為你已經知道答案了。就像以前小時候不是有一種參考書，就是我們在寫題目的時候翻到後面會有答案，但如果你已經先偷看了答案，你根本就不會想要認真看題目，不會想要認真作答。

所以我相信時間，也相信自己。

#田馥甄",7979,0,['田馥甄']
17,2019-08-30 15:54:40,"ELLE她雜誌 Taiwan 九月號封面人物 田馥甄Hebe 
田馥甄  時間教會我的事AS TIME GOES BY
Hebe說她從不算命。因為如果偷看未來，人就不會想要好好過現在了。但她相信直覺、相信時間。時間帶領她走過青春、度過懵懂，終於來到此時此刻，成為最適合她自己的樣子。

#田馥甄",3836,0,['田馥甄']
18,2019-08-29 21:43:04,"田馥甄Hebe ELLE她(體驗版) 9月號/2019 第336期 
封面故事 
田馥甄  時間教會我的事AS TIME GOES BY 　Hebe說她從不算命。因為如果偷看未來，人就不會想要好好過現在了。但她相信直覺、相信時間。時間帶領她走過青春、度過懵懂，終於來到此時此刻，成為最適合她自己的樣子。 
圖片轉自 Elle Taiwan

#田馥甄",4187,0,['田馥甄']
19,2019-08-24 23:52:23,"[2019.08.24]
送上今日雨天穿搭的部分

#晚安
#好眠
#雨聲好大
#服裝hen搭
#颱風天大家一切平安喔

#田馥甄",3466,0,"['服裝hen搭', '田馥甄', '晚安', '颱風天大家一切平安喔', '好眠', '雨聲好大']"
20,2019-08-23 17:31:52,#田馥甄 #不晚,4786,0,"['田馥甄', '不晚']"
21,2019-08-15 20:21:56,#田馥甄,2595,0,['田馥甄']
22,2019-08-07 22:44:58,七夕情人節快樂❤️🥰#田馥甄,6522,0,['田馥甄']
23,2019-07-31 23:34:11,"炎炎夏日我都這樣補水讓自己水水🌿💦 ​​ 🔷高滲透瞬效保濕噴霧化粧水​
🔹細緻水霧，賦予肌膚高保濕的胺基酸美容成分​ ​​
#freeplus #芙莉思​​
#從敏感肌研究誕生​​
#超細緻水霧 #滲透吸收 #24HR隨時水潤

#田馥甄",6200,0,"['芙莉思', '滲透吸收', '田馥甄', 'freeplus', '超細緻水霧', '24HR隨時水潤', '從敏感肌研究誕生']"
24,2019-07-29 16:21:55,"此門我不登誰登

#其他乘客也登
#噗

#田馥甄",10492,0,"['噗', '田馥甄', '其他乘客也登']"
25,2019-07-28 17:53:10,#田馥甄,3733,0,['田馥甄']
26,2019-07-23 14:41:12,❤️#田馥甄 #陳珊妮,5845,0,"['田馥甄', '陳珊妮']"
27,2019-07-22 19:06:29,"誰會讀唇語？猜猜我在錶示什麼！
#田馥甄",5971,0,['田馥甄']
28,2019-07-18 22:28:26,"我來還原一下好了❤️
#田馥甄 #陳珊妮",8920,0,"['田馥甄', '陳珊妮']"
29,2019-07-14 19:48:00,"#田馥甄
@hebe_tien_0330",7414,0,['田馥甄']
30,2019-07-10 08:36:55,#田馥甄 #citizenwatch,2381,0,"['citizenwatch', '田馥甄']"
31,2019-07-06 22:35:38,"😃SMILE! 
YOU ARE NOT WHAT YOU HAVE, 
YOU ARE WHAT YOU GIVE. 
晚安❤

#田馥甄 #陳嘉樺 #任家萱",5701,0,"['陳嘉樺', '任家萱', '田馥甄']"
32,2019-07-02 13:19:56,"#吳青峰
#巴別塔慶典 
#田馥甄 #陳嘉樺 #任家萱",8329,0,"['田馥甄', '陳嘉樺', '巴別塔慶典', '任家萱', '吳青峰']"
33,2019-06-30 14:41:45,"#田馥甄 
#陳嘉樺 
#任家萱 
#孫燕姿",10509,0,"['陳嘉樺', '孫燕姿', '任家萱', '田馥甄']"
34,2019-06-29 22:45:57,合體多美❤️☘️,14095,0,[]
35,2019-06-29 22:30:35,"有看嗎？
S.H.E 金曲30☘️
#田馥甄 #陳嘉樺 #任家萱",10771,0,"['陳嘉樺', '任家萱', '田馥甄']"
36,2019-06-27 17:07:05,#田馥甄 #citizenwatch,1751,0,"['citizenwatch', '田馥甄']"
37,2019-06-23 21:04:05,"睽違七年，S.H.E終於合體擔任金曲獎表演嘉賓
#田馥甄 #陳嘉樺 #任家萱",6438,0,"['陳嘉樺', '任家萱', '田馥甄']"
38,2019-06-18 23:39:31,🎂❤️#陳嘉樺 #田馥甄 #任家萱,6590,0,"['陳嘉樺', '任家萱', '田馥甄']"
39,2019-06-18 23:37:52,"愛 真相是愛 ❤️❤️
#田馥甄 #陳嘉樺
#hebe #ella",8805,0,"['陳嘉樺', 'hebe', '田馥甄', 'ella']"
40,2019-06-18 23:24:38,"@him_ella0618 🎈生日快樂🎂
#合體真美 ❤️❤️❤️
#田馥甄 #陳嘉樺 #任家萱",2811,0,"['陳嘉樺', '合體真美', '田馥甄', '任家萱']"
41,2019-06-18 22:23:49,"@him_ella0618 生日快樂🎂
合體真美❤️❤️❤️#田馥甄 #陳嘉樺 #任家萱",8204,0,"['陳嘉樺', '任家萱', '田馥甄']"
42,2019-05-24 13:43:15,#田馥甄 #freeplus,2491,0,"['freeplus', '田馥甄']"
43,2019-05-14 19:59:08,#田馥甄,2194,0,['田馥甄']
44,2019-05-14 08:31:38,"S.H.E  合體真美

感謝寶貝大帝們 🌙️🌜🌕️❤🤗💕❤ #田馥甄 #陳嘉樺 #任家萱",7333,0,"['陳嘉樺', '任家萱', '田馥甄']"
45,2019-05-12 22:15:22,"田媽媽 母親節快樂❤️👩🏻🥰
#田馥甄",6694,0,['田馥甄']
46,2019-05-12 22:14:51,"Happy Mother‘s Day ❤️👩🏻🥰
#田馥甄",4356,0,['田馥甄']
47,2019-05-11 14:55:05,#田馥甄,2478,0,['田馥甄']
48,2019-05-11 14:54:38,#田馥甄,3282,0,['田馥甄']
49,2019-05-11 14:54:13,#田馥甄,1645,0,['田馥甄']
50,2019-05-11 14:53:55,#田馥甄,2369,0,['田馥甄']
51,2019-05-10 18:29:34,#田馥甄,3281,0,['田馥甄']
52,2019-05-10 18:29:16,#田馥甄,1861,0,['田馥甄']
53,2019-05-10 18:29:04,#田馥甄,3386,0,['田馥甄']
54,2019-05-10 14:56:44,#田馥甄,1947,0,['田馥甄']
55,2019-05-10 14:55:33,#田馥甄,2310,0,['田馥甄']
56,2019-05-10 14:55:14,#田馥甄,2476,0,['田馥甄']
57,2019-05-08 20:53:22,#田馥甄,4092,0,['田馥甄']
58,2019-05-08 20:52:32,#田馥甄,6141,0,['田馥甄']
59,2019-05-08 20:52:10,#田馥甄,3578,0,['田馥甄']
60,2019-05-08 11:33:28,#田馥甄,5270,0,['田馥甄']
61,2019-05-08 10:45:13,"勁寶寶❤️甄甄阿姨 唷😘😘😘 #田馥甄 #勁寶
#陳嘉樺 #任家萱 
#愛的抱抱",8523,0,"['田馥甄', '陳嘉樺', '勁寶', '愛的抱抱', '任家萱']"
62,2019-05-07 23:24:34,"#田馥甄 
x Citta Bella儂儂5月号封面人物",3176,0,['田馥甄']
63,2019-05-07 22:29:11,"#田馥甄 #陳嘉樺 #任家萱 
photo by 任爸媽",10583,0,"['陳嘉樺', '任家萱', '田馥甄']"
64,2019-05-07 22:27:52,"#田馥甄 #陳嘉樺 #任家萱 
photo by 任爸媽",12785,0,"['陳嘉樺', '任家萱', '田馥甄']"
65,2019-05-06 22:19:09,#田馥甄,3148,0,['田馥甄']
66,2019-05-06 22:18:55,#田馥甄,6371,0,['田馥甄']
67,2019-04-30 09:23:42,#田馥甄 #lenor蘭諾,2050,0,"['lenor蘭諾', '田馥甄']"
68,2019-04-29 21:30:47,#田馥甄 #正官庄,1789,0,"['田馥甄', '正官庄']"
69,2019-04-29 09:24:32,#田馥甄,5188,0,['田馥甄']
70,2019-04-27 14:28:23,#田馥甄,4305,0,['田馥甄']
71,2019-04-27 14:27:32,#田馥甄,4307,0,['田馥甄']
72,2019-04-14 04:03:57,#田馥甄 #薜之謙,6343,0,"['薜之謙', '田馥甄']"
73,2019-04-13 12:54:47,#田馥甄,2611,0,['田馥甄']
74,2019-04-12 22:59:33,#田馥甄,3125,0,['田馥甄']
75,2019-04-12 09:57:34,"是勁寶 跟甄甄阿姨啊😍
#田馥甄 #陳嘉樺 #任家萱 ❤️❤️❤️❤️❤️❤️❤️",8003,0,"['陳嘉樺', '任家萱', '田馥甄']"
76,2019-04-11 16:13:40,好東西 #田馥甄,2505,0,['田馥甄']
77,2019-04-05 10:09:41,"#田馥甄 #陳嘉樺 
照片轉自臉書專業  咖啡唐賢玲、邱榮吉",11791,0,"['陳嘉樺', '田馥甄']"
78,2019-04-04 20:51:29,#田馥甄 #陳嘉樺,8023,0,"['陳嘉樺', '田馥甄']"
79,2019-03-30 22:14:04,"3個人1顆❤️
#田馥甄 #陳嘉樺 #任家萱 
@hebe_tien_0330 
@him_ella0618 
@selinanahaha 
#330 #生日快樂🎂
#遇到你們都不尷尬😘",8151,0,"['330', '田馥甄', '陳嘉樺', '生日快樂', '任家萱', '遇到你們都不尷尬']"
80,2019-03-30 22:11:22,❤️😘🎂,7661,0,[]
81,2019-03-29 11:51:55,#田馥甄,5995,0,['田馥甄']
82,2019-03-26 01:06:26,#田馥甄,3133,0,['田馥甄']
83,2019-03-21 16:13:28,#田馥甄,6645,0,['田馥甄']
84,2019-03-19 17:35:53,"#田馥甄 
JoMaloneLondon",8354,0,['田馥甄']
85,2019-03-11 13:38:04,#田馥甄,4848,0,['田馥甄']
86,2019-03-09 21:45:24,#田馥甄 #330,3208,0,"['330', '田馥甄']"
87,2019-03-04 14:06:36,#田馥甄,4453,0,['田馥甄']
88,2019-03-02 23:16:27,#田馥甄,2864,0,['田馥甄']
89,2019-02-19 22:28:43,元宵節快樂🎆❤️#田馥甄,7340,0,['田馥甄']
90,2019-02-19 13:46:51,元宵節快樂🎆❤️#田馥甄,5267,0,['田馥甄']
91,2019-02-15 11:29:47,OMG ❤️👸🏻#田馥甄,6120,0,['田馥甄']
92,2019-01-26 14:47:34,#田馥甄,3278,0,['田馥甄']
93,2018-12-22 20:23:19,#田馥甄,5888,0,['田馥甄']
94,2018-12-22 20:20:51,❤️#田馥甄,12894,0,['田馥甄']
95,2018-12-20 15:08:59,#田馥甄,2498,0,['田馥甄']
96,2018-12-01 13:58:55,"謝謝@JoMaloneLondon祖玛珑 的貼心，讓我能過上一個最有味道的聖誕節。
24種不同的芬芳，今天開始，每日一味，直到聖誕夜。
太開心了！！！ #礼享奇缘24味# ​

#田馥甄",8114,0,"['礼享奇缘24味', '田馥甄']"
97,2018-11-22 22:19:58,"話不多說！

11/24 投票就對了！

#愛就對了
#我愛你們
#加油

#田馥甄 #陳珊妮 #吳青峰",6149,0,"['田馥甄', '陳珊妮', '愛就對了', '我愛你們', '吳青峰', '加油']"
98,2018-11-12 02:37:00,"猜四個字

#晚安

#田馥甄",10046,0,"['晚安', '田馥甄']"
99,2018-10-31 15:36:12,"Happy Birthday to selina 👸🏻❤️🎂
#田馥甄 #陳嘉樺 #任家萱",12962,0,"['陳嘉樺', '任家萱', '田馥甄']"
100,2018-10-22 21:20:08,"帶你出去走走
#田馥甄 @hebe_tien_0330 
轉自 maria.svarbiva",4534,0,['田馥甄']
101,2018-10-02 17:30:58,"嗨！馬來西亞~
我又來大吃大喝了！（誤！
是來出席 Oppo F9見面會見啦！
等等見喔~😊 #這次愛上Ondehondeh爆漿口感好滋味
#娘惹糕口感Q彈色澤可愛像眾人皆愛的好姑娘
#田馥甄",10753,0,"['這次愛上Ondehondeh爆漿口感好滋味', '田馥甄', '娘惹糕口感Q彈色澤可愛像眾人皆愛的好姑娘']"
102,2018-09-19 22:03:58,#田馥甄,7526,0,['田馥甄']
103,2018-09-19 22:03:32,#田馥甄,9272,0,['田馥甄']
104,2018-09-18 21:20:48,"㊉ 華研國際 ㊆

什麼??你還沒有繳心得報告?? 你這樣把感想悶在心裡，對身體不好喔！ 
來來來，活動倒數中！
趕快來交心得報告啦～寫完說不定還能抽中超～～珍貴澎派的拍立得組喔！ 
S.H.E 「十七」音樂會，觀後心得分享募集！
活動網址按旁邊　https://goo.gl/PyPXu1 
#十七
#十七音樂會

#田馥甄 
#陳嘉樺 
#任家萱 
#17",3673,0,"['十七', '田馥甄', '十七音樂會', '陳嘉樺', '17', '任家萱']"
105,2018-09-16 17:37:39,"田馥甄：早鳥彩排！今晚簡單生活天空舞台見！

#简单生活节##田馥甄自己的房間##我的天空今天有點灰

#田馥甄",10349,0,"['我的天空今天有點灰', '简单生活节', '田馥甄', '田馥甄自己的房間']"
106,2018-09-15 05:05:34,"💋勁寶👶🏻❤️甄甄阿姨👸🏻
#田馥甄 #勁寶
#陳嘉樺 
#任家萱 
#17",15738,41,"['田馥甄', '陳嘉樺', '勁寶', '17', '任家萱']"
107,2018-09-11 23:28:58,"#田馥甄 
#陳嘉樺 
#任家萱 
#17",14791,0,"['陳嘉樺', '17', '任家萱', '田馥甄']"
108,2018-09-10 11:31:56,"@hebe_tien_0330 #田馥甄 
#citizen",2649,0,"['田馥甄', 'citizen']"
109,2018-09-07 23:01:24,"時間的長河 我非你們不可
緣分的比喻 匯流成一首歌
那是我們 從還懵懂的青春
變成 最重要的人
也許經歷過聚散和離分
也許嘗受過懷疑眼神
我們的生命卻不斷延伸
更多的回憶不停誕生
一起走過了 彼此一半的人生
陪伴只會累積得更深
 就一起走著走到了永恆
還請你們陪我們見證

#田馥甄 
#任家萱 
#陳嘉樺 
#17 
@hebe_tien_0330 
@him_ella0618 
@selinanahaha",9837,0,"['陳嘉樺', '17', '任家萱', '田馥甄']"
110,2018-09-07 00:25:15,"㊉ 華研國際 ㊆ 
回到十七歲（無誤 
#你們期待嗎
#明天十七點
#小編又要哭了
#田馥甄 
#陳嘉樺 
#任家萱 
#男生的女朋友
#女生的好朋友
@hebe_tien_0330 
@him_ella0618 
@selinanahaha",6838,0,"['田馥甄', '陳嘉樺', '明天十七點', '任家萱', '男生的女朋友', '你們期待嗎', '小編又要哭了', '女生的好朋友']"
111,2018-09-06 17:49:20,"#田馥甄 
#任家萱 
#陳嘉樺 
#17",12299,0,"['陳嘉樺', '17', '任家萱', '田馥甄']"
112,2018-09-06 13:42:38,#田馥甄,4216,0,['田馥甄']
113,2018-09-05 21:46:50,"㊉ 華研國際 ㊆ 🚇S.H.E十七專屬車廂上路啦🚇 
9/5-9/11 台北捷運🔺淡水信義線
📸 快來跟S.H.E 合照！😍
---
🎵 數位收聽 #十七 https://she.lnk.to/17 
#十七音樂會
🎫 整隊入場須知 https://ppt.cc/f0pZ3x
📍 演出注意事項 https://ppt.cc/fnsktx
🚨 檢舉黃牛信箱 reporter@him.com.tw

#田馥甄 
#陳嘉樺 
#任家萱",4316,0,"['十七', '田馥甄', '十七音樂會', '陳嘉樺', '任家萱']"
114,2018-09-03 21:45:33,"#田馥甄
#自己的房間",2718,0,"['田馥甄', '自己的房間']"
115,2018-09-01 22:59:42,"沒有搶到 S.H.E #十七音樂會 門票的朋友，這邊還有機會 🏃

完成任務就有機會抽中音樂會門票，和好友一起到現場挺 S.H.E，快看怎麼參加 👇
1⃣️ 在本篇留下你聽《熟稔的思念-S.H.E 17週年》歌單截圖，並 TAG 一位朋友，邀請他一起聽音樂會
http://kkbox.fm/3D4Vux
2⃣️ 公開分享此貼文 （活動時間：8/30 - 9/4 中午 12:00 止）
活動注意事項請看 👉 https://kkbox.fm/p4qUh1 -

註冊 KKBOX 免費試用 ▶ https://kkbox.fm/z9H7Kb
下載 KKBOX ▶ http://kkbox.fm/l2JknP
訂閱 KKBOX Prime，一口氣享受聽歌、追劇、衝演唱會 👉 https://kkbox.fm/O6GDrl ❤️追蹤 KKBOX 官方頻道掌握樂壇消息
Instagram ▶ https://kkbox.fm/W4na4i
YouTube ▶ https://kkbox.fm/R2oFtm

#田馥甄 
#陳嘉樺 
#任家萱 
#17",2888,0,"['田馥甄', '十七音樂會', '陳嘉樺', '17', '任家萱']"
116,2018-09-01 22:22:46,#田馥甄,5390,0,['田馥甄']
117,2018-09-01 13:59:35,"㊉ 華研國際 ㊆ 👉 #美圖秀秀 x S.H.E 聯手推出主題素材啦 💋 
即日起至9/11，套用素材和S.H.E來個同框大合體，就有機會獲得S.H.E簽名拍立得唷！ 
是不是很想要哇～😍
快打開 #美圖秀秀 → 右上角 #商店圖icon → 美圖秀秀x S.H.E #主題專區
套用S.H.E #合體邊框 或 #三葉草貼紙，分享至本篇留言處 + Hashtag #美圖秀秀 #MeituApp 
就完成啦！！！！！ ✨ 9/14 將公佈10名幸運得獎者 ✨ 🎤🎤🎤
☘☘☘
#十七

#田馥甄
#陳嘉樺 
#任家萱",4548,0,"['商店圖icon', '十七', '田馥甄', '陳嘉樺', 'MeituApp', '任家萱', '三葉草貼紙', '美圖秀秀', '主題專區', '合體邊框']"
118,2018-08-30 17:12:50,"㊉ ㊆ 
十七 
詞曲： 吳青峰 
在無窮無盡之間 充滿吶喊的子夜
十七歲的我們 在哪邊
在未來攤開之前 期待又怕受傷害
是我 和你和你 說著夢想 說著心願 
在有來有往之後 三種特別的語言
上天選了我們 圍成圈
在潮起潮落之間 將我環繞的世界
拾起 許多情節 如此和諧 如此無間 
時間的長河 我非你們不可
緣分的比喻 匯流成一首歌
那是我們 從還懵懂的青春
變成 最重要的人 
也許經歷過聚散和離分
也許嘗受過懷疑眼神
我們的生命卻不斷延伸
更多的回憶不停誕生 
我們的感情 不是什麼新聞
你身邊也會 有珍惜你的人
那是我們 最想祝福的你們
懂得 活著的快樂 
一起走過了 彼此一半的人生
陪伴只會累積得更深 
就一起走著走到了永恆
還請你們陪我們 見證 
#時間的長河我非你們不可
#還請你們陪我們見證
#有一種友情叫SHE
#田馥甄 #陳嘉樺 #任家萱 #17",9474,0,"['時間的長河我非你們不可', '有一種友情叫SHE', '田馥甄', '陳嘉樺', '17', '任家萱', '還請你們陪我們見證']"
119,2018-08-30 00:30:37,"㊉ 華研國際 ㊆ 
哈囉～聽過 #十七 的你們還好嗎？ 
有沒有聽了會有一種鼻子酸酸、眼眶濕濕、想一聽再聽的那種感覺? 
懂！小編都懂🤗 
8/30(四) 17:00 單曲全面數位上架，大家可以一直聽一直聽一直聽一直聽一直聽一直聽一直聽一直聽一直聽一直聽一直聽一直聽一直聽一直聽一直聽一直聽一直聽一直聽一直聽，真的太好聽了～ 
但好聽也要分享給你其他好友喔！ 
啊，對了！記得留一些面紙...
因為到時候 MV 出來......啊嗚.....
（小編不能再哭了，已經被同事們說愛哭了） 
來，讓我們一起來期待吧！ 
#有一種友情叫SHE
#還請你們陪我們見證",2369,0,"['十七', '還請你們陪我們見證', '有一種友情叫SHE']"
120,2018-08-29 14:15:15,"Stay tune! 不要錯過今天傍晚５點，全亞洲大聯播！！　YES 933

#田馥甄 #陳嘉樺 #任家萱 #17",2957,0,"['陳嘉樺', '17', '任家萱', '田馥甄']"
121,2018-08-28 16:34:11,"甄的有私聊喔😍@hebe_tien_0330
#田馥甄",5342,0,['田馥甄']
122,2018-08-28 15:49:04,"/ 華研國際 / 
姐說有事私聊喔 😉 (期間限定)
((期間限定))
((((期間限定)))
#田馥甄",4658,0,['田馥甄']
123,2018-08-27 17:45:16,"📣隨著時間步步逼近，相信大家也開始蠢蠢欲動！📣 近期我們也將陸續公布表演當天的相關訊息，請大家鎖定官方S.H.E粉專，也麻煩屆時務必遵守相關規則及現場工作人員的指示，注意自身的安全並也尊重別人欣賞表演的權利喔，讓我們一起期待美好的十七音樂會吧！ 🤓並再次叮嚀
此次音樂會採免費索票入場，絕無售票情事。請於索票前確認索票細節。鄭重呼籲不要購買來路不明的票券，以免自身權益受損，還讓不法黃牛有利可圖。若發生活動現場無法入場或是其他問題，主辦單位將保留認定票券合法性之權利。沒搶到票的粉絲也別擔心，現場會有多個大螢幕可觀賞，並與多個直播平台合作，都可一同歡慶S.H.E的生日，這也是另一種真心支持的方式喔。 ☘十七音樂會資訊
時間：2018/09/11（二） ▶15:00 開始整隊 ▶16:00 開放進場 ▶19:30 節目開始 ▶21:30 節目結束
地點：兩廳院藝文廣場（地址：台北市中山南路21-1號）
主辦單位：華研國際音樂
製作單位：必應創造 【整隊入場須知】
1.活動當日下午15:00整隊 / 16:00進場 / 19:30節目開始。所有區域皆依票券上「入場序號」整隊進場，若完成整隊叫號且已超過您的票券序號者，視同放棄原訂入場順序！但開放入場後，過號者請洽現場工作人員，依到場順序安排入場，提醒觀眾請務必準時到場整隊。 
2.整隊位置如下（可參考圖示）
A區排隊區位於信義路的國家音樂廳1號門前廣場（紅色色塊區）
B區排隊區位於愛國東路的國家戲劇院1號門前廣場（綠色色塊區）
C區排隊區位於面向自由廣場排樓左手邊拱門前（橘色色塊區）
D區排隊區位於面向自由廣場排樓右手邊拱門前（黃色色塊區）
請持票觀眾依序號由工作人員指示進入排隊區域排隊。 
3. 持身心障礙票劵者請持本人之身心障礙手冊正本查驗，手冊持有人與陪同者需同時入場，並不得以影本提供查核。一經發現不實，主辦單位有權拒絕持票者入場並拒絕任何退換票要求。(嚴禁轉讓/轉售他人) 
4. 一人一票，憑票入場，孩童亦需持票。 
5. 近日尚有其他活動租用相同場地，為了維護其他租用人的正常使用權益及您的自身安全，請勿夜排以免發生危險。 
6. 請勿利用私人物品佔據任何座位及空間，主辦單位每日施工前後及當天整隊前將會進行清場，如損壞與遺失概不負責。 
7. 活動現場為公共用地，花圃區域請勿踩踏，草皮區請勿使用板凳、帳篷等會破壞花草之器材，並請離開時隨手帶走垃圾，以維護環境整潔。 
8. 戶外演出人潮眾多，請小心妥善保管貴重物品。 
9. 場地周邊停車位有限，請盡量搭乘大眾交通工具前往觀賞。 
10. 活動當天，請依照現場工作人員指引進場。請勿推擠、奔跑、攀爬樹木。 
11. 請尊重智慧財產權與觀賞品質，活動現場嚴禁使用相機、攝影機；禁止錄影、錄音。如經查獲，將由工作人員留置器材保管並刪除拍攝內容，但損壞與遺失概不負責，現場工作人員亦有權將底片與記憶卡加以強制曝光或強制刪除，並保留法律追訴權，謝謝您的合作。 
12. 相關規定以活動官網及現場公告為主，主辦單位保留修改、終止及本活動相關演出內容之權利。 
兩廳院藝文廣場 交通資訊 
大眾交通運輸
🚌公車－
兩廳院周遭有信義路、中山南路、愛國東路及杭州南路，您可以選擇任何一條路線上的公車搭乘。詳細建議請參閱http://npac-ntch.org/zh/service/traffic
愛國東路：248、644、648
羅斯福路：15、18、208、236、236夜、251、252、660
中山南路：18、227、648、中山幹線
信義路：0東、20、22、204、670、1503、信義幹線、信義新幹線
仁愛路：15、22、37、208、208直、245、261、263、270、295、297、621、630、651、665、671
杭州南路：38、237、253、297 🚝捷運－
搭乘捷運松山新店線、淡水信義線，在「中正紀念堂站」五號出口下車即達。 🚗自行開車前往
中正紀念堂廣場下設有計費停車場，停車場僅供一般汽車停放使用，機車／自行車不能駛入。
詳細路線請參閱http://npac-ntch.org/zh/service/traffic 🚥更多交通指南 請參閱兩廳院官網http://npac-ntch.org/zh/ ※若因特殊天候狀況，將依當地縣市政府發佈之新聞消息作為停演或延期之公告依據。
※為避免交通壅塞，建議搭乘大眾運輸前往

#田馥甄 #陳嘉樺 #任家萱 #17",2669,0,"['陳嘉樺', '17', '任家萱', '田馥甄']"
124,2018-08-26 23:16:39,我家寶貝🐶🐩❤ #田馥甄,7500,0,['田馥甄']
125,2018-08-24 05:15:09,#田馥甄 #陳嘉樺 #任家萱 #勁寶,7135,0,"['陳嘉樺', '勁寶', '任家萱', '田馥甄']"
126,2018-08-22 20:13:24,"S.H.E 
S.H.E唱《十七》慶十七週年  29日17點亞洲百大電台聯合首播
吳青峰的感人詞曲逼哭三人  三姝懷疑青峰是否常年躲在S.H.E背後當背後靈
「十七音樂會」首次練團  為爭取演唱更多歌曲  S.H.E斗膽要求導演改流程 
S.H.E 十七週年，不只將在9月11日舉辦萬人「十七音樂會」，也特地邀請吳青峰為她們三人量身創作全新單曲《十七》，敘述S.H.E出道至今的深厚情感。S.H.E被這首歌感動到落淚後，忍不住在她們共同的通訊群組裡討論：「吳青峰很像我們的背後靈！他是不是這十七年來都生活在我們的背後？才能字字句句都寫進我們心裡。」《十七》將在8月29日17點，聯合亞洲百大電台共同首播，8月30日全面數位上架。 
邀吳青峰為S.H.E寫歌，是三人共同的主意，Hebe說：「我們第一個就想到吳青峰，覺得他可以幫我們把溫馨、溫暖的感覺寫出來。」果然吳青峰的詞曲立刻打進了S.H.E的心坎，Ella大讚：「一首歌來就中！旋律聽起來很舒服，歌詞的每一字每一句都寫到我們的心裡，非常非常深刻和貼切，聽起來特別感動。」歌曲動人的程度，連號稱「鐵漢」的Hebe都打包票掛保證：「連我都哭了，你看這首歌有多感人！」一向感性的Selina更不意外的被這首歌感動到熱淚盈眶，「就連我們在錄音的時候也不能太認真，因為如果認真投入就會淚崩，會忍不住情緒激動。」 錄音的時候，與S.H.E合作多年的馬毓芬老師為S.H.E出了功課，讓她們回想剛出道時的演唱方式，讓整首歌的感覺與以往有很大的不同。Ella表示，這十七年來三個人詮釋歌曲的方式一直在變化，但是這次小芬老師卻叫她們試著去回想十七年前唱歌的樣子，「當我們想像著回到過去，再把歌唱出來的時候，真的很像是走進時光隧道，瞬間回到十七年前，雞皮疙瘩都起來了。透過這首歌，就好像是從聲音裡聽到我們這十七年來的變化和成長。」 為新單曲配唱之外，S.H.E也已緊鑼密鼓地籌備著「十七音樂會」。昨日(21日)S.H.E首次為音樂會練團，即使許久未合唱，三人一開口，完美的合音立刻重現，她們開心表示，能夠再在一起唱歌，覺得很開心、很感動，三個人合唱與一個人唱歌的感覺實在太不一樣了。不過Ella也透露，其實在還沒開始彩排之前，她們就先為了歌單展開「激烈的討論」，她激動地說：「我有很多私心想唱的歌沒有在歌單裡，讓我內心很嘔，沒辦法咽下這口氣，硬是想要唱！」Selina也緊接著解釋：「因為有太多想唱的歌，歌迷也參與投票選出他們想聽到的歌，可是音樂會時間有限，所以很多歌都捨不得刪掉。」Hebe更急著「為歌迷喉舌」，連問導演好幾次：「我們可以四點就開始唱嗎？」希望再多爭取一些演唱的時間。 
日前在S.H.E Facebook官方粉絲頁上舉辦了「我的S.H.E愛歌」人氣票選活動，S.H.E對24日將公布的票選結果也很關心，因此當導演為了演出時間限制而與三人討論刪減音樂會內容時，S.H.E竟大膽反過來要求導演修改流程，增加了可以唱到更多遺珠之憾歌曲的橋段，盡量滿足歌迷們的期望。也由於S.H.E聚在一起時話就停不下來，三人也對於要不要減少在音樂會上講話的環節頭痛不已，乾脆開放歌迷選擇：「不然讓歌迷決定好了，要我們少講話還是少唱歌？」至於在音樂會上一定會唱到什麼歌？三人異口同聲回答：「《十七》！這首歌一定要唱！」希望將吳青峰所創作的這首描述著S.H.E深厚感情史的感人作品，在「十七音樂會」上送給陪伴她們走過十七年時光的歌迷。 
#十七
#全新單曲0830全面數位上架

#田馥甄 #陳嘉樺 #任家萱",7753,0,"['十七', '全新單曲0830全面數位上架', '田馥甄', '陳嘉樺', '任家萱']"
127,2018-08-22 12:25:35,"🎤🎤🎤
☘☘☘ #十七
#練團中
#田馥甄 #陳嘉樺 #任家萱",20878,0,"['十七', '田馥甄', '陳嘉樺', '任家萱', '練團中']"
128,2018-08-22 12:15:31,"/ 華研國際 / 
Live in Life  今天 讓美好發聲
即日起至9/16，點擊以下連結，免費體驗 Apple Music 會員資格，聽 #自己的房間，讓美好發聲！ 
台灣 Apple.co/HebeCodeTW
香港 Apple.co/HebeCodeHK 
#數量有限
#LiveinLife

#田馥甄 #自己的房間",2398,0,"['數量有限', '田馥甄', 'LiveinLife', '自己的房間']"
129,2018-08-21 19:42:06,#田馥甄 #自己的房間,3818,0,"['田馥甄', '自己的房間']"
130,2018-08-21 19:20:50,"田馥甄 Hebe
#自己的房間 →數位收聽現場錄音單曲〈自己的房間〉
→https://hebetien.lnk.to/Stay

田馥甄首次個人直播  邀請119萬歌迷進入《自己的房間》
直播過程活潑又逗趣  搞笑自稱網美  還自演降下舞台退場
想做泡澡或微醉時的歌  也向Ella喊話生第二胎時要進產房錄製Live Recording歌曲 
被歌迷笑說非常跟不上流行的田馥甄，昨晚(20日)首嚐個人直播初體驗，邀請歌迷進入《自己的房間》，短短半小時吸引了超過119萬歌迷同時在線收看，七萬條留言也讓她看到眼花。歌曲上架半小時，大陸網易雲付費下載次數就已超過5萬次。為了想要好好介紹昨晚十點公開的新歌《自己的房間》，田馥甄提前半小時先上線與歌迷互動，首次直播過程順利，田馥甄侃侃而談新歌的創作理念，結尾時還玩起「人體昇降台」，緩緩躲進沙發椅背，可愛的動作令歌迷捧腹大笑。 
第一次直接跟網友互動，田馥甄大感新奇，直播一開始，只見田馥甄的笑聲及手入鏡，她先秀出她收藏的大象公仔，唱起兒歌《大象》，又開玩笑說：「等我把大象放完，直播就結束囉！」接著再操控歌迷齊按愛心，或按哭臉，六分半後本尊才終於露臉，吊足歌迷胃口。平日比較寡言的她，直播前被歌迷開玩笑「唱衰」會冷場，但她自己倒是不擔心，自信地說：「雖然大家完全不看好我，但今天是聊自己的新單曲，應該不至於詞窮啦。」 談到《自己的房間》這首單曲，田馥甄表示現場錄音是她從很久之前就想做的東西，也希望日後可以發展為「Live in Life」系列，把每一個感動的時刻都透過音樂紀錄下來，「比如說在浴室泡澡的時候可以錄一首跟泡澡有關的歌，或是微醉之後的狂舞，也可以用現場錄音錄製一首微醉狂舞舞曲，內容沒有一定，就看日常給了我什麼靈感。」去年Ella的小孩勁寶誕生過程中，S.H.E三人唱著《美麗新世界》迎接他，田馥甄笑說：「若是等到Ella生下一胎時候，我就會做一首『Live in Life』的歌曲，搭配著檢測儀器的聲音、胎兒的心跳聲，在產房裡錄製。」 目前這個「Live in Life」系列，田馥甄只做好了第一首《自己的房間》，因為房間就是她的出發點，「一路走到不同城市的各種舞台，進了不同的錄音室錄了不同的歌，但最後還是要回到自己的房間去休息、沉澱、再出發。」回想起最初那個愛唱歌的女孩，「自己的房間」就是田馥甄第一個唱歌的地方，面對著梳妝台，放著喜愛的歌，拿著梳子當麥克風，盡情的唱歌。現在她也以《自己的房間》當出發點，未來隨著感覺慢慢走下去，希望「Live in Life」成為一個長遠的計畫。 《自己的房間》由田馥甄自己填詞，她也在直播中分享了她創作的理念，她謙虛地自認創作能力並沒有好到可以放在自己的每個作品裡，但這次既然是想要邀請大家進去她的房間，所以就在歌詞中盡力把自己的心情與心境，如實地表達出來。製作人陳珊妮也是她心中的第一人選，她表示陳珊妮無論在音樂、畫面、美學都有很強的能力，對她也很了解，所以她很信任陳珊妮一定可以將畫面與音樂協調得很好。 「Live in Life」不僅在音樂與歌唱方面強調著「Live(現場)」的魅力，視覺方面，平面攝影師奧山由之採用底片拍攝，田馥甄認為：「底片就很有live的感覺，因為快門按下之後就不能複製第二張，也不能做特別的修改剪貼。」MV導演黃婕妤也將光線、畫面處理得很好。昨天的首次直播，田馥甄表示：「這也是將Live進行到底的概念！」原來之前她曾考慮過各種方式來呈現這支MV，後來想到，既然是Live概念，那就將第一次的Live直播用來介紹這首歌。 
雖然自嘲：「直播已經是大家日常生活都在做事，而我現在直到才是生平第一次。」但直播中的田馥甄不但不如歌迷預設的冷場，反而活潑又逗趣。有歌迷笑稱「沒有冷場，就不是田馥甄」，她反叫歌迷自打耳光：「是我沒錯！你可以自己打自己一巴掌，確認這不是夢，是真的。」」歌迷希望她秀一下身上的洋裝，田馥甄就起身轉圈圈讓裙擺飛舞；工作人員不小心遮住了光線，田馥甄也搞笑表示：「我不需要打光啊，網美都是自帶光芒的。」最後還用綜藝搞笑方式躲進沙發後退場。只是當歌迷敲碗要她天天直播時，田馥甄語帶保留：「不太可能，直播不容易啊！」 #田馥甄 #自己的房間",5703,0,"['田馥甄', '自己的房間']"
131,2018-08-21 15:17:50,"/ 華研國際 / 
#自己的房間 側寫日誌 －－－陳虹任 
01_【前奏】 「音樂觸摸得到嗎？」 雲在動，混雜著街道交通、與路邊背景音。
但那刻，女孩站在醫院產房裡。 
她聽見：陣痛中的吸吐、偵測中的產婦子宮收縮頻、儀器裡的胎兒心跳、眾人為寶寶到來的喊話。還有，她確實用耳朵等待，新生命秘密的第一聲啼哭。
世界，滿溢著聲音。 
渾然未覺中，她唱起〈美麗新世界〉⋯⋯聲線在產房裡，慢慢像波紋擴散，人們隨之和著。眾人的歌，成為獻給出生的童謠⋯⋯。明明是演唱過無數回的歌、明明是舞台上唱過許久的詞，只因祝福小生命，環境聲包圍著合唱，感受起來卻像首截然不同、朝向未來的新歌曲。 
音樂不只是聽覺，肯定是有觸感的吧？
不然，為什麼現場人們都哭了呢？它是怎麼觸動、按摩進每個人的心？ 
女孩想錄下這一切：音樂原本就活在人間吧？
好想去冰川歌唱、好想跟櫻花樹合聲、好想錄下雨中河流滴答.... 好想回到最近的房間、朝未知啟程。 
要離開錄音室、記載音樂裡活生生的視聽，分享生命的此時此地。但如何進行同步錄音、同地攝製MV與平面？ 
無法知曉、有點冒險、要拖些喜歡的人下水；要Live Recording、還要Life Recording！
但幸運的話，活生生的音樂，能被心觸摸。那麼，我們能在音樂裡擁抱吧？ 
02_【開始】 「成為自己的音樂。」 為了讓你暸解、為了將音樂帶來，我必須為你說那天的故事。
那些關於田馥甄這女孩，單曲誕生前的Recording。 
但在故事開始前，我們先倒帶往前，去「見見」音樂。 
從高架橋斜轉進縣道，再彎進小巷，
有個練團室，隱匿在冰冷工業樓層。
有時，這次的單曲音樂，它會待在那裡。 
夜幕時，得忘記外面的星星和月亮，
只因吉他、低音提琴、豎琴、鼓、鋼琴，都會為這首單曲相聚彩排。
偶有鬧哄哄慶生，女孩會興奮唱生日快樂歌；偶有會議，眾人全神聆聽；
更多時間，每個人沈浸在音樂，只為在山壁上的房間錄音拍攝練習。 
每首歌的誕生，並非詞曲達成協議那刻開始。
與製作人相遇、音樂工作者的交會、光影氛圍，都會波動最後成形。 
陳珊妮，是女孩計畫中浮現的第一個名字。
珊妮擅長把合適的星群帶來、讓新的音樂宇宙運轉。
這意味女孩準備走出舒適，奔向不確定、但渴望已久的事情。 「一個人能使自己成為自己，比什麼都重要。」，
寫出《自己的房間》的小說家吳爾芙，曾這麼說。
這也是單曲〈自己的房間〉，對女孩的真正意義。 
成為自己，有時會害怕。女孩卻決定跟隨心，一行人浩浩蕩蕩去發現音樂的新定義。
終有天，人們會發現，有時害怕，和熱愛到顫抖的東西，不會有所差距。 
03_【律動】 「她還不知道。」 「山坡上，
一幢三層樓的家：
玄關上有鼓、鋼琴落在客廳；
下樓：廚房陪伴低音提琴、豎琴望著落地陽台、吉他靠在浴室；
再沿樓梯往下，有女孩歌聲，住在最深的房間。 
製作人陳珊妮、MV導演黃婕妤、平面攝影奧山由之，
〈自己的房間〉同步錄音、同地拍攝MV與單曲封面！」 Live in Life，是她期待已久的分享方式。
錄音室外的聲音，多年來觸動她加入，
她要唱、她不要等。 
有個東西流進心裡冰冷的角落，
女孩起身，帶來的音樂計畫，有從真心滑落而來的歌詞。 
美夢因此擴張，考驗也在膨脹： 
屋外蟬鳴失控，蓋過炙夏，無人能調整牠們竭力的音量；
歌手與音樂工作者，被分隔在不同房間演奏，但音量差異大、鼓聲在樓裡亂竄中；
空間擁擠、攝製器材龐大，導演追得及日落進度嗎？
當天，也是遠從日本來的平面攝影師，初次見面與完成拍攝日⋯⋯ 每個人事物選擇，都有某種我們熱愛的特質；每個特質，總允許、或限制某些事。
這組合意味：感受彼此、邊發現邊成形，是最重要的事。
音樂會像生命般，尋找出自己模樣。
誰知道最後是什麼呢？
她也還不知道，但，Live in Life。 「準備好要錄了嗎？」「好，那我們要開始⋯⋯」 04_【音符】 「心裡的房間。」 田馥甄的房門，被封起來了。 
屋裡，鼓聲比想像大，各種樂器演奏聲，碰到天花板牆壁，會轉彎下樓。
回音亂竄，珊妮為了阻擋，請人搬上厚床墊吸音，封住房門口。 
錄音中，像異星球。
音樂工作者們分隔在不同房間，每人耳裡的無線監聽，成為同步線索。
空氣裡有看不見的通訊波，走動易噪訊，因此除了他們，只保留必要行動。 
封起的門邊，能聽見：
「高高的舞臺下降，脫下了亮麗堂皇⋯⋯」 歌聲，從門縫瀰漫記憶，
有音符訴說： 
許久前，音樂就認識她了；從小，她們玩在一塊。
最初，她讓音樂來自己的房間玩，一個人在梳妝台、在浴室唱歌。
唱著唱到台北、各城市、世界。
那個和音樂真誠當朋友的女孩，也因此，成為我們的朋友。 
幸運的女孩，被寄予厚望。
一直以來，卻只是單純被音樂推著。 
無人知曉，她為音樂，付出無數努力、站上專業舞台。
也為音樂，嚮往著返回日常，與真實的自己待著。
像小時候，在房間對鏡幻想、陶醉歌唱的張牙舞爪、瘋狂快樂。
那是永遠在「心」上，最柔軟也最勇敢的角落。 「有時製作整個皇冠，只是為了放上那顆寶石。」
她說。 
就從她的房間開始吧！有些美好在鑄造，只要耐心守候。
這次，卻",2470,0,['自己的房間']
132,2018-08-21 12:47:54,"/ 華研國際 /
#美圖秀秀 x 田馥甄 #自己的房間 專屬邊框來了 😍 
即日起至8/31，打開 #美圖秀秀 → #美化圖片 → 套用此款 #邊框
貼在本篇留言處 + Hashtag #美圖秀秀 #MeituApp 
就有機會獲得明星本人親簽拍立得！！！ 來玩來玩 😬
✨ 9/3 將公佈5名幸運得獎者 ✨

#田馥甄 
#自己的房間",6511,0,"['美化圖片', '田馥甄', '邊框', 'MeituApp', '美圖秀秀', '自己的房間']"
133,2018-08-20 13:22:58,Tonight 約定走進 #田馥甄 #自己的房間,3721,0,"['田馥甄', '自己的房間']"
134,2018-08-17 23:06:10,"【圖片】[2018.08.17]
田馥甄Hebe跟閻奕格Janice合照

圖文轉自 新浪微博 @阎奕格Janice

#田馥甄",7056,0,['田馥甄']
135,2018-08-16 18:37:37,"田馥甄 Hebe
#自己的房間 
田馥甄的「房間」房門大開  近百工作人員合力完成現場錄音單曲
夥同製作人陳珊妮、導演黃婕妤、跨界音樂人共同打造《自己的房間》 
不僅是現場錄音　更升級為田野錄音　自嘲是愛自找麻煩的神經病 
田馥甄將自己對音樂最初的原點化做音樂，以自己最私密的房間為主題，將在20號數位發行《自己的房間》單曲。她把錄音現場搬到三芝的民宿，連同所有樂手，採用現場錄音(Live Recording)方式錄製。繁複的錄音及多機拍攝過程中，小小的民宿瞬間擠入近百人的工作團隊，讓田馥甄戲稱：「第一次有這麼多的男生進到我的房間！」也因為無論是聽覺、視覺上都耗費心力，田馥甄打趣表示：「我們像是集結了一群愛自找麻煩的神經病，做著很費神、很累人的事。」 近日在社群網站公布了四段「發聲練習」小短片的田馥甄說：「房間是我最自在，也最天馬行空的地方，我跟我自己的房間非常親密。」她在房間裡可能放空、可能自省、可能萌生出各種音樂想法，當然也少不了在房裡做發聲練習。《自己的房間》的構想，也是誕生自她的房間。這首歌不僅採用現場錄音技術，更升級到難度更高的田野錄音(Field Recording)〉等級，同時把歌聲、樂器聲、現場的環境聲收錄到歌曲內，錄製時窗外的蟲鳴鳥叫聲不斷，令她開心不已：「我和蟬一起合唱！」影像部份，MV導演黃婕妤也選了日落時分短暫的「Blue Hour」來拍攝，打造出最適合這首歌的氛圍。 
執行現場錄音是一件充滿各種挑戰的事，首先要將錄音器材及樂器搬進民宿當中架設完畢；空間的不同會造成樂器音場的不同，影響收音效果；而且因為場景安排，每個樂手與歌手都各自被隔開在民宿的不同角落，無法在演唱時彼此透過眼神直接交流，也因此大家在聽覺上更加專注地聆聽著耳機，留意著每個人的呼吸，以及音樂上的細節，真正完全地投入在音樂之中。難度甚高的錄音方式，田馥甄將之交給自己信賴的製作人陳珊妮來處理。 
為了在音樂上呈現這個屬於女孩的房間，陳珊妮為《自己的房間》找來多位跨界的音樂人合作，在編曲和製作時也安排了許多巧思，間奏的地方引用了知名女性鋼琴家克拉拉‧舒曼（Clara Schumann）的鋼琴獨奏曲，改為電吉他彈奏。負責編曲的老師周菲比也是一位知名的女性音樂家。進行現場錄音時，更邀請兩位女性音樂人：爵士鋼琴家李宜玲，和甫入圍金曲最佳新人的蘇珮卿擔任豎琴手加入演出。陳珊妮表示，這是她這兩年來遇過最有趣的製作案，也是她認識田馥甄以來，看到田馥甄最全面參與、投入的一次。 
田馥甄發現，這種現場錄音的感覺跟演唱會相似，「不一樣的環境會激發你的腎上腺素，不一樣的場合會激發出不一樣的唱歌感受。錄音室裡你可以有無限多次的機會，去把作品修整的很完美，但現場錄音時的不完美，也會是另一種很有趣的事情。」她也認為，現場錄音可以提醒大家，很多日常生活中的細碎聲音都是一直存在的，只是你有沒有張開耳朵、打開心去發現，希望大家可以珍惜日常每一個小細節，在這些小細節中找到值得珍惜與有趣的東西。 
除了聲音的錄製，畫面的拍攝也是艱鉅的任務。導演發現現場最美的光線是在日落時的「Blue Hour」，所以只能把握天黑前的短暫時刻拍攝完成。為了搶光並同時把分布在六個不同房間的歌手及樂手拍攝入鏡，導演更出動多機拍攝。籌備及執行過程中的各種困難，一度讓田馥甄猶豫著要不要放棄，但她念頭一轉，又對自己喊話：「如果只是簡單的事，為什麼還要做呢？」最終完成全部工作時，田馥甄樂得形容自己心情開心地像在拉砲一樣。 《自己的房間》是田馥甄把「Live in Life」概念實體化，表達「珍惜日常，面對無常」，並透過音樂進行到底的一份心意，預告片17日中午12點將於田馥甄Facebook官方粉絲頁、Instagram、微博，以及各大合作平台同步播出；完整版《自己的房間》MV公布時間為20日晚間10點，在田馥甄Facebook官方粉絲頁，以及華研國際官方YouTube上線。 
#明天中午１２點預告搶先看
#０８２０２２００ＭＶ上線
#田馥甄",5897,0,"['明天中午１２點預告搶先看', '田馥甄', '０８２０２２００ＭＶ上線', '自己的房間']"
136,2018-08-14 19:09:21,#田馥甄,6150,0,['田馥甄']
137,2018-08-14 00:15:36,#田馥甄 #陳嘉樺 #任家萱 #17,6704,0,"['陳嘉樺', '17', '任家萱', '田馥甄']"
138,2018-08-13 09:42:12,"【我的S.H.E愛歌】人氣票選活動 ★投票時間：8/13 9:11(一) –  8/19 (日) 23:59 ★投票網址：https://goo.gl/nYUd8J (手機也能投票唷) ★投票規則：
✔ 一組email只能投票一次
✔ 一次可投10票
✔ 務必填寫正確聯絡資訊，以免獎品寄送失敗喔 ★ 8/24(五) 公佈人氣歌曲前10名，以及10位幸運得主（S.H.E合體超級珍貴簽名拍立得）★ 現在就開始投票吧！GO !

#田馥甄 #陳嘉樺 #任家萱",1964,0,"['陳嘉樺', '任家萱', '田馥甄']"
139,2018-08-12 13:23:52,⚠️幫忙廣傳🔊🔊🔊 田馥甄 Fb： 🈲❌抵制黃牛！拒買黃牛票！🙅🙅🙅🙅🙅🙅🙅🙅哼！‼️ #田馥甄 #陳嘉樺 #任家萱 #17,6749,44,"['陳嘉樺', '17', '任家萱', '田馥甄']"
140,2018-08-11 23:15:02,"#華研國際音樂公告 [ S.H.E 十七音樂會 ] 
首先感謝粉絲們的熱情支持，[S.H.E 十七音樂會] 今日票券已索取一空，再次聲明本活動採免費索票入場，絕無售票情事。這是一場免費與大家同樂的音樂會，兩廳院藝文廣場上也將架設大型螢幕，供場外歌迷觀賞，9月11日19點30分起，「S.H.E十七音樂會」也將會透過【HIMSHERO YouTube頻道】、【LINE TODAY】、【咪咕音樂】、【騰訊視頻】全程同步直播，各直播平台自8月12日起將陸續公布直播頁面。在此呼籲千萬不要購買來路不明的票劵，以免自身權益受損，若發生活動現場無法入場或是其他問題，主辦單位將保留認定票券合法性之權利。 
今日開放索票完後，隨即發現眾多有心人士在網路上不當兜售票券，為避免一般粉絲的票券遭有心人士利用導致喪失自身權益，在此公告呼籲大家一起守望相助，熱心檢舉！若你發現有任何不法兜售行為，請麻煩主動提供相關資訊（可附截圖）給我們，如經檢舉查實，確立有在公開平台加價哄抬販售之不當意圖，官方將進行公告，並請公告後三天內持有以上公告票券但無做加價售票行為者，親自前往華研國際音樂提供索取票券的帳號及本人身份證明做確認，主辦單位有確認身份之權力，如無法證實票券合法來源，序號將無條件取消入場資格，或三天內沒前來做正當票券之證明，顯已不符售票辦法所載明之索票規則，將依索票規則取消同筆訂單與其他票券。序號票券於另行公告日起即刻取消入場資格。 🚨 敬請大家一起守望相助、熱心檢舉！本次音樂會持續使用不法黃牛檢舉信箱
reporter@him.com.tw 
秉持上述查察原則，華研國際音樂將陸續公布取消入場票券名單，也在此鄭重呼籲各位歌迷不要購買日後公布的票券以及任何來路不明的票券，更不要將「任何」票券相關資訊提供給他人或是上傳至公開平台，以免自身權益受損、甚至導致個人情資外流。 
以下票券經檢舉查核，確實有在公開平台加價哄抬販售之不當意圖，顯已不符售票辦法所載明之購票規則，將依購票規則取消同筆訂單其他票券。下列票券於公告日起即刻取消入場資格。
----------
粉絲舉證成功的加價票券座位如下（將持續依序更新）： B區 序號2854 ⚠ 請公告後三天內持有以上公告票券但無做加價售票行為者，請依上述方式前來華研國際音樂証明持有票券的正當性，如無法證明或是超過三天限期，持有以上票券者活動當天將不得進場。

#田馥甄 #陳嘉樺 #任家萱",2786,0,"['陳嘉樺', '任家萱', '田馥甄', '華研國際音樂公告']"
141,2018-08-11 22:32:24,#田馥甄,3583,0,['田馥甄']
142,2018-08-11 17:37:22,"㊉華研國際㊆ 
瘋搶「S.H.E十七音樂會」門票  12000張票1分鐘秒殺一空
各地向隅歌迷別擔心  四家直播平台911當晚同步直播  現場大螢幕同時播放
三人合體拍音樂會視覺照  坐高台心驚膽顫  互相保護彼此  情誼感人
「我的S.H.E愛歌」人氣票選活動14日開跑  S.H.E率先分享心中遺珠歌曲 
S.H.E久違合體的「S.H.E十七音樂會」今天(8月11日)早上九點開放免費索票，短短1分鐘內一萬兩千張門票索取一空，捷報傳來，Ella很興奮地感謝大家，Selina感動地說：「我相信大家愛S.H.E，就跟我們愛S.H.E是一樣的多，17年走來，心情還是覺得非常感恩，感謝大家一路以來這麼喜歡我們！」Hebe在謝謝歌迷的支持之外，也開心地表示：「太期待911那天了！」迫不及待地想把「S.H.E十七音樂會」呈現在歌迷面前。同時S.H.E也呼籲歌迷，這是一場免費與大家同樂的的音樂會，可以線上直播收看，廣場上也會架設大型螢幕轉播舞台畫面，請歌迷千萬不要購買黃牛票。 
日前三人齊聚一堂拍攝「S.H.E十七音樂會」視覺照片，天氣非常悶熱，穿著白色洋裝的她們，衣服差點被汗濕透，中途還遇上暴雨停工，但絲毫沒有影響到三姐妹一起開工的好心情，三人嘻嘻鬧鬧，氣氛歡樂，Selina甜笑：「跟姐妹一起工作，熟悉的感覺又回來了！」此次場景選在一間小學操場上拍攝，S.H.E站在跑道上，如同象徵著在人生的道路上，自己在跟自己賽跑，Ella有感而發：「我們都在跑道上一起努力往前進，非常開心這次的拍攝呈現出了我們現階段的狀態。」 另一個場景是讓S.H.E坐在頂樓的高台上拍攝，Selina表示，雖然周圍很安全，不會有掉下樓的危險，但整體高度還是很高，坐在高台上往下看依舊會感到緊張。愛護姐妹的Hebe往台上爬的時候，心裡只擔心著Selina和Ella坐在台邊危險，卻完全忘記自己是三人當中最畏高的，竟一馬當先就往台邊衝，想搶坐最旁邊的位置，結果才一站高台就當場嚇到腿軟，Ella見狀趕緊一把把Hebe拉回來，讓她坐在兩人中間減輕恐懼，好姐妹想保護彼此的心意令人感動。Selina雖然不如Hebe那麼懼高，但從樓梯走下來時，還是忍不住撒嬌似地嚷著「好高、好可怕」，逗得Hebe和Ella哈哈大笑。 
除了拍攝演唱會視覺照，在準備歌單方面，S.H.E也傷透了腦筋，因為希望可以滿足更多歌迷的心願，所以從14日起將在S.H.E的Facebook官方粉絲頁舉辦「我的S.H.E愛歌」人氣票選活動，歡迎歌迷提供最愛歌曲，票選結果將有可能在「S.H.E十七音樂會」上聽見。三人先分享了各自心中很少演唱到的遺珠歌曲，Hebe笑稱自己完全忘記《鬥牛士之歌》是什麼歌，直到播放出來才想起這首曲風很好玩很特別的歌曲。Selina推薦了老歌翻唱的《夢田》，認為她們有把這首歌唱出屬於S.H.E的樣子，也希望透過這首歌鼓勵大家努力追夢。Ella則是想起由她們三位首次擔任配唱製作人的《神槍手》，因為聽這首歌就可以讓歌迷感受到S.H.E私底下瘋瘋癲癲的樣子。 
許久未舉辦大型演唱活動，S.H.E很重視這場「S.H.E十七音樂會」，為了保障歌迷的入場機會，索票頁面上也設計了問答題，要依序排出S.H.E出道17年來舉辦過的巡迴演唱會名稱，答案正確才能進入索票流程。基於安全考量，音樂會範圍內僅能容納1萬2千名歌迷，Selina安慰向隅的歌迷：「沒搶到票也不用擔心！我們還有直播，天涯海角都可以一起慶生喔！」S.H.E宣布，9月11日19點30分起，「S.H.E十七音樂會」將會透過【HIMSHERO YouTube頻道】、【LINE TODAY】、【咪咕音樂】、【騰訊視頻】全程同步直播，各直播平台自8月12日起將陸續公布直播頁面。同時兩廳院藝文廣場上也將架設數面大型螢幕，供場外歌迷觀賞。

#田馥甄 #陳嘉樺 #任家萱",7571,0,"['陳嘉樺', '任家萱', '田馥甄']"
143,2018-08-11 09:46:53,"㊉ 華研國際 ㊆
感謝鐵粉熱烈支持！
[S.H.E 十七音樂會] 票券已索取一空，如有未完成索取之票券，拓元預計13:00重新開放索票！ ⚠ 大家務必在一小時內取票，超過時間系統會自動取消！
⚠ 請勿購買來路不明的票券，不要跟黃牛當好朋友！現場有大螢幕還有網路直播！！！ （小編要去吃🍔了）

#田馥甄 #陳嘉樺 #任家萱 #17",3916,0,"['陳嘉樺', '17', '任家萱', '田馥甄']"
144,2018-08-10 15:31:03,#田馥甄,2358,0,['田馥甄']
145,2018-08-10 08:55:44,#田馥甄,3701,0,['田馥甄']
146,2018-08-09 23:32:08,#田馥甄  WENDYZ by FANG,8959,0,['田馥甄']
147,2018-08-09 17:13:58,"㊉ 華研國際 ㊆
大家期待以久的索票頁面上線囉！
https://tixcraft.com/activity/detail/18_SHE
本周六8/11早上9:00準時開放索取，期待大家一同來歡慶S.H.E 十七週年生日～
－－－
☘【S.H.E 十七音樂會】💎
活動日期：2018/09/11（二）
15:00 開始整隊｜16:00 開放進場
19:30 節目開始｜21:30 節目結束 
活動地點：兩廳院藝文廣場（台北市中山南路21-1號）
索票系統：拓元售票系統（無售票，採免費索票入場）
索票時間：2018/08/11（六）AM09:00
主辦單位：華研國際音樂
製作單位：必應創造
－－－
⚠ 相信大家已熟知這次十七音樂會的索票辦法，但小編還是要再次叮嚀： 
1. 此次音樂會採【免費索票】入場，千萬不要購買來路不明的票券，以免自身權益受損，還讓不法黃牛有利可圖。 
2. 不論新舊會員，皆需進行【會員整合及驗證作業】，驗證通過24小時後，才可開始索票，未完成驗證者，是無法索票的呦！ 
3. 此次索票將會有【S.H.E專屬問答題】，需答對才可以進入索票步驟。 
4. 單筆訂單限索取2張，每帳號限索取2張，數量有限索完為止。索票完成後需在一小時內至【ibon取票】，並且支付$30元超商手續費。 
5. 一人一票，憑票【依序號入場】，小孩也需要有票喔。 
6. 活動當日下午15:00整隊 / 16:00進場 / 19:30節目開始。這次入場採「入場序號」整隊進場，在此呼籲千萬不要夜排，以免發生危險。 
7. 請勿利用私人物品佔據任何座位及空間，主辦單位每日施工前後及當天整隊前將會進行清場，如損壞或遺失概不負責。 
8. 沒搶到票的粉絲也別擔心，現場會有多個大螢幕可觀賞，並與多個【直播】平台合作，都可一同歡慶SHE的生日～ 
更多詳情請至拓元售票系統
https://tixcraft.com/activity/detail/18_SHE
（18是指2018，S.H.E今年才17歲呢 👶） #田馥甄 #陳嘉樺 #任家萱 
#Hebe #Ella #Selina",3261,0,"['田馥甄', '陳嘉樺', 'Selina', '任家萱', 'Ella', 'Hebe']"
148,2018-08-08 16:17:37,#田馥甄,2985,0,['田馥甄']
149,2018-08-07 20:17:48,"/ 華研國際 /
來，小編幫大家畫重點🤓 
１　Live Recording
２　詞－田馥甄／製作人－陳珊妮
３　8/20 數位單曲上架 
#LiveinLife
#自己的房間
#田馥甄",6089,0,"['田馥甄', 'LiveinLife', '自己的房間']"
150,2018-08-06 18:08:25,#田馥甄 #陳嘉樺 #任家萱,5899,11,"['陳嘉樺', '任家萱', '田馥甄']"
151,2018-08-06 15:17:27,"甄可愛 #田馥甄 /華研國際/
小編偷拍姐自拍again🙊
想看姐拍了什麼嗎？
只有IG才有喔😉
https://www.instagram.com/hebe_tien_0330",5820,0,['田馥甄']
152,2018-08-05 23:04:24,#田馥甄 photo by 蘇大樹,8215,0,['田馥甄']
153,2018-08-04 17:51:24,#田馥甄,4438,0,['田馥甄']
154,2018-08-04 15:59:11,#田馥甄 by Smile石麥爾,7472,0,['田馥甄']
155,2018-08-03 23:51:13,"一起走過17年
甄不容易啊～～～ #17
#終於思念的人相聚 
#田馥甄 #陳嘉樺 #任家萱 
@hebe_tien_0330 
@him_ella0618 
@selinanahaha",3336,0,"['田馥甄', '陳嘉樺', '17', '終於思念的人相聚', '任家萱']"
156,2018-08-03 17:34:42,17歲的三位☘️ #田馥甄 #陳嘉樺 #任家萱,11487,0,"['陳嘉樺', '任家萱', '田馥甄']"
157,2018-08-03 17:25:02,"#田馥甄 #陳嘉樺 #任家萱 
@hebe_tien_0330 @him_ella0618 @selinanahaha",27439,12,"['陳嘉樺', '任家萱', '田馥甄']"
158,2018-08-02 22:58:33,"#田馥甄 
圖片轉自 新浪微博 @JoMaloneLondon祖玛珑",6341,0,['田馥甄']
159,2018-08-02 21:51:57,"#田馥甄 <最暖的憂傷>MV女主角姚愛寗合照 
圖片轉自 Instagram ipipy20000",6816,0,['田馥甄']
160,2018-08-01 13:49:28,"#田馥甄 #陳嘉樺 #任家萱 
#hebe #ella #selina",2840,0,"['田馥甄', '陳嘉樺', 'selina', '任家萱', 'hebe', 'ella']"
161,2018-07-31 11:39:37,#田馥甄,3096,0,['田馥甄']
162,2018-07-30 15:19:17,"星期一！
一起替自己加油！
我先登機囉！ (不能把這瘋婆子放出自己的房間啊啊啊啊！） #自己的房間
#liveinlife
#ilovemyjob
#彈跳力的部分
By @hebe_tien_0330 #田馥甄",10040,0,"['田馥甄', 'ilovemyjob', '彈跳力的部分', 'liveinlife', '自己的房間']"
163,2018-07-30 00:18:36,#田馥甄 by @hebe_tien_0330,7576,0,['田馥甄']
164,2018-07-30 00:06:20,"房間有嘻哈，but 馥甄有夠不嘻哈。
#只會嘻嘻哈哈
#自己的房間 
#liveinlife 
#hebe 
#田馥甄 
#嘻哈 
#晚安
by @hebe_tien_0330",4875,0,"['田馥甄', '晚安', '只會嘻嘻哈哈', '嘻哈', 'liveinlife', 'hebe', '自己的房間']"
165,2018-07-28 23:35:02,#田馥甄,3365,0,['田馥甄']
166,2018-07-28 22:59:04,#田馥甄,1794,0,['田馥甄']
167,2018-07-27 18:38:45,"被雨水洗過的城市好乾淨喔，但我還是只想待在自己的房間。
#自己的房間
#liveinlife 
#外面的世界過熱

#田馥甄",5755,0,"['liveinlife', '外面的世界過熱', '田馥甄', '自己的房間']"
168,2018-07-27 00:12:48,"從自己的房間飛向月球睡一個好覺
#自己的房間  #liveinlife  #晚安
#田馥甄",4861,0,"['liveinlife', '晚安', '田馥甄', '自己的房間']"
169,2018-07-26 17:10:07,🚌#田馥甄,5067,0,['田馥甄']
170,2018-07-26 08:53:54,"#田馥甄 
圖片轉自 活力DJ阿娟",6128,0,['田馥甄']
171,2018-07-25 14:08:38,"平常像貓一樣怕生，看到草地狗性又藏不住。﻿
﻿
#赤腳﻿
#放飛自我﻿
#旋轉跳躍我髮遮眼﻿
#論與拍攝者之間默契重要性﻿
#只有1%的默契﻿
#囧照特輯

#田馥甄",6671,0,"['田馥甄', '旋轉跳躍我髮遮眼', '只有1', '赤腳', '論與拍攝者之間默契重要性', '放飛自我', '囧照特輯']"
172,2018-07-25 09:43:29,#田馥甄,7890,23,['田馥甄']
173,2018-07-24 15:53:16,"/華研國際/
姐居然又發IG了！？難不成網癮少女要回歸了嗎？（興奮
-
#想看本人嗎
#快來追IG
@hebe_tien_0330

#田馥甄",3538,0,"['快來追IG', '田馥甄', '想看本人嗎']"
174,2018-07-24 15:50:32,"自己的房間自己芬芳﻿
﻿
#JoMalone ﻿
#自己的房間﻿
#liveinlife ﻿
#有在認真努力已經就是冠軍﻿
#亡美之路﻿
#漫長綻放亦或曇花一現﻿
#讓我們繼續看下去

by ig #田馥甄",8481,0,"['讓我們繼續看下去', '田馥甄', '漫長綻放亦或曇花一現', 'JoMalone', 'liveinlife', '有在認真努力已經就是冠軍', '亡美之路', '自己的房間']"
175,2018-07-24 13:35:54,#田馥甄,4320,0,['田馥甄']
176,2018-07-24 11:53:23,"#田馥甄 
照片by  @starlett_the_westie",9369,0,['田馥甄']
177,2018-07-23 22:53:37,"❤️❤️❤️
#田馥甄 #陳嘉樺 #任家萱 
@hebe_tien_0330 
@him_ella0618 
@selinanahaha",7510,0,"['陳嘉樺', '任家萱', '田馥甄']"
178,2018-07-23 17:14:56,#田馥甄,6611,0,['田馥甄']
179,2018-07-23 17:01:46,❤️❤️❤️👸🏻👸🏻👸🏻#田馥甄,13859,0,['田馥甄']
180,2018-07-23 12:29:59,"/華研國際/
姐在自拍，說要Po在IG上。
啊啊啊！！！阿姐終於開IG了，還不快follow！ 
IG @hebe_tien_0330

#田馥甄",10182,0,['田馥甄']
181,2018-07-23 12:02:52,#田馥甄,3294,0,['田馥甄']
182,2018-07-23 10:51:03,#田馥甄,5597,0,['田馥甄']
183,2018-07-17 22:03:59,#田馥甄,5645,0,['田馥甄']
184,2018-07-15 19:27:19,"南京出發，前往徐州，光是走到月台，妝就融化了，人也瘋了。

#來去一陣瘋
#田馥甄",13571,0,"['田馥甄', '來去一陣瘋']"
185,2018-07-03 13:33:24,#田馥甄,3670,0,['田馥甄']
186,2018-07-02 17:28:38,"／華研國際／ 
美！美！美！
大家都用過「 OPPO 的 AI 美顏相機」了嗎？
真的超級好用的！ 
來～趕快來分享一下你用「 OPPO AI美顏相機」所拍的照片吧！📷✨ #OPPOF7 #Capturetherealyou

#田馥甄",6873,0,"['OPPOF7', 'Capturetherealyou', '田馥甄']"
187,2018-06-30 18:14:13,"炎炎夏日，戶外日曬，室內空調讓肌膚乾燥。

長途飛行，來回不同時區，穿梭不同城市，停留在不同緯度，濕度與溫度的變化讓肌膚敏感。

但我不怕！！！ 因為我有Freeplus！

水水們一定都知道肌膚保養的基礎不外乎清潔、保濕、防曬。

但Freeplus的零添加低刺激配方
無酒精
無香料、色素
無Paraben防腐劑
讓敏弱肌更放心。

長途飛行用化妝水濕敷後，塗上厚厚的保濕修復潤膚乳，睡一覺醒來，膚況我自己不好多說，讓照片說話。

#我的零添加命定保養 Freeplus Taiwan 
#Freeplus芙莉思屈臣氏獨家販售

#我知道第一屆眼球靈活大賽結果還沒發佈

#據說主辦單位評審很忙每次收工看參賽者投稿內容看到一半就睡著了

#評審之路走的很坎坷

#週末愉快

#想念大家

#田馥甄",14020,0,"['想念大家', '我知道第一屆眼球靈活大賽結果還沒發佈', '我的零添加命定保養', '田馥甄', '週末愉快', 'Freeplus芙莉思屈臣氏獨家販售', '據說主辦單位評審很忙每次收工看參賽者投稿內容看到一半就睡著了', '評審之路走的很坎坷']"
188,2018-06-18 16:16:40,"今年的生日驚喜被我自己給破梗，原來老公就打算給我驚喜，但沒想到我以為要工作，就在快要跟老公發脾氣的時候，老公就招認了😌

雖然被我破梗，但我還是很開心，因為我最愛的家人朋友都來陪伴我

吹蠟燭前，我感性的跟大家告白，因為這陣子看了好多令人心碎的新聞，讓我有一晚傷心的睡不著，哭著跟老公說，勁寶是我活下去唯一的理由，老公就覺得我很誇張🤪🤪 但今天，我找到人生的可以繼續活下去的意義，那就是「愛」，因為愛是如此巨大的力量，所以我將我的生日祝福送給大家，希望大家可以懷抱著充滿愛的心，懷抱這個世界，謝謝你們，我愛你們❤️❤️❤️❤️ #田馥甄 #陳嘉樺 #任家萱 #勁寶",25682,0,"['陳嘉樺', '勁寶', '任家萱', '田馥甄']"
189,2018-06-15 14:56:05,"/ 華研國際 / [微笑]- 你會彈琴嗎？
😮- 不會啊。
[害羞]- 那你是怎麼撥動我的心弦的? 
其實青春和音樂，都有自己的旋律，高聲唱出，就能夠釋放美麗。

心相印紙尚青春音樂匯總決賽就要來了！
就在6月16日，廣州天河體育中心體育館

伴著夏天的旋律，讓我們來一場熱情的相遇，一起尋找剛好Voice~

@心相印 
#心相印#  #土味情話
#田馥甄",3307,0,"['心相印', '土味情話', '田馥甄']"
190,2018-06-13 21:14:35,"我都用OPPOR15內建AI智慧自拍貼紙練眼球！

誰能比我靈活比我強？
誰能兩個眼球左右分開打趴我？

留言放上動態影片或Po文tag我&OPPO，有獎！

#這真的不是業配文
#純粹是我個人太想贏了自己舉辦的比賽
#自己辦活動自己當評審
#有這種藝人？
#OPPO
#OPPOR15
#AI智慧自拍
#田馥甄",9200,0,"['純粹是我個人太想贏了自己舉辦的比賽', '田馥甄', 'OPPO', '自己辦活動自己當評審', '有這種藝人', 'AI智慧自拍', '這真的不是業配文', 'OPPOR15']"
191,2018-06-08 22:19:58,#田馥甄,7807,0,['田馥甄']
192,2018-06-07 14:32:01,"圖片轉自 新浪微博 @MrQ强先生

#田馥甄",5355,0,['田馥甄']
193,2018-06-05 21:22:25,#田馥甄 #吳青峰,5528,15,"['吳青峰', '田馥甄']"
194,2018-06-05 17:47:26,#田馥甄 #吳青峰,8199,0,"['吳青峰', '田馥甄']"
195,2018-06-04 21:10:20,"愛妮青峰

#愛你們
#謝謝HitFm

#田馥甄 #吳青峰",9036,0,"['吳青峰', '田馥甄', '謝謝HitFm', '愛你們']"
196,2018-06-04 10:04:33,#田馥甄 #王大陸,13658,0,"['王大陸', '田馥甄']"
197,2018-06-03 23:17:25,#田馥甄 #吳青峰,7598,0,"['吳青峰', '田馥甄']"
198,2018-06-01 22:33:14,#田馥甄,15369,151,['田馥甄']
199,2018-06-01 22:29:41,#田馥甄,5544,0,['田馥甄']
200,2018-05-30 13:35:30,#田馥甄 #吳青峰,7324,0,"['吳青峰', '田馥甄']"
201,2018-05-30 00:28:25,"天上峰甄在天上飛
地上人兒在地上追
你若擔心你不能飛
你有 HIT FM ~

吳青峰 
Hit FM聯播網

啊啊啊

#好緊張很期待到語無倫次怎麼辦
#無語倫比得美麗
#2018hito流行音樂頒獎典禮

#田馥甄 #吳青峰",9874,0,"['田馥甄', '2018hito流行音樂頒獎典禮', '無語倫比得美麗', '吳青峰', '好緊張很期待到語無倫次怎麼辦']"
202,2018-05-25 13:33:24,#田馥甄,3732,0,['田馥甄']
203,2018-05-22 16:08:24,"好像有點成功耶~
你們覺得呢？

#走火入魔##土味情话##努力不懈##燃燒吧#田馥甄",4806,0,"['田馥甄', '燃燒吧', '走火入魔', '土味情话', '努力不懈']"
204,2018-05-22 10:46:00,#田馥甄,3504,0,['田馥甄']
205,2018-05-21 12:07:56,"／華研國際／ ！來送大家去HITO啦！
《2018 hito流行音樂獎頒獎典禮》即將於 6/3 號在台北小巨蛋舉行囉～
感謝 OPPO 與 Hit FM聯播網 大力支持好音樂，你們想去現場聽馥甄唱什麼呢？ 【索票方法】
❍ 即日起至5/23(三) 將你身邊的田馥甄 ” 燈牌或應援物照片 ” ， 留言至此贈票貼文下方，即完成抽獎報名步驟，將有機會獲得《入場券1張》（票量有限贈完為止）！ ❍ 5/25(五)下午7點前收到臉書私訊的朋友，表示您已幸運抽中入場券囉！請依照下方領票方式前往領取票券，逾時不候。 ❍ 貼心小提醒：活動期間請留意私訊的「其他」收件夾，以免錯過中獎通知唷。 【領票方式】
✔ 先回覆管理員私訊 (重要!)
✔ 領票時間：5/28-6/1 上午10:00 – 下午18:00 (逾時不候)
✔ 領票地點：華研國際音樂櫃檯
（台北市中山區建國北路二段135號4樓）
✔ 領票時需出示相關應援物。 
拿到入場券的朋友們當天一定要「帶著燈牌」去現場給田馥甄最大的歡呼與掌聲，6/3一起high翻天吧！！ #田馥甄",4215,0,['田馥甄']
206,2018-05-20 23:10:30,"我好慘

#失敗為成功之母
#越挫越勇

#田馥甄",6911,0,"['越挫越勇', '失敗為成功之母', '田馥甄']"
207,2018-05-15 23:23:01,#田馥甄,7077,0,['田馥甄']
208,2018-05-13 19:01:25,"一個96歲的人邀請我擺這Pose拍照，也太可愛了吧！

祝福天下的媽媽們~母親節快樂！

#母親節與把我母親帶來這世上的人吃吃飯

#外公你到底去哪學的啦

#母親節

#田馥甄",12796,0,"['外公你到底去哪學的啦', '田馥甄', '母親節', '母親節與把我母親帶來這世上的人吃吃飯']"
209,2018-05-07 21:46:40,"期待
田馥甄Hebe x 吳青峰首度攜手合作

獻給2018 hito流行音樂獎頒獎典

#田馥甄 #吳青峰",7129,0,"['吳青峰', '田馥甄']"
210,2018-05-03 00:31:21,#田馥甄 x milk,6110,0,['田馥甄']
211,2018-04-30 14:58:24,"母親節要到囉！

大家動起來！

訂餐廳、訂花、訂禮物、訂下自己與家人的時間，好好感謝你生命中最偉大的女人。

#這款粉嫩輕巧易好好配戴好適合全年無休做家事的媽媽們
#我真是大逆不道
#好欠揍又好實際
#哈哈愛鬧
#母親節
#田媽我愛你

#田馥甄",2361,0,"['哈哈愛鬧', '田馥甄', '這款粉嫩輕巧易好好配戴好適合全年無休做家事的媽媽們', '好欠揍又好實際', '我真是大逆不道', '田媽我愛你', '母親節']"
212,2018-04-28 05:26:05,"好會喔
轉自 趙元同Tony微博
#田馥甄
#陳嘉樺",7475,0,"['陳嘉樺', '田馥甄']"
213,2018-04-28 05:25:03,#田馥甄,3796,0,['田馥甄']
214,2018-04-27 14:45:45,#田馥甄 #微醉,3695,0,"['微醉', '田馥甄']"
215,2018-04-26 13:57:56,#田馥甄,5853,16,['田馥甄']
216,2018-04-26 00:25:12,#田馥甄 #微醉,3297,0,"['微醉', '田馥甄']"
217,2018-04-24 15:45:07,"#田馥甄

很開心這次能和一樣是330生的梵谷合作！
（好啦我有妄想症 ）

很開心跟很專業的Zine Mag團隊合作！
謝謝你們讓我掉入了梵谷的異想世界。
好好玩！❤💯❤ 來吧！
來被照片炸一波吧！

Photography #zhonglin
Stylist #yiiooi

PRESENTED / KIZ CHIANG
PHOTOGRAPHY / ZHONG LIN
STYLING / YII OOI
HAIR / JOHNNY HO
MAKE UP / QUEENA
PRODUCTION / YU WANG
PRODUCTION ASSISTANT / KIM HUNG",3692,0,"['zhonglin', 'yiiooi', '田馥甄']"
218,2018-04-24 15:03:34,"#田馥甄

很開心這次能和一樣是330生的梵谷合作！
（好啦我有妄想症 ）

很開心跟很專業的Zine Mag團隊合作！
謝謝你們讓我掉入了梵谷的異想世界。
好好玩！❤💯❤ 來吧！
來被照片炸一波吧！

Photography #zhonglin
Stylist #yiiooi

PRESENTED / KIZ CHIANG
PHOTOGRAPHY / ZHONG LIN
STYLING / YII OOI
HAIR / JOHNNY HO
MAKE UP / QUEENA
PRODUCTION / YU WANG
PRODUCTION ASSISTANT / KIM HUNG",4871,0,"['zhonglin', 'yiiooi', '田馥甄']"
219,2018-04-21 18:25:13,"在為#草莓音乐节# 練團！
圖一有像，可愛！
圖二有亮點，糗！
4/29北京見！ ​

#田馥甄",5201,0,"['田馥甄', '草莓音乐节']"
220,2018-04-21 03:26:33,#田馥甄,6657,0,['田馥甄']
221,2018-04-20 15:06:53,"#田馥甄

圖片轉自 Instagram yangtengchi",4938,0,['田馥甄']
222,2018-04-20 13:29:37,"謝謝馬來西亞華研同事們像家人一般的熱情招待。
肚飽飽，心暖暖。
下次見囉！
👋✋👋✋👋✋😀
#紅蝦榴槤
#山竹
#新峰肉骨茶
#黃亞華烤雞翅
#太好吃了啦啦啦啦

#田馥甄",13259,0,"['新峰肉骨茶', '田馥甄', '紅蝦榴槤', '山竹', '太好吃了啦啦啦啦', '黃亞華烤雞翅']"
223,2018-04-19 20:09:47,"好久不見！馬來西亞~

太想念你們了！！ 謝謝馬來西亞OPPO讓我有機會透過F7與你們相會！

雖然時間短暫，但好開心見到你們。

#OppoF7
#內建智慧美艷功能跟Stiker都讓人年輕10歲啊
#馬來西亞
#想念啊
#最棒的拍照手機
#最暖的憂傷
#打歌的部分
#哈哈

#田馥甄",5831,0,"['打歌的部分', '田馥甄', '哈哈', 'OppoF7', '最棒的拍照手機', '馬來西亞', '內建智慧美艷功能跟Stiker都讓人年輕10歲啊', '想念啊', '最暖的憂傷']"
224,2018-04-19 12:15:06,#田馥甄,3691,0,['田馥甄']
225,2018-04-18 22:16:19,milk x hebe #田馥甄,2864,0,['田馥甄']
226,2018-04-18 22:15:52,#田馥甄,2933,0,['田馥甄']
227,2018-04-18 11:45:05,#田馥甄,4653,0,['田馥甄']
228,2018-04-18 09:41:09,#田馥甄,4224,0,['田馥甄']
229,2018-04-17 19:38:30,#田馥甄,2663,0,['田馥甄']
230,2018-04-17 16:47:26,#田馥甄,5673,0,['田馥甄']
231,2018-04-17 11:02:17,"#田馥甄 
圖片轉自 instagram fishleong616",7650,0,['田馥甄']
232,2018-04-17 10:27:43,"#田馥甄 #陳嘉樺 #任家萱
轉自fb",6071,0,"['陳嘉樺', '任家萱', '田馥甄']"
233,2018-04-17 09:46:18,"#田馥甄 #陳嘉樺 #任家萱 
by黑人陳建洲",15056,0,"['陳嘉樺', '任家萱', '田馥甄']"
234,2018-04-16 22:36:49,#田馥甄 #陳嘉樺 #任家萱,11839,0,"['陳嘉樺', '任家萱', '田馥甄']"
235,2018-04-16 19:15:35,#田馥甄,5918,0,['田馥甄']
236,2018-04-14 17:49:46,#田馥甄,5063,0,['田馥甄']
237,2018-04-11 12:51:23,#田馥甄,3433,0,['田馥甄']
238,2018-04-09 16:42:03,#田馥甄,2823,0,['田馥甄']
239,2018-04-06 20:27:11,#田馥甄,3443,0,['田馥甄']
240,2018-03-31 09:07:36,"庸庸碌碌、淅瀝呼嚕地一轉眼就又長了一歲。

長細紋、長體脂，就是沒什麼長進。

這樣苟且地活著，還能被包容、被愛著，
真的要邊偷笑邊感謝。

謝謝生命中的各位！

鞠躬🙇

#感謝天感謝地感謝手機內建自拍美顏
#OPPO
#敬35

#田馥甄 #陳嘉樺 #任家萱",15741,0,"['田馥甄', 'OPPO', '陳嘉樺', '感謝天感謝地感謝手機內建自拍美顏', '任家萱', '敬35']"
241,2018-03-30 01:10:31,"陳嘉樺：
祝福也是白羊座的甄甄阿姨生日快樂🤤🤤 #媽媽知道放勁寶照片阿姨會很快樂🤪🤪
#我會催眠勁寶學會叫甄甄阿姨和娜娜阿姨
#我的好姐妹我永遠愛你喔❤️❤️
#田馥甄 #Hebe",7444,0,"['田馥甄', '我會催眠勁寶學會叫甄甄阿姨和娜娜阿姨', '❤️', '媽媽知道放勁寶照片阿姨會很快樂', 'Hebe']"
242,2018-03-29 20:37:49,#田馥甄 #愛了很久的朋友,7198,0,"['愛了很久的朋友', '田馥甄']"
243,2018-03-25 11:18:18,#喜憨兒公益活動 #田馥甄 #Hebe,4504,0,"['田馥甄', '喜憨兒公益活動', 'Hebe']"
244,2018-02-25 21:50:08,#田馥甄  by Olga_dd ​​​,3374,0,['田馥甄']
245,2018-02-25 19:34:28,#田馥甄 photo by Olga_dd ​​​,10301,0,['田馥甄']
246,2018-02-25 00:43:40,#田馥甄 by曦季风,6914,0,['田馥甄']
247,2018-02-16 22:39:02,#田馥甄,2151,0,['田馥甄']
248,2018-02-14 14:32:13,#田馥甄,2179,0,['田馥甄']
249,2018-02-14 11:06:24,#田馥甄,3761,0,['田馥甄']
250,2018-02-13 20:55:54,#田馥甄,2592,0,['田馥甄']
251,2018-02-13 17:57:25,#田馥甄,5262,0,['田馥甄']
252,2018-02-07 00:55:22,"#田馥甄 
平安🙏🏻",7615,0,['田馥甄']
253,2018-02-05 15:46:54,#田馥甄,2827,0,['田馥甄']
254,2018-01-30 21:10:33,#田馥甄,3088,0,['田馥甄']
255,2018-01-26 18:47:41,#田馥甄,2686,0,['田馥甄']
256,2018-01-25 18:30:06,"Double Date!
😆😆😆 #田馥甄 #任家萱",5858,90,"['任家萱', '田馥甄']"
257,2018-01-25 00:30:52,"今天公司尾牙的dress code是紅色，謝謝代言廠商們讓我喝的、用的、戴的，都紅吱吱。

#最佳代言人
#自己說勒
#OPPO
#R11s
#微醉
#CITIZEN
#Pandora 
#帝康
#唐綺陽2018
#華研尾牙
#豐收

很開心收到唐綺陽占星幫老師2018星座運勢大解析。
願我們在這求生、突圍之年，都能拿出勇氣做更好的自己。

晚安！
#田馥甄",10318,0,"['田馥甄', 'OPPO', 'R11s', 'Pandora', '豐收', 'CITIZEN', '華研尾牙', '微醉', '帝康', '唐綺陽2018', '最佳代言人', '自己說勒']"
258,2018-01-24 23:16:42,#田馥甄 #任家萱,5019,0,"['任家萱', '田馥甄']"
259,2018-01-24 23:15:05,#田馥甄 #任家萱,9954,0,"['任家萱', '田馥甄']"
260,2018-01-24 16:26:50,#田馥甄,3082,0,['田馥甄']
261,2018-01-24 15:01:11,#田馥甄,3519,0,['田馥甄']
262,2018-01-21 00:05:43,#田馥甄,7146,0,['田馥甄']
263,2018-01-09 20:36:41,#田馥甄,3992,29,['田馥甄']
264,2018-01-02 13:47:50,#田馥甄,3241,25,['田馥甄']
265,2018-01-01 12:40:01,"[2018.01.01]
田馥甄Hebe跨年險跌倒
心有餘悸「一世紀」 
田馥甄以一襲蘋果綠長洋裝登台，
充滿春意盎然的粉嫩色系
令人眼睛一亮，她笑說：
「希望所有2017年的不如意，
都用《不醉不會》的精神，
像喝醉一樣全部忘記，
2018年，希望我的歌聲
可以帶給大家更多《小幸運》！」 田馥甄不慎被地上的障礙物絆到，
驚叫了一聲，幸好
她立刻穩住身子沒有跌倒，
但田馥甄仍心有餘悸表示：
「絆到的那一刻，
雙腳離地如同騰空飛起來，
雖然只有短短一秒鐘，
卻彷彿在空中停留了
一世紀那麼久，
腳很痛，心也很驚！」 #田馥甄",6572,46,['田馥甄']
266,2018-01-01 12:35:32,"謝謝每一次能夠拿起麥克風唱歌的機會。

馥甄~2018請加油！

大家新年快樂啊！！！ #Vikagazinskaya

#田馥甄",9856,72,"['田馥甄', 'Vikagazinskaya']"
267,2017-12-31 14:29:16,"轉眼就要2018，又要長大了一歲了。

很感謝大家豐富了S. H. E的青春。

你已成為想成為的那個大人了嗎？

時間如此公平，雖然誰都留不住青春，但我們還是可以留住「你曾是少年」的熱血初衷，繼續朝理想前進。 
帶著昨夜團圓的美好，前往長沙跨向2018年！

#SHE你曾是少年

#田馥甄 #陳嘉樺 #任家萱",7187,0,"['陳嘉樺', '任家萱', '田馥甄', 'SHE你曾是少年']"
268,2017-12-31 14:26:12,"大家好~我們是S.H.E

再一天就要2018了，歲月在誰臉上留下痕跡？

#SHE合體最美
#合體最瘋癲
#新年快樂
#謝謝所有歌迷

任家萱 Selina陳嘉樺 Ella我愛妳們

#田馥甄 #陳嘉樺 #任家萱",5167,0,"['新年快樂', '田馥甄', '陳嘉樺', '合體最瘋癲', 'SHE合體最美', '任家萱', '謝謝所有歌迷']"
269,2017-12-29 23:50:00,#田馥甄,3549,16,['田馥甄']
270,2017-12-29 23:49:59,"Bella儂儂 2018一月號 封面人物 ​​​Hebe
#田馥甄",5070,26,['田馥甄']
271,2017-12-25 22:01:56,"聖誕快樂!

#呵呵呵
#偷笑

#無聊當有趣
#祝福是真心

#田馥甄",5480,21,"['偷笑', '田馥甄', '祝福是真心', '呵呵呵', '無聊當有趣']"
272,2017-12-25 19:14:57,#田馥甄,4325,0,['田馥甄']
273,2017-12-25 19:11:55,#田馥甄,3043,0,['田馥甄']
274,2017-12-25 16:26:02,#田馥甄 ❤️🎄🎅🏻🎁🎈,3111,0,['田馥甄']
275,2017-12-25 15:41:30,"①華研國際⑥
《小時帶S.H.E’s in style》十六周年紀念卡帶組售後服務公告 
在發行後，公司陸續接獲消費者反應相關問題（例如：「女生宿舍」卡帶殼無網印簽名、卡帶殼破裂、印刷品受損等等）。經了解原因後，為廠商包裝作業疏失，或是運送過程中的碰撞，導致部份產品出現瑕疵或是破損狀況。對於未能於生產過程中做好完善品管工作，在此向各位歌迷朋友致歉。公司也將全力完成售後服務工作。如果有任何上述情形，都可以進行換貨，請於上班時間來電（02-2883-5858）至華研國際音樂，由專人協助處理。 
隨身聽或卡帶播放問題：請參考華研官網關於最佳使用狀態說明（https://www.him.com.tw/newscon.php?nid=548）。卡帶及卡帶隨身聽因產品特性，音質並無法與CD或現今高音質數位音檔相較。播放時偶有出現雜音或音質不穩定的狀況也是正常現象。當遇到播放不穩定狀況時（例如：音量不穩、同時播放到AB面音樂等等），可以先嘗試暫停、倒帶、快轉，或是將卡帶取出後重新放入後再播放，即可恢復正常。隨身聽有時剛開始播放時，也會比較容易出現不穩定的狀況，持續播放一段時間之後，表現就會更加穩定。除上述狀況外，如播放時遇到其他問題，請於上班時間來電（02-2883-5858）至華研國際音樂洽詢。 
再次向各位受影響的消費者致歉，感謝大家的支持與諒解。

#田馥甄 #陳嘉樺 #任家萱",2090,0,"['陳嘉樺', '任家萱', '田馥甄']"
276,2017-12-25 13:46:13,#田馥甄,1611,0,['田馥甄']
277,2017-12-24 22:48:59,"S. H. E 祝大家聖誕快樂 !

#手作小時帶糖漿餅乾好可愛
#我們的友誼更可愛
#田馥甄 #陳嘉樺 #任家萱",6658,20,"['田馥甄', '我們的友誼更可愛', '陳嘉樺', '任家萱', '手作小時帶糖漿餅乾好可愛']"
278,2017-12-24 22:25:10,"三位青春少女祝大家聖誕快樂🎉🎉🎄🎁🎄 #歲月並沒有留在我們臉上
#只要有美圖軟體人人都是少女
#田馥甄 #陳嘉樺 #任家萱",8711,22,"['田馥甄', '陳嘉樺', '任家萱', '只要有美圖軟體人人都是少女', '歲月並沒有留在我們臉上']"
279,2017-12-24 22:24:31,"三位青春少女祝大家聖誕快樂🎉🎉🎄🎁🎄 #歲月並沒有留在我們臉上
#只要有美圖軟體人人都是少女
#田馥甄 #陳嘉樺 #任家萱",11632,59,"['田馥甄', '陳嘉樺', '任家萱', '只要有美圖軟體人人都是少女', '歲月並沒有留在我們臉上']"
280,2017-12-24 21:10:53,#田馥甄,2064,8,['田馥甄']
281,2017-12-23 17:12:29,"①華研國際⑥
首先感謝廣大歌迷朋友們對於S.H.E及「小時帶S.H.E’s in style」十六周年紀念卡帶組的支持。
在產品發行後，陸續收到消費者反應關於產品的各種相關問題，在此整理各項狀況之處理方式如下： 
1. 卡帶殼、外盒破損：請於上班時間來電（02-2883-5858）至華研國際音樂，由專人協助換貨。 
2. 「女生宿舍」專輯卡帶殼無網印簽名：請於上班時間來電（02-2883-5858）至華研國際音樂，由專人協助換貨。 
3. 隨身聽或卡帶播放問題：請參考華研官網關於最佳使用狀態說明（https://www.him.com.tw/newscon.php?nid=548）。卡帶及卡帶隨身聽因產品特性，音質並無法與CD或現今高音質數位音檔相較。播放時偶有出現雜音或音質不穩定的狀況也是正常現象。當遇到播放不穩定狀況時（例如：音量不穩、同時播放到AB面音樂等等），可以先嘗試暫停、倒帶、快轉，或是將卡帶取出後重新放入後再播放，即可恢復正常。隨身聽有時剛開始播放時，也會比較容易出現不穩定的狀況，持續播放一段時間之後，表現就會更加穩定。除上述狀況外，如播放時遇到其他問題，請於上班時間來電（02-2883-5858）至華研國際音樂洽詢。 
造成各位受影響的消費者困擾深感抱歉，感謝大家的支持與諒解。

#田馥甄 #陳嘉樺 #任家萱",3432,16,"['陳嘉樺', '任家萱', '田馥甄']"
282,2017-12-23 16:28:51,#田馥甄,2220,12,['田馥甄']
283,2017-12-23 00:40:34,"宵夜再來一碗媽媽的麻油雞。
完美~😊 #田馥甄",6887,41,['田馥甄']
284,2017-12-23 00:10:45,"冬至返鄉客家鹹湯圓達成！✔ #客家鹹湯圓最高
#冬至快樂
#田馥甄",6790,40,"['客家鹹湯圓最高', '田馥甄', '冬至快樂']"
285,2017-12-22 20:48:35,"① 華研國際 ⑥
大家都收到 #小時帶 了嗎？
歡迎分享你們的開箱圖上來唷～ 
如果對於附贈的隨身聽有使用上的問題，可先至官網查詢：https://goo.gl/qy5618 
#還沒收到朋友請再耐心等等物流
#周末愉快
#田馥甄 #陳嘉樺 #任家萱",3630,31,"['小時帶', '田馥甄', '周末愉快', '還沒收到朋友請再耐心等等物流', '陳嘉樺', '任家萱']"
286,2017-12-22 17:31:02,"燈牌測試OK! 
身為一個追星族的女兒容易嗎？😂
買好演唱會的票，燈牌也一併處理好。

#我愛當媽媽狗
#我愛媽媽
#媽媽愛聽許富凱唱歌
#能滿足媽媽是我的榮幸
#富凱唱歌真的棒
#由衷的向我的歌迷致上一百萬分敬意
#追星不容易啊啊啊啊啊
#田馥甄",7401,35,"['由衷的向我的歌迷致上一百萬分敬意', '追星不容易啊啊啊啊啊', '田馥甄', '我愛媽媽', '我愛當媽媽狗', '能滿足媽媽是我的榮幸', '媽媽愛聽許富凱唱歌', '富凱唱歌真的棒']"
287,2017-12-21 22:18:29,#田馥甄,2190,12,['田馥甄']
288,2017-12-21 16:06:44,"／華研國際／
聖誕節前夕，來桃園聽甄哥🤘
（記得穿暖一點oh）
－
#桃園鐵玫瑰音樂節🌹搖滾耶誕趴
日期：12/23 (六)
地點：桃園高鐵站前廣場 
#自由入場
桃園鐵玫瑰熱音賞
#田馥甄",2610,0,"['桃園鐵玫瑰音樂節', '田馥甄', '自由入場']"
289,2017-12-20 21:06:24,"#田馥甄
照片轉自微博 @tien的boost",5713,21,['田馥甄']
290,2017-12-20 17:36:41,"❶ 華研國際 ❻
呼呼呼，好冷喔...但是別擔心！ 
等hen久的《#小時帶 S.H.E's in style》聖誕禮物終於要熱騰騰到手了！！ 12/22 冬至可以邊吃湯圓邊聽小時帶，溫暖一整個冬天了～ 
#田馥甄 #陳嘉樺 #任家萱",4815,33,"['陳嘉樺', '小時帶', '任家萱', '田馥甄']"
291,2017-12-20 16:14:28,#田馥甄,2258,7,['田馥甄']
292,2017-12-20 14:48:33,#田馥甄,2485,5,['田馥甄']
293,2017-12-19 23:52:08,#田馥甄,1992,11,['田馥甄']
294,2017-12-19 16:46:07,#田馥甄,6558,22,['田馥甄']
295,2017-12-18 23:45:14,#田馥甄,2143,12,['田馥甄']
296,2017-12-18 17:06:21,#田馥甄,2813,16,['田馥甄']
297,2017-12-18 00:07:33,#田馥甄,3432,24,['田馥甄']
298,2017-12-16 22:59:19,到底發什麼樣的微博配圖與發文才是一個女歌手該有的樣子呢？你們覺得是圖一：謝謝深圳的你們在氣溫2度的戶外聽歌，陪我度過這天寒但心暖的日常。回到家快快喝個熱薑茶、洗個熱水澡，別感冒囉！晚安。  還是圖二：深圳2度已凍歪凍呆凍壞凍到眼神已死，明天嘉興負4度，大家自求多福了！謝謝深圳~晚安！🤣❤️#田馥甄,11469,99,['田馥甄']
299,2017-12-16 22:33:53,#田馥甄,3263,10,['田馥甄']
