,time,post_caption,likes,comments,tags
0,2019-12-15 10:54:36,"寧靜
芭蕾女伶
平衡
信仰
勇氣
守護
＃你覺得呢",71964,598,[]
1,2019-12-15 10:28:02,"welcome DK to the Ugly beauty family~~ #uglyBeautyWorldtour
#dancers
#superpowers",15527,60,"['uglyBeautyWorldtour', 'dancers', 'superpowers']"
2,2019-12-15 10:26:34,"welcome Jordan to the Ugly beauty family~~
#uglyBeautyWorldtour
#dancers
#superpowers",21271,97,"['uglyBeautyWorldtour', 'dancers', 'superpowers']"
3,2019-12-14 22:14:23,"@netaporter
@balmain
@lanecrawford
@venna.co
#beyondesire
@stuartweitzman",64961,301,['beyondesire']
4,2019-12-14 22:10:52,"@netaporter
@balmain
@lanecrawford
@venna.co
#beyondesire
@stuartweitzman",42842,166,['beyondesire']
5,2019-12-14 22:00:02,"落跑新娘
@ralphlauren
@onpedder
@venna.co
#beyondesire
@stuartweitzman",107503,506,['beyondesire']
6,2019-12-14 21:10:11,"咪咕音樂典禮上
＃liveperformance
@netaporter
@balmain
@lanecrawford
@venna.co
#beyondesire
@stuartweitzman",76225,305,['beyondesire']
7,2019-12-14 16:25:05,長髮公主和獅子相遇了遛,102693,614,[]
8,2019-12-14 13:13:56,"知道長輩們平日忙， 但晚輩的油管頻道，還是要積極送上一點關心好嗎？ 😁😁😁😁😁 謝謝老闆 
秘密:
綵排時，是不苟言笑，生人勿近，看到也別打招呼的冰雪公主👸
 記住了嗎。 
#老娘不是你的甜心 😅🤣😅😂🤣
@thesquareddivision
@kieltutin
@tessandrachavez
@nikakljun
@dailydancerdiet
@rudyaabreu
@birdyproduction
#uglybeauty
#uglybeautytour",41928,518,"['老娘不是你的甜心', 'uglybeauty', 'uglybeautytour']"
9,2019-12-12 15:10:39,"自拍有變（右邊）的角度
#麻煩小姐的努力日記",97683,595,['麻煩小姐的努力日記']
10,2019-12-12 11:32:21,"welcome Louis to the Ugly beauty family~~ #uglyBeautyWorldtour
#dancers
#superpowers 
ig: louisdipippa",17113,82,"['uglyBeautyWorldtour', 'dancers', 'superpowers']"
11,2019-12-12 11:27:53,"welcome Riley to the Ugly beauty family~~
#uglyBeautyWorldtour
#dancers
#superpowers 
ig: rileygroot",18675,72,"['uglyBeautyWorldtour', 'dancers', 'superpowers']"
12,2019-12-11 09:47:51,"Welcome Stephen to the Ugly Beauty family! say hiii to a Caped man ~
#uglyBeautyWorldtour #dancers
#superpowers",21919,96,"['uglyBeautyWorldtour', 'dancers', 'superpowers']"
13,2019-12-11 09:41:08,"Welcome Katie to the Ugly Beauty family! say hiii sexy~
#uglyBeautyWorldtour #dancers
#superpowers",25048,116,"['uglyBeautyWorldtour', 'dancers', 'superpowers']"
14,2019-12-10 19:30:32,"happy birthday to our Princess Jade
#屁桃🎂
@yourmajestycake 
@jo_tsai_ 
@jerry.lin.52687",41375,196,['屁桃']
15,2019-12-10 14:12:46,自拍 大幅大幅的進步了!,135498,1263,[]
16,2019-12-10 14:09:06,和朋友自拍,69690,411,[]
17,2019-12-10 08:32:32,"welcome to the UGLY BEAUTY family , say hiiiii ya to Floris!!!
#uglyBeautyWorldtour #dancers
#superpowers",26019,119,"['uglyBeautyWorldtour', 'dancers', 'superpowers']"
18,2019-12-10 08:30:15,"welcome to the UGLY BEAUTY family , say hiiiii ya to Kaylee!!!
#uglyBeautyWorldtour #dancers
#superpowers",36871,202,"['uglyBeautyWorldtour', 'dancers', 'superpowers']"
19,2019-12-09 14:13:18,"welcome to the UGLY BEAUTY family , say hiiiii to Shannon~~
#uglyBeautyWorldtour #dancers
#superpowers",36311,169,"['uglyBeautyWorldtour', 'dancers', 'superpowers']"
20,2019-12-09 14:11:21,"welcome to the UGLY BEAUTY family , say hiiiii to Dayne~
#uglyBeautyWorldtour #dancers
#superpowers",28353,130,"['uglyBeautyWorldtour', 'dancers', 'superpowers']"
21,2019-12-07 10:19:12,,136046,917,[]
22,2019-12-05 15:14:56,"有蚊子
#聲音
#幫我翻譯",77412,909,"['聲音', '幫我翻譯']"
23,2019-12-05 15:09:42,"老母親的一個微笑
#loveofmylife
#fatbear
@bichon_whoohoo",114289,468,"['fatbear', 'loveofmylife']"
24,2019-12-04 13:29:57,#NARS,105422,1119,['NARS']
25,2019-12-03 11:06:30,"Ugly Beauty 2019-2020 世界巡迴演唱會 高雄站
日期：2020/05/15、05/16、05/17
地點：高雄巨蛋 
2019/12/15中午12:15
KKTIX 售票系統開賣！",116304,3602,[]
26,2019-12-03 09:15:18,"#uglyBeautyWorldtour 
#incubatingDay12",32685,187,"['uglyBeautyWorldtour', 'incubatingDay12']"
27,2019-12-01 12:14:45,"蹩腳特務
被自己給活活彈死！
#uglyBeautyWorldtour 
#incubatingDay11",39810,246,"['uglyBeautyWorldtour', 'incubatingDay11']"
28,2019-11-30 15:17:21,,61781,427,[]
29,2019-11-30 11:06:10,"感恩節那天～
#冰血奇顏2
#uglyBeautyWorldtour
#incubatingDay9
#dayoff
#thanksgiving",59493,338,"['uglyBeautyWorldtour', 'incubatingDay9', 'dayoff', 'thanksgiving', '冰血奇顏2']"
30,2019-11-28 11:33:33,"逃學威龍
#uglybeautyWorldTour 
#incubatingDay8",46435,391,"['incubatingDay8', 'uglybeautyWorldTour']"
31,2019-11-27 23:30:23,"劉海自己剪的 嘿嘿嘿
#uglybeautytour
#incubatingDay7",93407,704,"['incubatingDay7', 'uglybeautytour']"
32,2019-11-26 11:16:48,"早起的鳥兒有吐司吃
#uglyBeautytour 
#incubatingDay6",61275,480,"['incubatingDay6', 'uglyBeautytour']"
33,2019-11-25 14:11:55,"舞者日記
#uglybeautytour
#dancersdiary
#day5",32503,264,"['dancersdiary', 'day5', 'uglybeautytour']"
34,2019-11-24 12:29:10,"身心靈的部分～～
#uglybeautyWorldTour 
#incubatingDay4",70271,452,"['incubatingDay4', 'uglybeautyWorldTour']"
35,2019-11-24 02:12:09,#incubatingDay3,46483,218,['incubatingDay3']
36,2019-11-22 19:56:27,"當哈利遇見莎莉～
#uglybeautytour
#incubatingDay2",33193,222,"['incubatingDay2', 'uglybeautytour']"
37,2019-11-22 11:29:26,"Morning ~~~ Can't touch this~~~
#uglyBeautytour
#rehersal
#incubationgday2",79729,443,"['rehersal', 'incubationgday2', 'uglyBeautytour']"
38,2019-11-21 13:50:03,"Meet the Ugly Beauty dancers !
#Rehersal
#DayOne
每天排兩首，腦容量不堪負荷，試著活下去的草莓族。
#回到飯店全部忘光光",94486,560,"['回到飯店全部忘光光', 'Rehersal', 'DayOne']"
39,2019-11-20 00:36:57,"長髮公主的早晨～good morning sunshine ~
#加州陽",139727,1184,['加州陽']
40,2019-11-18 23:36:38,"出遠門必備
月亮母親和補夢網
#配件還是老的好
#幸運物",122351,719,"['配件還是老的好', '幸運物']"
41,2019-11-15 17:58:34,"只是內心住著一個宮二
#我心裡有過你
#世間所有的相遇都是久別重逢
#倩女幽魂二",104684,746,"['倩女幽魂二', '世間所有的相遇都是久別重逢', '我心裡有過你']"
42,2019-11-11 12:26:28,"#比熊白
#百日白
#濾鏡白",113591,701,"['濾鏡白', '比熊白', '百日白']"
43,2019-11-11 10:28:02,"拯救海豚🐬 讓我來好嗎？
#旱鴨子的夢想
@chenpengstudio
@stuartweitzman",58958,432,['旱鴨子的夢想']
44,2019-11-11 10:25:42,"抱在一起
@chenpengstudio
@stuartweitzman",60423,328,[]
45,2019-11-11 10:24:30,"#liveperformance
#雙十一
@chenpengstudio
@stuartweitzman",63469,233,"['liveperformance', '雙十一']"
46,2019-11-04 08:42:28,"M&J
#五月天
#五月花",252666,3316,"['五月花', '五月天']"
47,2019-11-03 23:49:06,"#玫瑰少年
#五月花

@sweatybetty
@damowang_official
@stuartweitzman
@swarovski
#iamasweatybetty
#iamasweatybettyhk",208991,1313,"['iamasweatybettyhk', '五月花', 'iamasweatybetty', '玫瑰少年']"
48,2019-11-02 11:50:51,"你（妳）們第一天的遇見，曖昧 ，告白，喜悅的決定，心碎的再見，因成長而落下的淚， 我和小凱都會在你身邊傾聽你（妳）的聲音，把這段旋律唱給你聽。
倒數四三二一～ 
#王俊凱
#心引力
#newSingle
#其實最喜歡唱這種歌
#幻想自己是誰的女主角",45494,343,"['幻想自己是誰的女主角', '王俊凱', '其實最喜歡唱這種歌', 'newSingle', '心引力']"
49,2019-11-01 22:47:16,"#心引力
#王俊凱

@AliceandOlivia
@jimmychoo",73434,512,"['心引力', '王俊凱']"
50,2019-11-01 21:44:40,#心引力,78097,624,['心引力']
51,2019-11-01 13:29:41,"看到這張別人的蛋糕創作，竟思念起，幾年前比賽的緊張和期待～
#當時有多討厭高壓期
#覺得自己好苦好苦
#cakeinternationalbirmingham
#年少輕狂時
#現在竟思念了起來！
#荒廢的蛋糕技藝",56571,269,"['現在竟思念了起來', '當時有多討厭高壓期', '荒廢的蛋糕技藝', '年少輕狂時', '覺得自己好苦好苦', 'cakeinternationalbirmingham']"
52,2019-10-31 20:48:19,"#alexanderwangny 
#lanecrawford 
#LCxWANG",105586,751,"['LCxWANG', 'alexanderwangny', 'lanecrawford']"
53,2019-10-31 18:41:20,,73459,525,[]
54,2019-10-29 21:38:23,"Party animals!! #happyhalloween
@bichon_whoohoo",49151,381,['happyhalloween']
55,2019-10-28 13:05:27,#narscosmetics,97663,651,['narscosmetics']
56,2019-10-27 19:51:19,,80221,505,[]
57,2019-10-25 15:30:44,"鬧鐘⏰
#bearattack 
#wakeupcall
#시게",71181,442,"['wakeupcall', 'bearattack', '시게']"
58,2019-10-24 15:06:02,"熊老先生有快遞～
咿呀咿呀喲～
#看一次笑一次😂😂😂",78685,521,['看一次笑一次']
59,2019-10-22 13:08:39,"Romanticism~
#浪漫主義
#👀
#teamlab",99180,600,"['浪漫主義', 'teamlab']"
60,2019-10-20 22:27:24,💕,38886,323,[]
61,2019-10-19 18:50:52,"So beautiful～～～～
#美的令人心曠神怡
#插花展",50849,353,"['美的令人心曠神怡', '插花展']"
62,2019-10-16 18:26:58,錄音,141649,1106,[]
63,2019-10-14 11:44:56,"觀後感 ： Joker side of me is just SAD rather than MEAN.
#愛死了 
#你們看到了什麼快分享？
#心理學
#人格分析
#面具底下我們都一樣
#性本惡
#當愛和尊重被剝奪時
#JOKER",112680,1008,"['愛死了', '你們看到了什麼快分享', '面具底下我們都一樣', '性本惡', '心理學', '人格分析', 'JOKER', '當愛和尊重被剝奪時']"
64,2019-10-11 20:00:54,"走紅了
@drjart
#就要敢走红",52629,377,['就要敢走红']
65,2019-10-11 11:33:04,"Let me Taste your FEAR~~ would u ?? 10!12  11點28分見

#uglybeautyWorldTour
#gucci",54967,432,"['gucci', 'uglybeautyWorldTour']"
66,2019-10-11 11:31:44,"Let me Taste your FEAR~~ would u ?? 10!12  11點28分見

#uglybeautyWorldTour
#gucci",97454,791,"['gucci', 'uglybeautyWorldTour']"
67,2019-10-11 11:30:49,"Let me Taste your FEAR~~ would u ?? 10!12  11點28分見

#uglybeautyWorldTour
#gucci",65572,374,"['gucci', 'uglybeautyWorldTour']"
68,2019-10-06 09:50:50,來一片吐司嗎 腦公？,79279,768,[]
69,2019-10-05 23:01:17,"熒光粉紅色！！
#人間芭比娃娃色
#簡單生活節
@fendi 
#Fendi
#FendiPrintsOn",103797,775,"['簡單生活節', 'Fendi', 'FendiPrintsOn', '人間芭比娃娃色']"
70,2019-10-04 22:04:38,猜一首歌,90723,1339,[]
71,2019-10-03 17:57:43,"桃在一起
#配套帽T
#跟人家一起穿嘛
#majewhoohooandI
@bichon_whoohoo",120083,871,"['跟人家一起穿嘛', 'majewhoohooandI', '配套帽T']"
72,2019-10-01 15:52:31,#😎😎😎,104045,585,[]
73,2019-10-01 13:25:40,"今日亂搭術
#搭什麼最好？",50268,302,['搭什麼最好']
74,2019-09-29 12:37:23,"#昨夜
#金牌台灣啤酒🍻
@calvinklein
@theswankofficial 
@marios_official
@anniecostellobrown
@charleskeithofficial",98861,553,"['金牌台灣啤酒', '昨夜']"
75,2019-09-27 09:54:01,"Good morning ~_~
獅子王跟長輩們說聲早安 
#躁起來
#內心的表情包在衣服上",118999,986,"['內心的表情包在衣服上', '躁起來']"
76,2019-09-21 21:10:38,"下雨不愁
#髮型參考",133336,980,['髮型參考']
77,2019-09-20 12:21:29,"The Feast of the broken hearts！
請帶著你曾破碎的心赴約
別讓她嗅到你的恐懼
你的醜陋將壯大她 
請一切小心
拎著你的頭 ，來見我吧- UGLY BEAUTY 
Ugly beauty 2019-2020world tour
DATE : 
Taipei
2019/12/30.31、2020/1/1.3.4.5",141108,3454,[]
78,2019-09-20 12:19:42,"The Feast of the broken hearts-
-UGLY BEAUTY WORLD TOUR",63558,375,[]
79,2019-09-20 12:18:57,"The Feast of the broken hearts
-UGLY BEAUTY World Tour",101806,723,[]
80,2019-09-17 22:42:07,"A man with a Rich soul. 💕💕💕
#iwonder
#searchingforsugarman 
#movienight",24125,214,"['movienight', 'searchingforsugarman', 'iwonder']"
81,2019-09-17 12:21:03,"昨晚曬了點月亮～
還許了個願",60662,545,[]
82,2019-09-16 19:42:15,💕💕💕,98507,730,[]
83,2019-09-15 01:19:00,可愛的大家～,100803,1665,[]
84,2019-09-15 00:04:23,🎈🎈🎈,136600,2557,[]
85,2019-09-13 17:17:27,"Happy moon festival ,everyone ~
中秋節快樂",70466,557,[]
86,2019-09-12 19:21:00,,59769,409,[]
87,2019-09-11 12:21:41,"演唱會海報 。。。這樣？
#拍好了",125470,1977,['拍好了']
88,2019-09-11 00:55:40,"融化了 
My heart got stolen 
@chua.tanya",88092,654,[]
89,2019-09-09 11:57:12,"#賣家秀
@bulgariofficial 
#AlexanderWangxBvlgari
#Bvlgari
#BvlgariAccessories",110972,703,"['AlexanderWangxBvlgari', 'BvlgariAccessories', '賣家秀', 'Bvlgari']"
90,2019-09-09 11:50:49,午安,109340,1161,[]
91,2019-09-08 19:30:42,"今日份愛心
#Gap
#bvlgaribag",123858,854,"['Gap', 'bvlgaribag']"
92,2019-09-08 16:09:18,"沒有什麼能比，勇敢追隨你的心，更美。 
#redefinebeauty",51887,397,['redefinebeauty']
93,2019-09-07 20:15:29,"網美收到禮物
#美膩
#bvlgari
#alexanderwang",109172,604,"['美膩', 'alexanderwang', 'bvlgari']"
94,2019-08-31 12:39:02,"#liveperformance
#lastnight
#cutegang
#sexyhair",110299,708,"['cutegang', 'lastnight', 'liveperformance', 'sexyhair']"
95,2019-08-30 23:55:30,"豹緊處理嗎

@karlaotto
@moncler 
#MonclerGenius 
#MonclerRichardQuinn
@onpedder
@katerinamakriyianni
@giuseppezanotti",133956,1379,"['MonclerRichardQuinn', 'MonclerGenius']"
96,2019-08-30 22:38:59,"煲電話
#黃黃的一大片",103436,778,['黃黃的一大片']
97,2019-08-30 19:14:46,Call me Daisy ...maybe,119684,867,[]
98,2019-08-30 14:45:52,"#Gap50週年
#dancewear
#jeansmania
#Gap",84856,748,"['Gap50週年', 'jeansmania', 'dancewear', 'Gap']"
99,2019-08-26 21:16:24,#瑞芳景點,53094,279,['瑞芳景點']
100,2019-08-26 20:51:31,,106932,471,[]
101,2019-08-23 12:48:54,,61359,399,[]
102,2019-08-19 21:54:16,"沒有mv
但有朋友 ✌",181427,1415,[]
103,2019-08-13 09:00:48,"從社工以及孩子們身上，看到自己的不足，他們過人的勇氣，毅力，和堅持像是天生的禮物，注定要被打開，來教導更多更多的人， 往愛前行！ 
#家扶基金會
#無窮世代
#補位大隊
#掏掏零錢幫幫孩子童年",99544,574,"['無窮世代', '家扶基金會', '補位大隊', '掏掏零錢幫幫孩子童年']"
104,2019-08-12 12:16:51,"#可愛的
#hydeparkgallery",51739,602,"['hydeparkgallery', '可愛的']"
105,2019-08-09 07:59:27,"每天無緣由的，都笑成一朵花，好嗎～ 
#foollikeme
#愚者
#brightsmile
#brightday
#crest
@crest",167044,1651,"['foollikeme', '愚者', 'crest', 'brightday', 'brightsmile']"
106,2019-08-04 00:12:41,你是詩人～,144428,1424,[]
107,2019-08-03 22:45:13,魔法學院的學生筆記,88464,633,[]
108,2019-08-03 18:45:23,#優席夫,46071,242,['優席夫']
109,2019-08-02 05:04:16,"@marieclairetw
@damon_baker",80955,414,[]
110,2019-08-02 04:51:02,"@marieclairetw
@damon_baker",100115,1126,[]
111,2019-08-02 04:50:50,"@marieclairetw
@damon_baker",50574,170,[]
112,2019-08-02 04:50:38,"#dior
@marieclairetw
@damon_baker",61441,260,['dior']
113,2019-07-30 00:01:07,,38149,323,[]
114,2019-07-28 01:26:14,"很明顯的 我被分到#Slytherin
#🐍
#hogwarts
#harryporter",56905,443,"['hogwarts', 'Slytherin', 'harryporter']"
115,2019-07-27 05:34:02,"No doubt, there's more than one type of beauty out there universally !! #jeanpaulgoultier
#Fashionfreakshow",28688,162,"['Fashionfreakshow', 'jeanpaulgoultier']"
116,2019-07-25 03:55:58,"A night in Sahara desert 
#人類的渺小
覺得自己根本一朵溫室花 ，若荒島是這個島，我會馬上原地扁掉。
#震撼教育
#清晨起床窗簾上有隻黑蝎子和我對望",91254,696,"['人類的渺小', '清晨起床窗簾上有隻黑蝎子和我對望', '震撼教育']"
117,2019-07-17 21:14:06,Captain of RED,125735,1077,[]
118,2019-07-17 20:08:39,"今天安利的是， 一頂朋友的五歐草帽，以及一瓶一千毫升的礦泉水
#來賓喜歡什麼配套",112149,510,['來賓喜歡什麼配套']
119,2019-07-17 19:42:57,"後知後覺 現在才知道昨天是什麼日子！！ 謝謝寶寶們的回顧和慶祝。

說實話，看了八百次那些令我想鑽地洞的初見面，還是有點害臊，尷尬 尷尬 尷尬。 
那位不太適合演藝圈的醜小鴨女孩，可不知道嚇壞了多少人！！！ ！！ 亦步亦趨，在追逐快速功成名就的迷宮中遊走，一走竟走了20年～～～～ 20年後，滿滿的工作不再等於她的生活。
滿足外界，也不再是她的唯一指南針。
喜歡自己，變得容易許多。
享受孤獨，變得自然更多更多。
她，依舊對什麼都好奇，只是多了勇敢，多了自己。 
#我可以
#20週年
#spain#sevilla",175196,1400,"['20週年', 'sevilla', 'spain', '我可以']"
120,2019-07-17 19:38:39,"公主回到城堡了
#catedraldesevilla",133963,823,['catedraldesevilla']
121,2019-07-15 15:09:54,"有幸成為女子團體之一的話～
#擋住團員美貌擔當",82713,423,['擋住團員美貌擔當']
122,2019-07-14 05:20:19,Serene,66366,290,[]
123,2019-07-14 04:44:36,,86515,452,[]
124,2019-07-13 14:55:09,"朋友說這是網美牆
#網美長知識
#網美頭髮hen漂撇",171657,1115,"['網美長知識', '網美頭髮hen漂撇']"
125,2019-07-11 21:36:58,"A whole new world~~~ 🎶
A whole new fantastic point of view~~
#閉月羞花
#暑假樂",108130,767,"['閉月羞花', '暑假樂']"
126,2019-07-06 17:18:37,"背後的三條巨龍

#背影殺手
#uglybeautyProducers

謝謝偶像 @mreasonchan 不藏私",78210,462,"['uglybeautyProducers', '背影殺手']"
127,2019-07-04 16:29:21,"今天和世界做鄰居
#我可以
#骨灰粉
#20週年",90162,1139,"['20週年', '我可以', '骨灰粉']"
128,2019-07-04 11:19:05,"點餐的力量
覺得像 Show your love的頭髮 ，請舉杯
#骨灰粉",156146,1897,['骨灰粉']
129,2019-07-03 22:16:03,,90021,557,[]
130,2019-07-02 19:13:26,"大膽預測，快找到腦公了
JOLIN TSAI x GAP  T-shirt
#July25th 
#GAP
#GAPxUglyBeauty
#穿腦公搵到好老公",128677,1488,"['GAPxUglyBeauty', 'GAP', '穿腦公搵到好老公', 'July25th']"
131,2019-06-30 13:49:02,"Album of the year
#uglybeauty
敢於活出內在女性的所有男男女女，你們就是定義女性主義的生活家。
我們因大膽，忠於內心而創新！
#第30屆金曲獎
@gucci
@stuartweitzman",209426,1518,"['uglybeauty', '第30屆金曲獎']"
132,2019-06-30 13:26:55,"Song of the year!! #womxnly
#uglybeauty
@ashin_ig
@bulgariofficial
#Bvlgari 
#StarsInBvlgari 
@netaporter
@alexperryofficial
@gucci
@giuseppezanotti",118910,1436,"['Bvlgari', 'uglybeauty', 'womxnly', 'StarsInBvlgari']"
133,2019-06-30 13:12:01,"黑毯前三美 這樣

@bulgariofficial
#Bvlgari 
#StarsInBvlgari 
@netaporter
@alexperryofficial
@gucci
@giuseppezanotti

表演
@gucci
@stuartweitzman",254998,2695,"['Bvlgari', 'StarsInBvlgari']"
134,2019-06-30 13:07:40,"身後的他們 ，永遠是我最堅強的後盾
我是何其幸運能被他們如此簇擁著呵護著！ 
#舞蹈團隊#造型和經紀團隊#知心練肖話團隊",175452,647,"['知心練肖話團隊', '舞蹈團隊', '造型和經紀團隊']"
135,2019-06-29 18:11:44,"準備好了！！
點餐！
#bvlgarieyewear",259846,2627,['bvlgarieyewear']
136,2019-06-29 12:03:04,"一早就走紅了！羞～
謝謝 @drjart 
I like it RED rrrrrrrr~",50302,374,[]
137,2019-06-26 12:58:43,"第一次看到劇本的時候  是心碎的
因為她說：為什麼你也來了？ 
我浪漫的相信，愛人們永遠會在某個地方，再度認出彼此！！ #愛的羅曼死
#uglybeauty
#romance",71967,1176,"['uglybeauty', 'romance', '愛的羅曼死']"
138,2019-06-26 08:16:25,"帶我退隱江湖 一起去哪裡好？
#uglybeauty
#romance",48180,366,"['uglybeauty', 'romance']"
139,2019-06-25 18:46:25,"抓拍
@bichon_whoohoo",89952,508,[]
140,2019-06-25 12:27:07,"愛的羅曼史
#romance
#uglybeauty",31009,205,"['uglybeauty', 'romance']"
141,2019-06-24 15:04:19,"在紅色和藍色中的我們
#紅色夜店藍色警局
#苦命鴛鴦
#romance
#愛的羅曼史
#鳳小岳
#陳竹昇
#uglybeauty
#musicvideo
#behindthescene",82308,428,"['陳竹昇', 'uglybeauty', '紅色夜店藍色警局', 'behindthescene', '愛的羅曼史', 'musicvideo', 'romance', '鳳小岳', '苦命鴛鴦']"
142,2019-06-24 15:02:52,"坐享美人之福
謝謝兩大電影巨星的加入
#romance
#愛的羅曼史
#鳳小岳
#陳竹昇
#uglybeauty
#musicvideo
#behindthescene",95690,397,"['陳竹昇', 'uglybeauty', 'behindthescene', '愛的羅曼史', 'musicvideo', 'romance', '鳳小岳']"
143,2019-06-24 12:53:48,"男主角 看起來性命不保～ 哈哈😄
#姐是掌管地獄的黑卡蒂女神
#住在冥府
#romance
#愛的羅曼死
#uglybeauty",45007,372,"['住在冥府', 'uglybeauty', '姐是掌管地獄的黑卡蒂女神', 'romance', '愛的羅曼死']"
144,2019-06-21 23:11:58,"Knee down for the one and only Queen of pop
@cocolee 
She is sooooooooondamn  HOT !! Thank you for inviting me !! Love u xxxo

@netaporter
@the_attico
@gucci
@stuartweitzman",119554,693,[]
145,2019-06-21 22:00:29,"#維密兒童組別
#志氣高
#gettingready",132652,907,"['維密兒童組別', 'gettingready', '志氣高']"
146,2019-06-16 14:19:24,"我也曾彩排，預想過的那一天~
#離別的禮物",57020,389,['離別的禮物']
147,2019-06-16 11:11:21,Summer ~~~~,134489,801,[]
148,2019-06-15 13:24:20,"Thank you 💕💕
@gentlemonster 
眼睛也跟跟蜈蚣的腳一樣多～
真不好意思 ～
#大豐收",52571,411,['大豐收']
149,2019-06-10 23:01:09,"Happy birthday to my dearest brother in law ~ @jerry.lin.52687 @jo_tsai_ 
#愛情長跑20年
#雙子座寶寶們生日快樂🎂",108121,497,"['愛情長跑20年', '雙子座寶寶們生日快樂']"
150,2019-06-03 21:51:17,"上班
@miumiu
@jimmychoo
@apmmonaco",60598,395,[]
151,2019-06-03 13:32:56,"喜歡脫光光的的喊右👉 
#甜秘密
#你也有今天
#迷幻
#hitfm
#musicAward
#liveperformance
#stripclub

@versace 
@giuseppezanotti",96970,1036,"['musicAward', '甜秘密', 'hitfm', '迷幻', 'stripclub', 'liveperformance', '你也有今天']"
152,2019-05-31 22:37:49,"Thank u everyone ! 💕💕💕
#uglybeauty
#crew
#loveispowerful
#appreciationpost💕",64469,212,"['crew', 'loveispowerful', 'uglybeauty', 'appreciationpost']"
153,2019-05-31 22:11:05,"謝師宴
#樂在一塊
#愛成一團
#uglybeauty
@portspure 
#PortsPURE
@jimmychoo
#appriciationparty",84710,370,"['愛成一團', 'PortsPURE', 'uglybeauty', 'appriciationparty', '樂在一塊']"
154,2019-05-30 13:05:05,"走紅的故事還需要重覆說？ 
#蒂佳婷
#drjartcicapair 
#就是敢走紅
@drjart",61911,660,"['蒂佳婷', 'drjartcicapair', '就是敢走紅']"
155,2019-05-26 13:24:27,💕,47536,320,[]
156,2019-05-26 13:22:05,"燈海 美到差點讓自己哭了💕
#天空
#麥田音樂節
#musicfestival
@raisavanessa
@stellaluna",102356,484,"['musicfestival', '麥田音樂節', '天空']"
157,2019-05-26 13:20:12,"Disco ball

@raisavanessa
@jimmychoo",80101,369,[]
158,2019-05-26 12:35:12,"怕是怕 美杜莎張開眼 石化了民眾
@raisavanessa
@jimmychoo",102809,837,[]
159,2019-05-21 15:48:36,"一團扁掉的皮球
#deflatedballs",66843,410,['deflatedballs']
160,2019-05-20 14:39:09,媽咪 人家可以學民俗舞蹈嘛？！,180923,2470,[]
161,2019-05-19 13:47:27,"想代言遊樂園的部分
#bubblefun
#想打扮成Elsa
#或是史瑞克

@mashamainsta 
@charleskeithofficial",110582,551,"['想打扮成Elsa', '或是史瑞克', 'bubblefun']"
162,2019-05-19 13:43:22,"謝謝昨夜現場和網上的怪美寶寶們！

#Uglybeauty
#fanMeeting
#歌友會",79265,251,"['歌友會', 'fanMeeting', 'Uglybeauty']"
163,2019-05-16 20:26:22,#嘉人marieclaire,18427,160,['嘉人marieclaire']
164,2019-05-16 17:32:53,"Status : Lost in wonderland 
#marieclaire 
#coverstory
#嘉人marieclaire
#bvlgariserpenti 
#uglybeauty",39077,228,"['coverstory', 'uglybeauty', '嘉人marieclaire', 'marieclaire', 'bvlgariserpenti']"
165,2019-05-16 17:28:38,"#marieclaire 
#嘉人marieclaire",31561,180,"['marieclaire', '嘉人marieclaire']"
166,2019-05-15 21:41:37,"再次要深深的謝謝所有參與整張專輯，幕前幕後 優秀的工作夥伴們 。 在我們創造的過程中，缺一不可 ！沒有他們，這張專輯，也只是一個想法而已。  Ugly beauty是每位對自己誠實， 即脆弱也勇敢的你！ 
謝謝生命， 也更加期待下一個階段的自己！ 
入圍已歡欣不已 足矣！謝謝評審團， 愛你們！
#marktheday
#uglybeauty 
#goldenmelodyaward
#nominations
#teamjolin",82603,1862,"['goldenmelodyaward', 'uglybeauty', 'teamjolin', 'marktheday', 'nominations']"
167,2019-05-13 09:33:46,"當時截圖 只覺得他好可愛，根本不知道在他身後的，就是世界奇景，馬丘比丘！！ 然後，更沒想到一年後，就親臨了此地！ （大概是吸引力法則！）
很想模仿他 但一直追不上他時髦厭世的高度，只能用兩根手指代替了！ 可惡",168072,791,[]
168,2019-05-13 08:41:52,"自備氧氣缸的Superhuman 
帥氣的馬夫先生 在海拔5400公尺的彩虹山上來回奔波 臉不紅氣不喘的！！ 然後還很時髦！ 
#愛上騎馬
#horseridingfun
#rainbowmountain 
#cusco
#peru",65987,212,"['愛上騎馬', 'rainbowmountain', 'cusco', 'horseridingfun', 'peru']"
169,2019-05-13 08:32:42,"真的真的真的真的很美！！！ #自然就是美
#cusco
#rainbowmountain 
#peru
#breathtakingview",116119,647,"['rainbowmountain', '自然就是美', 'breathtakingview', 'cusco', 'peru']"
170,2019-05-13 08:21:21,"時尚指標 必須跟上
#lama
#rainbowmountain",115613,565,"['lama', 'rainbowmountain']"
171,2019-05-13 08:16:12,"回到大地媽媽的懷抱～ 
特別難忘一路歡心嘴角上揚的自己
#登山樂
#breathtaking
#peru
#cusco
#machupicchu 
#rainbowmountain",193494,1309,"['rainbowmountain', 'machupicchu', 'breathtaking', '登山樂', 'cusco', 'peru']"
172,2019-05-09 13:14:51,"#蛇蠍女🔪
#腹黑系草莓族
#你也有今天
#karma
#uglybeauty",38365,580,"['karma', '蛇蠍女', 'uglybeauty', '腹黑系草莓族', '你也有今天']"
173,2019-05-06 22:47:27,"#荒島的野餐
#蛇蠍女🐍
#你也有今天 
#uglybeauty
#karma",117968,713,"['karma', '蛇蠍女', 'uglybeauty', '荒島的野餐', '你也有今天']"
174,2019-05-06 19:01:41,"#荒島草莓族
#你也有今天 
#uglybeauty
#karma",110989,373,"['karma', '你也有今天', '荒島草莓族', 'uglybeauty']"
175,2019-05-06 19:00:16,"#奶兇
#蛇蠍女
#你也有今天 
#uglybeauty
#karma",167141,2074,"['karma', '蛇蠍女', '奶兇', 'uglybeauty', '你也有今天']"
176,2019-05-05 21:22:20,"#你也有今天 
#uglybeauty
#karma",72012,766,"['karma', '你也有今天', 'uglybeauty']"
177,2019-04-30 08:31:49,"I like it RED
#bvlgariangel 
#bvlgariserpentibag
#bvlgariserpenti
@bulgariofficial
#serpentiform #chengdu
#oscardelarenta",100881,616,"['chengdu', 'bvlgariangel', 'bvlgariserpentibag', 'serpentiform', 'bvlgariserpenti', 'oscardelarenta']"
178,2019-04-30 08:30:11,"寶格麗天使
#bvlgariangel 
#bvlgariserpenti
#bvlgaribag
#serpentiform
#chengdu
@bulgariofficial
#oscardelarenta",77510,390,"['chengdu', 'bvlgariangel', 'bvlgaribag', 'serpentiform', 'bvlgariserpenti', 'oscardelarenta']"
179,2019-04-30 08:22:22,"#serpentiform
@bvlgarioffical
#chengdu",53629,179,"['serpentiform', 'chengdu']"
180,2019-04-29 23:48:00,"看你看你看你 不看你不看你不看你 
累死我了！ 
#精神分裂
#優雅的背後總有一隻堅強的按摩棒
#攝影師饒舌",62006,492,"['優雅的背後總有一隻堅強的按摩棒', '攝影師饒舌', '精神分裂']"
181,2019-04-29 21:19:47,"#serpentiforever
#serpentiform
#serpentibag
@bulgariofficial
#chengdu
#ralphandrusso",99327,703,"['chengdu', 'serpentiforever', 'serpentiform', 'serpentibag', 'ralphandrusso']"
182,2019-04-29 17:51:22,"白蛇還是青蛇？

#靈蛇傳奇
#serpentiform
#bvlgari
#bvlgariangel
@bulgariofficial
#Chengdu
#ralphandrusso",190308,1395,"['靈蛇傳奇', 'Chengdu', 'bvlgari', 'bvlgariangel', 'serpentiform', 'ralphandrusso']"
183,2019-04-29 16:37:41,,64756,254,[]
184,2019-04-29 16:37:12,,49907,170,[]
185,2019-04-29 16:06:49,,43269,345,[]
186,2019-04-29 11:45:55,"#國民芷若 是也～
#峨眉派女掌門
#jo芷若
@chloe
#chloeGIRLS
@wowwalkonwater
@mfpepe
@malonesouliers",110493,731,"['峨眉派女掌門', 'chloeGIRLS', 'jo芷若', '國民芷若']"
187,2019-04-25 16:54:07,Celebrate the individual in YOU~~ #Gap50Years #CelebrateTheIndividualInYou #Gap50周年 #Gap慶祝每個我,33347,421,"['Gap50Years', 'Gap慶祝每個我', 'CelebrateTheIndividualInYou', 'Gap50周年']"
188,2019-04-25 12:41:22,"20 30 40 50 60 70 80 90 100～
你最愛的，會是那個你？？ 可以越來越愛嗎？

很高興加入Gap這個大家庭，和Gap一起鼓勵每一個人，勇敢表達真實的自我。

慶祝Gap 50週年，做出真實不一樣面貌的你，慶祝每一個特別的你。

#Gap50Years #CelebrateTheIndividualInYou #Gap50周年 #Gap慶祝每個我",83873,884,"['Gap50Years', 'Gap慶祝每個我', 'CelebrateTheIndividualInYou', 'Gap50周年']"
189,2019-04-17 12:20:49,"來賓啊～～～我的心是悸動的💕💕💕 （尖叫）
#Samsung
#GalaxyFold #DoWhatYouCant",155570,1417,"['GalaxyFold', 'Samsung', 'DoWhatYouCant']"
190,2019-04-15 18:18:37,"說實話誰能不愛青峰？！
差點吻下去而已 @imqingfeng
#一個老母親的痴戀
#那一夜
#我是歌手
#怪美的",169190,1535,"['我是歌手', '一個老母親的痴戀', '那一夜', '怪美的']"
191,2019-04-11 20:16:32,🌸,140209,791,[]
192,2019-04-07 01:24:25,"青春有你帥哥導師們，再見魯～謝謝大家的照顧 💕💕💕
#青春有你
#張藝興#李榮浩#歐陽靖#艾福傑尼",183933,991,"['艾福傑尼', '歐陽靖', '青春有你', '李榮浩', '張藝興']"
193,2019-04-05 18:24:47,"青春有你 寶寶們💕💕💕
#粉底色號差了三度！
#寶寶們別辜負太陽曬一下嘛～",75244,437,"['粉底色號差了三度', '寶寶們別辜負太陽曬一下嘛']"
194,2019-04-05 13:33:41,"和我家最溫柔善解人意的小哥哥，小八💕
謝謝你這幾個月來對姐的提問，給予耐心對答～～～ xxxo
#青春有你
#98組合
@xuminghao_o",130808,836,"['98組合', '青春有你']"
195,2019-04-04 17:04:11,"春天～～
#櫻花🌸#粉粉嫩嫩的
@jo_tsai_",88408,517,"['櫻花', '粉粉嫩嫩的']"
196,2019-04-02 21:33:48,"看到紅色 會興奮這樣！

#紅衣女孩#LadyInRed #uglybeauty",142015,809,"['LadyInRed', 'uglybeauty', '紅衣女孩']"
197,2019-04-02 18:39:02,"#紅衣女孩#ladyinred#uglybeauty
#徐熙娣",161025,795,"['ladyinred', 'uglybeauty', '紅衣女孩', '徐熙娣']"
198,2019-04-02 17:01:10,"你害得看我幹嘛！
#紅衣女孩
#LadyInRed#uglybeauty
#bloody",172648,1552,"['bloody', 'LadyInRed', 'uglybeauty', '紅衣女孩']"
199,2019-04-02 16:57:55,"#紅衣女孩
#LadyInRed",74204,318,"['LadyInRed', '紅衣女孩']"
200,2019-04-02 07:23:32,"待會12點YouTube首映會聊天室見！
#聊著聊著注意後面的窗簾
#LadyInRed 
#uglybeauty
#紅衣女孩",63992,614,"['紅衣女孩', 'LadyInRed', 'uglybeauty', '聊著聊著注意後面的窗簾']"
201,2019-03-29 22:35:17,"趕緊曬與今日小帥勾壽星合照～
哥哥指定的彩虹🌈蛋糕雖然歪掉了，哥哥還是吃得眉開眼笑以及熱情擁抱回饋～
謝謝 @yourmajestycake ！！ 祝福咱哥許的三個願望都實現！！ （三個願望都落在希望看 iPad 時間長一些 😄😄！）
#生日快樂牡羊座寶寶們
@jo_tsai_ @jerry.lin.52687",129451,544,['生日快樂牡羊座寶寶們']
202,2019-03-28 12:32:49,"成親還需要告訴你嗎？
#紅衣女孩#uglybeauty#ladyinred",73900,523,"['ladyinred', 'uglybeauty', '紅衣女孩']"
203,2019-03-26 13:46:14,"你害的 看我幹嘛？！
紅衣女孩
#囍
#LadyInRed
#uglybeauty",74268,362,"['uglybeauty', '囍', 'LadyInRed']"
204,2019-03-26 12:07:56,"紅衣女孩
#囍
#LadyInRed
#uglybeauty
#程偉豪#徐熙娣#王柏傑",91296,404,"['程偉豪', '囍', '王柏傑', '徐熙娣', 'uglybeauty', 'LadyInRed']"
205,2019-03-26 12:07:33,"紅衣女孩
#囍
#LadyInRed
#uglybeauty
#王柏傑",41829,112,"['uglybeauty', '囍', '王柏傑', 'LadyInRed']"
206,2019-03-26 12:07:18,"紅衣女孩
#囍
#LadyInRed
#uglybeauty
@elephantdee
#徐熙娣",105145,486,"['uglybeauty', '囍', 'LadyInRed', '徐熙娣']"
207,2019-03-25 22:32:16,"紅衣女孩
一個人看會怎樣？
#囍
#LadyInRed
#uglybeauty",50645,1176,"['uglybeauty', '囍', 'LadyInRed']"
208,2019-03-25 12:22:45,"She's coming to y'all~
大囍之日你們都會來吧！
#LadyInRed
#紅衣女孩
#uglybeauty
@elephantdee",59709,608,"['紅衣女孩', 'uglybeauty', 'LadyInRed']"
209,2019-03-17 12:49:49,"日常整熊
大頭大頭下雨很愁",96577,579,[]
210,2019-03-16 13:13:41,"讓我再次開啟，閱讀電流驚人的力量！！
#readingfun
#exploring
#estherperel
#tedtalk
#AnyoneWhosEverLoved!
#必讀",42246,222,"['AnyoneWhosEverLoved', 'estherperel', 'exploring', '必讀', 'tedtalk', 'readingfun']"
211,2019-03-12 12:53:02,"Life sucks
#祝您旅途愉快#消極掰
#uglybeauty
再次謝謝Jeff 導演 躺好躺滿之懶人消極法創意發想💕💕",54457,655,"['消極掰', '祝您旅途愉快', 'uglybeauty']"
212,2019-03-11 15:47:12,"喪志了
就躺好
#mondayblue
#消極掰
#lifesucks
#uglybeauty",127194,759,"['消極掰', 'lifesucks', 'mondayblue', 'uglybeauty']"
213,2019-03-11 15:33:47,"#消極掰
#everydayblue
#uglybeauty
#lifesucks",62126,274,"['消極掰', 'uglybeauty', 'everydayblue', 'lifesucks']"
214,2019-03-06 17:10:05,,40814,430,[]
215,2019-03-05 17:42:56,,168521,1918,[]
216,2019-02-23 07:23:57,"The Bvlgari's Angels!

@celiakritharioti #Bvlgari #EclecticGlam #BvlgariFallWinter19 #BvlgariAccessories #MilanFashionWeek",227522,1734,"['Bvlgari', 'BvlgariFallWinter19', 'BvlgariAccessories', 'MilanFashionWeek', 'EclecticGlam']"
217,2019-02-23 07:17:42,"Always a pleasure to see the one and only JEAN 💕💕 thank you for having me back again ! 
#Bvlgari #EclecticGlam #BvlgariFallWinter19 #BvlgariAccessories #MilanFashionWeek",97386,255,"['Bvlgari', 'BvlgariFallWinter19', 'BvlgariAccessories', 'MilanFashionWeek', 'EclecticGlam']"
218,2019-02-23 07:11:07,"迷你蛇魔女 怎能放手？！ The micro bag 💕💕💕
#Bvlgari #EclecticGlam #BvlgariFallWinter19 #BvlgariAccessories #MilanFashionWeek
@lanecrawford 
@toni_maticevski 
@bulgariofficial
@giuseppezanotti
@mireialmontoya",77198,194,"['Bvlgari', 'BvlgariFallWinter19', 'BvlgariAccessories', 'MilanFashionWeek', 'EclecticGlam']"
219,2019-02-22 17:37:57,"#都好看 
#怎麼辦
@zhonglin_",31790,135,"['怎麼辦', '都好看']"
220,2019-02-22 17:35:27,,71990,371,[]
221,2019-02-22 17:32:07,"I'm OK, if I werent your type of successful!

#AOK
#okmagazine
@zhonglin_
@happyyali
@hairculturehk",111187,853,"['AOK', 'okmagazine']"
222,2019-02-22 17:29:07,"I'm OK, if I werent your type of beautiful!

#AOK
#OKmagazine",47739,177,"['AOK', 'OKmagazine']"
223,2019-02-22 17:18:02,A OK!,34568,165,[]
224,2019-02-21 17:58:56,"愛死了！💕
Sing your lungs out 
#必看
#fearlesslivesforever
#bohemianrhapsody 
#queen",36015,312,"['bohemianrhapsody', '必看', 'queen', 'fearlesslivesforever']"
225,2019-02-20 23:48:13,"See ya sooooon @bulgariofficial 💕💕💕#SerpentiForever#milano
#蛇魔女包
#小鴨黃
#春神來了怎知道",108595,542,"['SerpentiForever', 'milano', '小鴨黃', '蛇魔女包', '春神來了怎知道']"
226,2019-02-19 19:20:44,"元宵節～～
#咸湯圓
#滿月
#lanternfestival",73450,567,"['咸湯圓', '滿月', 'lanternfestival']"
227,2019-02-16 10:23:15,"當舞蹈不再為了比較或競賽～
只是一種表達，一種發洩，一種生活
#bodytalk
#expressYourself
#另外還有玫瑰少年劇情正式版
#玫瑰少年
#womxnly
#uglybeauty
#musicvideo",143324,871,"['玫瑰少年', '另外還有玫瑰少年劇情正式版', 'womxnly', 'uglybeauty', 'musicvideo', 'bodytalk', 'expressYourself']"
228,2019-02-16 00:00:23,"I can't describe how appreciative I am of these amazing dancers and my precious, talented choreographer @kieltutin and director @ryanparma !! i really really really enjoy seeing Y'all shine brightly on stage!  Womxnly is made for each one of those who had been suffocated for too long on any aspect of their lives! Let's just dont give a damn, just dance!
#womxnly
#uglybeauty",66840,471,"['uglybeauty', 'womxnly']"
229,2019-02-11 14:53:32,"千萬種風情
玫瑰玫瑰我愛你！
#玫瑰少女
#rose
#mangorosemousse
#desert
#mylove
#happyvalentinesday",123281,749,"['happyvalentinesday', 'rose', 'desert', 'mangorosemousse', '玫瑰少女', 'mylove']"
230,2019-02-09 10:31:28,"又遇見了初雪了💕
#悸動的心
#firstsnow",150392,706,"['悸動的心', 'firstsnow']"
231,2019-02-04 20:52:18,"吃好吃滿
#快樂豬年
#除夕夜
#yearofpig",124025,690,"['yearofpig', '快樂豬年', '除夕夜']"
232,2019-02-04 18:40:14,"新年快樂～
HAPPY PIG YEAR
#沙發馬鈴薯模式
#happychinesenewyear",76452,661,"['happychinesenewyear', '沙發馬鈴薯模式']"
233,2019-02-02 22:42:02,"祝福我心中幸福美滿標杆之最，家姐永遠20歲 生日快樂🎂 @jo_tsai_
@jerry.lin.52687",82257,301,[]
234,2019-01-31 22:53:34,"豹豹的～
#凌時差尾牙 預祝大夥豬年大豐收～～～
再次大大滴感謝 @luisaviaroma 每年的大禮！ 啾咪",88301,422,['凌時差尾牙']
235,2019-01-30 18:37:53,"蔡爹地與女孩們的約會 依舊逃不了自拍，以及美顏哈哈哈 
@jo_tsai_",124168,470,[]
236,2019-01-29 10:49:44,"姐妹一大早密我，說要跟我訂這套婚紗
我說，怕是銷售一空！
#hotdress
#帶貨
#知名禮服設計師款
#sitdownplease
#hubby
#uglybeauty",184825,1645,"['帶貨', '知名禮服設計師款', 'hubby', 'uglybeauty', 'sitdownplease', 'hotdress']"
237,2019-01-28 18:31:03,"時尚 誰說的算？
#半屏山說得算
#龍蝦小姐
#sitdownplease",145560,1426,"['龍蝦小姐', 'sitdownplease', '半屏山說得算']"
238,2019-01-28 17:40:08,"看腦公找到好腦公
#腦公
#hubby
#uglybeauty
#musicvideo
#80s 
#HongkongStyle
#喜劇類別
#姻緣女神吳君如
#香港燒臘工會理事長兒子鄭愷
#酒令茶餐廳千金小姐
#高富帥
#矮瘦美",89835,1074,"['矮瘦美', 'hubby', 'uglybeauty', '喜劇類別', 'musicvideo', '腦公', '80s', '香港燒臘工會理事長兒子鄭愷', '酒令茶餐廳千金小姐', 'HongkongStyle', '高富帥', '姻緣女神吳君如']"
239,2019-01-26 23:58:56,"帽子都不會掉 也需要你同意？ 
#髮型師心臟辣很多拍
甜秘密大腿肌練起來好嗎？
@heibiebie
@moschino
#bluebelltw",136697,835,"['髮型師心臟辣很多拍', 'bluebelltw']"
240,2019-01-26 23:53:16,"Kkbox 風雲榜
#小巨蛋
#新歌連三不拉三
#uglybeauty
#live
@moschino
#bluebelltw",90882,395,"['live', 'uglybeauty', '新歌連三不拉三', '小巨蛋', 'bluebelltw']"
241,2019-01-26 00:07:47,"綁架網美 
聽說他人人都好！而且還凍齡！
@bichon_whoohoo",97705,307,[]
242,2019-01-24 12:11:08,"腦公來惹
#hubby
#musicvideo
#uglybeauty
#看腦公找到好腦公
#港片年代",126145,1732,"['hubby', 'uglybeauty', '港片年代', 'musicvideo', '看腦公找到好腦公']"
243,2019-01-23 14:11:15,"我：
拿到腳本 哈哈哈哈
拍攝期間 哈哈哈哈哈哈哈哈哈哈哈哈
看到初剪 哈哈哈哈哈哈
歌迷：________
#腦公
#hubby
#uglybeauty
#80年代
#一代玉女風格造型
#酒令茶餐廳千金
再次謝謝幽默大師Jeff導演的創意和發想,以及鄭愷和君如姐義不容辭的加入，小的感到榮幸至極。

摯愛的歡笑一籮筐即將登場～ 敬請期待 
#愛神來到怎知道
@mrselfportrait
@lanecrawford",129994,1010,"['酒令茶餐廳千金', '80年代', 'hubby', 'uglybeauty', '一代玉女風格造型', '腦公', '愛神來到怎知道']"
244,2019-01-23 12:42:13,"我餓故我在

@bichonwhoohoo",75422,325,[]
245,2019-01-20 21:37:43,"謝謝今日怪美的來賓們的熱情應援，小女和小肥熊以及所有的同事們都倍感窩心！！原來大家都還在，也都變得更美更帥更嘴甜了！

回想自己還是受精卵的時候， 還真壓根想不到，20年後還再流行簽名會！人類真是稀奇啊！

#再次謝謝大家協助慶生讓我家水瓶少女母驚喜萬分
#水瓶座正式湧出
#uglybeauty
#偶像見面會
@bichonwhoohoo
@waltervanbeirendonckofficial
@d_antidote
@runway_workshop
@swarovski",90077,516,"['偶像見面會', '水瓶座正式湧出', 'uglybeauty', '再次謝謝大家協助慶生讓我家水瓶少女母驚喜萬分']"
246,2019-01-17 19:37:56,#Pony red,122239,840,['Pony']
247,2019-01-15 08:11:14,"谷摸尼 ~~~一早笑嗨嗨～(laugh hi hi) 
#四年前的虎
#開庭",94137,762,"['四年前的虎', '開庭']"
248,2019-01-14 20:00:01,,112309,559,[]
249,2019-01-11 19:32:08,"1/20台北legacy 
1/27高雄live warehouse
#簽名簽到完💕💕
#uglybeauty
#尾牙紅色見面會
#fanmeeting",129206,1202,"['簽名簽到完', '尾牙紅色見面會', 'uglybeauty', 'fanmeeting']"
250,2019-01-09 16:15:58,寶貝，你站前面，臉還小成這樣！ 行走的無他？莫非,174101,863,[]
251,2019-01-08 22:51:01,"謝謝 @yourmajestycake 的寵愛～ 
肥又可以增肥個幾天！ 
#happyForeverYoungDay
#petcake
#birthday
#Whoohoo
#皇后陛下yourmajesty",79365,345,"['birthday', 'petcake', 'Whoohoo', 'happyForeverYoungDay', '皇后陛下yourmajesty']"
252,2019-01-07 23:16:02,"昨日份的#甜秘密
拍好拍滿
#yourmajestycake
#sweetGuiltyPleasure",106013,750,"['甜秘密', 'yourmajestycake', 'sweetGuiltyPleasure']"
253,2019-01-06 17:20:02,#美圖秀秀 #MeituApp,103646,589,"['美圖秀秀', 'MeituApp']"
254,2019-01-03 22:02:17,,96726,771,[]
255,2019-01-03 19:20:50,"#紅衣女孩 
#髪網都買起來好嗎！",55781,246,"['髪網都買起來好嗎', '紅衣女孩']"
256,2019-01-03 19:12:35,I like it RED~~~,87906,431,[]
257,2019-01-03 10:22:59,"也許遇見你 是如此簡簡單單的我
#Instyle
#coverstory",111409,496,"['Instyle', 'coverstory']"
258,2019-01-03 10:20:34,"In style 
#coverstory
#SerpentiForever 
#bulgari
#red",48210,158,"['red', 'coverstory', 'SerpentiForever', 'bulgari']"
259,2019-01-01 14:36:18,"It's a wrap ,byebye2018
💕💕",85508,392,[]
260,2019-01-01 14:35:18,"It's a wrap~ byebye2018

@alessandrarich
@tibi
@kennethjaylane
@netaporter
@giuseppezanotti",129611,574,[]
261,2019-01-01 11:47:36,"Thank u all my love !! this haka ceremony for my new album ,ugly beauty made me burst in tear ,don't know why~~ Guess there must be a lot of love and blessings among them! I am sooooooo lucky to have u all @kieltutin @funkypinokio and the girls,  as an invincible team on stage!  I've learned sooooo much from u all! U r greater artists in life! 
Dance till we die ,shall we ???
@todd_williamson
@carlflavell",38574,284,[]
262,2018-12-31 20:22:33,"今天回顧了自己2018的日記，確認是豐盛，自我跨越的一年～為自己感到驕傲 ～也謝謝在留言中，捍衛我疼我愛我關心我的你！愛是需要行動支持的，而你真的也毫無保留的展現給我看！我真的很幸運能擁有你！！ 謝謝你，我愛你！2019我準備好了 
#2019HereiCome
#happynewyear",92650,1070,"['happynewyear', '2019HereiCome']"
263,2018-12-30 16:34:03,"流感疫苗不嗎？確定？

#打了包你流行！
#怪美的
#uglybeauty",93799,478,"['怪美的', '打了包你流行', 'uglybeauty']"
264,2018-12-30 16:27:24,"病了跟我說 
我幫你打針！
#Uglybeauty
#Dr.Jolin",123817,745,"['Dr', 'Uglybeauty']"
265,2018-12-29 14:18:52,"消極掰～
#lifesucks
#蔡依林新專輯uglybeauty
#happy2019",116897,947,"['lifesucks', 'happy2019', '蔡依林新專輯uglybeauty']"
266,2018-12-27 17:12:41,"Lady in Blk~

@verawanggang 
#VeraWang",159339,942,['VeraWang']
267,2018-12-27 16:54:11,"辦案很累的好嘛！
In Beauty We Trust 
#uglybeauty
#怪美的",113886,697,"['怪美的', 'uglybeauty']"
268,2018-12-27 11:36:03,"門可羅雀
#宜翎海鮮樓
#揮蒼蠅
#羊咩咩副市長
#怪美的",82141,363,"['羊咩咩副市長', '宜翎海鮮樓', '怪美的', '揮蒼蠅']"
269,2018-12-27 09:47:06,#uglybeauty,96614,888,['uglybeauty']
270,2018-12-26 23:38:59,"宜翎海鮮樓 店小二展示得獎作品
#怪美的
#uglybeauty",121809,694,"['怪美的', 'uglybeauty']"
271,2018-12-26 00:16:46,"前天，在歌詞版 mv下方看到一則歌迷為怪美的翻譯英文歌詞的留言，他說一定要讓更多人了解我的音樂。
當時看到時 ，眼淚就不由自主的掉了下來。
那感動彷彿是來自一股神秘的力量。
像是，自己瞬間變成了海上的一波浪 ，抵達岸邊的時， 還以為，自己孤單一人，回頭看才發現，其實我並不寂寞，因為，我明白，少了那片無邊無際汪洋的推動，我終究是抵達不了岸邊的！
而那片富足的海洋 ，正是所有 ugly beauty團隊和所有所有所有所有，萬萬千千歌迷的愛和支持！！ 我是一位如此幸運的女孩 ！能在大家的愛中，一步一步的往前邁進！
再次，謝謝所有在我這漫長的演藝之路中，不斷默默地給我鼓勵，加油打氣的你！ 你無疑的是我繼續留在音樂圈的動力！ 
真心的謝謝你！
不論這張的成績和評價如何，我知道你的愛會一直都在！ 
謝謝你的等待！ 
希望沒讓你失望！ 
最後，請怒點我的歌！ 
越憤怒激昂越好！
我一點都不介意 😄😄
GO!",78371,1581,[]
272,2018-12-25 11:47:10,"明天啊～
醜媳婦就要見公婆了
是需要跟你說的吧
#uglybeauty
#聖誕樹🎄
#merrychristmas",108700,778,"['merrychristmas', 'uglybeauty', '聖誕樹']"
273,2018-12-24 21:21:40,"哺乳類V.S爬蟲類
的氣場部分～
#uglybeauty",69792,322,['uglybeauty']
274,2018-12-23 23:45:00,"畫星星的日子！
紅色聖誕節",30201,175,[]
275,2018-12-23 23:43:51,"謝謝宣傳團隊～
#怪美的",61754,246,['怪美的']
276,2018-12-22 19:02:13,"昨夜的， #uglybeauty 佈道大會

願2019風調雨順",57894,307,['uglybeauty']
277,2018-12-22 12:05:13,洗車嗎來賓,86984,642,[]
278,2018-12-20 17:23:14,"Who's guilty !
#uglybeauty
#l怪美的",96982,649,"['l怪美的', 'uglybeauty']"
279,2018-12-18 11:55:08,"激吻後 睫毛都站起來 也需要跟你說？！ @Versace 
@karlaotto 
@stuartweitzman 
@swarovski",65268,391,[]
280,2018-12-18 11:49:41,"日不落還是得送上的！（到底誰能擊退日不落！著實讓我期待啊～～～）
#2018嘉人中國風

@Versace 
@karlaotto 
@stuartweitzman 
@swarovski",46026,202,['2018嘉人中國風']
281,2018-12-17 22:06:17,#pony,50318,296,['pony']
282,2018-12-17 22:04:31,,32129,206,[]
283,2018-12-15 20:29:07,"娃娃音的驚呼！！！！！ 確認世界上最幸運的ugly beauty 是我！
謝謝謝謝#diptyque
#香氛蠟燭控",47242,258,"['diptyque', '香氛蠟燭控']"
284,2018-12-14 13:36:43,"To each one of the fighter /lover for life, I salute!
致泥濘中生長的生命故事
#uglybeauty
#怪美的",64170,493,"['怪美的', 'uglybeauty']"
285,2018-12-14 13:36:15,"To each one of the fighter /lover for life, I salute!
致泥濘中生長的生命故事
#uglybeauty
#怪美的",45334,215,"['怪美的', 'uglybeauty']"
286,2018-12-14 00:23:30,"韓文中文英文都難不倒姐的～呼
#粉絲寶的語言天分很足
#正式版確定不要限量嗎會很好玩的啊！😯",50928,491,"['正式版確定不要限量嗎會很好玩的啊', '粉絲寶的語言天分很足']"
287,2018-12-10 19:16:17,認真接案子,67809,490,[]
288,2018-12-10 11:39:56,"消防，水電工程的部分～
請洽電～
@yproject_official
@swarovski
@balenciaga",88958,548,[]
289,2018-12-10 11:36:22,"昨日笑嗨嗨的咪咕活動日
#蔡依林你給我過來
@yproject_official
@swarovski
@balenciaga",47577,200,['蔡依林你給我過來']
290,2018-12-09 14:41:13,"Status : At school😄

@miumiu
@swarovski
@stuartweitzman
@karlaotto",79563,433,[]
291,2018-12-04 19:21:56,"發現要解釋自己的專輯故事， 就不小心嚴肅了起來！ 
真心謝謝所有媒體的耐心和好奇！！希望你們別失望今天沒能嘻嘻哈哈。
但，來賓啊～專輯的音樂是輕鬆的奔放的！不要怕！
#uglybeauty 預購起～
最後 祝福大家都拿到自己想要的日記本顏色！ good luck !（對自己說）",76835,554,['uglybeauty']
292,2018-12-04 19:06:13,#uglybeauty,50246,198,['uglybeauty']
293,2018-12-04 19:02:19,#uglybeauty,49226,179,['uglybeauty']
294,2018-12-04 19:02:03,#uglybeauty,45795,130,['uglybeauty']
295,2018-12-04 19:00:39,#uglybeauty,36756,122,['uglybeauty']
296,2018-12-04 19:00:25,#uglybeauty,58593,258,['uglybeauty']
297,2018-12-04 19:00:10,#uglybeauty,85581,426,['uglybeauty']
298,2018-12-04 18:58:52,#uglybeauty,36556,113,['uglybeauty']
299,2018-12-04 10:08:14,"#uglybeauty
怪美的
#prelude",44762,964,"['prelude', 'uglybeauty']"
