,time,post_caption,likes,comments,tags
0,2019-12-10 22:17:59,"Got no fears X Cody sanderson 
12月14號 限量發售 
@codysanderson_official  @codysandersondesigns
@gotnofears_official #gotnofears_official #codysanderson #codysandersondesigns",41310,352,"['gotnofears_official', 'codysanderson', 'codysandersondesigns']"
1,2019-12-09 10:28:46,"今回MASTERMINDのデザイナー本間さんと一緒に話せて、お互いのブランドストーリーをシェアして、本当にすごく勉強になりました！
Aikoさんも出会えて、嬉しかったです！
これから宜しくお願いします！

很開心跟MMJ設計師本間先生ㄧ起分享彼此的品牌故事 真的學到了很多！
也很開心認識了Aiko小姐 希望我們之後都越來越好！
#mastermind #gotnofears_official #feellikejp",51715,155,"['feellikejp', 'gotnofears_official', 'mastermind']"
2,2019-12-03 13:35:25,"安靜 感受 
#futura #mastermind #gotnofears_official",45370,220,"['futura', 'gotnofears_official', 'mastermind']"
3,2019-12-01 23:08:53,"GNFカフェ無事に終わりました！
皆さん来て頂いて、ありがとうございます！
アフターパーティーで、MIHARAさんも来て頂いて、ありがとうございます！
これから、楽しみしましょう！

GNF cafe 活動相當成功 感謝所有來支持GNF的朋友們 很開心在after party 上認識了MIHARA先生 我越來越期待GNF的未來 加油 💪Got no fears

@gotnofears_official @miharayasuhiro_official 
#gotnofears_official @restirofficial",80411,297,['gotnofears_official']
4,2019-11-29 22:32:52,"Got no fears X codysanderson 🔥🔥🔥🔥🔥🔥🔥🔥🔥🔥
@gotnofears_official @codysandersondesigns @codysanderson_official #gotnofears_official",58775,227,['gotnofears_official']
5,2019-11-29 01:04:19,"リステアは私が毎回日本に来る時に絶対行く店、探したい物はいつもここで見つけられる！
メンズもレディースもグッズもある！
日本のトップセレクトショップ！
毎回ショッピングしに行く時に、いつか自分のブランドがここで置くことは目標として、考えてる。
今！
11月30日明後日！11時からオープン、イベントは14時から！赤坂9-6-15 1階！
私のブランドとリステアは初めてコラボレーション！
今回のコラボレーションはずっと期待してること！
皆さんと一緒にこのことを楽しめたい！
シェアしたい！
目標達成！！！！！！
ここで待ってるよ！
絶対来てね！！！ RESTIR是我每次來東京時都會去的ㄧ家復合式精品店 而且在裡面我總能找到我想要的商品 有男裝也有女裝當然在裡面還有很多驚喜小物 每次去那家店時 我都有個目標是希望有一天自己的品牌也能夠放在這裡跟大家分享 現在 11月30日 我的品牌got no fears首次跟RESTIR合作了 我一直很期待這次的合作 我也想和大家一起分享 我的目標實現了 
11月30日 11點開始 2點活動開幕 
地點 東京 赤阪9-6-15 1樓
@restirofficial @gotnofears_official @ronenglish @codysanderson_official @codysandersondesigns #gotnofears_official",53523,184,['gotnofears_official']
6,2019-11-23 15:28:20,"笑ㄧ個😁😁😁
#gotnofears_official #ronenglish",71028,292,"['ronenglish', 'gotnofears_official']"
7,2019-11-21 22:37:26,"【★GOTNOFEARS★ CAFE at RESTIR】即將在東京開始品牌快閃咖啡店

RESTIR成立于2000年，其明確的願景是在東京城市市場開拓領先的多品牌公司，RESTIR迅速確立了自己的地位，成為六本木市最高檔的奢侈品和商品的供應商。 RESTIR融合了高端設計師和新興設計師的作品，是一個展示時尚至高無上的想像力和創造力的商品的空間。 佔據三層樓，每層樓都採用不同的概念進行精美獨特的策劃。 精品店只提供優質商品；其中許多是世界頂級設計師的獨家專賣店或限量版作品。 RESTIR理想的商品已培養出一批客戶，這些客戶由東京時尚行業的領導者組成，他們始終渴望看到每個季節的必備單品。 ★GOTNOFEARS★與RESTIR合作開展了一個新型態的聯名期間限定店，特別做了兩款獨家的聯名商品展示了與RESTIR推出合作獨家款聯名商品T-Shirt、Hoddie。從自身品牌到其他各種品牌的合作過的限量商品應有竟有，連日本都還買不到的 ★GOTNOFEARS★ 的新商品、RONENGLISH的聯名商品也會在這次的活動裡陳列。而不僅限於時尚、生活、服飾到飾品都帶給大家全新的體驗。 為期一週的期間限定店將在11/30-12/6 舉行，開幕日30號，也預定會舉辦MEET&GREET TALK SHOW。

購入特典活動
1 MEET & GREET (簽名&合照) 活動地點: GOT NO FEARS CAFE
活動時間: 2019年11月30日(六) 14:00 - 18:00
條件: 當天到18:00前，購入“RESTIR獨家聯名商品”合計¥12,000(不含稅)，即可參加。 *先到的先領號碼牌，會有人數限制。
*簽名只會簽在當日在會場購入的商品，或者當日所給的紀念卡上。 *用客人自己的手機或相機拍照。
2 TALK SHOW (SHOW LO對談秀現場) 活動場所: GOT NO FEARS CAFE
活動時間: 2019年11月30日(六) 19:00 - 19:45
條件:當天到18:00前、購入合計¥30,000(不含稅)，以上即可參加。 *先到的先領號碼牌，會有人數限制。
* TALK SHOW，禁止拍照攝影。

活動時間
2019年11月30日星期六 - 12月6日星期五
11:00 - 20:00

活動地點
〒107-0052 
東京都港區赤坂9丁目6－15 1F

販賣官方網站
RESTIR.COM
https://www.restir.com/",67757,200,[]
8,2019-11-09 21:39:08,"常常有人說抖音跟ig的我是兩個不同的世界
哈哈哈 我就喜歡這樣！
大家喜歡哪ㄧ張？",140998,1424,[]
9,2019-10-25 19:51:16,"希望大家認真看完我這ㄧ篇😞

你有試著了解過你自己嗎？你有試著逃避過真實的自己嗎？你認識了自己會害怕嗎？我會 ！在某ㄧ年的開始 我看著電視裡的我搞笑扮醜 不知道為什麼會從中得到平靜 會讓我覺得那個我是多麼的開心自在 但有時ㄧ個人在家我會哭 會躲著 會把整個家弄的很暗 想把自己關起來 但好在我接觸了抖音 讓我可以不管在家或是害怕自己的時候 可以用拍影片的方式 再度看到搞笑的自己 得到平靜 所以我很喜歡拍搞笑抖音 也希望可以藉由這個方式讓跟我有同樣遭遇的人 也能夠得到跟我ㄧ樣的喜悅與平靜 我不喜歡獨自看著鏡子裡的自己 會怕 也不喜歡看到倒影中的我 會恐懼 這幾年開始 我把只要能反射看到自己的東西全部搬離我的世界 我家人到現在都還不能理解我為什麼會變成這個樣子 我哭過 我大叫過 就沒能懂我 因為你們大家都不知道⋯⋯⋯⋯⋯⋯⋯⋯⋯⋯⋯⋯⋯⋯⋯⋯⋯⋯⋯⋯⋯⋯⋯⋯⋯⋯⋯⋯⋯⋯⋯⋯⋯⋯⋯⋯⋯⋯⋯⋯⋯⋯⋯⋯⋯⋯⋯⋯⋯⋯⋯⋯⋯⋯⋯⋯⋯⋯⋯⋯⋯⋯⋯⋯⋯⋯⋯⋯⋯⋯⋯⋯⋯⋯⋯⋯⋯⋯⋯⋯⋯⋯⋯⋯⋯⋯⋯⋯⋯⋯⋯⋯⋯⋯我害怕看到認真帥氣的自己 我怕 我害怕 你們懂嗎😩😩😩😩
謝謝你們花時間讀完我這篇來自心裡的真實故事 
如果有跟我同樣遭遇的朋友 我們加油 
我們ㄧ起～加油
#gotnofears_official",101662,1343,['gotnofears_official']
10,2019-10-25 14:00:19,"很棒的禮物！
Thx My friend ❤️
@sklamallrightsreserved  @verdy @meet_project  @ARR.AllRightsReserved @ddtstore
#MEET_PROJECT #MEETVerdyGallery #MEETVICK #Verdy #AllRightsReserved #DDTStore",54382,199,"['MEETVICK', 'DDTStore', 'AllRightsReserved', 'MEET_PROJECT', 'Verdy', 'MEETVerdyGallery']"
11,2019-10-22 21:19:03,"終於～
 #gotnofears_official",49081,656,['gotnofears_official']
12,2019-09-27 22:11:56,"這是ㄧ張有故事的照片 
你們覺得是什麼呢？
#gotnofears_official #fr2 #fxxkingrabbits",93351,746,"['fxxkingrabbits', 'fr2', 'gotnofears_official']"
13,2019-09-24 17:52:28,以前看到木村做這嘴型 我看到馬上學起來 哈哈哈 今天終於可以跟招牌嘴的始祖ㄧ起做 但因為本人臉部僵硬做的不太好 但滿足了！#木村拓哉,144109,1000,['木村拓哉']
14,2019-09-17 14:33:45,不管去哪玩 都要帶著媽媽ㄧ起去 ㄧ起分享我看到的人事物 😘,128604,727,[]
15,2019-09-14 08:41:18,"你們早上好 我這晚上好！
@gotnofears_official #gotnofears_official",131614,533,['gotnofears_official']
16,2019-09-13 18:22:12,"紐約不管來過幾次 時代廣場都是必備要去的地方！
#gotnofears_official @gotnofears_official",137683,596,['gotnofears_official']
17,2019-09-12 14:31:40,"用你最愛的ㄧ張照片 
放在9月12號的這ㄧ天 
生日快樂 😘@gracechowwwww",254959,3303,[]
18,2019-08-25 19:16:15,"常常有人問我 唱歌 演戲 主持 我喜歡哪個 ？那現在我問問大家 唱歌 演戲 主持 你們喜歡我哪ㄧ個？
@gotnofears_official #gotnofears_official",163307,2633,['gotnofears_official']
19,2019-08-23 20:44:11,"就算夜晚 也要當個耀眼的無懼者🏴
@gotnofears_official #gotnofears_official",166404,579,['gotnofears_official']
20,2019-08-13 13:44:47,"這個禮拜六 G.N.F又要搞事了！
🔥岩漿帽 🔥限量20頂 
Gotnofears Lava Dad Cap / Limited Edition
@gotnofears_official #gotnofears_official",48436,451,['gotnofears_official']
21,2019-08-11 21:04:28,"當我們碰在ㄧ起 你們覺得會發生什麼事？ 
俺たちが一緒にいるって事は、
何が起きるか予測できるか？
@fxxkingrabbits @vanquishceo @gotnofears_official #gotnofears_official #fxxkingrabbits #FR2",154808,885,"['fxxkingrabbits', 'gotnofears_official', 'FR2']"
22,2019-08-09 17:40:06,"開始營業 
@gotnofears_official #gotnofears_official",99016,505,['gotnofears_official']
23,2019-08-03 14:58:07,"乍看之下我好像光頭帶著墨鏡😎
#travisscottjordan #travisscottjordan6 #jordan6 #travisscott #gotnofears_official",87181,527,"['travisscott', 'jordan6', 'travisscottjordan6', 'gotnofears_official', 'travisscottjordan']"
24,2019-08-02 19:06:36,喜歡哪ㄧ張？,174571,2623,[]
25,2019-08-01 21:57:32,"有空來晃晃喔！
GOTNOFEARS 地址：
台北市忠孝東路四段 216巷19弄16號1Ｆ
#travisscott #jordan1 #gotnofears_official #travisscottjordan1 #gshock",79778,553,"['travisscott', 'gshock', 'jordan1', 'gotnofears_official', 'travisscottjordan1']"
26,2019-07-31 22:10:04,"本來只是想跟家人簡單吃個飯來度過自己的生日 結果ㄧ回到家 打開了門 卻發現了ㄧ個大驚喜 我是真的被嚇到了 這天衣無縫的搭配計畫 真的太強了 謝謝你自己偷偷策劃這ㄧ切 也謝謝媽媽為我煮的生日餐 謝謝朋友們為了要騙我瞎掰了很多善意的謊言 不管怎樣 我真的很開心 愛你 @gracechowwwww 
我人生第2個20歲開始了 所有的ㄧ切都要好好的 加油！",193631,4403,[]
27,2019-07-26 14:53:14,謝謝小霜秘密幫我安排 雖然中間有人破梗 但我也沒發現什麼 算成功啦 哈哈哈開心！ @kinihsu,133122,909,[]
28,2019-07-14 19:33:45,大功告成 本人塗鴉的AJ創作 從鞋底到鞋面 只有一雙 有人想要嗎 😎,146398,1921,[]
29,2019-07-13 14:26:57,"今天是CTO首場演唱會售票的日子
讓我想起我第一次辦演唱會的時候心裡的期待和忐忑
每一次的熬夜練習 每一次跌倒再站起來
都是為了能踏上那個舞台 證明自己
一路上看著他們朝夢想的路前進
我比誰都希望他們能展翅高飛
請給他們一個展現實力的機會
你一定會對他們另眼相看

8月31號我們ㄧ起來見證他們的成長吧 🔥🔥🔥🔥🔥🔥
2019最燥男團C.T.O <START IT> First Concert ✦演出日期：2019/08/31(六) 19:30
✦演出地點：台大綜合體育館1F多功能球場
✦售票系統：拓元售票系統
✦售票連結：https://tinyurl.com/y6n9bnuj
✦演出票價：3200/2000(全區站席)
✦售票相關注意事項請上拓元售票系統頁 ✦主辦單位：華貴娛樂
✦經紀公司：創造力娛樂有限公司
✦媒體協力：環球唱片",33315,205,[]
30,2019-07-10 17:33:27,"不要因為年紀而去限制自己 
跟著心走才能～永保年輕",119524,1090,[]
31,2019-07-07 17:57:58,"★GOTNOFEARS★
7月28號 台北開幕在東區
你們來嗎？
@gotnofears_official 
#gotnofears_official",79935,527,['gotnofears_official']
32,2019-07-03 22:43:00,"Nice to meet you ,my bro👊
@codysandersondesigns
#gotnofears_official",116234,401,['gotnofears_official']
33,2019-06-29 17:49:56,"很中我的味 ！哈哈哈 
#COMMEdesGARCONS #NIKESHOX #gotnofears_official",70172,314,"['COMMEdesGARCONS', 'NIKESHOX', 'gotnofears_official']"
34,2019-06-28 13:55:46,"Very happy to have visited the first large exhibition of @gummifetus . Jason not only gave the guided tour of his creative journey with passion, but shared the story of how he met his fiancee. Thank you for your invitation. And I wish your exhibition a big success!!
P.S. Don't forget you've promised dissecting my favorite toy figure . 🤜🏼🤛
#gotnofears_official
#jasonfreeny",83008,415,"['gotnofears_official', 'jasonfreeny']"
35,2019-06-25 10:23:41,"富士山 xx 超可愛い！
@KAWS #KAWS #KAWSHOLIDAY @ARR.AllRightsReserved #AllRightsReserved #Japan #mtfuji #HerschelSupply",49988,503,"['KAWSHOLIDAY', 'KAWS', 'HerschelSupply', 'AllRightsReserved', 'mtfuji', 'Japan']"
36,2019-06-22 14:01:56,"👍
@ronenglishart @gotnofears_official #gotnofears_official",128449,628,['gotnofears_official']
37,2019-06-21 21:04:19,"🔥ronenglishart ✖️got no fears 🔥
藝術跟品牌的結合 今天公佈聯名公仔🦁

@ronenglishart @gotnofears_official #gotnofears_official #ronenglish",177332,503,"['ronenglish', 'gotnofears_official']"
38,2019-06-21 18:20:30,"來工作 穿新鞋😄
#yeezy350 #gotnofears_official",79272,498,"['gotnofears_official', 'yeezy350']"
39,2019-06-21 11:15:12,"從三歲就會打鼓的我 這不收藏 太對不起我自己了！
🔥drum🔥
#supreme #gotnofears_official",114986,675,"['gotnofears_official', 'supreme']"
40,2019-06-20 21:43:27,元大鷹今～天依然很準🏀🔥,52059,785,[]
41,2019-06-17 22:41:02,"2019.06.20  coming soon.
柏林見！

@damurfashion
#DAMUR
#gotnofears_official
#galarieslafayette
#DAMURgotnofears",72622,332,"['DAMUR', 'gotnofears_official', 'DAMURgotnofears', 'galarieslafayette']"
42,2019-06-11 21:27:07,"see you soon 😉
@inception_co
@gummifetus
@Mightyjaxx  @oceanhsuan
#玩具解剖展 #JASONFREENYASIA
#我把玩具解剖了 #怪可愛的
#INCEPTION啟藝 #jasonfreeny #mightyjaxx",102010,457,"['mightyjaxx', 'JASONFREENYASIA', '怪可愛的', 'INCEPTION啟藝', '玩具解剖展', '我把玩具解剖了', 'jasonfreeny']"
43,2019-06-11 20:53:52,Thank you for supporting my brand n looking forward to our collaboration! Can’t wait to see you bro!@icecube @gotnofears_official #gotnofears_official,143121,435,['gotnofears_official']
44,2019-06-11 15:54:17,"✌️
#gotnofears_official #yeezy350",80092,450,"['gotnofears_official', 'yeezy350']"
45,2019-06-05 21:26:44,走👉迎接下ㄧ個工作💪,135914,1881,[]
46,2019-05-24 22:41:40,"開心可以分享我的收藏品 
謝謝蘇富比的專訪 
這次的主題是supreme
 @sothebys",53646,217,[]
47,2019-05-21 22:52:18,"🔥
#yeezy350 #kaws",55964,516,"['kaws', 'yeezy350']"
48,2019-05-19 22:50:27,"Met a new friend because of the dance. Really looking forward to our next cooperation!
@melvintim2",83445,298,[]
49,2019-05-11 17:10:49,"考大家ㄧ個問題 
你女兒是我女兒的媽媽 
那我是你的誰？",68382,1999,[]
50,2019-05-10 11:08:11,"從這立下起點 直接衝到極限 ★GOTNOFEARS★

#gotnofears_official @gotnofears_official",101585,481,['gotnofears_official']
51,2019-05-09 04:13:34,回來只有ㄧ天的時間 把所有工作的事全都處理完後 還是要抓緊時間回家抱抱我可愛的媽媽！晚安各位💤,113922,420,[]
52,2019-05-08 20:21:31,神奇！,64334,1900,[]
53,2019-04-30 21:06:29,名人不說暗話 這錶真TM好看！,50140,447,[]
54,2019-04-29 14:46:16,"🖤
#supreme #supremeswarovski",117147,463,"['supremeswarovski', 'supreme']"
55,2019-04-27 19:59:59,"😎
#fearofgod #nike #fearofgodnike #amiri",106624,532,"['fearofgodnike', 'amiri', 'nike', 'fearofgod']"
56,2019-04-25 16:25:23,"很榮幸這次新專輯可以和藝術家 André 合作，收到他專程寄來的手稿禮物非常開心 @andresaraiva 🎁 It's an honor to work with such a great artist, Andre for my new album. Receiving his hand-made gift especially created for me has just made my day! Andre, looking forward to our next collaboration. 🙏❤
#andresaraiva #mrandre",49805,213,"['andresaraiva', 'mrandre']"
57,2019-04-22 17:47:50,口才不好的人 總是在夜晚才會想起 當時應該怎樣反駁別人的話😂,61343,766,[]
58,2019-04-19 14:35:52,"你們知道為什麼我要當搞笑諧星嗎？
因為⋯⋯⋯⋯⋯⋯⋯⋯⋯⋯⋯⋯⋯⋯⋯⋯⋯⋯⋯⋯⋯⋯⋯⋯⋯⋯⋯⋯⋯⋯⋯⋯⋯⋯⋯⋯⋯⋯⋯⋯⋯⋯⋯⋯⋯⋯⋯⋯⋯⋯⋯⋯⋯⋯⋯⋯⋯⋯⋯⋯⋯⋯⋯⋯⋯⋯⋯⋯⋯⋯⋯⋯⋯⋯⋯⋯⋯⋯⋯⋯⋯⋯⋯⋯⋯⋯⋯⋯⋯⋯⋯⋯⋯⋯⋯⋯⋯⋯⋯⋯⋯⋯⋯⋯⋯⋯⋯⋯⋯⋯⋯⋯⋯⋯⋯⋯⋯⋯⋯⋯⋯⋯⋯⋯⋯⋯⋯⋯⋯⋯⋯⋯⋯⋯⋯⋯⋯⋯⋯⋯⋯⋯⋯⋯⋯⋯⋯⋯⋯⋯⋯⋯⋯⋯⋯偶認真帥起來 連偶技己都會怕
#burberry #supreme",80266,1056,"['burberry', 'supreme']"
59,2019-04-15 14:00:41,"ㄟ 你們看 我偶像木村送禮物給我耶 哈哈哈好爽啊！離偶像又更進一步了 但如果有ㄧ天我見到本人 我哭的話 會不會很丟臉啊？
#木村拓哉",107963,670,['木村拓哉']
60,2019-04-12 16:49:14,我的背好癢 過來幫我抓抓😘,212096,1555,[]
61,2019-04-12 02:17:59,"隔了3年 在今天終於跟大家見面了 這張專輯取名為NO IDEA的原因 是因為我不想再給予它另一個生命去包裝我想說的 想唱的 也不想去多解釋一些官方的說詞  ㄧ切的想法 我只想聽到大家聽完後給我的反饋 這張專輯是完全很羅志祥的 裡面沒有任何ㄧ首是讓人感覺好像是因為某種原因或是被公司安排好必須要唱的歌 每首都是我的最愛 也是我想傳遞的 希望大家有空的話來聽聽我的專輯 我相信 你ㄧ定會喜歡的！
#chanelpharrell",143413,896,['chanelpharrell']
62,2019-04-10 17:55:58,"出發🛫北京
#supreme #jordan",51543,379,"['jordan', 'supreme']"
63,2019-04-07 17:25:36,"好久沒來日本工作了！
明日仕事頑張る💪
#chanelpharrell",110305,791,['chanelpharrell']
64,2019-04-04 01:51:06,"🌈
#chanelpharrell @chanelofficial",44565,217,['chanelpharrell']
65,2019-04-01 19:40:10,"牽牽手 逛逛街 我們有個小約會！
@willpan23",84034,580,[]
66,2019-03-28 21:15:30,"👊
#adidas #yeezy350v2  #vetements #amiri#clay",70404,424,"['clay', 'yeezy350v2', 'adidas', 'amiri', 'vetements']"
67,2019-03-23 16:24:11,你們在幹嘛？,66258,2788,[]
68,2019-03-22 15:06:40,你好 我是3號髮型師 你想剪什麼樣的髮型呢？,71753,843,[]
69,2019-03-21 16:42:56,"我的新專輯 NO IDEA 即將全面啓動
很開心這次專輯跟我非常喜歡的藝術家andresaraiva合作 希望大家會喜歡我這次作品 抱歉 讓你們久等了
羅志祥跟你們說聲 謝謝你們的等待🙇
@andresaraiva",56568,898,[]
70,2019-03-14 18:01:00,"這雙真的 太美了！
#solefly #jordan #jordan1 #nike #djkhaled",51695,284,"['jordan1', 'solefly', 'jordan', 'djkhaled', 'nike']"
71,2019-03-11 16:46:29,"KAWS Holiday Hong Kong
Thx kaws and sk lam
@kaws @sklamallrightsreserved @arr.allrightsreserved #KAWS #KAWSHOLIDAY #AllRightsReserved #asiamiles #DiscoverHongKong #HKArtsMonth
剛剛的嘴唇因為塗了滿滿的護唇膏 又沒塗均勻 導致我越看越不順眼 我選擇刪了重發 原諒我的強迫症 🙇",86625,398,"['KAWSHOLIDAY', 'asiamiles', 'KAWS', 'AllRightsReserved', 'HKArtsMonth', 'DiscoverHongKong']"
72,2019-03-07 22:53:09,"這個3月～好刺激呀👊
#vetements #converse",79989,339,"['converse', 'vetements']"
73,2019-03-05 19:40:59,"偶的勾勾是反的🙊
#travisscottjordan #nike #jordan1 #aj1 #richardmille",111085,714,"['aj1', 'richardmille', 'jordan1', 'travisscottjordan', 'nike']"
74,2019-03-03 16:41:31,💯#supreme,34942,227,['supreme']
75,2019-03-02 17:47:15,馬桶ㄧ坐 來個自拍📸,57092,458,[]
76,2019-02-27 17:35:51,"剛剛5點30分 我發了ㄧ個影片給朋友 
他5點32分回我說 笑死 
但⋯⋯⋯⋯⋯⋯⋯⋯⋯⋯⋯⋯⋯⋯⋯⋯⋯⋯⋯⋯⋯⋯⋯⋯⋯⋯⋯⋯⋯⋯⋯⋯⋯⋯⋯⋯⋯⋯⋯⋯⋯⋯⋯⋯⋯⋯⋯⋯⋯⋯⋯⋯⋯⋯⋯⋯⋯⋯⋯⋯⋯⋯⋯⋯⋯⋯⋯⋯⋯⋯⋯⋯⋯⋯⋯⋯⋯⋯⋯⋯⋯⋯⋯⋯那影片有四分鐘😞",75763,1136,[]
77,2019-02-19 13:59:29,剪了頭髮 再來過！,126472,1962,[]
78,2019-02-15 02:43:33,謝謝你們 有你們真好 ！,49029,279,[]
79,2019-02-04 22:09:38,"🔥Red 🔥
#fogessentials #richardmille",68980,465,"['richardmille', 'fogessentials']"
80,2019-01-30 20:11:16,"我不在家的時候 你們會自己玩嗎？
會不會像電影那樣 我只要ㄧ出門 你們就會聊天玩耍 😜
🔥Bounce 🔥
#nikeswoosh #supreme #kaws #bearbrick",86962,622,"['bearbrick', 'nikeswoosh', 'kaws', 'supreme']"
81,2019-01-28 20:54:39,"感謝工作團隊對我們真心付出與對待 團旅是為了讓我們彼此變的更近 謝謝你們 辛苦了 
2019 創造力還請大家繼續多多指教🙇‍♂️
@butterfly092288 @c.t.o_official #創造力",87729,251,['創造力']
82,2019-01-27 23:45:08,"東京 夜🌙
#readymade",84016,431,['readymade']
83,2019-01-22 22:36:04,"粉粉的～
#cdgnike
#airpresto
#amiri",82487,445,"['amiri', 'cdgnike', 'airpresto']"
84,2019-01-12 21:42:39,"星期六的夜晚 所以⋯⋯
#nitejogger",64705,374,['nitejogger']
85,2019-01-10 18:30:15,"ㄧ閃ㄧ閃亮晶晶 我的鞋有滿天星🌟
Thx adidas 🎉
#yeezystatic #yeezy350",74280,510,"['yeezystatic', 'yeezy350']"
86,2019-01-09 11:48:10,"Thx JJ✖️✖️
#KAWS #KAWSHOLIDAY #JJLin #JFJProductions #AllRightsReserved #ddtstore #Taipei 
@kaws @jjlin @JFJ_Productions @ARR.AllRightsReserved",44363,219,"['ddtstore', 'KAWSHOLIDAY', 'KAWS', 'Taipei', 'AllRightsReserved', 'JJLin', 'JFJProductions']"
87,2019-01-07 22:34:03,No joke 🚫,70163,422,[]
88,2019-01-06 19:58:27,"我旁邊這位最近很火 同時做了蔡依林跟我的新專輯音樂製作人 他不是別人 
他叫 @starrch3n 
我專輯終於錄完了🤘",74093,406,[]
89,2019-01-04 23:42:27,"今天去找好朋友五月天 打卡上班
老實說 我有嘉賓恐懼症 不管當誰的嘉賓我都會超緊張 但謝謝所有朋友們的熱情跟尖叫 讓我變的不緊張 玩的很開心 讚啦！",64264,874,[]
90,2018-12-29 19:02:16,"2018 辛苦了 🙇‍♂️
2019 請多指教🙋‍♂️
#balenciaga #amiri #yeezy350",51727,920,"['balenciaga', 'amiri', 'yeezy350']"
91,2018-12-23 21:44:13,"今天我當個跩跩哥😎
#philippplein",105128,866,['philippplein']
92,2018-12-19 12:23:50,"沒有華麗的服裝 ㄧ切回到跳舞的初心 
只有用音樂和舞蹈來證明這次我NO JOKE 
MV 全網發送",46202,1460,[]
93,2018-12-11 17:05:02,"愷樂新作品 戀愛泡泡糖 正式上架🎉🎉🎉 12/16 (日)
1330 台中大魯閣新時代
1830 高雄夢時代幸福廣場
12/23(日)
1330 台北西門町  聯合醫院前廣場
感謝大家對愷樂的支持 
#創造力家族",23368,154,['創造力家族']
94,2018-12-02 12:00:23,"你們猜 我在模仿誰？
俺今誰ものまねをするの？",69066,1324,[]
95,2018-12-01 10:03:29,"วันนี้ไปช้อปปิ้งที่ดี
#jordan #union",66879,338,"['jordan', 'union']"
96,2018-11-29 10:56:15,"NO JOKE 
Coming soon 🏴
#gucci",102450,392,['gucci']
97,2018-11-28 10:00:15,"JOKE🚫
#supreme #Jordan #noresale",58523,223,"['Jordan', 'supreme', 'noresale']"
98,2018-11-25 23:21:03,是的 我剪髮了 但這頭髮⋯⋯安對 安對呦😭,112569,3067,[]
99,2018-11-25 17:49:11,"這裏收集我們對流行的敏銳
立刻來擁有高貴不貴的品味
@willpan23 @mrkt.on 
敦化南路ㄧ段291號",50117,266,[]
100,2018-11-22 19:27:07,😎,40423,193,[]
101,2018-11-20 22:09:47,"香蘭 生日快樂喔 晚上要去夜店還是唱歌 讓你選 我都奉陪 ㄧ起嗨到爆炸
也祝所有今天生日的朋友們生日快樂喔 平安健康！",105731,1100,[]
102,2018-11-19 14:42:43,"這次很開心我找了我的兄弟jawnha 幫我編我的新歌舞蹈 不要看我這張照片笑的很開心 其實～我內心是痛苦的 因為這是我史上最最最最難又最累的舞蹈 經過了這幾天瘋狂式的練舞 我的功力又昇華了 期待吧 12月 我要回歸了 這次保證NO JOKE 🚫
@jawnha",75584,576,[]
103,2018-11-15 21:01:40,"療癒空間
#bearbrick",70019,406,['bearbrick']
104,2018-11-14 22:43:49,"ありがとうね〜😊@gr8_tokyo 
#bearbrick #readymade #supreme",57869,295,"['bearbrick', 'supreme', 'readymade']"
105,2018-11-09 21:33:40,"Nice to meet you 😆
@mirandakerr",74646,540,[]
106,2018-11-03 13:47:04,"海派甜心 再ㄧ次心跳 硬有愛屎 王見王 還有ㄧ些零零散散的合作 （哇Aㄈ ）不會拼 你們自己唸
我最好的拍檔 雖然我們很久沒合作了 你也一直陸續的在拍很多的戲劇作品 但海派甜心這部劇 確實是你人生的最高峰 經典中的經典 哈哈哈 你看看華視現在正在強力重播中 真正的友情就是 就算很久不見 但只要ㄧ碰見 也不會尷尬 並且～話不停😀
@rainie77 
#硬有愛屎到底怎麼拼？",94008,870,['硬有愛屎到底怎麼拼']
107,2018-11-02 21:35:07,"🤔
#supremecommedesgarcons #kaws #supreme #commedesgarcons",40453,236,"['supremecommedesgarcons', 'kaws', 'commedesgarcons', 'supreme']"
108,2018-10-28 18:25:36,I’m for real No joke‼️,65421,362,[]
109,2018-10-26 11:22:33,"聽到我藝興老弟的召喚 我也來挑戰～霸王龍 抖腿舞 《夢不落雨林/NAMANANA》
@zyxzjs",73004,1144,[]
110,2018-10-20 10:20:46,"流行～就像12生肖ㄧ樣 會不斷的輪迴 
我最愛的🔥豹紋🔥又要開始流行了🤙
#fendi #amiri",60384,424,"['fendi', 'amiri']"
111,2018-10-11 06:58:22,"鞋～帥帥！
Thx converse

#offwhite #converse",50613,486,"['converse', 'offwhite']"
112,2018-10-08 18:53:03,怎麼辦啦 我的包不見了 我的包呢😭😭😭,85236,2457,[]
113,2018-10-03 19:58:12,"부산 까리하네🤟
#fendi",88530,552,['fendi']
114,2018-09-28 23:05:08,Which one ?,93245,689,[]
115,2018-09-27 11:50:17,"Thx Nike🔥
#jordan1",78560,299,['jordan1']
116,2018-09-22 17:57:25,風💨吹呀～,89806,456,[]
117,2018-09-19 21:07:13,🔥這音樂的結局從不讓人失望🔥,53811,1204,[]
118,2018-09-16 20:58:43,"🔥Slay🔥
#supreme",76423,256,['supreme']
119,2018-09-16 17:47:19,"別怕 讓我來拯救世界⚡️
#超人眼睛怕水是正常的",46657,748,['超人眼睛怕水是正常的']
120,2018-09-13 07:53:59,"Happy birthday 🎂 
@gracechowwwww",81072,1433,[]
121,2018-09-09 16:22:17,變身！,70135,3462,[]
122,2018-09-06 19:18:51,"🤟
#gucci",72604,466,['gucci']
123,2018-09-02 17:04:49,"Dazzling Cafe 形象廣告！
台北、台南、高雄、福州、大連、香港、新加坡、加拿大、英國
享受美食 吃飯打卡拍照的好地方🉑️ @dazzling_cafe",20200,344,[]
124,2018-08-27 21:41:07,我今天就要讓你知道 什麼叫規矩 什麼叫提桶🤪🤪🤪,108047,4210,[]
125,2018-08-24 17:32:06,沒什麼 只想跟你們說⋯⋯⋯⋯⋯⋯⋯⋯⋯⋯⋯⋯⋯⋯⋯⋯⋯⋯⋯⋯⋯⋯⋯⋯⋯⋯⋯⋯⋯⋯⋯⋯⋯⋯⋯⋯⋯⋯⋯⋯⋯⋯⋯⋯⋯⋯⋯⋯⋯⋯⋯⋯⋯⋯⋯⋯⋯⋯⋯⋯⋯⋯⋯⋯⋯⋯⋯⋯⋯⋯⋯⋯⋯⋯⋯⋯⋯⋯⋯⋯⋯⋯⋯⋯⋯⋯⋯⋯⋯⋯⋯⋯⋯⋯⋯⋯⋯⋯⋯⋯⋯我怎麼這麼好看！,91654,1113,[]
126,2018-08-20 17:37:35,你今天看我ig了嗎？,108755,1152,[]
127,2018-08-18 21:25:02,"我會瞬間移动 你信嗎？
Gucci Gucci 👈👈怕啦 怕啦👉👉
#gucci",46557,353,['gucci']
128,2018-08-15 20:54:45,"狂愛塗鴉風
#balenciaga #fearofgod",70010,442,"['balenciaga', 'fearofgod']"
129,2018-08-14 16:32:29,"不要羨慕別人現在的成就 
因為你不知道他苦了多久",81999,481,[]
130,2018-08-13 22:28:32,"喜歡哪位小哥哥呀？
@brave_j.win @wangzning @hollis_yang @kacha101 @sean821821 @yuchingxx @c.t.o_official",85585,1091,[]
131,2018-08-12 13:55:40,喜歡左邊還右邊？,104692,1953,[]
132,2018-08-11 22:08:01,🤪🤪🤪,65424,1957,[]
133,2018-08-09 15:59:36,👊阿烈回來了👊,108955,823,[]
134,2018-08-08 14:24:44,你經歷過以上哪幾個痛？,71271,2504,[]
135,2018-08-07 22:31:44,,37008,556,[]
136,2018-08-02 19:28:35,想說什麼 說吧,105317,1422,[]
137,2018-08-01 17:23:48,"你ㄧ筆 我ㄧ畫 大根真的超HIp Hop
@911_eo @daikon_0909 
#我跟你卡好#哇尬力咖厚#刺青是ㄧ門藝術",39754,348,"['刺青是ㄧ門藝術', '我跟你卡好', '哇尬力咖厚']"
138,2018-07-26 18:56:36,"Thx Nike 
#offwhite #nike",41866,424,"['offwhite', 'nike']"
139,2018-07-25 21:38:20,視覺系🤟,76146,706,[]
140,2018-07-23 19:49:31,"感謝大家的給我的驚喜 我很開心！謝謝你們 😘
Creation Family",63622,939,[]
141,2018-07-19 21:55:12,"C.T.O 上海環球港大樓 
炸慘了！
@c.t.o_official @sean821821 @kacha101 @hollis_yang @wangzning @brave_j.win @yuchingxx",19225,244,[]
142,2018-07-16 00:10:41,"Gucci Gucci 👉👉怕啦 怕啦 👈👈
Gucci Gucci 👉👉怕啦 怕啦 👈👈
おやすみ🌙
#gucci",95690,778,['gucci']
143,2018-07-12 17:19:53,不要問我累不累⋯⋯⋯⋯⋯⋯⋯⋯⋯⋯⋯⋯⋯⋯⋯⋯⋯⋯⋯⋯⋯⋯⋯⋯⋯⋯⋯⋯⋯⋯⋯⋯⋯⋯⋯⋯⋯⋯⋯⋯⋯⋯⋯⋯⋯⋯⋯⋯⋯⋯⋯⋯⋯⋯⋯⋯⋯⋯⋯⋯⋯⋯⋯⋯⋯⋯⋯⋯⋯⋯⋯⋯⋯⋯⋯⋯⋯⋯⋯⋯⋯⋯⋯⋯⋯⋯⋯⋯⋯⋯⋯⋯⋯⋯⋯⋯⋯⋯⋯⋯⋯⋯⋯⋯⋯⋯⋯⋯⋯⋯⋯⋯⋯⋯⋯⋯⋯⋯⋯⋯⋯⋯⋯⋯⋯⋯⋯⋯⋯⋯⋯⋯因為哥～已經帥ㄧ輩子了😌,120171,983,[]
144,2018-07-08 03:39:57,Is time to.......,47608,427,[]
145,2018-07-06 23:22:33,"🏴Creation Family
@butterfly092288 @hollis_yang @wangzning @brave_j.win @yuchingxx @sean821821 @kacha101 @c.t.o_official",70612,315,[]
146,2018-07-05 19:42:07,"✖️✖️Amazing ✖️✖️
#kaws",86698,365,['kaws']
147,2018-06-24 18:16:44,"2018最開心的事
就是認識了我最可愛的韜哥
😘😘😘
@hztttao",96316,888,[]
148,2018-06-21 01:38:48,"Here I Am. 
@jj_lin 
#supremepinballmachine",94982,424,['supremepinballmachine']
149,2018-06-14 17:50:16,"慢慢來 時間久一點沒關係
等待 是要讓別人看到更好的自己

2015年年初
我第一次萌生了想創建一組男團的想法
同年夏天 我在娛樂百分百舉辦了Show Star偶像選拔賽
在那場選拔賽中 我選出了一些我認為不錯的男孩子 開始進行培訓
培訓的那一年對男孩們來說可能辛苦又漫長 因為他們每天都要接受不同的課程訓練 從唱歌到舞蹈到形體再到戲劇 雖然這一年中他們的進步飛快 但我卻總覺得還是缺了些什麼
於是時隔一年後 我又舉辦了第二次的選拔賽 
這次的選拔讓我的團隊注入了新鮮的血液 也讓我感覺到離自己當初的夢想更近了一步
那個時候 我以為我的團隊成員已經基本敲定
直到我錄製了快樂男聲…

錄製快男的那個夏天 創造力的男孩們已經訓練了整整兩年
但是當我看到快男選手們的表演 才發現原來還有這麼多優秀又努力的男孩們 他們缺少的只是一個機會ㄧ個舞台
比賽結束的時候 我留下了兩位我戰隊的成員
邀請他們加入了創造力男孩 
那個時候 我的男孩團體算是真正有了雛形

2017年年末 在經歷了兩年的辛苦訓練後 創造力男孩迎來了他們的最終戰
這場比賽是殘酷的 因為它淘汰了一半的人…
曾經的八人組 最後只留下了四位
這四位經過兩年多的密集訓練加層層選拔的男孩
加上另外兩位我從快男帶來的前十強選手
組成了最終的 C.T.O

C.T.O～
今天是你們正式和大家見面的日子
其實在這之前 已經有過很多公司節目和機會找到我 想要與你們合作 但我都幫你們拒絕了
為什麼？
因為我認為你們還沒有準備好
我不想拿著一份尚不滿意的成績單給大家看
畢竟在你們身上 我注入了全部的心血
對我而言 你們不僅是我要交給大眾的一個作品
你們更是我的孩子 我親手培養出來 看著你們慢慢成長的孩子
所以我希望你們足夠優秀 可以讓外界在你們身上看到他們沒有看到過的東西
也足夠強大 能夠承受的住之後有可能出現的一切聲音

我更希望你們以後 可以靠著自己的努力和實力 讓大家認同和喜歡
而不僅僅是靠著我的力量

起飛吧 我的孩子們
請承載著我的夢想 去創造屬於你們真正的第一
Create Top One
C.T.O
@c.t.o_official @sean821821 @wangzning @hollis_yang @brave_j.win @kacha101 @yuchingxx",73620,402,[]
150,2018-06-09 13:19:12,喜歡哪ㄧ張？,112497,1284,[]
151,2018-06-07 17:45:55,"我在這叫破喉嚨 😱
應該也不會有人聽到吧😓
#stage #ilovestagecrew #ilovestage #gotnofears",62988,394,"['ilovestage', 'gotnofears', 'ilovestagecrew', 'stage']"
152,2018-06-04 15:10:24,"要時常提醒自己 督促自己說加油💪
你ㄧ定可以的 沒有什麼困難可以打倒你的 ⋯⋯⋯⋯⋯⋯⋯⋯⋯⋯⋯⋯⋯⋯⋯⋯⋯⋯⋯⋯⋯⋯⋯⋯⋯⋯⋯⋯⋯⋯⋯⋯⋯⋯⋯⋯⋯⋯⋯⋯⋯⋯⋯⋯⋯⋯⋯⋯⋯⋯⋯像這種大熱天穿長袖😥
是因為自己愛美 所以我挺的住 加油🤨",131517,573,[]
153,2018-06-02 22:47:27,"巡迴了兩年多 感謝所有人的支持 不管你來自哪裡 因為有你們的參與 變得更有意義 
羅志祥瘋狂世界演唱會 
打完～收工",77445,623,[]
154,2018-06-01 20:45:09,🤘,61155,336,[]
155,2018-05-25 22:43:13,"這兩年流行的塗鴉鞋 
讓我想起轉角遇到愛 
覺的好看🌈
#vetements",52017,308,['vetements']
156,2018-05-24 00:03:39,吃好 吃飽 吃ㄧ波🎉,60230,212,[]
157,2018-05-20 20:39:50,"Thx Nike 🙋‍♂️
#Jordan1 #homagetohome",45977,205,"['Jordan1', 'homagetohome']"
158,2018-05-14 17:37:35,📸,117488,624,[]
159,2018-05-13 13:25:49,"小時候不管我發生任何事情 
你總說 不怕 媽媽當你的靠山
現在我長大了 換我要跟我媽說 
媽 不怕 我現在長大了 ⋯⋯⋯⋯⋯⋯⋯⋯⋯⋯⋯⋯⋯⋯⋯⋯⋯⋯⋯⋯⋯⋯⋯⋯⋯⋯⋯⋯⋯⋯⋯⋯⋯⋯⋯⋯⋯⋯⋯⋯⋯⋯⋯⋯⋯⋯⋯⋯⋯⋯⋯⋯⋯⋯⋯⋯⋯⋯⋯⋯⋯⋯⋯⋯⋯⋯⋯⋯⋯⋯⋯⋯⋯⋯⋯⋯⋯⋯⋯⋯⋯⋯⋯⋯⋯⋯⋯⋯⋯⋯⋯⋯⋯⋯⋯⋯⋯⋯⋯⋯⋯⋯你還是要當我的靠山🤪🤪🤪
祝全天下的媽媽 母親節快樂❤️",132653,672,[]
160,2018-05-08 20:39:44,"人生就是要～Happy 快樂😄
Thx adidas 🙋‍♂️
#humanrace #adidasnmd #pharrellnmd #nmd",56720,377,"['humanrace', 'nmd', 'adidasnmd', 'pharrellnmd']"
161,2018-04-25 22:53:24,"聚會最好玩的地方 
就是聽大家在講垃圾話🤪",53257,387,[]
162,2018-04-23 22:17:19,"XX
#kawsbff",47556,177,['kawsbff']
163,2018-04-21 15:51:49,"倒數計時⏳
#richardmille",88691,461,['richardmille']
164,2018-04-15 22:33:41,開心收工！,86125,712,[]
165,2018-04-12 20:49:33,只要有關數字的問題或遊戲 我⋯⋯⋯⋯⋯⋯⋯⋯⋯⋯⋯⋯⋯⋯⋯⋯⋯⋯⋯⋯⋯⋯⋯⋯⋯⋯⋯⋯⋯⋯⋯⋯⋯⋯⋯⋯⋯⋯⋯⋯⋯⋯⋯⋯⋯⋯⋯⋯⋯⋯⋯⋯⋯⋯⋯⋯⋯⋯⋯⋯⋯⋯⋯⋯⋯⋯⋯⋯⋯⋯⋯⋯⋯⋯⋯⋯⋯⋯⋯⋯⋯⋯⋯⋯⋯⋯⋯⋯⋯⋯⋯⋯⋯⋯⋯⋯⋯⋯⋯⋯⋯⋯⋯⋯⋯⋯⋯⋯⋯⋯⋯⋯⋯⋯⋯⋯⋯⋯鐵定發呆🤪,105143,586,[]
166,2018-04-12 15:28:54,"✖️✖️
#KAWS #SEEINGWATCHING #AllRightsReserved",58274,247,"['AllRightsReserved', 'KAWS', 'SEEINGWATCHING']"
167,2018-03-29 16:21:33,"想要毛巾 你就要跳舞給我看
因為 這就是街舞
他⋯是山姆🤪
@5435sam",47306,712,[]
168,2018-03-26 19:22:01,就是要這樣⋯放鬆一下👍,54594,761,[]
169,2018-03-25 19:54:32,"聽說最近很流行在超市拍照 
是真的嗎？
#AM1/97 #AIRMAX#NIKE",77242,625,"['NIKE', 'AM1', 'AIRMAX']"
170,2018-03-21 14:43:43,點個讚👍,117755,741,[]
171,2018-03-19 00:35:08,最喜歡聽我媽唸東唸西！,113212,571,[]
172,2018-03-17 21:05:10,"星期六 夜🌙
#supreme",69240,248,['supreme']
173,2018-03-16 15:07:19,"回到家 整整衣服 拍拍鞋 
也是一件幸福的事🉑
#humanrace #adidasnmd #nmd",62471,455,"['humanrace', 'nmd', 'adidasnmd']"
174,2018-03-13 11:05:05,"只要我停下腳步 
都會隨時準備好被拍的可能 
來 再拍兩張😎
#balenciaga",107419,484,['balenciaga']
175,2018-03-09 14:02:21,無敵風火輪🔥,73672,1443,[]
176,2018-03-04 17:04:13,"隨手ㄧ拍🉑
#supreme",85601,382,['supreme']
177,2018-03-02 19:01:52,"🐰
#gucci",105310,483,['gucci']
178,2018-03-02 09:01:44,"飛ㄧ波🏴
#supreme #jordan",82428,266,"['jordan', 'supreme']"
179,2018-02-28 00:00:10,吃好 吃滿 吃ㄧ波😍,34870,187,[]
180,2018-02-24 21:53:06,,50074,977,[]
181,2018-02-12 01:37:07,"謝謝大家對創造力的照顧 
今年我們依然會毫不客氣的繼續旺🎉",114229,285,[]
182,2018-01-31 21:59:21,"其實我曾經被霸凌過
起初我並不知道原因
走在教室走廊常常被一些同學指指點點
甚至是在耳邊稀稀疏疏的交談
有些同學還會藉機故意對我有一些肢體接觸
其實我一直是一個家管嚴、理性、有分寸的人
一點也不想惹事情 所以忍氣吞聲

直到有一天真的忍無可忍了
我在走廊聲嘶力竭地嘶吼
""為什麼你們要這樣對我""?
沒想到同學們異口同聲的答覆我 ""誰叫你長得這麼帥""

此刻的我才發現
原來
帥是一種沉重一種孤獨
#gotnofears",103460,1314,['gotnofears']
183,2018-01-24 15:35:20,"Really happy to work with these two top dancers, Keone and Mari!
@keonemadrid @_marimadrid",85177,319,[]
184,2018-01-24 15:11:43,這就是街舞🏴,79724,536,[]
185,2018-01-18 21:37:46,"🤟
#vetements",56534,276,['vetements']
186,2018-01-16 19:17:44,"Jordan 4✖️Levi’s
Thx Nike💋
#jordan4 #levis",49254,251,"['levis', 'jordan4']"
187,2018-01-15 20:06:59,我們不ㄧ樣之不要小看自己的能力 🤪🤪🤪,77949,2292,[]
188,2018-01-13 18:15:06,9點多才到我表演 現在6點 還有3小時 我該幹嘛呢🤔,112415,1776,[]
189,2018-01-13 17:15:41,ㄧ早工作 就笑到炸掉🤪🤪🤪,49233,1001,[]
190,2018-01-06 15:44:43,"假裝在等人 不看鏡頭 比較像是被偷拍
被拍完 還要故意說 你幹嘛偷拍我啦🤪",89103,567,[]
191,2018-01-01 11:30:39,"2018 You and Me💋
@zyxzjs",130348,1703,[]
192,2017-12-30 20:33:58,哥ㄧ言不合就solo😏,33081,326,[]
193,2017-12-28 14:18:16,我們不ㄧ樣 🤪🤪🤪,42583,1639,[]
194,2017-12-20 22:32:36,"天黑請閉眼🌙
狼人請睜眼 🐺
今晚⋯⋯狼人要殺的人是 🔪
#dolcegabbana",64704,396,['dolcegabbana']
195,2017-12-20 16:19:04,"Can’t wait for you to check out my new movie #BleedingSteel with Jackie Chan! Hope you guys love it!

12月22日 美國，加拿大，英國，澳洲，新西蘭，馬來西亞，新加坡，緬甸
12月28日 香港，澳門，中東所有個國家，Cambodia, 老撾
1月8日 泰國
2月7日 越南 韓國
4月 德國，荷蘭，盧森堡，比利時
台灣，印度，不丹，巴基斯坦，孟家拉，印尼，希臘，Cyprus, 土耳其，菲律賓，日本， 拉丁美洲 -- ​​​",90913,1036,['BleedingSteel']
196,2017-12-18 15:07:37,我們真的不ㄧ樣🤪🤪🤪,70833,1613,[]
197,2017-12-16 23:22:45,"結束 收工🤪
#offwhite #revengexstorm",93561,373,"['offwhite', 'revengexstorm']"
198,2017-12-16 19:32:11,我們不ㄧ樣😭😭😭,56593,1925,[]
199,2017-12-14 21:07:53,"宣傳電影跟唱片 都有ㄧ個共同的事 
就是要說ㄧ整天的話 
噓🤫現在我要禁話2小時 休息一下",105385,509,[]
200,2017-12-09 22:57:37,"星期六 晚上好😆
#supreme#supremenyc",86833,532,"['supremenyc', 'supreme']"
201,2017-12-08 13:27:46,"如果有ㄧ天⋯我變成武打明星？
是不是還滿酷的🤔",49499,988,[]
202,2017-12-06 19:45:22,"🤟🏽
#vetements",89949,371,['vetements']
203,2017-12-05 14:22:02,想跟我當同學嗎？,117658,1472,[]
204,2017-12-04 14:45:59,"終於找到機會在演唱會上穿到你了 💋
#supreme",67943,366,['supreme']
205,2017-12-01 13:52:21,"友人 家族
#adidas #nmd #pharrellnmd",51360,184,"['adidas', 'nmd', 'pharrellnmd']"
206,2017-11-28 16:58:36,"1/500🏴
#adidas #adidasnmd #chanel #pharrellwilliams  #chanelxpharrell #colette #humanrace",67261,258,"['pharrellwilliams', 'chanel', 'adidas', 'colette', 'humanrace', 'adidasnmd', 'chanelxpharrell']"
207,2017-11-22 13:00:53,"✖️✖️
#jordan4 #kaws #airforce1kaws",48803,222,"['kaws', 'airforce1kaws', 'jordan4']"
208,2017-11-22 12:06:10,"我：媽 我們來街拍😀（開心）
媽 ：好呀 媽媽年輕時的夢想就是想當模特兒
我：⋯⋯😅喔

果然 兩個世代對街拍的觀念果然不同🤔

但 說真心的 我希望你每天都笑的那麼開心 
健健康康的 💪
60歲 生日快樂🎂 
愛你喔！😘😘😘😘😘😘😘😘😘",135703,1188,[]
209,2017-11-19 20:50:33,"我拍我拍我拍拍拍
🤪🤪🤪🤪",94238,708,[]
210,2017-11-13 15:11:41,"三人行 
@butterfly092288 @gboyswag_official",78933,501,[]
211,2017-11-11 20:10:10,"Thx Nike🙋‍♂️
ㄧ天穿ㄧ雙 心情特別爽
🤪🤪🤪🤪🤪🤪",51977,347,[]
212,2017-11-11 00:27:07,"Thx Nike🙋‍♂️
#nike #dunksb #pigeondunk #jeffstaple",44939,193,"['jeffstaple', 'dunksb', 'pigeondunk', 'nike']"
213,2017-10-30 23:56:07,"✖️✖️到齊
#kawsbff",35990,152,['kawsbff']
214,2017-10-28 23:58:19,"🐸
#READYMADE",37270,162,['READYMADE']
215,2017-10-27 19:31:53,"✖️✖️
#kawsbff",61371,306,['kawsbff']
216,2017-10-23 17:24:49,#bearbrick,36023,271,['bearbrick']
217,2017-10-15 21:28:00,"☠️☠️☠️☠️
#mastermind",38019,189,['mastermind']
218,2017-10-14 17:43:35,"面具的底下 藏有未知的恐懼
Got no fears 
#ilovestagecrew #ilovestage #stage #stagecrew #gotnofears",62685,218,"['stagecrew', 'ilovestage', 'ilovestagecrew', 'gotnofears', 'stage']"
219,2017-10-01 20:06:18,因為被肯定 就要變的更努力💪,117470,1255,[]
220,2017-09-30 15:06:56,"叫你老板出來啦！
@daikon0909 @mcflyzzz 
#stayreal #ilovestagecrew #ilovestage #stagecrew #stage",38120,708,"['stayreal', 'stagecrew', 'ilovestage', 'ilovestagecrew', 'stage']"
221,2017-09-28 16:11:00,"stage❌stayreal 
#stagecrew #stage #ilovestage #ilovestagecrew #stayreal",49614,282,"['stayreal', 'stagecrew', 'ilovestage', 'ilovestagecrew', 'stage']"
222,2017-09-28 13:45:49,"stayreal ❌stage
#stage #stayreal",30118,300,"['stayreal', 'stage']"
223,2017-09-27 20:41:17,"✨星空✨
 #gracechow",56211,418,['gracechow']
224,2017-09-27 13:28:30,1 2 3 木頭人🙈,66892,289,[]
225,2017-09-16 23:17:02,"秘密基地😎
#gotnofears #ilovestagecrew #ilovestage #stagecrew #stage",53023,326,"['stagecrew', 'ilovestage', 'ilovestagecrew', 'gotnofears', 'stage']"
226,2017-09-12 19:57:14,"不常穿紫色的我😛
#ilovestagecrew #ilovestage #stagecrew #stage #gotnofears",75665,443,"['stagecrew', 'ilovestage', 'ilovestagecrew', 'gotnofears', 'stage']"
227,2017-09-10 23:27:48,12.22 🔥機器之血🔥,65347,602,[]
228,2017-09-02 20:02:56,#vans,52398,801,['vans']
229,2017-09-01 00:29:22,終於⋯⋯⋯⋯⋯⋯,55089,497,[]
230,2017-08-25 19:50:23,"Thx adidas🙋‍♂️
#Adidas #EQT",44237,202,"['Adidas', 'EQT']"
231,2017-08-20 21:05:33,慢慢⋯⋯,46210,1506,[]
232,2017-08-16 20:44:01,"ㄧ張照片 ㄧ世情
@willpan23",88719,774,[]
233,2017-08-14 16:04:12,"💋
#gotnofears #ilovestagecrew #ilovestage #stagecrew #stage",46796,269,"['stagecrew', 'ilovestage', 'ilovestagecrew', 'gotnofears', 'stage']"
234,2017-08-13 11:29:31,"認識20年的好兄弟 默契就是不ㄧ樣
旁邊的演員都好有戲喔！
@damove",34176,562,[]
235,2017-08-11 19:30:59,"隨我😏
#gotnofears #stage #stagecrew #ilovestage #ilovestagecrew",55296,334,"['stagecrew', 'ilovestage', 'ilovestagecrew', 'gotnofears', 'stage']"
236,2017-07-30 13:06:11,謝謝大家送給我的祝福😘,115249,3559,[]
237,2017-07-26 14:34:34,跳舞～就是ㄧ件很快樂的事！,35782,971,[]
238,2017-07-22 21:38:44,#supremelv,73879,317,['supremelv']
239,2017-07-19 14:57:25,"ㄧ鏡到底 ㄧ次ok
被規定只能在ㄧ個點跳 不能超出中心點",37211,559,[]
240,2017-07-05 21:54:56,要來搞事囉！,51297,475,[]
241,2017-07-03 19:25:32,"🤦‍♂️
#supreme #louisvuitton#supremelv",54421,254,"['louisvuitton', 'supreme', 'supremelv']"
242,2017-07-02 23:58:03,#supreme #louisvuitton,52284,309,"['louisvuitton', 'supreme']"
243,2017-07-02 00:02:28,"新朋友 1000%
#bearbrick #medicom #karimoku #horizon #karimokubearbrick",27814,189,"['bearbrick', 'medicom', 'karimokubearbrick', 'horizon', 'karimoku']"
244,2017-06-29 17:43:06,"趁沒人 快拍ㄧ張🤔
#gucci",45677,342,['gucci']
245,2017-06-27 00:07:01,"Welcome to my home😍
#bearbrick #村上隆 #bait #baitme #complexcon #murakamitakashi  #mrdob",32479,184,"['complexcon', 'murakamitakashi', 'bearbrick', 'bait', 'baitme', 'mrdob', '村上隆']"
246,2017-06-26 22:54:27,"久沒見 依然笑點依舊話很多🤣
#partyboyz",46211,226,['partyboyz']
247,2017-06-26 18:29:32,"鞋鞋好可愛😍
#gucci",35615,251,['gucci']
248,2017-06-22 20:09:37,"💋
#saintlaurentparis #goros",53010,349,"['goros', 'saintlaurentparis']"
249,2017-06-19 08:36:57,Good morning dance🤘🏽,42755,877,[]
250,2017-06-16 01:19:14,Got no fears,40998,331,[]
251,2017-06-10 15:45:19,下雨日 ⛈,41508,387,[]
252,2017-06-08 12:50:24,"我們兩個要來搞點事囉！
@willpan23",54103,439,[]
253,2017-06-07 16:11:36,哈啦了ㄧ整晚 現在腦海裡都是玖壹壹的歌 😱,37527,253,[]
254,2017-05-09 20:36:48,"又是鞋鞋😏
#supreme #nikeuptempo",31448,454,"['supreme', 'nikeuptempo']"
255,2017-05-08 16:41:58,"The end 😏
#balmain #fearofgod #richardmille #stagecrew",37285,280,"['richardmille', 'balmain', 'stagecrew', 'fearofgod']"
256,2017-05-08 01:31:39,"I have a gun💋
#supreme",29132,299,['supreme']
257,2017-05-02 22:04:47,"Joker X Harley 
#bearbrick",32817,256,['bearbrick']
258,2017-04-30 17:24:59,"Thx adidas🙋‍♂️
#yeezyv2 #yeezy350v2",34678,228,"['yeezyv2', 'yeezy350v2']"
259,2017-04-28 15:18:50,"Thx Nike🙋‍♂️
#supreme #nike #uptempo #cometees",33901,220,"['uptempo', 'cometees', 'supreme', 'nike']"
260,2017-04-27 12:23:40,"🙊
#faithconnexion #supreme #vans #commedesgarcons #stage #stagecrew #ilovestage #ilovestagecrew",48336,342,"['stagecrew', 'ilovestage', 'vans', 'ilovestagecrew', 'faithconnexion', 'commedesgarcons', 'supreme', 'stage']"
261,2017-04-26 23:05:00,"Thx 🙋‍♂️
#WHERETHEENDSTARTS #KAWS",27019,151,"['KAWS', 'WHERETHEENDSTARTS']"
262,2017-04-25 00:32:03,#cometees,27155,231,['cometees']
263,2017-04-19 02:41:31,"豹紋還是我永遠不變的愛！
#gucci",58709,608,['gucci']
264,2017-04-17 19:09:27,"🤔
#supreme #commedesgarcons",38072,296,"['commedesgarcons', 'supreme']"
265,2017-04-16 20:56:00,"Thx IT bape🙋‍♂️
Bape x Champion

#bape #champion",29581,286,"['bape', 'champion']"
266,2017-04-15 19:33:05,"當你覺得自己渺小時 
就要想辦法讓自己變的茁壯",56243,412,[]
267,2017-04-15 17:47:34,#supreme #commedesgarcons,31331,197,"['commedesgarcons', 'supreme']"
268,2017-04-13 19:18:22,"4月15號 STAGE 新品瘋狂開賣😱😱😱
#stage #stagecrew #ilovestage #ilovestagecrew",44910,151,"['ilovestage', 'ilovestagecrew', 'stage', 'stagecrew']"
269,2017-04-11 00:56:57,主角是山姆 佳和你在耍帥！,36150,209,[]
270,2017-04-08 01:11:59,#palmangels,48823,521,['palmangels']
271,2017-04-04 19:44:38,,33142,227,[]
272,2017-03-31 15:00:28,"BLK.CxN
Thx converse
 #foreverchuck #converse #chucktaylor #onestar #allstar  #neighborhood #black @neighborhood_official @converse",35551,164,"['chucktaylor', 'onestar', 'neighborhood', 'allstar', 'converse', 'foreverchuck', 'black']"
273,2017-03-28 21:25:32,"😵Watch me😵
#nike #jordan #kaws #AJ4",46664,292,"['jordan', 'AJ4', 'kaws', 'nike']"
274,2017-03-27 18:55:18,🤔,35620,356,[]
275,2017-03-20 15:13:54,"歪的照片多嗎 自拍巭孬嗎  嘦有心 把臉擋住也是可以帥到嫑嫑的！
#unravelproject",34789,475,['unravelproject']
276,2017-03-15 11:57:42,"STAGE
#stage #stagecrew #ilovestage #ilovestagecrew",19043,208,"['ilovestage', 'ilovestagecrew', 'stage', 'stagecrew']"
277,2017-03-11 20:04:09,"等等穿哪件呢？
#gucci",27300,607,['gucci']
278,2017-03-10 14:44:38,Are you ready ?,31676,355,[]
279,2017-03-09 20:44:39,放空日⋯⋯,33395,309,[]
280,2017-03-06 19:05:24,"Thx 🙋‍♂️
#yeezy350v2",31807,252,['yeezy350v2']
281,2017-03-05 01:32:15,Good night 💤,55336,767,[]
282,2017-03-04 00:29:40,"Thx IT🙋‍♂️
#bape #bearbrick",30540,226,"['bape', 'bearbrick']"
283,2017-03-03 21:13:52,,36011,325,[]
284,2017-02-25 19:00:23,😱鯊魚😱,29829,327,[]
285,2017-02-22 23:55:20,"今天主題 什麼叫真正的男人！
#你們知道魚是怎麼死的嗎？#被我淹死的",34569,277,"['被我淹死的', '你們知道魚是怎麼死的嗎']"
286,2017-02-22 18:49:57,"got no fears 
我們太多人的一生都過得平淡無奇
或者很多人在遇到困難的時候會選擇逃避
可能我們就真的需要一句有態度的［標語］
帶我們衝破這些  變得無所畏懼

了解我的人應該都有印象
我從很早以前就開始說這句話了
最開始是因為工作上遇到了一個很大的挑戰 
那段時間常常會心情煩躁總是擔心些什麼
後來有一天 腦海裡忽然迸出這句話 
雖然這僅僅是一句可能再普通不過的標語
甚至短到只有三個詞彙
但我每次在心裡念這句話的時候
都會覺得頓時充滿了力量
這句話陪伴我度過了那段艱難時期
也成為了我之後做很多事情的動力

擔心的時候 難過的時候 膽怯的時候
默默在心底念上一句 Got No Fears
老子無所畏懼
它會讓你覺得自己簡直就是所向無敵 哈哈哈

所以後來就一直想要把這句話傳遞給所有的人 尤其是喜歡我的人
想要你們可以像我一樣 
擁有這樣的生活態度 
也讓這句話給你們帶來戰勝困難的勇氣

於是 就有了你們現在所看到的
Got No Fears 系列
在帽子上～衣服上～甚至手機殼上
你們生活的每一個角落 它都出現著
提醒你不要怕你是最棒的！
這句話 或者說這整個系列 
就是為了傳遞給你們一種'哥沒在怕'的態度～ 
這句話 
不但刻在我身上 
也印在了我心裡
Got no fears 無所畏懼
#stage #GotNoFears",22018,287,"['stage', 'GotNoFears']"
287,2017-02-19 19:32:58,"好看嗎？
#stage #GotNoFears",49586,668,"['stage', 'GotNoFears']"
288,2017-02-19 15:02:44,,40444,261,[]
289,2017-02-17 21:05:07,"別叫我 讓我躺ㄧ躺💤
#mastermind",33923,404,['mastermind']
290,2017-02-12 08:52:27,"其實有點⋯睏
#mastermind #fearofgod #stage",40091,347,"['fearofgod', 'stage', 'mastermind']"
291,2017-02-06 22:55:23,東京 夜🌙,44367,490,[]
292,2017-01-27 22:29:44,#vetements,36719,313,['vetements']
293,2017-01-27 18:10:46,"Thx LV 
#louisvuitton",28202,150,['louisvuitton']
294,2017-01-27 17:46:26,"😎
#vetements",30446,289,['vetements']
295,2017-01-26 21:21:25,"🐉➕🐯
#rollicking #vans",28594,196,"['vans', 'rollicking']"
296,2017-01-26 20:11:48,#vetements,32004,210,['vetements']
297,2017-01-20 22:21:42,"Thx 🙋‍♂️
#giuseppezanotti",27160,209,['giuseppezanotti']
298,2017-01-20 02:32:37,其實⋯我有點緊張！,42686,644,[]
299,2017-01-18 12:25:20,微博之夜🌙,61154,568,[]
