,time,post_caption,likes,comments,tags
0,2019-12-15 21:02:55,落🌹,12563,71,[]
1,2019-12-15 17:16:00,起🌹Have a great day ❤️,9042,89,[]
2,2019-12-14 22:24:04,不斷精湛自己的全方位性感帥萌帥萌的小哥哥 🌹 怎麼可以這麼這麼棒👏🏻👏🏻👏🏻#大航海,25336,269,['大航海']
3,2019-12-14 14:25:00,喵 : 確定止滑 時髦 防腳臭 🌹 是不是該換個襪子呢？@showlo #gotnofears official,7921,45,['gotnofears']
4,2019-12-14 01:52:40,晚安💤,6922,45,[]
5,2019-12-10 21:39:37,落🌹 一早買了個蛋糕一起飛 @natsuko.ete 可愛的小甜心❤️,14957,95,[]
6,2019-12-10 15:02:47,起🌹Have a great day ❤️,11365,89,[]
7,2019-12-09 12:36:36,來杯卡布嗎？,6117,104,[]
8,2019-12-08 10:06:35,走走 看看 🌹,5559,84,[]
9,2019-12-07 22:25:23,千璽 千禧 ⋯,21986,363,[]
10,2019-12-06 12:07:33,花凋 葉落 ～ 就這樣吧,8860,90,[]
11,2019-11-27 14:33:07,一路好走🙏🏻🙏🏻🙏🏻,73158,2229,[]
12,2019-11-26 12:36:16,今年是暖冬嗎？ 我帶的外套太厚了😭😭😭,12037,103,[]
13,2019-11-24 21:07:40,落🌹 晚安❤️,18152,141,[]
14,2019-11-24 14:52:46,起🌹Have a great day ❤️,22359,181,[]
15,2019-11-23 18:51:26,都不懂的招呼客人🤷‍♀️🤷‍♀️🤷‍♀️,6078,89,[]
16,2019-11-22 23:47:33,好夢❤️Good night😴😴😴,9603,82,[]
17,2019-11-20 19:05:47,落🌹,14180,136,[]
18,2019-11-20 13:38:05,起 🌹 Have a great day ❤️,16796,208,[]
19,2019-11-17 12:07:04,莫名的小傲嬌 🌹滿足❤️,20417,392,[]
20,2019-11-16 14:47:39,踏著瀏海前來🥰🥰🥰落,20920,175,[]
21,2019-11-14 15:09:21,起🌹Have a great day ❤️,16463,191,[]
22,2019-11-10 17:15:16,"為了響應一年一度 幫助流浪動物的慈善活動，￼除了獻上自家小朋友溫暖的睡姿之外。
也希望同理心不要讓其他流浪在外的小動物，在寒風中受凍受飢🙏🙏 請隨喜捐款 及貼上捐款連結：

https://reurl.cc/b6V8WM 
@kellyhlin @loveruby127 @yuyanpeng  #毛小孩醬也能睡
#捐款幫助流浪動物",6222,61,"['毛小孩醬也能睡', '捐款幫助流浪動物']"
23,2019-11-09 00:58:39,安好 🌹落❤️,12485,126,[]
24,2019-11-08 20:59:02,"起🌹have a great night❤️ #VALENTINODAYDREAM 
#VALENTINO
@maisonvalentino",3939,32,"['VALENTINO', 'VALENTINODAYDREAM']"
25,2019-11-07 21:35:06,"羽衣霓裳交響盛宴🥂🥂🥂
#VALENTINODAYDREAM 
#VALENTINO
@maisonvalentino",31166,293,"['VALENTINO', 'VALENTINODAYDREAM']"
26,2019-11-05 00:11:57,人家閒閒沒事都是讀書 ～ 我閒閒沒事 只能喝酒 所以人家是學霸 我是 酒吧🥂🥂🥂落～（遲了20多小時）😅,13917,114,[]
27,2019-11-03 14:26:47,起🌹Have a great day ❤️,8743,75,[]
28,2019-11-02 10:51:37,壽桃⋯⋯,8675,99,[]
29,2019-11-01 14:59:02,最強瀏海來囉🥴🥴🥴,9849,69,[]
30,2019-10-31 13:28:55,"新的人生角色都像是進入了一個嶄新的築夢空間，接受更多的挑戰，那是需要不斷的學習去增進自己，追隨更廣闊的世界，聽起來很酷對嗎？
@MaisonValentino

#VALENTINODAYDREAM #追夢拾光",15688,115,"['VALENTINODAYDREAM', '追夢拾光']"
31,2019-10-30 12:27:05,畫左喵 糾正一下你的態度🤷‍♀️雞肉還在我手上💅🏻💅🏻,8168,59,[]
32,2019-10-29 12:41:31,傲嬌喵🤷‍♀️,5038,61,[]
33,2019-10-26 20:05:33,護你周全 多動人的一句話⋯ 江湖債見啦🌹落🌹,27230,148,[]
34,2019-10-26 13:08:20,起 🌹Have a great day ❤️,8757,71,[]
35,2019-10-25 21:56:59,End~~~,13015,87,[]
36,2019-10-21 16:28:41,半日遊,24779,214,[]
37,2019-10-15 09:52:42,構圖畫面可還行🤓🤓🤓,19772,113,[]
38,2019-10-14 09:40:39,Missing.....🥰🥰🥰,11142,64,[]
39,2019-10-12 20:03:05,來了個小可愛～Q boy 🥰,30078,271,[]
40,2019-10-11 17:02:09,與白大爺有約☕️☕️☕️,17183,163,[]
41,2019-10-08 14:22:48,Miss.....,7241,63,[]
42,2019-09-27 10:48:10,沒手機的日子會怎樣🤷‍♀️🤷‍♀️🤷‍♀️,17425,275,[]
43,2019-09-26 10:45:45,生日快樂 🎂 永遠美麗動人 身體健康 心想事成 🌹相伴一生的緣份快快出現喔 ❤️❤️❤️,17175,84,[]
44,2019-09-25 13:46:37,難得好心情💅🏻💅🏻💅🏻,12786,116,[]
45,2019-09-24 14:00:23,360無死角🥰🥰🥰,13273,86,[]
46,2019-09-22 13:26:40,可以邊走邊聽邊唱還能擋太陽了🎤🎤🎤,12377,165,[]
47,2019-09-20 15:51:23,喜歡多袋口一個設計 @bulgariofficial @alexanderwangny #bvlgariXalexanderwang,16037,105,['bvlgariXalexanderwang']
48,2019-09-20 10:06:45,確認過眼神 是想我的🐱星人🌹,15116,141,[]
49,2019-09-18 12:44:19,誰能幫我科普一下 這年代的人為什麼這麼厲害？,8348,252,[]
50,2019-09-13 20:39:43,生日快樂歡兒 🎂🎂🎂,18742,86,[]
51,2019-09-13 14:40:03,我最愛的中秋節目是 吃著傳統蓮蓉蛋黃月餅 剝著柚子 配烤肉 下著細雨賞月⋯⋯光 🤣🤣🤣,12672,106,[]
52,2019-09-13 14:02:42,中秋佳節快樂🌹🌹🌹 祝大家吃月餅再多臉都不會變大餅 🐷月餅節快樂 🌹,9814,131,[]
53,2019-09-12 18:35:22,想您了 哥哥 願天上的您 生日快樂🎂,17433,133,[]
54,2019-09-03 14:16:47,不是只有我偏心💅🏻💅🏻💅🏻,10357,76,[]
55,2019-08-29 13:00:41,落～ 🌹他不是靜止了⋯⋯⋯,7172,92,[]
56,2019-08-29 09:29:00,起🌹Have a great day ❤️,9676,92,[]
57,2019-08-28 16:29:42,喵爪,8950,110,[]
58,2019-08-26 22:18:28,剪刀手愛的boy～～～,9934,110,[]
59,2019-08-24 20:24:08,有種放我下來 放我下來 放下我⋯⋯⋯ 我___哼,55139,534,[]
60,2019-08-24 10:30:50,一個朋友跟小孩說今天晚上帶他們去看電影，小朋友很興奮的跑來說：「馬麻～我們今天要去看什麼電影？」麻麻說：「下半場～」然後，小朋友就說：「那上半場呢？」🤣🤣😂😂😂 把6歲小男孩都看哭了 小朋友最激動的是兩個大哥哥映後粗線啦🏀🏀🏀,7265,31,[]
61,2019-08-22 17:14:21,落🌹一位有偶包的喵🌹,8349,140,[]
62,2019-08-22 13:08:45,起🌹Have a great day ❤️,23030,238,[]
63,2019-08-21 23:50:58,粉絲🥰,10985,100,[]
64,2019-08-20 11:28:21,嗆一下 你會愛上它🌶️❤️🍿#kiki食品雜貨鋪 @magiplanet,5267,56,['kiki食品雜貨鋪']
65,2019-08-19 22:26:15,落🌹Good night ❤️,12497,122,[]
66,2019-08-19 16:43:57,起🌹 Have a great day ❤️,8474,113,[]
67,2019-08-04 11:13:05,6歲快樂 願你健健康康 圓圓滾滾 永遠可愛🎂🥰❤️,24989,362,[]
68,2019-08-01 17:44:51,落🌹,18672,345,[]
69,2019-08-01 11:45:19,起🌹 Have a great day❤️,6647,86,[]
70,2019-07-31 23:05:34,昨半夜開始雷電交加 轟轟隆隆的像是老天咆哮 房間關著燈比開燈還亮 直到天光 才能跟閃電比亮 之後風開始呼呼的吹 雷照吼 光應該也照打 直到玻璃門的碰撞聲跟風聲相互一起交響著 看著窗外湧湧的海浪 聽了將近10小時的八號風聲 我心驚膽跳整理著行李 然後⋯⋯⋯,7490,113,[]
71,2019-07-31 16:49:29,誰都不能阻止一隻豬喵的覺💅🏻💅🏻💅🏻,6977,87,[]
72,2019-07-30 18:08:14,剛好有點閒 想說來去整理一下我那滿滿的衣帽間 一走進去 ⋯⋯⋯ 還是看電視吧😭😭😭,14922,184,[]
73,2019-07-30 12:11:04,回眸一怒🤷‍♀️🤷‍♀️🤷‍♀️,8832,134,[]
74,2019-07-29 16:53:05,晚餐時間😜😜😜,10031,132,[]
75,2019-07-29 13:06:47,一定要醬睡嗎🤷‍♀️🤷‍♀️🤷‍♀️,6156,83,[]
76,2019-07-27 23:46:13,喜樂是良藥 🌹謝謝妳帶來那麼正能量 美 與善 和愛 的演唱會 實在是 太精彩啦🥰🥰🥰看演唱會 跳的我汗流浹背蝴蝶袖應該瘦了一點🎉🎉🎉 #鄭秀文世界巡迴演唱會香港站2019,20209,98,['鄭秀文世界巡迴演唱會香港站2019']
77,2019-07-27 14:58:28,哈哈哈🥰🥰🥰,11996,247,[]
78,2019-07-27 01:03:50,王炸👍👍👍簡直就是簡直了⋯⋯ 必須再看一次才過癮🎉🎉🎉,35682,265,[]
79,2019-07-26 20:13:19,遲來的生日禮物🎁,7346,85,[]
80,2019-07-26 14:34:23,很愛枕頭的喵🤷‍♀️🤷‍♀️🤷‍♀️,8573,113,[]
81,2019-07-25 19:45:17,落🌹 good evening🎈,11854,159,[]
82,2019-07-25 17:24:39,起🌹Have a great day♥️,32835,176,[]
83,2019-07-17 23:40:40,反正臉大也不在乎了😅😅😅good night,40586,275,[]
84,2019-07-13 21:36:22,落🌹🌹🌹,9920,74,[]
85,2019-07-13 19:14:54,起🌹Have a great night♥️,12452,80,[]
86,2019-07-11 22:51:43,"為了孩子的未來,現在的你會選擇什麼?
我，選擇嚮光，選擇愛。

嚮光協會是臺灣唯一藉由創意教育、環保蔬食與多元文化活動，推動孩童成長充權的非營利組織。

願嚮光孩子永遠無邪、純淨，與 林熙蕾
@kellyhlin 和我一起選擇愛，給嚮光的孩子更光明的未來。

孩子需要的不僅止於生存，還要成長茁壯。前往 @brightsideprojects 或http://brightside.tw/donate/，讓愛延續。

#brightsideprojects #選擇愛 #兒童創意教育 #嚮光協會 #台灣 #chooselove #charity #慈善 #公益",7547,33,"['兒童創意教育', '慈善', '嚮光協會', '公益', 'chooselove', 'brightsideprojects', 'charity', '選擇愛', '台灣']"
87,2019-07-11 22:50:40,"為了孩子的未來,現在的你會選擇什麼?
我，選擇嚮光，選擇愛。

嚮光協會是臺灣唯一藉由創意教育、環保蔬食與多元文化活動，推動孩童成長充權的非營利組織。

願嚮光孩子永遠無邪、純淨，與 林熙蕾
@kellyhlin 和我一起選擇愛，給嚮光的孩子更光明的未來。

孩子需要的不僅止於生存，還要成長茁壯。前往 @brightsideprojects 或http://brightside.tw/donate/，讓愛延續。

#brightsideprojects #選擇愛 #兒童創意教育 #嚮光協會 #台灣 #chooselove #charity #慈善 #公益",3648,8,"['兒童創意教育', '慈善', '嚮光協會', '公益', 'chooselove', 'brightsideprojects', 'charity', '選擇愛', '台灣']"
88,2019-07-11 11:05:18,"為了孩子的未來,現在的你會選擇什麼?
我，選擇嚮光，選擇愛。

嚮光協會是臺灣唯一藉由創意教育、環保蔬食與多元文化活動，推動孩童成長充權的非營利組織。

齊聚一堂,我們將成為社會上一股正向的力量。與 林熙蕾 @kellyhlin，和我一起選擇愛，給嚮光的孩子更光明的未來。

孩子需要的不僅止於生存，還要成長茁壯。前往@brightsideprojects 或http://brightside.tw/donate/，讓愛延續。

#brightsideprojects #選擇愛 #兒童創意教育 #嚮光協會",13814,66,"['選擇愛', '兒童創意教育', 'brightsideprojects', '嚮光協會']"
89,2019-07-11 01:07:22,訂製家 訂製安全舒適時尚的家🌹,11050,88,[]
90,2019-07-10 01:31:42,我應該要叫醒他嗎？,4033,76,[]
91,2019-07-09 16:07:22,"當爆米花遇上了椒麻 🥰🥰🥰 🎉今夏 好好辣🔥🔥🔥@magiplanet
KiKi餐廳系列分店皆有販售
線上訂購：https://www.kikifg.com/product_list.php
#kiki麵 #kiki食品雜貨 #kiki爆米花",7187,100,"['kiki麵', 'kiki食品雜貨', 'kiki爆米花']"
92,2019-07-06 17:57:37,我說錯了什麼 轉頭就走 跩🤷‍♀️🤷‍♀️🤷‍♀️,8270,84,[]
93,2019-07-06 16:25:20,要幫他們找房子了🥰🥰🥰 #kaws,15537,109,['kaws']
94,2019-07-05 22:55:53,"英国女作家多麗丝·莱辛在《幸存者回憶錄》里這樣寫：

做孩子的时候，感到无聊，盼望着长大。长大后又向往返回童年。

我们浪费自己的健康，去赢得个人的财富，然后又浪费自己的财富去重建自己的健康。

我们焦虑地憧憬着未来，忘记了眼前的生活，活得既不是为了现在，也不是为了未来。

我们活得似乎永遠不會死，我们死得好像从来没活过。",37491,310,[]
95,2019-07-05 12:06:22,🌹Have a great day❤️,29826,257,[]
96,2019-07-04 18:58:45,"【20億公里 求生之路】
我很開心嚮應聯合國難民署 的「20億公里 求生之路」全球運動，這一年我會與難民同行，將我日常步行、跑步的里數和全球參加者一齊累積，希望一年之內可以達到20億公里的目標，也就是全球難民逃離家園後的求生里數，表示我們對他們的關注。

你都join我一齊參加吧！你還有機會得到好像我的這件印有自己名字的活動t-shirt。

為響應6月20日世界難民日，只要於【2019年6月15至7月7日期間】完成以下【兩個】行動，仲可以得到「6.20世界難民日慈善跑」限量版紀念T-shirt一件，數量有限，送完即止！立即參加吧！http://unh.cr/5d0b394597 
1. 累積6.20公里以上；及
2. 單次捐款港幣$620以上或新加入成為港幣$100以上的月捐者
#StepWithRefugees #一步一希望 @hkunhcr #世界難民日 #WorldRefugeeDay",19981,120,"['WorldRefugeeDay', '世界難民日', 'StepWithRefugees', '一步一希望']"
97,2019-07-04 17:09:28,打球前 必須好好熱身 🐝🐝🐝,28587,510,[]
98,2019-07-04 14:54:00,🙏🏻🙏🏻🙏🏻,32038,196,[]
99,2019-07-03 17:06:04,提神中⋯⋯⋯💤💤💤,6404,64,[]
100,2019-07-03 10:59:58,再一次驗敏感原 這次再驗不出所以然 我就 （正確說是免疫系統紊亂造成身體容易起疹 應該說是要怎麼改變免疫系統的想法）要不然我就 ⋯⋯祈求上天讓她突然消失 脫離我身體吧🙏🏻🙏🏻🙏🏻#針好恐怖 #嚇到血都流不出來 #血管太細的人抽血很折磨 #其實一點都不痛但恐懼😅😅😅,15882,583,"['其實一點都不痛但恐懼', '血管太細的人抽血很折磨', '針好恐怖', '嚇到血都流不出來']"
101,2019-06-30 17:18:23,為什麼我一唱歌牠就醒了🤷‍♀️🤷‍♀️🤷‍♀️,7106,97,[]
102,2019-06-29 17:50:13,落單的小孩 ⋯ 落🌹,5011,57,[]
103,2019-06-29 14:48:38,Have a great day🌹起❤️,14597,124,[]
104,2019-06-28 23:23:05,"久違了～ 
Photographer: Chen Man
Stylist: Sean K @s.e.a.n.k 
Hair stylist: Sev Tsang @sevtsang @hairculturehk 
Makeup artist: Zing @zingmakeup @zingthemakeupschool 
Styling assistants: Karen Tsang, Cherry Mui @cherrymuii and Foxla Chiu @foxla.c 
Producer: Katherine Ho @aw_kath 
Production manager: Ryan
Photography Crew: Studio 6",12215,95,[]
105,2019-06-28 22:22:02,結束台北的假期 也滿足的胖回了瘦下來的了😭😭😭,40169,154,[]
106,2019-06-28 18:53:27,日月潭 一日遊🌹,28917,216,[]
107,2019-06-26 01:35:36,晚安💤#bvlgari,39108,395,['bvlgari']
108,2019-06-22 18:28:04,累⋯⋯,22697,227,[]
109,2019-06-12 10:40:57,願這世上充滿愛與善 ❤️🌹🙏🏻,7460,106,[]
110,2019-06-10 22:02:09,😍😍😍,35565,413,[]
111,2019-06-09 21:55:08,通常真正努力的人是突然之間發現了自己居然變成理想中的人 ！ 沒時間去想到這麼多雜事的～,27725,224,[]
112,2019-06-09 20:33:28,動起來💪🏻💪🏻💪🏻,23718,163,[]
113,2019-06-09 14:47:28,今日北京 好美 🌹 #Bvlgarihotel,13262,108,['Bvlgarihotel']
114,2019-06-09 00:59:06,你是最棒的 堅持 努力 你的伯樂正在路上 加油💪🏻💪🏻💪🏻,7444,110,[]
115,2019-06-08 18:53:01,沒辦法 就是帥🤷‍♀️🤷‍♀️🤷‍♀️,10839,72,[]
116,2019-06-08 15:47:48,"KiKi麵店登陸香港喇！
KiKi Noodle Bar同KiKi Tea即將喺今個夏天新鮮熱辣辣地喺香港IFC同大家見面！大家可以坐低慢慢品嚐台式麵食同埋KiKi茶，到時仲會有好多夏日見面禮送俾大家，記得follow我哋 facebook 同 instagram 留意最新消息～

FB: KiKi麵香港 @kikinoodlebarhk
IG: KiKi Noodle Bar Hong Kong @kikinoodlebarhk

#ComingSoon #KiKi麵香港 #KiKiNoodleBar #KiKiNoodle #LaiSunDining #IFC",9455,79,"['IFC', 'KiKiNoodleBar', 'KiKiNoodle', 'KiKi麵香港', 'LaiSunDining', 'ComingSoon']"
117,2019-06-08 11:11:11,喝喝茶 補補氣 暖暖胃🍵,30125,179,[]
118,2019-06-07 09:26:46,粽子節快樂 端午安康 ～ 🌹🌹🌹,13499,105,[]
119,2019-06-06 09:54:30,"才貌兼具 可愛又不失穩重 純真自然的心 such natural & lovely beauty yet with a mature attitude. A true sense of innocence with a very warm heart. 
@nramsaylevi @chloe",12685,65,[]
120,2019-06-05 22:18:47,"女人裡的女孩 女孩裡的女人 gorgeous night as Chloe girls 💞 #chloeGIRLS# 
#CHLOESHANGHAI#  #Chloe众星上海秀比心# @chloe",21404,140,"['Chloe众星上海秀比心', 'chloeGIRLS', 'CHLOESHANGHAI']"
121,2019-06-05 13:41:57,#vogue,19132,128,['vogue']
122,2019-06-04 20:30:38,哈囉 #chloe 🌹,6848,50,['chloe']
123,2019-06-04 09:03:49,只有吃飯才會理我 還那麼兇🙄🙄🙄 #可恨可愛喵星人,8324,81,['可恨可愛喵星人']
124,2019-06-03 18:51:43,🐷喵 🤷‍♀️#喵真的不怕熱 沒開空調還是睡在墊子裏 還是捲在角落邊 所以真的不用剃太短毛喔,6196,65,['喵真的不怕熱']
125,2019-06-03 14:35:05,啱啱點咖啡 佢問我要中杯還是大杯 我說細杯 佢話好細杯 細杯美式，我話係，佢又舉起右手比咗四再問：四杯美式？我才突然領悟到 sorry sorry 係 medium cup😭😭😭這麼多年了 我的廣東話還是只有我自己才聽得懂💅🏻💅🏻💅🏻#廣東話系列小跟4發音是一樣的,16027,207,['廣東話系列小跟4發音是一樣的']
126,2019-06-01 12:24:36,我小時候如果長這樣應該很得人喜愛吧,15533,255,[]
127,2019-05-31 17:00:26,鞋太小 腳趾抽筋了😅😅😅,12882,144,[]
128,2019-05-31 16:08:21,穿做瑜珈的衣服打羽毛球可以嗎？,5975,98,[]
129,2019-05-30 12:40:48,為什麼半夜不睡睡白天🤷‍♀️🤷‍♀️🤷‍♀️,6391,124,[]
130,2019-05-29 16:44:15,居然可以睡這麼久🙄🙄🙄 還撒嬌,7685,87,[]
131,2019-05-29 10:29:45,一隻豬喵的日常,11941,172,[]
132,2019-05-27 15:12:49,💪🏻💪🏻💪🏻,16052,122,[]
133,2019-05-25 12:54:01,What what what #bbcat,18268,257,['bbcat']
134,2019-05-23 11:23:58,No time no zing 💅🏻💅🏻💅🏻 @zingmakeup,16364,99,[]
135,2019-05-22 22:24:58,Nite nite,12182,97,[]
136,2019-05-22 11:10:54,設備齊全 等我過了時差打起來🐝🐝🐝,7772,93,[]
137,2019-05-19 20:48:19,香港也太熱了吧 ～～ 落🌹,10889,137,[]
138,2019-05-19 03:32:32,起🌹 Have a great day ❤️,13059,140,[]
139,2019-05-18 09:15:21,#timessquare  假期一下子就要結束了🐝🐝🐝,15770,172,['timessquare']
140,2019-05-18 02:06:14,🧧🧧🧧快點來炸我吧 🎉🎉 #愛最大 #gaymarriage,13815,142,"['愛最大', 'gaymarriage']"
141,2019-05-16 01:59:19,#大都會博物館 #三天看不完 #nyc 腳底好痛🐝🐝🐝,18351,146,"['nyc', '大都會博物館', '三天看不完']"
142,2019-05-15 09:50:15,淚眼汪汪😂😂😂,5411,86,[]
143,2019-05-12 10:45:20,母親節快樂 🎉🎉🎉,9737,141,[]
144,2019-05-12 04:02:26,Great day 🐝🐝🐝,13699,148,[]
145,2019-05-11 10:45:21,印象中～ 10年來第一次走這麼多😭😭😭,12326,156,[]
146,2019-05-09 21:26:22,末日叢林前衛的時尚 🎉🎉🎉太讓人驚艷了🌹🌹🌹 #lvcruise @louisvuitton,34783,330,['lvcruise']
147,2019-05-09 07:43:31,野 前衛 叢林 🌲 #lvcruise @louisvuitton,5611,54,['lvcruise']
148,2019-05-09 00:34:43,又剪🐝🐝🐝,11119,102,[]
149,2019-05-08 06:44:15,回不去的少女體態💅🏻💅🏻💅🏻 向前走 不回頭💪🏻💪🏻💪🏻,17033,259,[]
150,2019-05-07 23:11:22,手很穩吧🤓🤓🤓,7975,167,[]
151,2019-05-07 01:52:25,Hello New York 🌹,9464,93,[]
152,2019-05-06 07:48:03,最近看展看的有點勤勞🐝,10516,70,[]
153,2019-05-04 02:46:58,上海的同學綿🍜🍜🍜五月18 上海的香港廣場唷 #abookstudio @joshualin 炳存,11120,124,['abookstudio']
154,2019-05-02 22:32:47,喝咖啡嗎 ☕️,45886,402,[]
155,2019-05-02 17:46:56,千里相約～,11537,78,[]
156,2019-05-02 12:18:10,終於可以睡覺了 ⋯⋯⋯⋯😴😴😴,27291,297,[]
157,2019-05-02 03:46:54,好想睡覺啊😩😩😩還有一整晚怎麼熬🤪🤪🤪紐約時差太折磨人了😭😭😭,8620,76,[]
158,2019-05-01 21:50:59,想問⋯⋯冬天這湖結冰 牠們去哪兒啊？,4299,118,[]
159,2019-05-01 20:14:04,走路去紐約🌹,6106,51,[]
160,2019-05-01 09:44:40,落🌹 累,8186,92,[]
161,2019-04-30 15:34:24,起🌹Have a great day ❤️,14550,134,[]
162,2019-04-29 14:36:42,這算不算是⋯汪汪汪,5932,116,[]
163,2019-04-28 17:13:45,剛特地跑去看這幅畫 真的好美好美 每一個角度都美 讓人感覺人生的美好 ～～～結果 我忘了跟它合影了😭😭😭,11346,120,[]
164,2019-04-27 21:25:58,想念⋯⋯⋯,17470,124,[]
165,2019-04-27 15:08:52,猜 哪個型號？,10853,268,[]
166,2019-04-26 16:15:06,防禦肌膚敏感的秘密武器#larocheposay,5595,75,['larocheposay']
167,2019-04-26 11:11:42,登 登 登登登登 登啦登 誰才是寵兒 ～,11101,128,[]
168,2019-04-25 09:20:22,登 登 登登登 登 登登💅🏻💅🏻💅🏻我的罐頭呢 ～,17849,210,[]
169,2019-04-24 11:19:47,30歲以前的樣子 是上天給你的 ，30歲以後的樣子是自己給～～～共勉之,31229,218,[]
170,2019-04-22 16:36:38,排毒中⋯⋯⋯,6333,105,[]
171,2019-04-20 00:44:54,落～～晚安💤,8122,116,[]
172,2019-04-19 18:07:25,起🌹Have a great night ❤️,23112,199,[]
173,2019-04-19 13:45:31,一定要挑人吃飯時幫他按摩🤷‍♀而且一定要用腳按️🤷‍♀而且只按肚子🤷‍♀️哪招🤷‍♀️,14280,192,[]
174,2019-04-19 12:23:41,3Q ❤️各路大神禮品 🎁 我很man吧 要不然迪士尼怎麼會送我這禮物💪🏻💪🏻💪🏻,8647,73,[]
175,2019-04-18 23:21:27,不捨不捨 還需捨 .......,7783,60,[]
176,2019-04-18 20:01:03,謝謝各方大神的花與禮物🌹🌹🌹,18090,169,[]
177,2019-04-17 22:24:49,晚安 💤 #迪士尼小孩的天堂 #帶小孩真的很累#女人真的很偉大🌹,24035,113,"['帶小孩真的很累', '迪士尼小孩的天堂', '女人真的很偉大']"
178,2019-04-16 22:00:05,祝福都收到了🌹🌹願我愛的人跟愛我的人都平安喜樂喔❤️❤️❤️,11180,180,[]
179,2019-04-16 15:39:28,今日過了一個很有佛緣的生日 最後的蛋糕 真的驚喜到我了🥰🥰🥰🌹🌹🌹謝謝大家的愛 願世上所有生靈都能被善待🙏🏻🙏🏻🙏🏻,46067,836,[]
180,2019-04-16 00:06:54,Thx 🌹超有心的禮物❤️❤️❤️,16375,223,[]
181,2019-04-15 14:39:27,謝謝sasa的禮物🌹🌹🌹好好用啊❤️❤️❤️@choisaaaa,9832,47,[]
182,2019-04-15 13:06:21,真的😂😂😂,33958,793,[]
183,2019-04-13 10:12:31,好吃的味道停不了🌹🌹 #kiki食品雜貨舖 #kiki食品雜貨香港店 @abookstudio,10091,110,"['kiki食品雜貨舖', 'kiki食品雜貨香港店']"
184,2019-04-12 12:22:55,一個按摩按到自己睡著的按摩師🙄🙄🙄,15514,248,[]
185,2019-04-11 16:09:20,人家的喵的都愛撒嬌黏主人 我家的喵見人就跑⋯⋯⋯why🤷‍♀️,11599,253,[]
186,2019-04-10 22:02:18,落 ～～～我是孩子王💅🏻💅🏻💅🏻,15912,141,[]
187,2019-04-10 18:14:31,起🌹Have a great night ❤️,13614,93,[]
188,2019-04-07 23:19:49,打卡 🐷🐷🐷@lok666,37400,347,[]
189,2019-04-07 00:30:45,Good night😴😴😴,6542,109,[]
190,2019-04-04 10:38:35,早安🐰🐰🐰,27614,445,[]
191,2019-04-04 00:00:43,化腐朽為神奇組🥰🥰🥰,11039,72,[]
192,2019-04-02 17:10:53,落~,5501,75,[]
193,2019-04-02 13:36:29,起 🌹Have a great day❤️,12253,146,[]
194,2019-03-30 20:56:33,落🥰🥰🥰 真是有心了🌹,11897,132,[]
195,2019-03-30 16:30:09,起 🌹Have a great day ❤️ 哈哈哈 ～,11324,316,[]
196,2019-03-30 02:36:17,"當你選擇了一條路 你就必須得放棄了另外的機會，選擇沒有對或錯, 重要的是要開心的往前走，既然做出了選擇就不需要回頭，因為魚與熊掌是不可兼得的，朝著自己的夢想出發，讓自己的生活沒有遺憾 才是最重要的🍻happy every day🌹",44573,426,[]
197,2019-03-27 22:03:09,哎⋯⋯梳個毛都不行🤷‍♀️🤷‍♀️🤷‍♀️,13941,254,[]
198,2019-03-27 14:17:16,走了兩小時山路 一下山 一碗麵 一塊西多士 一杯奶茶加煉奶😭😭白走了,18171,170,[]
199,2019-03-27 01:02:04,明天要早起 但現在精神超好 怎麼辦😭😭😭,8324,126,[]
200,2019-03-26 18:16:40,地下全是boyboy的毛💅🏻💅🏻💅🏻一條白色的都沒有 這證明了____🎈,10628,171,[]
201,2019-03-24 17:06:41,誰能告訴我他說什麼🤓🤓🤓,8543,198,[]
202,2019-03-24 02:26:47,話說時差的瘋癲性😜😜,7875,132,[]
203,2019-03-23 06:52:36,放空節奏開啟啦💅🏻💅🏻💅🏻 落❤️@bulgariofficial,21048,149,[]
204,2019-03-22 18:15:49,起🌹Have a great day ❤️,17209,119,[]
205,2019-03-22 16:11:04,在蘇黎世與人家的好友相見 騙吃騙喝了一頓 好好粗 🐷 @bund39,12117,74,[]
206,2019-03-22 06:27:20,Free time 🌹🌹花棉襖的春分,22207,129,[]
207,2019-03-21 15:38:04,Time is gold 鎏金歲月 🌹珍惜當下 Have a wonderful day @bulgariofficial,18987,141,[]
208,2019-03-21 07:41:04,五年了 就像一家人一樣 雖然人事變遷了 但心都在一起 羨慕寶格麗大家庭的情誼 ；聽了一整天的各式英語 累掛寶寶了😴😴😴 @bulgariofficial,16526,64,[]
209,2019-03-20 18:11:45,脂肪消沒 不重要 😓😓😓水腫肯定消了點💪🏻💪🏻💪🏻,21436,130,[]
210,2019-03-20 16:40:22,瑞士錶展中偶遇喬恩～～,18311,139,[]
211,2019-03-20 00:14:46,晚安的晚安😘,31222,205,[]
212,2019-03-19 18:23:38,我不說我什麼都不說 🥰🥰🥰,11471,194,[]
213,2019-03-19 15:25:44,早安的午安～～～,13601,111,[]
214,2019-03-18 22:45:11,不要違背自己內心的渴望 ⋯⋯吃吧💪🏻💪🏻💪🏻😭😭😭,8356,107,[]
215,2019-03-18 19:09:00,還債不是問題 是～ 債務累積太多 這是要動多久才能還的完呢🥶🥶🥶,17970,135,[]
216,2019-03-17 23:57:32,我不會說我在哪裡🧐,26013,251,[]
217,2019-03-17 19:48:23,打工Babysitter,24197,153,[]
218,2019-03-16 17:35:03,就是一個中餐胃🥰🥰🥰,5676,64,[]
219,2019-03-16 14:38:06,這個司機怎麼沒擦乾淨玻璃 扣分🙄🙄🙄,9173,101,[]
220,2019-03-15 16:08:32,早餐粗起來😋😋😋落 🌹,21093,140,[]
221,2019-03-14 23:19:57,起🌹Have a nice sleep ❤️,15717,95,[]
222,2019-03-14 21:50:50,不知道是愛她好還是恨她好 ...致我海藻般的稻草🥺🥺🥺,19170,219,[]
223,2019-03-14 12:34:47,猜 這是什麼？！ 猜中🧐🧐🧐沒獎 🤣🤣🤣#kiki食品雜貨舖 #kiki食品雜貨香港店,6117,142,"['kiki食品雜貨舖', 'kiki食品雜貨香港店']"
224,2019-03-13 22:07:17,沒事 就是覺得氣色還不錯 ～～ 雖然不太白😜😜😜,38900,582,[]
225,2019-03-13 16:13:32,以物易物💅🏻💅🏻💅🏻,7752,114,[]
226,2019-03-12 16:07:06,又來了⋯⋯⋯,9886,183,[]
227,2019-03-11 22:16:26,肩膀有點疼🤩🤩🤩,35890,414,[]
228,2019-03-11 18:34:31,沒關好衣櫃門的後果⋯⋯,13632,366,[]
229,2019-03-10 23:11:19,聚～～ 但只聚很多回憶都忘了留下了😭😭😭,56771,239,[]
230,2019-03-10 17:13:03,好喜歡有歪fi的飛機喔 ～ 時間一下子就過了 也沒那麼怕亂氣流了🥰然後空姐好好喔 問我想吃海鮮還是牛肉？然後我說泡麵！！ 她說短程航班沒有這個服務 但是過了15分鐘 一碗泡麵就出現了（應該是某位空姐私藏）😋😋😋～ 話說我這樣不算奧客吧😁😁😁落🌹,24519,167,[]
231,2019-03-10 13:16:21,起 🌹Have a great day ❤️,27739,257,[]
232,2019-03-09 11:16:21,美妙且美麗的女神節夜晚 #閃耀之輝盛典 #致敬女性 @bulgariofficial,40709,315,"['閃耀之輝盛典', '致敬女性']"
233,2019-03-08 13:11:13,三八節快樂♥️♥️♥️剛好 二月二 龍抬頭快樂🌹#敬女人,46107,237,['敬女人']
234,2019-03-07 22:51:11,明天要工作了 💪🏻💪🏻💪🏻,8824,77,[]
235,2019-03-07 15:24:59,天朗氣清 ❤️落,10704,107,[]
236,2019-03-07 11:29:50,起🌹 Have a great day ❤️,17606,159,[]
237,2019-03-05 15:03:14,兩小無猜♥️,14425,111,[]
238,2019-03-03 19:12:31,😭😭😭😭😭# kiki麻辣湯包試吃中,9510,126,[]
239,2019-03-03 17:18:08,整理家裡 才發現好多禮物沒拆 然後 就餓了 😭😭🌹,15143,149,[]
240,2019-03-03 15:59:13,Happy day 🎁🎁🎁,12769,63,[]
241,2019-03-02 16:17:48,這兩位真的是吃了防腐劑的 🙄🙄🙄,58440,367,[]
242,2019-02-28 17:27:47,大佬 光榮哥今晚也請好好加油啦 小心樓梯 小心手💪🏻💪🏻💪🏻 #鄭伊健演唱會,33057,139,['鄭伊健演唱會']
243,2019-02-27 23:59:13,時光荏苒 歲月如梭 🚀好在我們一路珍惜感恩🌹 雖說右手臂受傷了 也熱情的瘋狂著 讓小妹佩服 但 大佬 消炎藥還是得吃的💊 #鄭伊健演唱會,8335,98,['鄭伊健演唱會']
244,2019-02-27 14:41:50,好天氣 好心情🌹🌹🌹,5381,47,[]
245,2019-02-26 14:23:44,真的是美妙的饗宴🥰主廚真的很細膩很細膩 每一次去都讓我的味覺感到驚喜 ～ 這麼有心且熱愛的美食藝術家 真不是用星星可以衡量的了😋😋😋,10489,100,[]
246,2019-02-24 13:49:11,唯一的粉絲💅🏻💅🏻💅🏻,56917,1124,[]
247,2019-02-24 11:01:25,幹嘛醬兇😡😡😡,13287,106,[]
248,2019-02-23 15:31:14,B哥哥 祝福永遠66大順 🌹🌹🌹生日快樂🎂🎂🎂,14057,88,[]
249,2019-02-22 17:42:53,完全不把我放在眼裡😡😡😡,14652,202,[]
250,2019-02-21 17:35:25,人體試管中⋯⋯⋯肚子爆完再爆😭😭😭,15708,108,[]
251,2019-02-20 15:45:51,完美落幕 經典永存 🙏🏻Karl先生 一路好走🕯️🕯️🕯️,21456,84,[]
252,2019-02-20 13:13:51,起🌹Have a great day💕💕💕,18347,138,[]
253,2019-02-19 21:33:01,不肯好好拍照的小孩🤪🤪🤪～～～元宵🐷快樂喔,20330,130,[]
254,2019-02-17 08:32:03,又在思考喵生中⋯⋯⋯,12225,98,[]
255,2019-02-16 10:53:23,新的年 冒個泡 露張臉,25527,167,[]
256,2019-02-07 18:33:15,美少年 愛臭臉 💅🏻落🌹,20939,187,[]
257,2019-02-07 15:29:27,起🌹Have a great day 💕,12056,76,[]
258,2019-02-06 12:34:24,現在的小孩真難伺候🧐🧐🧐,8820,117,[]
259,2019-02-05 18:33:39,㊗️福,15481,150,[]
260,2019-02-05 00:17:58,恭祝各位新的一年 吃好喝好睡好 豬事美滿 萬事如意 🎉🎉🎉 更祝願新的一年 世間充滿善🌹,38716,272,[]
261,2019-02-03 14:34:15,省了買春聯的錢 卻花多了紙墨錢 ⋯⋯希望某年紙墨能賺錢💪🏻💪🏻💪🏻,34419,223,[]
262,2019-02-02 17:33:37,送🐶迎🐷 ～ 新豬快樂🌹🌹🌹 @joshualin #abookstudio,8856,92,['abookstudio']
263,2019-01-31 17:05:29,喜得墨寶😍😍😍,23531,138,[]
264,2019-01-30 19:35:51,有神千里能相聚🌹🌹🌹,68717,254,[]
265,2019-01-30 00:12:49,結束 也是開始 🌹🌹🌹偶像 我愛你 💕💕💕,17556,81,[]
266,2019-01-29 16:46:11,嘻嘻嘻嘻 喵與🐷的結合 好可愛 😍thx my lovely @vivianhsu.ironv 😘😘😘,11243,73,[]
267,2019-01-29 12:52:51,一定要黏著我睡💅🏻💅🏻💅🏻,10416,105,[]
268,2019-01-28 14:26:22,該沖涼了🚿🚿🚿,10646,119,[]
269,2019-01-26 11:25:28,停不了的好味道🌹🌹🌹 #kiki食品雜貨 #kiki食品雜貨香港 #kiki麵 🌟百分百芝麻磨成醬⭐️,17053,216,"['kiki食品雜貨香港', 'kiki麵', 'kiki食品雜貨']"
270,2019-01-25 19:16:13,小獅王突變小老頭😏😏😏,7340,87,[]
271,2019-01-25 14:49:36,裝一下 也好💅🏻💅🏻💅🏻,16298,103,[]
272,2019-01-24 15:59:00,下午好🧁🧁🍰🍨🍵☕️,7136,70,[]
273,2019-01-24 13:40:44,別想了你們，尤其是boyboy💅🏻💅🏻💅🏻 #magiplanet,7651,45,['magiplanet']
274,2019-01-23 14:49:25,生命要用在自己真正在乎的事 ⋯⋯⋯我最在乎的就是 舒舒服服的吃喝拉撒睡😁😁😁 #蔡康永的情商課,31604,127,['蔡康永的情商課']
275,2019-01-22 16:31:30,我家喵跟我一樣 就愛吃不健康的！ 我買了一堆 都不吃🥺🥺🥺🥺哼 我留下來自己吃😡😡😡,8356,73,[]
276,2019-01-22 13:48:11,天朗氣清☀️,8572,45,[]
277,2019-01-21 13:14:39,⛰️🏜🗻🏔🏕⛺️,11842,141,[]
278,2019-01-20 15:57:28,小狐狸,6189,59,[]
279,2019-01-19 13:39:36,曬貓曬禮~~~,12452,72,[]
280,2019-01-18 18:42:43,無聊的日常💅🏻💅🏻💅🏻,9206,103,[]
281,2019-01-17 14:02:31,感冒我就不理你了 😒😒😒,7464,86,[]
282,2019-01-16 15:41:56,我是優秀的麻麻🥰🥰🥰 什麼都不怕 怎樣 🥳🥳🥳兵來將擋 水來防水布淹 🎉🎉🎉,9690,192,[]
283,2019-01-15 11:16:46,這是⋯⋯⋯夢到我了吧🥰🥰🥰,14271,108,[]
284,2019-01-13 10:09:13,是要去洗澡了嗎？！,10718,116,[]
285,2019-01-11 17:31:29,@yml.makeup 收到boyboy囉🥰🥰🥰boyboy好喜翻喔💖謝謝一米立姨姨😊,10174,56,[]
286,2019-01-07 22:36:51,Night night 🎉🎉🎉,13219,93,[]
287,2019-01-07 09:32:37,取暖🎊🎊🎊,14677,105,[]
288,2019-01-06 22:25:47,哈囉🌹🌹🌹,13418,190,[]
289,2019-01-06 19:38:49,一個害羞委屈愛吃雞肉愛害怕的麵麵🥰🥰🥰,19312,108,[]
290,2019-01-03 20:38:44,Have a great night🌹🌹🌹,16036,91,[]
291,2019-01-03 13:49:03,Have a great day 🌹🌹🌹,11238,73,[]
292,2019-01-02 15:53:33,新年禮物內🥰🥰🥰 其實是我禮物拆太晚😅😅😅 謝謝大家🌹,19273,106,[]
293,2019-01-02 11:44:33,不是只有我吵他們喔~~~,11511,133,[]
294,2019-01-01 14:21:56,Hello 2019🌹🌹🌹,11611,126,[]
295,2018-12-31 12:56:02,不平靜的2018掰掰啦 ～ 希望2018這最後的陽光 消滅過去所有的陰霾 🌞🌞🌞準備迎接 美好的2019 🌹🌹🌹,30008,195,[]
296,2018-12-30 23:45:28,晚安💤,8908,96,[]
297,2018-12-30 14:49:19,準備迎接2019🥰🥰🥰就是要剪瀏海怎麼樣💅🏻💅🏻💅🏻,16355,129,[]
298,2018-12-29 22:54:22,一路好走🙏🏻🙏🏻🙏🏻,7912,121,[]
299,2018-12-29 18:33:17,猜 我幾點才能吃到飯😭😭😭#準時真不是個好習慣,16848,194,['準時真不是個好習慣']
