,time,post_caption,likes,comments,tags
0,2019-12-28 18:51:57,"📍兒科實習-12PW  0PII&IM
實習完之後覺得之後如果要走兒科可以走新生兒或嬰兒👶🏻🍼
兒童就先不要了😂
終於結束這學期的病房實習了٩(˃̶͈̀௰˂̶͈́)و
兒科登出 期待明年產科
#兒科實習",68,9,['兒科實習']
1,2019-11-28 20:49:39,"📍內外實習-8D
原本很怕內外會被電到飛
但沒想到遇到了真美老師❤️
也幸運的到我很想去看看的神經外科
很謝謝老師和preceptor 還有我們可愛的組員們🥳
真的好愛這組！
大家一起吃飯，一起因為直接倒NS在棉棒裡而被學姊罵😂
即便外科的步調很快很忙，病人流動率也高，但我還是喜歡外科
雖然可愛護長說我是內科臉( ；´Д｀)
#內外實習 #神經外科",74,0,"['內外實習', '神經外科']"
2,2019-07-20 17:49:51,"📍花蓮
天氣好的七星潭真的很美
下次冬天出去玩好了ಥ_ಥ
不然好熱嗚嗚
#魚鱗出去玩 #花蓮 #七星潭 #friendship",58,2,"['花蓮', '七星潭', '魚鱗出去玩', 'friendship']"
3,2019-07-03 20:00:18,"📍奈良
🦌🦌🦌
整趟最喜歡的一天了🥰
鹿真的好可愛可是好臭🥴",90,2,[]
4,2019-07-03 19:52:44,"好熱的日本🇯🇵
去完回來之後我下了一個重大的決定
我寧願被冷到不行
我也不要熱到不行🥴🥴",62,6,[]
5,2019-06-23 18:55:19,"醫院實習第一站📍基護實習4E2
連續七週星期三6:30起床的日子也在complain 中結束了ಠ_ಠ
很感謝帶過我的學長姐，4E2的學長姐認真推！
也感謝第一組的大家，大家人都好好🥺
然後都趁老師沒來在那邊一起哈囉哈囉的٩(˃̶͈̀௰˂̶͈́)و
整個實習下來很有感的進步就是：
我抽藥終於不噴了呢👏👏
對不起前幾位帶我的學長姐，你們的交班單上都是我噴的anti😂😂
#基護實習 #4E2",57,1,"['基護實習', '4E2']"
6,2019-06-23 18:53:54,"［Español ］🇪🇸
去師大上西文的日子也就這樣結束了，感謝西文小夥伴沒有拋棄我，常常來上課🥳🥳🥳
可惜老師張之後要去成大了QQ",65,4,[]
7,2019-06-02 20:05:03,"兩天打了六個報告，覺得可以稍微休息一下
所以去找語涵玩🥳好久沒去淡水找她了
暑假再去找妳(˶‾᷄ ⁻̫ ‾᷅˵)
#tamsui",58,2,['tamsui']
8,2019-05-31 22:51:32,"20190529🎂
願每年你的生日有我 我的生日也有你🥰
25+1生日快樂(｡･ω･｡)
#happybirthday  #minovio #D先生",58,3,"['happybirthday', 'D先生', 'minovio']"
9,2019-04-28 22:31:39,"終於換我加冠了
謝謝爸爸 媽媽來💛
謝謝語涵 沁芳來💛
謝謝以瓴妹仔趕來跟我拍照💛
也要謝謝雖然沒能來但還是錄了一段影片給我的D先生💛
你們都讓我豪感動ಥ_ಥ

最後兩張自肥(｡･ω･｡)
#加冠典禮 #sn",82,11,"['加冠典禮', 'sn']"
10,2019-04-23 23:33:21,"兩天花蓮行 就是從頭吃到尾
還在擔心會下雨 結果意外的好天氣🥳
謝謝D先生兩天辛苦的開車💙

然後跟我相處太久講話都被我傳染變成臭林呆了😂
#D先生",79,4,['D先生']
11,2019-04-14 21:13:22,"她真的太讓我感動我必須為她發一篇文💛
連續八年的生日都有妳
這次還親手做這樣的卡片給我 還做到凌晨 妳真的太猛了了了
我真的超級無敵世界感動的ಥ_ಥ
齁沒有妳怎麼辦吶( ･᷄ὢ･᷅ ) 
還要謝謝每一個祝我生日快樂的人💛

#bestfriendforever",61,4,['bestfriendforever']
12,2019-03-14 23:33:34,"情人節快樂
💛",67,24,[]
13,2019-02-12 19:03:13,"20190131
火車出發前五分鐘拿著行李狂奔三個手扶梯
奔完第二個腿就軟了😭
以後再一起出去玩👭
#魚鱗出去玩",63,1,['魚鱗出去玩']
14,2019-02-09 17:15:11,"20190130
是被海浪嚇的部分🌊🌊
#魚鱗出去玩",71,11,['魚鱗出去玩']
15,2019-02-07 15:38:12,"20190129☀️
來打架呀🤪沒啦開玩笑的
#魚鱗出去玩",81,6,['魚鱗出去玩']
16,2019-02-04 12:45:35,"合照結束
#魚鱗出去玩 #高雄 #集盒",65,0,"['高雄', '集盒', '魚鱗出去玩']"
17,2019-02-03 19:22:37,"⁄(⁄ ⁄ ⁄ω⁄ ⁄ ⁄)⁄小瓴依人
#魚鱗出去玩 #高雄 #棧伍庫",54,3,"['高雄', '棧伍庫', '魚鱗出去玩']"
18,2019-02-02 18:01:44,"我要發很多張照片(˶‾᷄ ⁻̫ ‾᷅˵)如果我沒犯懶的話☀️
#魚鱗出去玩 #高雄 #駁二 #哈瑪星鐵道文化園區",60,3,"['高雄', '哈瑪星鐵道文化園區', '駁二', '魚鱗出去玩']"
19,2019-01-15 20:42:12,"🧡🧡🧡🧡🧡🧡🧡
今年第一約
之後繼續約
以前是中壢逛到爛
現在是去中壢回憶(˶‾᷄ ⁻̫ ‾᷅˵)
妳佔了我一堆instagram的版面呢🥳
#魚鱗出去玩",62,2,['魚鱗出去玩']
20,2018-12-31 19:48:06,"去年太懶沒打回顧紀念一下，覺得今年必須打一下，畢竟今年對我而言是豐富的一年。
上半年基本上我過得並不是太開心，當時我每天期待的事就是回家。每天驅使我去上課的動力就是回家。當時的我待在宿舍讓我覺得很不自在，也許跟我自己也有關係，我太在意別人看我的眼光，我做什麼事情都會去聯想到別人如何看我，在心裡自己預設了一種答案。到了下半年跟著自己熟悉的朋友一起搬到了新的宿舍，也許因為有個熟悉的人了，讓我覺得放心許多，也讓我真的感受到宿舍的感覺😊
@yu_tung_candice 感謝你🥳
我覺得吧，一直到最近幾個月我才慢慢的改變我自己的個性，以往的我偏好獨來獨往，因爲想去哪就去哪，逛累了就回家，不用顧慮別人，也不太想參加活動，但現在我也開始學著慢慢參與大家(⁎⁍̴̛ᴗ⁍̴̛⁎)希望大家不要誤會我，我覺得我還算好相處只是有時候真的很慢熱(;´༎ຶД༎ຶ`)
◾️最重要的事情
1.魚鱗出去玩
@0511cherry 說了3、4年的韓國自由行，終於在今年暑假實現，和我最好的妹仔兩人自由行去韓國，這真的是我今年最美好的回憶🧡🧡我會永遠記得，也希望我們能在一起去更多地方旅行，想說的話之前文就說過了就不再多說
2.護理宿營
大一剛入學我沒參加宿營，大二我加入宣傳部負責營服，也參加了今年的宿營，雖然在去之前覺得天啊我當初幹嘛報名參加，但去了之後，我覺得好青春好好玩，真的就像去宜蘭度假一樣😂也讓我在參加宿營的這欄打了勾✔️
3.很多的第一次
@yu__hanlin 和你第一次追星，第一次去應援，然後暑假後半段整天都在用梗圖互相取悅對方🧡你真的是我的幹話Queen💛
12月出現了我的好多第一次，第一次踏入夜店，第一次當舞會的工作人員，第一次進ktv，第一次參加大學的舞會，感謝語彤當初找我參加，不然我想我到現在都還是個在旁邊羨慕的人。12/24-12/28這整個禮拜真的是我最豐富的一個禮拜了🥳🥳🥳但熬夜也讓我身體抗議ಥ_ಥ我果然不能熬夜
◾️新年新希望◾️
1.能更勇於踏出，去接觸更多人
2.身邊的每個人都開心、平安
3.變得獨立
4.不要太在意別人眼光
哥哥去當兵只好放照片懷念他😭
最後一張只是滿足我的慾望而已😂😂紀念一下難得穿這樣 ¡Feliz Año Nuevo!",69,16,[]
21,2018-12-28 17:11:50,"20181227
西文最後一堂課必須發個文紀念一下
當初簽西文也是在某些因緣際會下才會去簽（其實就是日文韓文簽不到啦😭
這真的是我這學期最喜歡的一堂課
讓我從歡樂中學習
第一次讓我上語言課不怕口說
謝謝我的西文小夥伴們🧡🧡
¡Gracias!
#我覺得老師很像friends的Rose
#jajaja",69,3,"['jajaja', '我覺得老師很像friends的Rose']"
22,2018-12-03 14:09:52,"想托卻沒托好 變成像在搔癢🤪

#魚鱗出去玩 #起家雞 #新北耶誕城",57,1,"['新北耶誕城', '魚鱗出去玩', '起家雞']"
23,2018-07-24 22:25:40,"Day8🇰🇷
其實這天沒行程
一大早起床搭車到機場😴
仁川機場二航真的很漂亮 光線很美💛然後整層都是大韓航空的櫃檯 超大
然後在飛機上遇到兩個要去臺灣玩的韓國男生 那身高真是逆天！
在登機室等登機的時候覺得八天的韓國自助旅行就這要結束了真的好感傷啊，但這八天也留下很多值得回憶的事👭
/
接下來是給155妹仔的話😻
我們終於實現了我們在國中的約定啦！雖然在整個旅程中有時候我脾氣比較差、個性比較急、有時候又很雷，很容易把我的情緒表達在臉上，很慶幸你都沒有跟我計較，沒有造成我們之間的吵架 你對我真好欸（內牛滿面）❤️💛❤️💛
來韓國的八天裡也遇到超多鳥事（真的超多，不過還好我們都平安的過完這八天☺️
很開心能跟自己最好的朋友出國玩，約定之後還要再一起出國啊！✈️✈️",62,3,[]
24,2018-07-21 16:22:18,"Day6-7🇰🇷
第六天中五去吃妹仔排的一家泡菜鍋店
我看到生菜籃裡面有綠色辣椒平常看韓綜他們都整根吃
於是我先嚐了一口 只覺得滿滿青椒味
在嚐一口 還是青椒味 三秒之後
超級無敵世界宇宙辣 立馬眼淚就跑出來 不是開玩笑😿
/
南山塔 老實說白天去看南山塔一點都不漂亮 很像在施工的塔晚上看才美🎆
/
晚上的明洞真的很熱鬧，周遭也很多小攤販 吃了雞蛋糕、魚板、年糕真的超好吃 阿姨們也都很熱情親切☺️
/
最後一天的行程 天氣是這幾天最熱的☀️中午去吃了烤肉 兩位女子終於吃到肉了🤤
吃飽後我們去了汝矣島 太陽超級大超級熱 很多人在那裡露營野餐
晚上則到了首爾路7017
晚上上去真的超美的 居高臨下的感覺🌃
#魚鱗出去玩 #韓國 #首爾 #南山塔 #明洞 #汝矣島#首爾路7017",62,2,"['首爾路7017', '首爾', '汝矣島', '韓國', '明洞', '魚鱗出去玩', '南山塔']"
25,2018-07-18 22:49:39,"Day4-5🇰🇷
這幾天天氣都陰陰的很舒服 但照片拍起來就比較灰色憂鬱📷
前往南怡島所耗費的交通時間真的超級久，是一個去過就不會想再去的地方⛄️
仁寺洞/三清洞/北村
仁寺洞給我的感覺不太一樣，有點復古現代的融合
廣藏市場沒想像中的好逛
每一條路的店家都是賣同樣的東西 會讓你不知道該選哪家
對我們而言有點踩雷
#魚鱗出去玩 #韓國 #首爾 #南怡島 #仁寺洞 #三清洞 #三清洞摩西 #北村 #廣藏市場",56,6,"['北村', '首爾', '南怡島', '三清洞摩西', '廣藏市場', '韓國', '三清洞', '仁寺洞', '魚鱗出去玩']"
26,2018-07-15 19:11:21,"Day2-3🇰🇷
第二天天氣很舒服
超級推通仁市場
是一個高CP值的地方 
第三天就下雨了🌧️
如果晴天 梨花女大一定更美⛪️
還有好多照片想發(˶‾᷄ ⁻̫ ‾᷅˵)
之後在繼續發👀
#魚鱗出去玩 #想很久才想到的名字 #韓國 #首爾 #景福宮 #梨花女子大學",69,2,"['想很久才想到的名字', '景福宮', '首爾', '韓國', '梨花女子大學', '魚鱗出去玩']"
27,2018-07-12 23:03:09,"跟155妹仔的韓國行👭🇰🇷
從國中開始約定到大學才一起實現✈️
很開心很興奮但也很累 而且每天都要等妹仔起床👧🏻
到目前為止遇到太多鳥事了 
先po個合照
等我有力氣的時候再發很多很多文哈哈哈(希望
#魚鱗出去玩#韓國 #首爾 #景福宮 #梨花女子大學 #南怡島",87,18,"['景福宮', '首爾', '南怡島', '梨花女子大學', '韓國', '魚鱗出去玩']"
28,2018-05-13 20:35:39,"母親節快樂👩🏻❤️👧🏻
#happymothersday #huang#family",55,0,"['family', 'huang', 'happymothersday']"
29,2018-05-11 14:41:19,"生日快樂
恭喜妳也跟我一樣18+1
希望我們能撐過七年之癢❤️❤️❤️❤️
以瓴妹仔
你能跟我最愛的三眼怪真是太棒了👏
#七年友情",48,2,['七年友情']
30,2018-02-23 16:33:17,"跟好久不見的心儒💛
還有沁芳💛

#LXH",53,9,['LXH']
31,2018-02-21 20:32:09,"動物園🙌
🐼🐨🐯🦁🐵🐧🐢🐴🦒🐘🦓🐫🐪",61,1,[]
32,2018-02-09 21:06:00,"宅在家裡太長時間
宅女終於出門🙌
我們下次去別的地方去別的地方吧@0511cherry 💓
今天是我搭過最久的區間車了😨
最後在桃客遇到珮慈妹妹和過嶺線好朋友👍🏻
#九份 #十分",58,2,"['九份', '十分']"
33,2017-12-16 20:52:39,"與語憨的電影約。
冷冷的天有奇蹟男孩👍🏻",55,1,[]
34,2017-12-09 09:26:38,"終於看到大家🤗🤗🤗
好久沒有這麼開心了
每年冬天都來一次火鍋啊
#姊姊妹妹聚聚聚",51,5,['姊姊妹妹聚聚聚']
35,2017-11-19 18:57:13,"品品市集👭
排隊排超長 進到裡面也是擠來擠去
可是看到喜歡的設計師買她的東西就很開心❤️❤️
@0511cherry 你為什麼要偷窺？😂
#品品市集 #pinkoi #nings #愚室實驗所 #with以瓴",58,8,"['with以瓴', '愚室實驗所', 'nings', 'pinkoi', '品品市集']"
36,2017-09-28 21:32:28,"隨約隨走👭❤️
雖然有人遲到😏",47,2,[]
37,2017-09-04 10:25:49,"170831-170903 OC10 1梯 20小
----------------長文
新生書院報到的時候看到我的室友都是19小隊的只有我一個20小我真的超緊張的
不過還好我第一個遇到@anniechangz 
我們一起到一家店一起喝飲料一起聊天讓我輕鬆很多☺️還有我其他室友也都超nice真的很高興認識妳們❤️
晚上小隊一起吃披薩吃炸雞烤雞 然後玩記名字遊戲，我真的太廢了所以醜二要進大冒險😂謝謝你們想的大冒險 我想那句話我大學四年都不會忘記的😂之後飯後玩的桌遊妓女也超好玩的👍🏻👍🏻當時的我覺得很輕鬆不太緊張 謝謝你們大家🙇🏻‍♀️
-開學典禮
這是我參加過最不一樣的開學典禮，沒有制式的唱國歌、官方說法，我覺得很新鮮☺️還唱了以後鮮少會唱到的校歌😂😂
-你以為的是你以為
就是超棒的一堂課😊
-小隊之夜
超好玩(˶‾᷄ ⁻̫ ‾᷅˵)光璨姊姊真的太美啦啦啦啦☺️然後碩宏太高一眼就認出來了😂還有好多隊輔唱歌都超好聽（耳朵懷孕☺️然後營歌很好聽❤️
-感性時間
我沒想到我會在這個環節講到哭，我覺得沒能跟你們變得很熟有點難過，也怕你們會覺得我很難相處，所以不太敢主動的與你們聊天。但是謝謝幾位隊友給我的鼓勵跟信心，我當下真的覺得超暖，覺得在20小真的很幸運☺️
-最後一天
最後的一個活動，在每個人背後留下想說的話，謝謝你們每個人對我的留言，看完我真的一樣覺得很暖，我會記得你們每一個人的
謝謝你們20小的各位❤️還有光璨姊姊跟碩宏👍🏻
#OC10
#20小
#Radio超有趣👍🏻
#我覺得其實可以",43,6,"['OC10', '20小', '我覺得其實可以', 'Radio超有趣']"
38,2017-08-17 19:59:12,"美好的一天👭
阿對了我今天跟遊覽車一起出來玩😂😂👍🏻",50,1,[]
39,2017-07-28 20:27:42,"大家不要再打架了😂
來swag👍🏻",44,10,[]
40,2017-07-05 21:00:23,"完全沒計畫的台北一日遊
今天有默契到嚇死人🤔
8月約👭
#西門 #大安森林公園 #士林",39,1,"['大安森林公園', '士林', '西門']"
41,2017-05-27 18:23:14,"五年的感情不多說
雖然是五年但照片少的可以😂😂
#ㄧ芳 #momostouch",40,2,"['momostouch', 'ㄧ芳']"
42,2017-02-25 12:36:41,"繼蛋黃哥之後終於一起出來啦😍
午餐吃到地雷😂",44,2,[]
43,2017-02-10 17:19:10,"日本第十天
是該回去了🙆🙆",34,7,[]
44,2017-01-23 22:23:46,不想在鞋子上標人就不標啦😋😋 #姐姐妹妹聚聚聚#170123,36,11,"['170123', '姐姐妹妹聚聚聚']"
