,time,post_caption,likes,comments,tags
0,2019-12-29 13:42:20,當你宅宅朋友被抓出門🙂,22116,160,[]
1,2019-12-28 14:45:20,"記得是某一天早上喬了個時間
就跟喬老師喬玩具救援了😛😛
這隻是1996年的老東西，退成奇怪的顏色
噴出來真的是技術力展現🤭
愛玩具的偶真的是感動。

選男人就要選愛玩具的啦，例如:

#阿傑",16941,63,['阿傑']
2,2019-12-27 18:42:15,"飛起來了怎麼可能救命呀我不要
快說愛我不然我會芬掉。
（猜歌）
話說上次運動會大概國中了吧啊哈哈
（高中偷溜烤香腸😎😎)
還好海陸有操一下，跳遠還是第一次呢…
敬，人生體重最重的時刻一躍with花輪頭。
感謝木曜的邀請,呵勝 @muyao4",21932,98,[]
3,2019-12-25 22:34:04,"藍的歌單太猛了，都前三張。
根本就回到國高中生夢想中的演唱會。
哭爆🥺🥺🥺😭😭😭😭
每一首會唱嗚嗚嗚
 #五月天 #mayday",15205,105,"['mayday', '五月天']"
4,2019-12-24 12:58:50,kill me,58775,1874,[]
5,2019-12-22 21:40:01,"哈囉學弟妹😎😎
沒想到畢業後回來竟然是?

#實踐大學",16261,65,['實踐大學']
6,2019-12-22 06:24:06,"真人真事，夜路走多了

#阿傑 #廉傑克曼 #RJ",13964,229,"['阿傑', '廉傑克曼', 'RJ']"
7,2019-12-20 19:49:03,"我說我想靜靜，你卻問靜靜是誰
你是不是存心要跟我做對

#阿傑 #RJ",11808,143,"['阿傑', 'RJ']"
8,2019-12-20 13:09:35,"這誰啦 
@sevenfatofficial",20803,115,[]
9,2019-12-18 18:02:04,神奇吧 寶貝,14962,339,[]
10,2019-12-17 13:01:25,不要亂教啦幹~,36232,637,[]
11,2019-12-16 22:34:35,"只能更帥了。

#補血 #阿傑",16268,110,"['阿傑', '補血']"
12,2019-12-16 10:40:35,"RJ 台語 ：嘎嘎掉
🗣",11619,134,[]
13,2019-12-15 20:33:44,"這次打蠻爽的😎  耶誕快樂。

#新北耶誕城  #七月半 @sevenfatofficial",18776,91,"['新北耶誕城', '七月半']"
14,2019-12-15 17:27:04,彩排鼓手視野。6點見,11425,51,[]
15,2019-12-14 18:52:18,"鼓手視野🥺🥺
@sevenfatofficial",11071,51,[]
16,2019-12-14 10:12:48,早安,12091,161,[]
17,2019-12-14 00:27:27,"難得西裝筆挺的，啪哩啪哩😎
真的是前一天才敲通告啦XDD
本來還在台中，套個西裝外套就出門惹。
說真的，做節目真的不容易，
現場更是很吃經驗跟功夫底子。
記得去支持一下rrrr

#po個帥照不然大家以為我是限動怪
#博恩夜夜秀 
#還以為喬瑟夫",27304,142,"['po個帥照不然大家以為我是限動怪', '博恩夜夜秀', '還以為喬瑟夫']"
18,2019-12-12 03:46:45,"早安，月娘。
Am 3:30 澎湖

#澎湖 #RJ #阿傑 #跑步 #nike",21036,87,"['跑步', '澎湖', '阿傑', 'nike', 'RJ']"
19,2019-12-11 19:37:11,"不好意思，分店開到澎湖去了。

#沒有你在我都自己來
#沒有你在我都自己來自己嗨
#穿過雲層
#我試著努力向你奔跑
#愛才送到　
#膩卻已在別人懷唉抱凹嗷嗷",21411,79,"['沒有你在我都自己來', '膩卻已在別人懷唉抱凹嗷嗷', '愛才送到', '我試著努力向你奔跑', '沒有你在我都自己來自己嗨', '穿過雲層']"
20,2019-12-10 18:20:34,"Art

爽賺裝潢費",29429,263,[]
21,2019-12-09 19:59:10,"我特別叮嚀TENGA不要針對我的size
量身訂做，這樣很困擾。
真不聽話。壞壞(  o ° ω ° O) づ

TENGA三周年快樂 (´-ωก`)
搜尋「台灣 TENGA三週年慶 」
裡面有一堆適合交換的禮物選擇，
你說要跟我交換? 粉抱歉，裝不下。

#TENGA台灣三周年
#阿傑 
#日文名 
#櫻京塚仗
#A.K.A
#大盜韓步助",21150,160,"['A', '大盜韓步助', 'TENGA台灣三周年', '櫻京塚仗', '阿傑', '日文名']"
22,2019-12-08 14:19:01,被自己笑死,6754,41,[]
23,2019-12-07 21:50:07,"老師，這題真的過難。

出自：
Jango的刑事訴訟題型破解

#怎麼會出在這本書啦吼",17672,97,['怎麼會出在這本書啦吼']
24,2019-12-07 12:21:00,"Hi早我RJ
旁邊是RJB 跟RJB女郎。(=￣ω￣=) 又是偶像小訪一下😜緊張~
「ANOTHER SIDE OF TEZUKA」特展
來台灣囉（免費）
Address : [The Little Hut] No. 3, Lane 62, Yanji St., Taipei City
台北市延吉街62巷3號

我把紳士圖都放在裡面了，今天下午（12/7）開始，自己去找吧😏😏 Rockin'Jelly Bean (RJB)
特別號召友好的藝術家們
「寺田克也、Kads MIIDA、金子ナンペイ與 SONY SUZUKI，以「手塚作品的另一面」為命題策劃的特展，
難得來一趟值得出門去逛一下Rrrr。

報告完畢 去剪片嗚嗚
#RJB #RJ #阿傑 #手塚治虫 
#其他影片可以先配飯吃
#你說你沒飯吃
#阿你可以吃兩個啊",12293,26,"['RJB', '阿你可以吃兩個啊', '其他影片可以先配飯吃', '手塚治虫', '阿傑', '你說你沒飯吃', 'RJ']"
25,2019-12-06 11:10:24,可愛小狗狗,17689,448,[]
26,2019-12-05 23:47:52,怪人組，右滑補血。,23576,77,[]
27,2019-12-04 21:57:25,????(๑′°︿°๑)??John也行嗎,9131,60,[]
28,2019-12-04 11:47:45,抓,9829,32,[]
29,2019-12-03 13:29:07,"Hi 我阿傑啦 ，這幾天陸續收到消息，
開頭先謝謝各位！！賞給你們感謝正拳
👊👊👊👊👊👊👊👊
奶罩Ｔ大成功！！
沒想到那麼多人要這奇怪的東西😏😏
你們真奇怪（我喜歡）
想當初只是自己衣服刺繡的小玩意，
加上前陣子工作太忙了，
這東西從一開始影片出現的彩蛋，
直快到冬天才有消息😂😂
為了是加上周邊回饋給你們。
在這進入冬天的日子出短Ｔshirt，
大家還是很捧場，我真的要淚奔了(つд⊂)
這幾天，陸續收到大家穿著掀奶罩Ｔ的照片，心裡除了感謝還是感謝！

前鎮子親自去了一趟宜蘭的工廠，
拜訪掀奶罩Ｔ的製造工廠 
親自做個紀錄並親自在出貨前放上貼紙向大家表示我的感謝，
應該這幾天Youtube會上Vlog啦😜😜 原本怕週邊沒有人想要，
沒想到預購開始的第二天，TAMi老闆就留訊息給我說數量超出原本我們預期的數字了！
為了感謝大家，才臨時決定加製貼紙。 
結果你們更愛貼紙是怎樣 （真難伺候😜）
總之，心裡除了感謝還是感謝！

謝謝大家支持我的品味！ 
報告完畢，沒事的話，我掀奶罩囉。

ＴＯ ＢＥ ＣＯＮＴＩＮＵＴＥＤ

#阿傑 #我掀奶罩囉 #jaw  #RJ",13333,92,"['阿傑', '我掀奶罩囉', 'RJ', 'jaw']"
30,2019-12-01 22:10:30,"與神見面，人生圓滿了。
又玩壞了一個大咖😂
其實訪談只有五分鐘，解鎖一堆成就。
超緊張還好問題合他胃口。
YouTube新影片GoGo 
#小島秀夫 #死亡擱淺 
#deadstranding #阿傑 #RJ #YouTube
感謝諾基幫拍，
還有臨時把手機丟給6tan😂",15100,45,"['死亡擱淺', '阿傑', 'deadstranding', 'RJ', '小島秀夫', 'YouTube']"
31,2019-12-01 12:28:40,"沒事，笑就對了。

Hello Kitty x 好餓的毛毛蟲 
集點快過了啦
快去蒐集這可愛小蟲蟲睡袋😍😍😍
#屈臣氏 #hellokitty #好餓的毛毛蟲 #阿傑 #RJ",22698,202,"['好餓的毛毛蟲', '阿傑', 'hellokitty', '屈臣氏', 'RJ']"
32,2019-11-29 12:39:33,"來台北遇到緊張爆汗鳥，
是我最愛的神奇寶貝。

#台北  #台北車站 #地標 #阿傑 #RJ",13022,71,"['台北車站', '台北', '阿傑', '地標', 'RJ']"
33,2019-11-27 19:55:03,"久違log V 🖖😎
那天的體驗大概是john。
結果隔天天氣爆炸好啊可惡QQ

#YouTube #火球祭 #RJ #阿傑 #vlog #fireball",4543,16,"['vlog', 'fireball', '阿傑', '火球祭', 'RJ', 'YouTube']"
34,2019-11-27 11:38:48,"不能肥

#阿傑 #rj #統神",12427,195,"['阿傑', 'rj', '統神']"
35,2019-11-24 12:42:03,"看演出是聽音樂的唯一方式，
不然就只是聽個故事而已。

說實話，
火球祭的動線安排對享受音樂祭的人來說非常親民。如果有機會是值得來一趟享受喜愛的樂手們準備的表演。

至於後台又是另一個故事了。
跟一堆傳奇人物交流真的是有燒好香。

最後一張我要靠北一下，
一個場地硬要放個斗大名字題字有夠醜。",12850,54,[]
36,2019-11-22 19:06:56,"火球祭給一堆飛機杯是在海螺?

這週末可以去聽一下呦

#火球祭 #fireball",11931,55,"['火球祭', 'fireball']"
37,2019-11-22 00:43:59,喵,13915,91,[]
38,2019-11-21 14:21:21,"怪團這誰啦 披頭七
室內戴墨鏡是在哈囉?
啊我們七月半今年要在新北耶誕城表演囉
@sevenfatofficial 
#說好不搞笑",31440,362,['說好不搞笑']
39,2019-11-20 08:14:57,"早安 😀飢餓之力 
#早餐店上字幕亞洲怪人 
#鮪魚蛋餅 
#啊真的每一家都不一樣啊",16073,329,"['早餐店上字幕亞洲怪人', '啊真的每一家都不一樣啊', '鮪魚蛋餅']"
40,2019-11-19 11:40:58,"懷舊禮拜四
整個城市，都是我的東南亞 。
------保持中壢

#老著等 #阿傑 #懷舊禮拜四",20710,112,"['阿傑', '懷舊禮拜四', '老著等']"
41,2019-11-18 20:42:07,"🖖🙂 偶數RJ
前陣子得知鼓鼓要出新專輯
出門弄了個訪談與才藝交換，
用最拿手的畫技（?）交換了過門
當然還是搞得前輩喜孜孜😏😏😏
YouTube 新片 gogogo (≧ω≦)/
下一位大家想看誰合作呢?
@gboyswag_official",14597,59,[]
42,2019-11-17 21:39:08,右手大拇指伸不到的福音,40520,233,[]
43,2019-11-17 11:12:05,"玩具的故事第三季😍
看到金剛戰士專題我哭了",6615,47,[]
44,2019-11-15 20:08:22,"美國路過亂爆買一波
YouTube 新片up啦 
練團去",6577,12,[]
45,2019-11-13 19:52:31,"今天的我，沒有極限。

每次運動完搭個J運真的很想喝水…",17783,102,[]
46,2019-11-12 10:05:03,"20191111 
第一次自己做歌紀念一下 (¦3[▓▓] 早安",8268,46,[]
47,2019-11-10 19:46:37,賺到。秒當爸,27923,168,[]
48,2019-11-09 22:44:21,"感謝XXY邀我看電影，旁邊是竹竹呦。
人爆炸多，還有謝謝來參與各位，
我肚子好餓。
瞪瞪瞪，瞪瞪

#魔鬼終結者黑暗宿命 #terminator",10456,23,"['魔鬼終結者黑暗宿命', 'terminator']"
49,2019-11-09 08:27:34,"早。抓到你了喔鋼索(ฅ´ω`ฅ)
路過一波大稻埕碼頭，
其實景色不差啊🙂

#grimlock #大稻埕 #阿傑 #RJ",18472,37,"['阿傑', '大稻埕', 'RJ', 'grimlock']"
50,2019-11-06 14:35:58,被switch嗆了,13799,64,[]
51,2019-11-04 11:18:36,"買了板板沒買輪子。派

醒來不知道這裡是哪裡",18526,60,[]
52,2019-11-02 23:04:43,失眠晨跑一個抓太陽,17789,59,[]
53,2019-11-02 15:31:14,"Hi 我阿傑  右滑帥照
首先先賞給各位感謝正拳👊👊
謝謝預購掀奶罩T的各位啦😘
***提醒今天是預購最後一天～洗個版
趁最後曝光一下前兩百件附贈貼紙的其中一張，圖案是我和日本繪師JARO @jarotraxx合作，(近期會公開，口愛吧)
因這次預購數量已遠遠超出我們預期的數量，為了表達我們的感謝，決定追加200組贈送貼紙，隨貨隨機出貨。
（除了預購的前兩百件都會各贈送一組貼紙之外（貼紙共四樣為一組），另追加的貼紙為隨機出貨贈送，不計預購順序，給收到的人驚喜。
非常感謝大家～😀
報告完畢，沒事的話我掀奶罩囉～",18955,89,[]
54,2019-11-01 00:06:51,"感受到了嗎？這高度的一泡蹲尿。
成就達成(´⊙ω⊙`) #米國",20373,84,['米國']
55,2019-10-30 13:30:23,"「別輕易繡上，難以拆下的玩笑。」
母湯霸凌，
分享我的故事，我其實很不想面對。
霸凌一直都在你周遭的生活上發生，
小學中學因為家裡因素轉了學幾次，
對轉學生來說，適應同儕已經非常困難，
因為安排座位的關係，
我正好坐在霸凌者喜好的人旁邊，
從此就被冠上該死、該打的標籤。
每節下課是我最不開心的時候，
因為不知道出了教室門口會被怎樣對待。
（莫須有的罪名，圍毆、巴掌等不堪行為）
為了生存，只能找尋適合的小團體。
而那團體，通常也是一群不受歡迎者，
甚至是被欺負的一群人，
大概就是  被霸凌者聯盟，
當時而唯一慶幸的是，還有一些人跟我一樣…
但是現在講起來額外心酸，
表示霸凌事件真的很多，
想像如果一個人承受會有多大的痛苦，

故事的結果，
被霸凌者聯盟一個一個受不了轉學
我也是，甚至改名， 回想起來還是鼻酸
承受的壓力真的無法言喻。
去另外一個環境又是另外一段故事。

我想說:
現在的我很樂觀，
但是希望大家因為我的故事跟小小的影響力，能夠更重視那些霸凌事件，不管是校園或是社會職場、網路都是。

#你的標籤我的驕傲",32136,167,['你的標籤我的驕傲']
56,2019-10-29 18:58:03,"木曜全明星運動會好多人。
坤達哥整個帥爆，偶像。
不知道怎麼整理先丟一波٩۹(๑•̀ω•́ ๑)۶

#又被阿滴瞪",32981,164,['又被阿滴瞪']
57,2019-10-28 18:12:04,"Yo 偶阿傑啦(*^ω^*)
首先要先感謝各位支持 😃掀奶罩 T shirt的預購數量已經超過預期數量😂（預購期間還是能下單）
尺寸的問題這幾天也被問到一個爆炸，
這邊一次回答好了(≧ω≦)
我自己本身穿L合身,  寬鬆的話XL。
生產部分，是跟 TAMi 製作，
跟上班 &HowFunＴ 是同一材質，可以放心。
有其他問題的話，ＴＡＭｉ官網上也有貼心的QA，他們會很樂意回答各位的問題唷。 
報告完畢，帥一下，我掀奶罩囉。",23437,109,[]
58,2019-10-27 20:17:55,巴豆么,17579,349,[]
59,2019-10-26 18:21:03,"修好了一樣ㄎ一ㄤ🤪
全景蠻好玩(≧ω≦) #gopromax #華山 #gopro",9069,64,"['gopromax', 'gopro', '華山']"
60,2019-10-26 11:49:51,"買到機王嗚嗚
gopromax",9740,150,[]
61,2019-10-25 10:33:45,"幕後碎念大小事😃
其實爆尿四人眾其中一個原本是小歐⊙ω⊙ （拍攝那天不在 約會？）
覺得不用可惜寫了個反派髒先生進去。
造型風格當然是Ghostbusters 😏😏
另外想說的是
當初想要有個開頭曲所以選首歌
@louielu1129 改編 兼唱
工作室只有他能駕馭這個炸感XD
不過原本歌詞好善良（可愛），
我改了點變成台語北爛，
拍攝前大概只有我跟他聽過這首歌，
後來真的唱出來很強（開發新玩意）

據說有兩派，
我是屬於先聽音樂後有畫面那派的，
你們勒？",13384,66,[]
62,2019-10-24 22:09:36,"------------------------------------------------------------
『掀奶罩』一詞是RJ的經典語錄，
出自台語諧音 【先來走】卻帶點俏皮與能延伸出不一樣的含意。
之前穿一陣子了，如今這個梗竟然實體化，
低調，內斂，限量回饋給母湯的粉絲們。
啊那句日文真的是我先來走的日文，
沒別意思別誤會(๑•̀ㅁ•́ฅ)",6513,57,[]
63,2019-10-24 18:26:31,"不好意思，我掀奶罩囉。
限量T預購開跑 ๛(ｰ̀ωｰ́ก) 久等了。

限動放個廉傑 *IG長度有限制 
YouTube有完整片",22998,249,[]
64,2019-10-23 12:15:10,中文字的奧女少 (〃'▽'〃),6942,36,[]
65,2019-10-22 19:00:13,"Hi我阿傑 我不是跟你說了嘛(๑•̀ㅁ•́ฅ)
蝦皮時尚週都最後一天了，你還不把握？！
好物沒了就是沒了
就跟高潮一樣，去了就是去了
10/22快閃限定 
阿傑粉絲專屬折扣碼【JAY7FU39D】

http://sho.pe/LWM2Q
@shopee_tw #ShopeeFashionWeekTW 
#蝦皮免運時尚週 
#FashionWeek 
#OOTD 
#ShopeeTW",14946,54,"['蝦皮免運時尚週', 'OOTD', 'FashionWeek', 'ShopeeFashionWeekTW', 'ShopeeTW']"
66,2019-10-21 13:03:04,"先知總是孤獨的。
#joji",17521,98,['joji']
67,2019-10-20 12:47:27,"走起。
給各位帥一下，不然大家以為我剩才華。
(๑•̀ω•́๑)
第一屆走鐘獎真的是認真地做一件傻事。
也就是自己辦自己的頒獎典禮。
這次第二屆規模對外開放，
非常樂見看到更多不同層面的創作。

題外話，
這次還要大家還原當時的妝容拍片，懷念。
總之走鐘獎要開放第二屆啦，鬧大了。

#走鐘獎  #阿傑 #RJ #上班不要看
#自己也沒資格就是了嗚嗚",25449,111,"['上班不要看', '阿傑', '自己也沒資格就是了嗚嗚', '走鐘獎', 'RJ']"
68,2019-10-19 23:20:20,"當沙拉遇到菜心(ಥ_ಥ)
認真問這真的有人會吃嗎",16925,412,[]
69,2019-10-19 11:45:54,kill me,48637,661,[]
70,2019-10-16 16:56:42,"大家認得這隻嗎？٩(•̤̀ᵕ•̤́๑)ᵎᵎᵎᵎ

上週末逛個市集讓我驚喜到竟然還找得到😊
其他是玩具展跟市集拿鈔鈔換的。
沒事，我只是想跟大家分享 
哇哈啊哈哈開薰",9315,63,[]
71,2019-10-14 19:05:17,"Hi我阿傑😏
聽說今天是蝦皮時尚週第一天
被找去拍照當天下大雨，我一整個師噠噠
去蝦皮看看包你啪里啪里d(ŐдŐ๑)

連結:
http://sho.pe/LWM2Q
@shopee_tw  #ShopeeFashionWeekTW 
#蝦皮免運時尚週
#FashionWeek #OOTD #ShopeeTW 
#你說我是不是燒焦
#沒有喔我超會搭",31127,212,"['沒有喔我超會搭', '蝦皮免運時尚週', 'OOTD', 'FashionWeek', 'ShopeeFashionWeekTW', '你說我是不是燒焦', 'ShopeeTW']"
72,2019-10-13 23:42:47,不客氣,19723,301,[]
73,2019-10-13 13:04:05,"慵懶型Youtuber出門了喵🖖😗
那天大概閃拍三小時吧兼著拍七胖快速瀏覽一下😷
結果這幾天去隔壁二手市集買更多😜
完整在YouTube

大家有推薦去的玩具市集嗎還是店面

#阿傑 #ttf2019 #toy #YOUTUBER #rj",7805,38,"['rj', 'YOUTUBER', '阿傑', 'toy', 'ttf2019']"
74,2019-10-11 23:11:39,"又寄一個奇怪的東西要開箱ζζ✪ڡ✪)ζ
新影片啦在Youtube
這下真的不用睡了",7256,57,[]
75,2019-10-10 18:47:05,"三個玩具人逛個玩具展🤖

其實巧遇啦但是巧遇大概3遍以上，
一堆喜愛玩具的人窩在這邊很可怕皮包噴發",14967,55,[]
76,2019-10-09 11:30:14,"2019 FireBall 火球祭
 @fireball_fest
不去嗎？傻瓜。

就算出手可能會落空，
也要鼓動著傻勁用力揮棒。
各位火球祭見啦😜11月2324 🔥 FireBall Fest. 火球祭 2019🔥
⚾ 11月23-24｜桃園國際棒球場  #台灣首次在棒球場舉辦的大型搖滾音
#每個人都是傻瓜大聯盟
#GoGoFireBall
#火球祭
#請到藍歪龍拍宣傳我也嚇到",10032,75,"['每個人都是傻瓜大聯盟', '台灣首次在棒球場舉辦的大型搖滾音', '請到藍歪龍拍宣傳我也嚇到', 'GoGoFireBall', '火球祭']"
77,2019-10-08 16:41:59,"看了屍樂園 髒比雙拼 ✌🙂
第一部2010年是殭屍娛樂片的經典😜
記得大學特地去電影院看，
根本超級遊戲劇情的爽片。
（當時的風格算是特色跟清流）
四個人如今身份不一樣了，
這集還是超北爛。

ps*要配第一集看啦

#zombieland #zombieland2 #sonypictures",10115,27,"['zombieland', 'zombieland2', 'sonypictures']"
78,2019-10-06 22:23:39,"在光滑的地上
摩擦! 「2019臺北時裝週SS20」
集結本土多元的時尚設計,
值得一起來欣賞一番呦。
10/5~10/13 可以來時尚一下🙂

感謝  @elletaiwan 邀請
#SILZENCEmen 
#ELLEx臺北時裝週 
#時尚有你才有未來
#TaipeiFashionWeek
#光劍忘了帶",15982,107,"['光劍忘了帶', 'ELLEx臺北時裝週', 'SILZENCEmen', 'TaipeiFashionWeek', '時尚有你才有未來']"
79,2019-10-05 17:57:16,"邏看理不
輯版解能",17073,134,[]
80,2019-10-05 11:59:50,"熟成的相反，叫成熟。
濃郁香氣，伴隨著飽滿經驗綿延
堆疊出的俏皮滑順，完美平衡繚繞舌尖
驚豔的絕妙，
這 就是成人的味道。
🔊
#沒想到調酒大賽的英姿被廠商相中只好來大人一下惹
#尋找神秘金雪莉 #金雪莉 #蜂蜜滑順 #新品上市
#仕高利達
#scottishleader
#whiskey #lifestyle #style #ootn
 #foodie#小酌 #旅遊 #美食",12558,83,"['ootn', 'whiskey', 'foodie', '尋找神秘金雪莉', '蜂蜜滑順', '沒想到調酒大賽的英姿被廠商相中只好來大人一下惹', '金雪莉', '新品上市', '旅遊', '美食', '小酌', 'lifestyle', 'scottishleader', '仕高利達', 'style']"
81,2019-10-04 18:52:55,"吃個飯被調戲。
😳😳😳😳😳😳",16451,232,[]
82,2019-10-04 00:07:20,今天扮演的是去樓下買飲料被Q來參加猜動漫歌大賽，結果就第一名了還跟一堆明星拍照a漂撇男子。,17571,34,[]
83,2019-09-28 21:38:40,"ζζ✪ڡ✪)ζ

#jojo",13883,156,['jojo']
84,2019-09-27 21:34:36,"湯馬某一天說：唉!
ubisoft要找我們拍軍事題材的業配，要拍嗎？
😬: 蛤~戰爭很難拍耶怎樣都鳥鳥的，能爆炸嗎？
可以喔!  蛤😐 ？!？
然後就把拍過戰爭題材的角色，
繞著壯烈場景延伸了前傳故事提案。
一開始只有幾個角色，
本來要發演員，但是我考慮到不定性，就幾乎把工作室能用的全都安插進去了。演員其實都是工作人員，
連兩個業務都下去演了啊哈哈哈
接著是一天的戰技訓練，
邊拍邊依個人表現調整畫面，
跟攝影小餅＆大黑追著日光跑，
決定畫面到腦袋快燒掉，
只能相信團隊的能力，
真的在有限的時間跟人力上
完成了這部短片。

第二天下了場雨壓縮了更多時間，
是整個團隊戰力表現，
是很精彩的一次經驗🙂

#阿傑 #youtuber #電影",17532,94,"['阿傑', 'youtuber', '電影']"
85,2019-09-24 23:58:15,"每天在12點前睡著的健康企劃。
實施結果",23739,181,[]
86,2019-09-24 21:29:32,"每次我接受收到全新的想法就好像
某地方充血一樣。（西索嗎？☺） 記得設計這只是想知道其他人怎麼交卷，
結果確實是很多意外
（例如第一隻就我之類的哈啊哈哈
其中真的有很多企劃值得保留。
但這系列本意就是life而已。

ps：我期望的是成為故事接龍，
但是馬上就斷了。

50集，轉盤結束了。✋",21001,155,[]
87,2019-09-24 10:36:48,"昨天提早看了小丑，是大人的電影。
很大膽很沉重，
無疑是一款大作，真的很值得一看。

可以嚼很久，
非主流片真的是一股清流
#joker #warnerbros #dc",18629,69,"['joker', 'dc', 'warnerbros']"
88,2019-09-23 22:27:29,"丟個即興的片尾，完整在youtube
最近工商越來越恥。嗯(つд⊂)
快去see see 
後記：自己沒有辦法實測打工
結果廠商意外的喜歡這種劇😂😂😂
ps小雞上工真的蠻多人用的

#工商 #業配 #烏克麗麗 #音樂",9495,77,"['工商', '業配', '音樂', '烏克麗麗']"
89,2019-09-22 12:21:59,人生第一次被書櫃嗆,15764,155,[]
90,2019-09-21 20:27:33,"新片Up (Youtube 
本來給廠商真的去彰化拍vlog,
後來弄一弄乾脆把素材配旁白影片，
因為真的很作弊，啊哈哈呵呵齁齁
歹勢，我。又師了一片。",12292,79,[]
91,2019-09-21 12:08:40,"長輩圖越來越有梗。

還是我老了?",25953,247,[]
92,2019-09-20 21:13:55,"下班小確幸。
可是阿傑 ，
一個鯖魚便當打完折還是破百喔。

那個字唸青， 再唸靖我太陽穴給他蕊下去

#鯖魚 #小確幸 #RJ",16572,113,"['小確幸', 'RJ', '鯖魚']"
93,2019-09-20 14:17:24,"嗚嗚被Youtube邊緣
我愛大家",23736,167,[]
94,2019-09-20 12:03:39,"保持中壢。
臉膚色大概黑了好幾階，
上班不要看新片Go",26728,189,[]
95,2019-09-18 21:13:02,下班小確幸,16320,136,[]
96,2019-09-15 23:27:39,"How哥宇宙MV上了呦
收假快去衝一波啦😉
丟鼓棒跟赤腳大概只有看過現場表演才知道的梗，
大家還有發現什麼嗎

#七月半 #樂團 #阿傑 #how哥宇宙",21461,121,"['阿傑', 'how哥宇宙', '七月半', '樂團']"
97,2019-09-15 12:05:00,"早起的蟲兒有MV看。@sevenfatofficial
我知道大家一定因為看不到我著急了，
唉呦真是的☺

MV有小狀況，
晚點我們一起衝首波。",18639,68,[]
98,2019-09-15 10:37:24,"早ㄤ還在睡膩
快去看新番再跟你們討論啦
@sevenfatofficial",11031,81,[]
99,2019-09-13 13:59:44,右滑表情逐漸母湯🤣❤❤❤,22431,137,[]
100,2019-09-13 07:50:33,"發給你爸媽，祝福你全家
每逢佳傑，倍思親。😚 #中秋節 #阿傑 #RJ",22761,105,"['阿傑', '中秋節', 'RJ']"
101,2019-09-11 00:35:39,"我記得那天起了個大早。五月多拍的吧
到娛樂鄉民節目上鬧一波🤣🤣
跟不同領域的媒體小聊了一下，
完整影片在《娛樂鄉民》
 go see see ~

嗯，我知道瑪麗很可以 
@maryintower

5月到現在好像瘦了喔",16671,74,[]
102,2019-09-08 22:39:40,"今天水水來這裡耍帥帥裝可愛愛吸吸粉絲交交朋友做自己的控八控控來三星微風旗艦體驗館體驗洞吃洞吃大家都是酷酷哥酷酷嫂。
(๑•̀ᄇ•́)و ✧ 
新功能景深動態攝影可以變成特效很酷酷。
123度超廣角直接抓到亂入的人

#GalaxyNote10
#做自己的控
@samsungtaiwan",17642,89,"['GalaxyNote10', '做自己的控']"
103,2019-09-06 19:02:21,"真。躲貓貓

發錯啊里不大
原影片在七月半gogogogo",22799,177,[]
104,2019-09-04 23:04:55,"4D整場嚇歪歪🤪
續集一樣口味很重，很過癮
啊都叫續集了一定要先吃第一集。
蛤?你說要先吃我，很長母湯。
我是說片長

#it",11267,68,['it']
105,2019-09-03 15:40:06,"「這片會中喔。」RJ的不專業影評⊙ω⊙
跟遊戲一樣是部抽絲剝繭的故事書。
蠻多致敬遊戲卻又不失連貫的巧思。
電影版很有深度，
好看，大家有興趣去支持一下，感動。

感謝華納的邀請。嚇歪歪。
#返校 #華納兄弟",20080,112,"['華納兄弟', '返校']"
106,2019-09-02 21:30:42,"Hi 我阿傑啦
想和我一起在9/8台灣三星舉辦的
#做自己的控 派對上一起師控!
並體驗Galaxy Note10的魅力
想的話就在底下留言
#好想阿傑抽我喔
我將在9/4週三當天抽出兩位粉絲 （注意回覆留言 IG 與 FB 各一位）
禮拜日派對見！
還有其他KOL喔！像是金城五之類的
記得穿得shiny shiny來唷
@samsungtaiwan
#GalaxyNote10
#做自己的控",9668,685,"['好想阿傑抽我喔', 'GalaxyNote10', '做自己的控']"
107,2019-08-31 22:39:33,"Hi~ 我是業界傳說最師的YouTuber阿傑啦!  歐拉歐拉~
Galaxy Note10 推出又要讓我玩畫畫了是吧 ? 哼哼😏
啊~~真討厭~我那該死的師控 ก(ｰ̀ωｰ́ก) 
這次我畫了一隻粉可愛的小獅獅唷~
各種ㄕ呢。 阿斯~~~ #GalaxyNote10
#做自己的控
@samsungtaiwan",15014,118,"['GalaxyNote10', '做自己的控']"
108,2019-08-29 15:54:37,"警察們，辛苦了👮‍♂️
昨晚汐止發生一個事件，
大概就是毒蟲拒絕檢測後騎車逃逸，
警察追補後意外不幸殉職。
而那位警察是我溪高同班同學，
也是好友，人就這樣消失了…
有點沉重，但實際上我是很想臭罵。
呼籲大家不要做害人害己的事，
凡事小心點，
不要讓這種事情再發生了。
另外也希望大家可以重視一下警察的權益。",52440,274,[]
109,2019-08-29 13:04:49,"( 。ớ ₃ờ)ھ*新片up 
怪可愛的Garbage Pail kids(GPK)
看在那麼可愛的份上，看一下啦
#garbagepailkids #阿傑",12343,56,"['阿傑', 'garbagepailkids']"
110,2019-08-29 01:37:02,"打進傳奇了OMG
還好我還有腦。",5707,42,[]
111,2019-08-28 20:02:33,"參加各種走鐘獎，
沒啦，很正經的正聲廣播。
廣播初體驗，報告完畢。",14349,63,[]
112,2019-08-24 18:07:50,"有一種帥，叫RJ。
最近老是愛跌倒，真是的。

@originals_tw
#adidasOriginals #OZWEEGO",23789,232,"['OZWEEGO', 'adidasOriginals']"
113,2019-08-24 11:49:46,"收到哥們來自米國帶回的包裹，
捕了一隻，
兵團越來越完整惹。
#smallsoldiers
#阿傑",9629,68,"['阿傑', 'smallsoldiers']"
114,2019-08-19 18:24:09,"來去給牠嚇歪歪。
還沒上映啦來宣傳一下喜愛的片。
期待一下電影，
聽說三小時精彩大爆尿。
@wbtw.fanclub
#it #it2 #牠大結局 #西門町 #RJ",11698,97,"['it', 'RJ', 'it2', '西門町', '牠大結局']"
115,2019-08-17 12:56:27,"唉呦怎麼拿~摸口愛。❤❤❤ 這次跟一堆大咖們參加YouTuber懷舊照活動，隨著數位相機出現，
老家相簿年齡就停到國中了吧，
還是以前沖洗照片最有感覺。
新片呦。
#懷舊禮拜天 #阿傑 #YouTuber",33017,344,"['阿傑', 'YouTuber', '懷舊禮拜天']"
116,2019-08-16 17:12:51,"大學玩過一次夜視攝影👻
雖然拍起來像是有光源的但其實全暗。
唯一看到的光就是攝影機上的螢幕惹。
個人是覺得第一間壓力很大…
啊對衣服特別穿的呦👻
ghostbusters粉。",15268,92,[]
117,2019-08-15 18:09:28,"勇者喜歡看AV有什麼錯？
這次居然可以跟 @netflixtw AV帝王合作
我還不賞他個火車便當
BTW,山田孝之是我的偶像
這部一看就停不下來
#AV帝王 #Netflix原創影集",21179,247,"['AV帝王', 'Netflix原創影集']"
118,2019-08-14 12:01:07,小確幸,14086,176,[]
119,2019-08-10 22:24:42,"呵勝(๑•̀ㅁ•́ฅ) 好多創作者。
還記得七月半第一場表演就是獻給Youtube
時間過好快。
啊今年還是被擋住( •̥́ ˍ •̀ू )
#youtube #七月半 #阿傑",15476,49,"['阿傑', 'youtube', '七月半']"
120,2019-08-09 14:03:26,"今年玩具展最飲恨之牆。
新片配飯，颱風平安
獵人週邊一樣少到哭",15377,50,[]
121,2019-08-08 18:06:52,"前幾天收到一封信，謝謝你的來信。
決定分享這故事給大家。
成為有影響力的人之後，
一句話甚至一個舉動都會影響人，
所以我常說，
給人正能量是件很偉大的事。
好啦我不太會講話，總之:
記得父親節跟家人打聲招呼。
一句話也好呀，老爸會很開心的。
父親節快樂❤",22274,74,[]
122,2019-08-08 05:31:57,,24015,358,[]
123,2019-08-08 00:14:46,我734T,15752,145,[]
124,2019-08-07 19:18:39,"歐齁齁幾百年沒回高中了吧😭
這次溪高玩一下，拍個片講個古，
等等9:00首播見喔喔喔",11896,72,[]
125,2019-08-07 14:16:02,,20162,354,[]
126,2019-08-06 16:21:01,"受邀來索尼總部看電影，
那個功夫的圈圈到底是簽名還是…

想到以前問學妹說要不要來我家玩憤怒鳥?
她再也不理我了。

這集真的蠻北爛。
阿嘎跟蔡桃貴都有配音喔😂😂 #憤怒鳥玩電影2冰的啦
#0814中英文版同步上映
#sonypictures",12141,41,"['憤怒鳥玩電影2冰的啦', 'sonypictures', '0814中英文版同步上映']"
127,2019-08-05 21:54:43,"難得有機會跟三上悠亞拍片，
時間很短尺度有限只能把她玩壞了🤣🤣
本人真的很正。
影片在youtube",25218,126,[]
128,2019-08-04 23:00:00,"來去富邦悍將鬧一波😏
直接來個合體開球。@tsaibrotherderboofan
這姿勢真的難😳
我的111是其實是fallout梗，
跟富邦球迷代號一樣。
#富邦悍將",26268,215,['富邦悍將']
129,2019-08-03 20:55:18,"亞軍，可惡。(๑•̀ㅁ•́ฅ)
贏到 @juliawu94  輸了比賽又如何😏😏
謝謝  @gqtaiwan @bar_surfing 
圓了一個bartender夢，還有這次可愛的對手julia跟雙胞胎師傅元方@exogboi 
謝謝參與的各位一起度過這熱情的週末，
真的超熱。",24097,83,[]
130,2019-08-01 15:51:25,"昨天半夜直播開聊了一下，
發現很多人沒看過這部《電線桿有鬼》
小時候看是鬼片，長大看是怪浪漫的愛情片。這部結合了靈異、愛情、古裝、時空穿越的梗又帶幽默，真的很好看。
故事到現在還是歷歷在目，
時間就發生即將來的七夕，值得一看rrr
👻👻
片名雖然很直白，但就跟我一樣，
深藏而不漏。😏
有人看過嗎？",9845,159,[]
131,2019-07-30 19:31:48,"Bartender就是在酒吧中溫柔地照顧客人的人。 
小bartender補師中(๑•̀ᄇ•́)و ✧ 
這幾天密集學一下調酒🍸
時間很趕但是小小圓夢了一下，
禮拜六將會在W-hotel
GQxBarSurfing W Taipei 台北主場派對
擔任這次的調酒師，免費入場希望能大家來玩一下呦齁。
這次採用是一個雙帥的調酒概念，
因為另外一隊很強，女神來著。",15509,61,[]
132,2019-07-27 19:31:24,"週末真的玩翻翻，
牧場物語真的是很可怕的殺時間遊戲，
這代不能把妹，直接被討厭。嗚嗚

#阿傑 #牧場物語 #多拉a夢",17996,134,"['阿傑', '牧場物語', '多拉a夢']"
133,2019-07-25 15:23:45,"おめでとう.mp4
👏(ｰ̀ωｰ́ ) 
基多拉苦主抽出來了，在Youtube
恭喜你拿到我的基
多啦",11158,110,[]
134,2019-07-24 22:16:03,"🔊
像這個時候就要來一片",32959,588,[]
135,2019-07-23 23:04:10,"傳教士等級又upup
謝謝商業周刊的邀請，
希望我的經驗能對大家有所幫助。

啊你說傳教士是什麼姿勢？
那又是另一段故事了。",10213,37,[]
136,2019-07-22 00:44:08,撒嬌小肉球,8731,58,[]
137,2019-07-20 16:48:48,"一日店長結果來的都女生，嚇歪歪。
@homei_taiwan
實用美觀，不愛了就撕掉又不著痕跡，
就像我一樣。

@k3okii  專業主持。
第一次店長就暴動阻塞不好意思，
謝謝參與的大家。",17863,100,[]
138,2019-07-19 19:42:50,"加一百分。☺️
昨天 @9m88 有機會來錄影
我因為練團無法見面，
只好提出個怪要求說，
希望在我位子上留個紀念啊哈啊哈
亂畫一通被看到了糗。
新歌去聽聽GoGo",18288,53,[]
139,2019-07-18 18:18:08,旁白自由發揮。,15467,204,[]
140,2019-07-18 14:12:16,右滑補血。,29280,609,[]
141,2019-07-16 22:06:24,"大型垃圾星期二收~虛空雷神獸🤜🤜
拍了這隻頗雷的勞賽開箱，
擺不下了有緣人去youtube留個言言嘿。

還有人懂這首歌嗎…嗚嗚
#基多拉 #開箱 #shmonsterarts",12164,98,"['開箱', '基多拉', 'shmonsterarts']"
142,2019-07-15 21:42:40,"聽說輔大看到幾隻烏龜就當幾科。
難怪只有我蹲在那邊玩龜龜。🐢🐢
你們養一整池烏龜是要害人喔?
蛤?
感謝傳播妹的邀請，講錯了傳播學系。
好我下跪，怎麼又有烏龜…

#輔仁大學 #烏龜",15221,86,"['烏龜', '輔仁大學']"
143,2019-07-14 16:13:15,"新片腳本裡的法蘭，啊哈哈哈哈
👻👻👻
拍攝因天氣跟時間上修改了些設定，
整體算是很有趣的經驗。

啊對
是鬼片沒錯XD
@franfran1024",9481,39,[]
144,2019-07-12 19:26:42,"沒想到這劇本法蘭竟然可以⊙ω⊙
耳朵差點不見…
完整的在Youtube
新片幽~

@moshi.tw
@frandemusic 
@franfran1024
攝影 @bingqianwu",13943,138,[]
145,2019-07-11 16:37:38,"懷舊禮拜四
漂浮少年  ζζ´ڡ`)ζ",17306,80,[]
146,2019-07-10 23:01:15,"帥照禮拜三 (ت)
記錄一下2019我在覺醒，
感謝拍攝照片的觀眾。
等等放丟一支片，今天不直播了啾咪咪懋懋",11794,55,[]
147,2019-07-09 15:17:01,"我之前是不會要人家追蹤的，
而我對老師的原則是：
「幹你娘讚爆」
沒錯，就是幹你娘讚爆，老子才不管什麼zip發射樂團啥小的，
每次對我有恩都是姬芭一大讚，
小讚產成大讚，中讚產成巨讚，按讚買一送一，把整個IG動態都全tag你也沒關係

還記得，老師疑惑一整個早上，跑來跟我說，我睡一覺起來多兩三百多個追蹤，
你有頭緒嗎？

我他媽的怎麼會知道",22976,98,[]
148,2019-07-08 17:20:04,為何這群士兵~都像個~姑娘,9328,233,[]
149,2019-07-08 12:45:11,"聽到我要回台北直接哭倒。
嗚嗚( •̥́ ˍ •̀ू )",23231,94,[]
150,2019-07-06 23:20:01,"鼓手視野，射日了啦。

#覺醒音樂祭",14520,65,['覺醒音樂祭']
151,2019-07-05 21:28:57,來覺醒各位注意，會濕。,14056,100,[]
152,2019-07-05 12:31:44,"他媽超大。
沒想到這概念竟然過了啊哈哈
這集藏了很多彩蛋，有發現嗎
新片去seesee
#我很喜歡摔角頭套。#液晶他媽",9302,33,"['我很喜歡摔角頭套', '液晶他媽']"
153,2019-07-04 13:30:19,"奇摩的秘密。
🔊",12589,381,[]
154,2019-07-02 12:47:27,"國立台灣藝術大學的藝術成份很高呢。
👽😍📽
謝謝廣電系的邀請。",21007,107,[]
155,2019-06-29 19:56:53,"Hi 我阿傑啦，這照片真的有聲音... (@[]@!!)
作音樂跟賽車這兩碼子的事要搞在一起，
感覺就超刺激ｄｅｒ
只要你夠有料，會甩尾又會創作音樂，就可讓百萬小飆仔在飆速同時，耳朵還邊聽著你做的音樂！！ 快點回家做一曲投到《飆樂召集令》來吧～！賀勝ㄍ賀聽拉~

香連結：http://bit.ly/2XcAuy2

#極速領域 #飆樂召集令 #創作
#RJ廉傑克曼 #阿傑",16699,82,"['飆樂召集令', '阿傑', 'RJ廉傑克曼', '極速領域', '創作']"
156,2019-06-28 21:48:14,"青春啦！你知道嗎？
其實我高中沒待過熱音，當時要抽籤。
沒抽到的我以為高中人生就結束了，
結果我野小，自願進管樂班當鼓手。
這次回去有平行時空練團的感覺，
圓了一個夢，
不過依然沒收到情書(つд⊂) #一日高中生 #附中 #溪湖高中",25552,82,"['附中', '一日高中生', '溪湖高中']"
157,2019-06-25 20:41:59,"懷舊禮拜四，
我在實踐最後一次送直屬allpass糖，
是一整隻雞，超級厚禮的(〃'▽'〃) 。

結局是她沒有辦法馬上吃掉，
考試中也在後面咕咕咕咕叫，
加上不能搭大眾運輸少了很多讀書時間。 
Allpass失敗告終。
至於前幾年送什麼？
那又是另外一段故事了。

#懷舊 #allpass #阿傑",36449,426,"['懷舊', '阿傑', 'allpass']"
158,2019-06-22 23:23:08,"阿憲有天問我要不要打魔風，
結果一去根本就是自肥之旅☺️
眼睛不知道要看哪裡…
這朋友真的狠，狠棒。
想要我的私照嗎？
全都放到安安邊緣子頻道了，
想要的話全部都給你，去找吧。

#魔法風雲會 #安安邊緣子  #阿樂 #阿民 #阿傑",18156,45,"['阿樂', '魔法風雲會', '安安邊緣子', '阿傑', '阿民']"
159,2019-06-21 16:19:36,"車廂二刷 Yeah (๑•̀ㅁ•́ฅ)
米奇發大財

#迪士尼 #米奇#米奇趣遊高雄
#米奇彩繪列車#高雄限定米奇主題展區",17745,88,"['米奇', '高雄限定米奇主題展區', '米奇彩繪列車', '米奇趣遊高雄', '迪士尼']"
160,2019-06-20 18:32:50,"封面趣味
太閃了只好…",17410,93,[]
161,2019-06-19 21:44:20,"被安娜嚇一個歪歪。(@[]@!!)
結果博物館關起來了，氣歪歪。
只好回家囉~

#安娜貝爾 #安娜貝爾回家囉",9210,48,"['安娜貝爾回家囉', '安娜貝爾']"
162,2019-06-19 16:56:21,"不知道等幾年了啊嗚嗚😭😭
曉月跟月下的惡魔城精神續作
除了些bug外其實很有誠意，
٩(๑òωó๑)۶喝剩",5656,24,[]
163,2019-06-18 14:14:21,"又收到一個奇怪的東西。
٩(๑^o^๑)۶

#tenga #飛機杯 #即興唱",11424,102,"['即興唱', '飛機杯', 'tenga']"
164,2019-06-16 22:13:39,"剛睡醒的字真的很問號XDD錯字一堆
新片上啦，你們喜歡哪個夢？ *照片2是香腸上的草群舞者，
跟河馬…",9593,69,[]
165,2019-06-15 21:54:41,"台下哭一片。😭😭
港動。 
#pixarinconcert ##皮克斯音樂會",14253,26,"['皮克斯音樂會', 'pixarinconcert']"
166,2019-06-13 12:28:29,"厭世の肉 
限動上的
喜歡哪一盤？",14497,232,[]
167,2019-06-12 01:45:49,"5月才剛因工作去香港，
身為7年級尾，
從小看著港片最盛時期長大，
香港加油 plz  be safe",32038,137,[]
168,2019-06-10 17:14:49,"我話不多啦，總之
從互欣賞到變朋友，然後竟然就結婚了
(*¯︶¯*)
中間省略的事情是屬於各自的故事，
不過我很高興能參與這幸福的其中。
(❀ฺ´∀`❀ฺ)ﾉ
沒想到在留言哪邊鬧how幸福
竟然具現化了，快去祝福他們啦",63995,96,[]
169,2019-06-09 23:53:30,"桃貴啊，長大別學叔叔這樣，
明明可以靠臉吃飯，偏偏靠才華。
不過可愛可以，可愛是無敵的呦。😍 #有夠古錐",64161,311,['有夠古錐']
170,2019-06-07 12:14:42,如何正確的立蛋,24219,522,[]
171,2019-06-07 01:09:45,"🔊高手在民間…

今天坐車遇到一堆怪事，
但是這位大哥很有喜感跟實力，
我覺得散播歡樂是很偉大的，
所以我請求錄影，
同意後司機就一路表演了啊哈哈哈🤣🤣 *他自稱是北車東山1075米田共，
幫神一下。
#實力給推 #散播歡樂",15557,167,"['散播歡樂', '實力給推']"
172,2019-06-05 21:59:43,"跟阿滴偷偷約會❤❤
其實我私下都看XXX戰警。
【#X戰警：#黑鳳凰】 #鳳凰之力",14931,47,"['鳳凰之力', 'X戰警', '黑鳳凰']"
173,2019-06-04 21:37:41,"躲貓貓社的傳說是真的。
結果bass手跟主唱到現在也還沒到…
#躲貓貓社 #七月半",19298,56,"['躲貓貓社', '七月半']"
174,2019-06-02 00:22:45,"ζ◍'ヮ'◍)ζ 
水水找之前遇過的北爛造型師弄一下，
結果竟然不收我錢，怒。
我只好公開他的北爛樣。
啊，我這該死無處安放的，魅力~
*他叫兩佰立，據說下面兩百粒
@cubexstyle @isiahzin @cybilfang",23167,203,[]
175,2019-06-01 13:09:30,"早起看片，整場都小孩子 
然後兔兔雪球一樣很北爛。 ∩∩
(灬ºωº灬)♡ #寵物當家2 #我就小孩子啊怎樣?",12083,33,"['寵物當家2', '我就小孩子啊怎樣']"
176,2019-05-31 19:23:40,"嘟嚕嚕嚕嚕嚕的菲律賓紀錄
Youtube新片啵😃🖖",9086,41,[]
177,2019-05-28 21:48:57,"「比我媽還恐怖。」-知名不專業影評RJ，帶你一起嚇歪歪。

#恐怖大媽 #保持大媽 #髮型大媽
#我這邊大媽當然大啊",12766,97,"['我這邊大媽當然大啊', '恐怖大媽', '保持大媽', '髮型大媽']"
178,2019-05-27 20:39:02,"那我就不客氣了

獵奇(つд⊂):゜。",15798,87,[]
179,2019-05-25 12:22:28,"被自己帥醒 ٩ ζ◍'ヮ'◍)ζ۶ 
政大呵剩
覺醒見

#後台的樣子",15073,94,['後台的樣子']
180,2019-05-24 19:00:39,"聽說政大的學生都說自己政 (◍•ᴗ•◍) 唉不是 母校

#政大",20019,102,['政大']
181,2019-05-21 23:37:20,"太有誠意了啦這集 ( ✪ 3✪)
身為怪獸迷會覺得超爽的呦。
唉呦好想找人討論喔 (灬ω灬)
我全身都穿哥吉拉的說。
真的致敬好多 心中一直哦喔喔喔喔喔
#哥吉拉 #哥吉拉怪獸之王 #godzilla #godzilla2 #godzillakingofthemonsters",16456,81,"['哥吉拉', 'godzillakingofthemonsters', 'godzilla', '哥吉拉怪獸之王', 'godzilla2']"
182,2019-05-20 13:01:38,今天好日子☺️,10985,163,[]
183,2019-05-18 11:57:10,"健康捐
🔊

沒人要跟我聊這個嗚嗚 
#gijoe",7934,179,['gijoe']
184,2019-05-16 23:52:48,我不行了笑爆,24810,766,[]
185,2019-05-16 23:39:45,今日最好笑。,14905,172,[]
186,2019-05-16 21:21:16,"來看看少兩個半月有什麼了不起，
幹結果哭著出來。 嗚嗚嗚嗚嗚
#mayday #人生無限公司",13981,54,"['人生無限公司', 'mayday']"
187,2019-05-15 20:09:12,"上次去海洋公園是3年前的萬聖節吧，
整個嚇歪歪超好玩，這次去給動物看，
然後補了一些網美點。
ㄎㄎ(◍•ᴗ•◍) 呵剩

#香港 #hongkongoceanpark #hongkong #海洋公園 #怪獸大廈 #lego #阿傑 #RJ #廉傑克曼",17009,69,"['廉傑克曼', 'hongkongoceanpark', '香港', '阿傑', 'lego', 'hongkong', 'RJ', '海洋公園', '怪獸大廈']"
188,2019-05-14 23:40:35,"結果整集都很母湯…
竟然與女神安啾拍片惹，
真的害羞到爆(灬ºωº灬) 
新片快去seesee品嚐

#homei #安啾 #哈姆太郎 #阿傑 #youtuber",18058,70,"['homei', '安啾', '阿傑', 'youtuber', '哈姆太郎']"
189,2019-05-13 19:55:25,"受邀到香港海洋公園
近距離享受海象的屁屁。
猴嗨森啊(◍•ᴗ•◍)۶(  Y ) 
#香港海洋公園  #hongkong #hongkongoceanpark",19545,132,"['hongkong', 'hongkongoceanpark', '香港海洋公園']"
190,2019-05-12 21:54:53,"༼(◍•ᴗ•◍)༽༽??? 應景一下，又應又景的。
#mothersday",13668,89,['mothersday']
191,2019-05-11 21:36:46,"Hi  我RJ 啦(*´罒`*)
終於等到  @samsungtaiwan 千萬分之五的終映會
跟一群朋友與粉絲們一起追劇看結局
怪感動一把的😭
啊維芳跟炯龍你們到底是有沒有啦???
不管啦，哭就對了。
最後數學題到底答案是???????
超廣角有夠可怕 啥都拍進去 
不管啦 ，拍就對了
#GalaxyS10 #千萬分之五 #試了再說 #RJ #阿傑 #廉傑克曼",10742,48,"['廉傑克曼', 'GalaxyS10', '阿傑', '試了再說', '千萬分之五', 'RJ']"
192,2019-05-08 23:22:27,"返鄉第一天，好多Q毛。
#philippines 
前兩張@bingqianwu 神拍",23673,82,['philippines']
193,2019-05-06 19:08:37,"今天屁弟抓到一隻寶，可愛(◍•ᴗ•◍) 這隻像蠍子蜘蛛合成獸叫鞭蠍，
台灣鞭蠍、長尾鞭蠍、醋酸蟲。
其實沒有毒，會分泌異味，
頂多尾巴發臭像鞭子甩甩而已，
這隻應該跟狗狗搏鬥過沒什麼攻擊性。

#RJ野小筆記",14834,120,['RJ野小筆記']
194,2019-05-06 12:12:07,"禮拜一歹就補個帥照。
可惜抱病只跑到一圈等終結者，
大概4而已吧嗚嗚，淋雨冷爆。
呵剩，活動也很有意義，
大家下次有空一起來run。
✹ლ (๑´❛ д❛`) 你才run，你全家都run",13414,38,[]
195,2019-05-05 16:00:02,"天使休息室，少一橫。

Wings For Life WorldRun 2019。
我應該跑最勞賽，生病狀況不好。😭
總覺得該為了那些不能跑的人而跑貢獻一點哩程數。一起打世界王的概念。
啊最後一張是終結者號，
開嘲諷的謝謝😏😏",12851,52,[]
196,2019-05-04 15:03:46,"有些東西要消失了嗚嗚。
動態是【世界小吃】印尼的婆婆。
還是最喜歡大阪篇的故事，
美食節目那麼多哭點幹嘛啦嗚嗚嗚嗚
(இдஇ; ) 有台灣喔喔喔",13577,73,[]
197,2019-04-30 17:10:35,"今天是平成最後一天的樣子🦖
掰了胃，
平成哥吉拉是我的菜。
也是開始使用臉部表情機器的一隻😏😏 #godzilla #ゴジラ #平成",14534,60,"['ゴジラ', '平成', 'godzilla']"
198,2019-04-27 22:21:36,"宅。
發現我好像特愛有利牙的玩意兒。
新番說的妙，看了沒?",14078,68,[]
199,2019-04-26 23:11:21,"韓國人一下沒洗澡沒洗手的。
щ(ﾟДﾟщ)新片啦",12670,81,[]
