,time,post_caption,likes,comments,tags
0,2019-12-05 15:50:17,"SAIN'T x SQUAD 
今天開賣❄️超好用❤️
Cosmos Side Backpack 太空側背包👽",9603,14,[]
1,2019-11-30 12:40:13,"好喜歡這張😂

#芬蘭趴趴走",7192,9,['芬蘭趴趴走']
2,2019-11-27 19:37:42,"聖誕老人村🎅
-12度🥶好冷啊！

#芬蘭趴趴走",15963,11,['芬蘭趴趴走']
3,2019-11-22 20:34:56,SAIN’T X S____ 👽,4720,2,[]
4,2019-11-20 17:31:40,"SAIN’T X _____ 👽

COMING SOON !
@qoop1113  @s_aint2019",8095,13,[]
5,2019-11-14 08:05:59,"親愛的阿魚生日快樂😍

@qoop1113",20673,40,[]
6,2019-11-02 18:25:12,可以幫這張照片下個標題嗎？😂,27214,300,[]
7,2019-10-17 19:01:31,"很幸運收到ASUS的邀請
讓我到華山搶先體驗ASUS ZenBook Pro Duo
和新媒體藝術家王宗欣一起合力打造的映照美力互動藝術展

裡面有三個展區
最喜歡的是自造美學之力區
每個人都可以是藝術家
可以隨性的創作屬於自己的海報 
玩得最盡興的是內與外之平衡區
一進去就見到超大螢幕牆
夢幻的氣球們從展區中心往左右延伸
與幻變的螢幕和燈光氛圍互相呼應
自己也可以創造獨特的超大藝術牆面

讓我印象也很深刻的是
映此刻照之美區
花朵與甜點縱向優雅延伸
流動的光影打在身上
拍出來的照片真的是藝術感滿分 👉展覽日期只到10/20
在華山中4A紅酒作業廠（免費入場）
🔆聽說展覽期間到現場打卡還有小禮物可以拿唷！

#ASUS #ZenBook #映照美力互動藝術展",7366,27,"['ASUS', 'ZenBook', '映照美力互動藝術展']"
8,2019-10-15 16:42:10,你們比較喜歡左邊還是右邊呢？,16186,65,[]
9,2019-10-12 16:46:11,"今天跟阿魚還有培生一起看GCS冠軍賽🤩
@khdcheung @qoop1113",15281,24,[]
10,2019-10-01 19:28:16,"才剛過25歲就害怕敵不過老化大軍的我，要來宣布正式被歐舒丹圈粉啦!
以前保養都只注重保濕，現在才發現只注重保濕對我來說已經不夠用了，最近收到 @loccitanetw 光萃肌活露&蠟菊賦活系列的保養品，沒想到一用就愛上，臉部清潔後的第一步先擦上號稱#星光瓶 的光萃肌活露，光萃肌活露不僅是前導精華可以更幫助後續保養吸收，也可以修補環境因子對細胞帶來的損傷，漸層色的瓶身裡面還有超過3,300顆光微導晶球呢！質地是很輕透的，非常好推也不會太黏膩，我自己是使用一天皮膚就有明顯的變透亮囉！第二步擦上蠟菊賦活極萃，質地也是非常清爽，裡面有蠟菊極萃複方，有抗氧化的功能，也會有效提升肌膚的防護力、緊實臉部輪廓線條，使用三天後皮膚有明顯的變緊緻而且更水嫩唷！

我是特別乾性的肌膚，會多上一層蠟菊賦活極萃油，裡面有7種天然植萃活性精華油可以把所有的水分鎖在臉上，蠟菊賦活極萃油擦在臉上不會過度油膩讓整張臉油油的，擦在臉上不會過度油膩讓整張臉油油的，或是不好吸收，就算夏天使用也不會覺得太悶，是我第一次用到這麼ㄅ的油類保養品呢！

最後的步驟擦上蠟菊賦活極萃霜，蘊含來自科西嘉島蠟菊極萃複方及七種天然植萃活性精華，
保濕、緊緻、抗氧化集一身的乳霜，以前我只要擦了太「營養」的乳霜，隔天臉上會冒很多小痘痘，但是擦了蠟菊賦活極萃霜卻不會，最大的發現是，使用三天後臉上的小斑點有變的比較淡，皮膚變的更細緻而且更有彈性了。

有時候搭飛機或是皮膚狀況緊急補救的狀況下，我也會把蠟菊賦活極萃油混在蠟菊賦活極萃裡面一起做使用，下飛機後皮膚馬上容光煥發，這四款產品都非常好吸收，吸收的速度也非常快，擦完了不會黏一堆頭髮在臉上XD，以上就是我最近使用光萃肌活露＆蠟菊賦活系列產品的心得啦~推薦給你們 : )  #金黃抗老 #極致雙萃 #AD",9097,22,"['AD', '極致雙萃', '星光瓶', '金黃抗老']"
11,2019-09-26 23:31:20,"表妹是馬偕護專的學生
最近在體驗新生兒照顧
週末帶了混血嬰兒Miranda回家照顧
全家忙死了😂
她不定時會哭、還要換尿布、餵奶，還要抱起來安撫😭😭😭",25481,102,[]
12,2019-09-22 21:09:16,喵喵按成錄影了😭😭😭,11205,18,[]
13,2019-09-17 17:14:29,Happy birthday😍,17749,120,[]
14,2019-08-31 15:30:37,"網路上寫說一條頸紋老十歲
那我怎麼辦😭
有人有推薦的頸霜或是消滅頸紋的方法嗎？
跪求內行人出面拯救我😰",16974,42,[]
15,2019-07-28 19:32:10,"雖然已經放過限時動態了
但再看一次還是覺得好浪漫
我的執行長不好搞
但是真的疼我疼的不得了❤️
我們的第一個小孩SAIN’T上線了
有興趣的朋友可以到官網逛逛唷🌟",44133,102,[]
16,2019-07-25 17:31:24,"SAIN’T的衣服已經開始預購囉！
快去網站上逛逛❤️
https://www.saintnotsaint.com",11767,11,[]
17,2019-07-21 14:01:27,"老公拍照越來越厲害了
還有好多照片沒有發
這幾天來整理一下分享給你們❤️",21001,40,[]
18,2019-07-19 16:15:24,"謝謝阿魚帶我來度假
結婚四週年快樂❤️",29089,45,[]
19,2019-07-18 19:01:28,給阿魚記一支嘉獎，這腿不得了！,13828,20,[]
20,2019-07-18 14:55:19,浪漫的老少配旅遊。,17298,27,[]
21,2019-07-17 16:51:39,第一次跟老公一起做pizza🤗,24933,33,[]
22,2019-05-19 18:06:06,"媽媽兒硬要的愛心母女照😂

#養生日 #泡腳 #陽明山 #硫磺谷",18765,39,"['硫磺谷', '陽明山', '泡腳', '養生日']"
23,2019-05-12 08:47:28,"最愛的媽媽兒，母親節快樂🎉
世上只有媽媽好，有媽的孩子像個寶，那個寶94我😂",28066,40,[]
24,2019-05-10 17:40:28,"照片會說話
我老公愛沙織比愛我還多.....
@qoop1113",28575,33,[]
25,2019-04-05 14:07:17,"連假第一天和阿魚去看了ED的演唱會
再去吃牛肉麵雞湯
接著喝點調酒
昏昏的回家倒頭大睡
好幸福🥰
#今天沒有影片唷
#硬碟損毀了覺得難過
#全部的影片都要重拍",17195,51,"['今天沒有影片唷', '硬碟損毀了覺得難過', '全部的影片都要重拍']"
26,2019-03-16 20:33:16,"聖氏夫婦跑來香港參加婚禮啦
兩個人都很認真的打扮
覺得沒洗頭的時候梳油頭真的很方便看起來又超帥哈哈哈哈哈哈哈",39920,86,[]
27,2019-03-07 19:18:22,"因為生理期長了好多痘痘，愛擠又愛摳痘痘的我，在痘疤猖獗的狀況下，不得不正視滿臉痘疤的嚴重性，這陣子開始使用KIEHL’S 激光極淨白淡斑精華，我的用法是先擦全臉，再搭配KIEHL’S的「斑點痘疤濕敷棉」敷在有痘疤的地方3~5分鐘，使用七天後痘疤竟然漸漸消失了，就連小時候就有的斑也變淡了許多！
肌膚的光澤度也變得比較好，看起來更透亮了！洗臉後擦上同系列的激光極淨白機能水提升肌膚保水度，再使用淡斑精華，而且機能水跟精華的質地都很清爽不黏膩，使用過後也覺得蠻溫和的，敏感肌也可以用唷!

週末接著敷激光極淨白玻尿酸精華面膜（升級版）
敷一片面膜就等於連續用12天淡斑精華的效果唷！裡面有滿滿的淡斑精華~
跟我一樣有痘疤困擾的朋友，現在起只要到KIEHL’S官網填資料就可以免費索取試用包喔！活動網站我放在IG的限時動態，快去看喔～
3/1起靠櫃，購買激光極淨白淡斑精華30ml，有另外送淡斑精華4ml+同系列機能水40ml+「濕敷棉」，快跟我一起加入抗疤大作戰吧!
@kiehlstw

#KIEHLS
#發光精華 
#淡痘疤神器 
#激光極淨白淡斑精華
#AD",20994,58,"['AD', '激光極淨白淡斑精華', 'KIEHLS', '淡痘疤神器', '發光精華']"
28,2019-02-17 19:13:34,"一直都有跟貝禮詩合作的全家，這次居然出了我無法抗拒的口味，Let's Café熱巧克力搭配貝禮詩櫻桃奶酒，冷呼呼的天氣喝上一口熱巧克力，加上櫻桃的香氣撲鼻而來，還有奶酒溫順的口感，實在是太療癒了，熱巧克力加了整整一小瓶的貝禮詩～微醺甜甜的味道讓身體都暖起來了，從2/11開始在全家明曜店有快閃活動，在快閃店單筆購買兩杯貝禮詩櫻桃奶酒巧克力就有機會抽中限量指甲油套組唷！
2/13起在全台的全家也都可以買到貝禮詩櫻桃奶酒巧克力囉！

@baileys_tw 
#Baileys
#貝禮詩櫻桃奶酒巧克力
#貝禮詩我的櫻式本色
#未滿18歲禁止飲酒
#酒後不開車安全有保障",12651,31,"['貝禮詩櫻桃奶酒巧克力', '貝禮詩我的櫻式本色', '未滿18歲禁止飲酒', 'Baileys', '酒後不開車安全有保障']"
29,2019-01-24 07:04:37,"2019年新突破！！！
貓草、木天蓼對珊芝來說根本沒用～
沒想到她的最愛居然是珪藻土😂
好不容易拍到她在玩～
實在太可愛啦！！",9601,63,[]
30,2019-01-10 20:17:01,"阿魚拍攝技術越來越好了❤️
哈修塔特太棒啦～～～ 這次哈修塔特的住宿是用HotelsCombined這個比較網站訂的
終於讓我便宜訂到超喜歡的飯店😍
@hotelscombined.tw #hallstatt",18139,60,['hallstatt']
31,2019-01-07 19:39:11,"在歐洲天氣冷到感冒
到布拉格終於好一點
今天出門逛逛街放放閃好了😍",28882,51,[]
32,2018-12-31 23:26:09,"一起在歐洲迎接我們的第四個跨年🎈
布達佩斯真的好美～
牛肉湯好好喝😂
大家新年快樂🎉",31911,58,[]
33,2018-12-22 14:30:14,"昨晚終於上新片啦～
夫妻倆第一次挑戰做薑餅屋
沒想到製作過程真的太難了啦
影片最後面還有懲罰唷！
點網址看新片❤️：https://goo.gl/nN6DKo",6088,32,[]
34,2018-12-19 17:44:25,"週五要跟公司同事一起交換禮物
我們夫妻倆半夜偷偷佈置
工作室突然變得好有聖誕氣氛
沒想到光是佈置聖誕樹就花了快兩個小時
但實在是太美太值得了！
你們的聖誕節都打算怎麼過呢？

#merrychristmas 
#佈置的聖誕樹跟娃娃還有吊飾都是在好市多買的～",20096,39,"['佈置的聖誕樹跟娃娃還有吊飾都是在好市多買的', 'merrychristmas']"
35,2018-12-15 20:46:00,"我們終於來大阪了！！
心齋橋商店街簡直就是章魚燒天堂啊～
 好想餐餐都吃章魚燒吃到飽😍
這週的影片還在處理中
沒意外的話今天會上片唷！",22288,54,[]
36,2018-12-05 18:51:52,"謝謝你總是包容我的...
孩子氣爛脾氣小家子氣
但是超冷的笑話就先不要再講了😂

來自看完2018回顧照片心中充滿感恩的跪婦ㄅㄅ",28358,59,[]
37,2018-12-04 18:52:19,@qoop1113 欠揍？,14054,59,[]
38,2018-11-30 17:04:31,"第一次滑雪⛷️
有你在身邊好幸福❤️
北海道真的好多美食～
但真的超冷！！
#北海道歉要露胸部",37995,81,['北海道歉要露胸部']
39,2018-11-23 20:02:17,"2018年最後兩個月變得越來越忙，要參加各種聚會，每次出門起碼也是8小時起跳在外😂 趕攤的時候就很怕沒時間補妝、底妝像土石流…以前用過很多標榜遮瑕持久的粉底液，結果妝感超厚又很容易脫妝，前陣子開始換成雅詩蘭黛粉持久完美持妝粉底搭配超級無瑕氣墊粉餅，不只遮瑕效果不錯，而且真的可以實現持久不脫妝！
粉持久的遮瑕力真的很驚人，不只斑點痘疤，連我臉上用眼線筆畫的小愛心都輕鬆遮掉，妝感也不會厚重，如果手邊沒有刷具時候我會直接用無瑕氣墊的粉撲把粉持久拍開上妝，而且真的不太需要補妝耶～上次工作完跟好友們出去聚餐，直到卸妝前都還遮得好好的！有時候工作太晚去吃消夜，底妝也完好如初，不過建議用粉持久之前做好保濕，因為它真的很控油。
氣墊粉餅則是快速上妝好夥伴，遮瑕度也在一定水準之上，拍起來保濕又服貼，妝感會透出微微霧光，很好用！粉持久全臉打底後也可以用氣墊粉餅打亮額頭啊、蘋果肌啊之類的更有質感，兩種疊擦效果持久妝感又心機😏
這兩個組合不管是什麼場合都適合，推一波ㄅㄅ叫的好用！我是去靠櫃選了1C1色號，因為光是粉持久就有16色，櫃上有很專業的iMatch超智慧選色工具，不怕選錯顏色～快到專櫃索取體驗禮吧❤
#粉持久 #NO1超級粉底 #Doublewearornothing
#AD
#嘟嘟愛用推薦",17203,46,"['AD', 'NO1超級粉底', '嘟嘟愛用推薦', '粉持久', 'Doublewearornothing']"
40,2018-11-13 17:52:05,"今天是聖傑的生日大家快跟他說聲生日快樂吧！
@qoop1113",26503,283,[]
41,2018-11-09 09:07:49,"大家早安～
好久沒有認真化妝了
最近睡眠時間直接調成晚上12點前睡覺
早上八點起床
居然變瘦了～皮膚狀況也超穩定
現在只差多喝水了😂
今天有新片唷❤️
早晨報告完畢🌟
粉底 @esteelauder 
唇膏 @innisfreetaiwan 
眼影 @ponyeffect_seoul",25899,69,[]
42,2018-11-08 20:12:36,"想當初老公送我的第一個禮物就是科萊麗的洗臉機，從此就愛上他們家的產品，最近居然出了新的智能美顏機，體積比以前的小，可以依照不同的使用需求換刷頭，洗臉、保養、上妝一機多用，還可以使用手機APP自訂自己喜歡的模式，時間到該更換刷頭APP也會自動提醒⏰，說到保養，其實最重要的是清潔，以前洗臉常常都沒有洗乾淨，導致皮膚狀況超差，自己用手洗沒有拿捏好力道也會不小心過度清潔傷到皮膚，搭配使用洗臉刷頭，不會過度清潔以及拉扯皮膚，而且覺得泡泡變的更細緻了呢！洗完臉後很清爽，皮膚也不會太乾燥，再搭配按摩刷頭不僅可以拉提消水腫也能加強保養品吸收，保養完再使用粉底刷頭，就算手殘也能30秒快速的完成輕薄底妝（我私心超愛這個功能，不會過度拉扯肌膚，好舒服R~~~~），讓我早上都可以多睡半小時～原來這94傳說中懶人的必備神器啊～～希望下次他們可以出自動洗髮機（到底有沒有這麼懶啊😂
心動不如馬上行動網址奉上：https://lihi.cc/pLgkF

#Clarisonic
#ClarisonicTW
#AD",13780,19,"['AD', 'ClarisonicTW', 'Clarisonic']"
43,2018-10-31 20:16:11,"嘟粉們萬聖節快樂🎃
這道萬聖節料理做起來居然超簡單❤️
而且看起來好療癒😂",19314,62,[]
44,2018-10-30 20:01:03,"#VivoBook #閃漾金
#時代在走質感要有
我超喜歡有質感的金色配件，不管是耳環、手機殼、餐具我都有金色的!現在居然連筆電都有出金色的了!
整體的金屬光澤超時尚，窄邊框的設計讓
我走到哪都有大螢幕可以看劇!!!完全是一種行動電影院的概念XD
也有附一個記憶卡插槽，拍完影片可以直接過檔，也不用再插什麼額外的裝置，超方bang的~

@crown_du x 炫耀紅
@rayduenglish x 靚潮灰
@haley_duu x 酷玩黃
@jaychang0127 x 躍動綠
這次VivoBook總共有五色，大家最喜歡哪個顏色呢？
我私心最愛@rayduenglish 的XDD

#玩色穿搭 #ASUS
#VivoBook #閃漾金
#本文與ASUS合作",27459,76,"['ASUS', '時代在走質感要有', '閃漾金', 'VivoBook', '本文與ASUS合作', '玩色穿搭']"
45,2018-09-17 19:42:52,"生命中有你們這群朋友覺得好幸運！
祝我24歲生日快樂！",23985,207,[]
46,2018-09-09 18:41:38,"第一次跟媽媽兒一起出國
感覺實在是太特別了😂
這次也特別拍成了影片～
請大家多多期待囉❤️",24055,68,[]
47,2018-08-28 19:45:10,"來了北京幾天都睡到下午
只顧著到處拔草美食
今天終於見到祈年殿了！
天壇公園的古柏都好美
年紀都大到看過皇上😂
北京真的太棒了👏",22404,67,[]
48,2018-08-12 06:49:09,"睡不著就翻了翻以前的照片
覺得大王染粉紅色頭髮看起來好幼齒😂
結婚紀念日沒閃現在讓我補閃一下不為過吧（自己講
謝謝你給我的一切
辛苦了！我的大王❤️",34516,59,[]
49,2018-07-19 14:41:21,"沒有老公的東京遊
廢寢忘食的狂刷狂買狂逛😂",25945,79,[]
50,2018-07-07 23:18:33,"魔法掃帚「本人」真的很可愛😂
北海岸真的是怎麼玩也玩不膩的地方～
你們有更推薦的北海岸景點或美食嗎？
歡迎推薦告訴我唷❤️",24700,65,[]
51,2018-07-04 18:11:26,"昨天拍了一天的影片
只能說網美好難當🤯
我還是乖乖回家洗衣煮飯打打傳說吃吃🐔比較實在😂",50422,168,[]
52,2018-06-28 20:46:15,"請問這是__ __ __ __？
1.命案現場
2.兄弟鬩牆
3.外遇現場",20160,157,[]
53,2018-06-03 19:05:07,"這次在參加屎萊姆的加盟派對之前
我先衝去緊急做了保濕導入
因為出發前的膚況真的慘到不行
這次是去板橋車站附近的久明診所做保濕導入+敷臉
保濕導入可以加速代謝老廢角質
並深入保溼還有很多功能～
對我來說讓肌膚喝飽水真的很重要！！
保濕導入後加上敷臉隔天上妝皮膚狀況真的很不錯～
妝感很貼不浮粉看起來也很滋潤
如果有興趣的朋友可以去他們網站看看唷❤️",23799,54,[]
54,2018-06-02 01:00:21,"好久沒有跟阿魚合照～
也好久沒有畫紅唇妝😂
最近的動手做系列你們都喜歡嗎？",33206,79,[]
55,2018-05-13 15:31:17,"媽媽兒母親節快樂👩我愛妳❤️
祝全天下的媽媽母親節快樂！
什麼時候我才能過母親節呢😂",38471,95,[]
56,2018-05-12 14:13:29,"好想跟阿魚再去泰國吃吃喝喝玩水r~
昨天的母親節特輯你們看了嗎？😄",34382,57,[]
57,2018-04-22 04:52:01,好想妳。,20121,73,[]
58,2018-04-20 16:02:05,"每次看到這張照片我都不自覺想憋氣
但其實牠的鼻子在水上🤣

#附上一張當象奴幫刷澡的畫面😂",31197,42,['附上一張當象奴幫刷澡的畫面']
59,2018-04-17 20:00:12,"剛剛很多人都跟我說不要騎大象
因為牠們都被虐待（這是事實）
今天我們來拍攝的這個地方
是善待親近大象的象園
這裡的大象都是從農場跟商人那邊救回來的大象們
很重要！！！
這裡是親近善待大象的象園！！
這邊專門收容以前被虐待的大象
我們付的門票將會用來救援大象、維護象園環境
希望大家可以理性看完這篇文章
我在埃及騎過駱駝
那些駱駝身上都是傷並沒有被醫治
但這裡的大象都是被好好保護的有生病或受傷就會馬上請醫生來看診
好啦如果想了解更多
去看老公的影片
裡面會說明的更清楚唷！
#拜託各位理性的看完唷
#在網路不好的狀況快速打一篇避免誤會",44792,79,"['在網路不好的狀況快速打一篇避免誤會', '拜託各位理性的看完唷']"
60,2018-04-15 16:39:48,跟阿魚的自拍🤳,25425,34,[]
61,2018-04-01 14:24:10,"愚人節陪阿魚到台中唱歌
唱完馬上重新衝回台北拍節目😂
4/11中午12點會在LUVE平台首播聖氏夫婦的動畫唷❤️",32136,45,[]
62,2018-03-26 18:50:52,放一張我與阿魚刷存在。,30929,61,[]
63,2018-03-17 18:10:31,"前往高雄中～
我們明天見唷❤️",16287,38,[]
64,2018-03-11 18:37:06,"拜託不要打擾我們！
我們倆過的很幸福！
那個愛跟我吵架的聖結石可以去忙你的了～謝謝！",37350,84,[]
65,2018-03-09 19:17:01,"假聖結石好可愛
陪我吃早午晚餐陪我看韓劇
那個老公你可以先離開了（咳 
看看今天發生什麼事：https://goo.gl/q2U9u2

點這裡看高畫質：https://goo.gl/q2U9u2",30119,32,[]
66,2018-03-06 19:11:30,"好久沒有化全妝了😇
化妝師把我弄的好美rrrrr
3/17下午一點台中新時代廣場
3/18下午一點高雄草衙道
我們不見不散❤️
來看看我們吧😍
會來的+1 ！！！！
唇色#giorgioarmani500 
衣服#lovemuse
造型#candyhairstudio",36555,125,"['giorgioarmani500', 'lovemuse', 'candyhairstudio']"
67,2018-03-04 17:49:18,"我們感情真的很好啦
大家不用擔心我們❤️
臭大王在亂講話就把你bang掉！",47444,120,[]
68,2018-02-16 01:24:33,2018你Bang了嗎？,27344,95,[]
69,2018-02-03 22:00:19,療育的小咖喱❤️,33331,76,[]
70,2018-01-07 19:14:14,"到哪都要來一下😂
有發現粉專有哪裡不一樣嗎？",30821,156,[]
71,2018-01-01 19:43:34,祝鐵牛新婚快樂！,33723,42,[]
72,2018-01-01 00:19:16,"謝謝你們在2017陪聖氏夫婦一起生活大爆炸
2018也一起努力加油吧！",42488,128,[]
73,2017-12-29 21:00:48,"嘟嘟在飛機上畫的bangbang魚
你們覺得哪個比較可愛呢？
一下飛機就衝去看醫生
抽了一堆鼻涕跟痰出來後舒服多了
但一波未平 一波又起
可怕的生理期報到......",20303,50,[]
74,2017-12-28 16:46:19,"結束十四天的埃及行要回台灣了
沒想到我居然這麼喜歡埃及
這趟旅程很幸運的遇到很多可愛的埃及人
雖然也有遇到結帳金額變成原本消費好幾倍的狀況
不過這都成了很特別的經驗以及故事
謝謝聖傑帶我完成我的旅遊夢想
也謝謝熱心可愛的pony與導遊帶我們到處走到處逛
還有謝謝我的身體撐到最後幾天才病倒讓我前面幾天有很多體力去認識埃及
若要問我說推薦埃及嗎？
我真的很推薦！！
東西意外的合我口味😂
最後要來跟大家請假這禮拜的影片
原本預計要在埃及拍攝
但因為身體狀況不佳加上剪輯時間不足故無法準時上片
希望你們能體諒～
但明晚六點可以去聖結石的頻道找看看我有沒有出現😂

#懷著感恩的心感謝大家2017年的支持與喜歡
#2018應該有個特別的計畫發生
#盡情期待",20885,24,"['懷著感恩的心感謝大家2017年的支持與喜歡', '2018應該有個特別的計畫發生', '盡情期待']"
75,2017-12-25 23:11:32,在埃及感冒的bangbang魚祝大家聖誕節快樂❤️,24863,41,[]
76,2017-12-20 19:18:53,聽說這是到金字塔必擺的pose😂,37357,48,[]
77,2017-12-19 16:16:21,"這篇文案我想夢幻的打：跟你一起去世界冒險❤️
但事實上屁股跟大腿真的好痠😂
這是一趟很特別的旅程
在半年前買了不到兩萬台幣的機票決定跟聖傑一起去完成我的夢想
之後也會拍成心得影片跟你們分享哦！
（冰島的心得都還沒生出來😭）
還有！埃及人真的蠻可愛的～",27335,38,[]
78,2017-12-14 12:46:36,"猜猜我們7哪裡～～～～
2017最後一飛惹😂
這次真的是買到超級便宜的機票～晚點再來分享給你們❤️",40142,116,[]
79,2017-12-10 19:39:37,"今天來反骨男孩代班～
下次來rap一下好了！",27243,30,[]
80,2017-12-09 23:49:50,2018讓我們一起繼續創造不可能的事吧❤️,43463,64,[]
81,2017-12-07 17:07:52,"我的驕傲，我的第一！
很高興台灣被看見了～
今年的YTRewind有聖結石！

#真的不想嘴聖結石最棒",31486,66,['真的不想嘴聖結石最棒']
82,2017-12-06 22:47:21,牙齒中間有胡椒是不會提醒一下哦！哈哈哈哈哈哈哈哈,28651,47,[]
83,2017-12-05 19:41:55,"我有一隻寵物叫bangbang魚
他頭有點油油的臉有點大嘴唇有點厚
平常都蠻乖的雖然有時候會對我森77
但不得不說他還4蠻可愛的
（所以我應該會收到聖誕禮物吧？",24481,28,[]
84,2017-12-04 19:42:22,閃p閃！,41882,92,[]
85,2017-12-03 18:10:41,好像很帥一樣😂,38572,95,[]
86,2017-11-30 20:50:46,"與你走遍世界的每個角落
與你嘗盡人生的酸甜苦辣
謝謝你帶著我一起冒險。",35851,53,[]
87,2017-11-30 09:52:26,"再胖只要遮起來看不到就好了
所以還是可以繼續吃（？
#睡沒幾小被惡鄰居吵起來
#樓下的鄰居把他家當夜店
#不管白天還是晚上都在放
#精神分裂已經幻聽的嘟嘟
#覺得哭哭",26120,48,"['睡沒幾小被惡鄰居吵起來', '不管白天還是晚上都在放', '精神分裂已經幻聽的嘟嘟', '覺得哭哭', '樓下的鄰居把他家當夜店']"
88,2017-11-29 18:05:21,天氣好糟糕rrrrrrr 😭,20943,15,[]
89,2017-11-27 20:44:58,終於可以出門惹❤️,30356,56,[]
90,2017-11-26 18:26:45,"先宣言一波如果聖傑再跟我吵架就把你做成bangbang魚十全料理
（雖然他最近真的很乖跟我沒吵架，我只是想要有人跟我一起討論bangbang魚料理😂）
歡迎大家一起來研究菜單😂
我目前想到的有
蔥爆bangbang魚
清蒸bangbang魚
砂鍋bangbang魚頭",35576,159,[]
91,2017-11-25 20:27:11,"哈利bang特上片囉😂
英國Vlog你們看了嗎？",32024,40,[]
92,2017-11-24 20:07:02,"我肥來惹❤️
好想開直播跟你們聊天！
一回來就先衝去吃拉麵了～
下一餐想吃麻辣鍋或滷肉飯rrr 
#今天的影片偏廢請小心服用",28391,16,['今天的影片偏廢請小心服用']
93,2017-11-20 16:47:48,"來冰島有好多感想～
想拍成影片分享給你們😍
藍湖溫泉對皮膚病有治癒的效果
但對頭髮真的蠻傷的泡完頭髮直接爆炸
去一天藍湖我要用好幾天來養頭髮
但真的是個很棒的體驗❤️
有來冰島的朋友一定要去試試看！",42521,103,[]
94,2017-11-19 04:44:55,讓我們一起在愛裡成長吧！,54487,107,[]
95,2017-11-18 21:38:29,終於看到了！,17621,15,[]
96,2017-11-18 05:06:39,"早安，阿嘟英文訂閱了嗎？
戴了哥哥的眼睛突然變得好聰明的感覺😂

#會讓人變聰明的眼鏡
#戴哥哥的眼鏡變得比較會講英文",30936,65,"['戴哥哥的眼鏡變得比較會講英文', '會讓人變聰明的眼鏡']"
97,2017-11-18 03:57:12,"最近有慾望想變回長髮😅
不知道你們喜歡長髮嘟還是短髮嘟呢？",30908,326,[]
98,2017-11-16 16:49:14,"謝謝你總包容我的一切
一起在婚姻這條道路上努力成長吧！
在冰島剩下一個禮拜了～
希望可以看到極光❤️",49264,78,[]
99,2017-11-15 20:33:14,"<變色的婚戒>
這幾天不知道是泡了藍湖溫泉的關係
還是因為天天用充滿屁味的水洗澡
今早發現婚戒變色了~
不過居然變成了我喜歡的復古玫瑰銅色
挺喜歡這種感覺的
我不會想要把戒指弄回原本的顏色
象徵婚姻中兩個人心境的轉化（？
而且這個戒指還是bangbang魚親自做的
特別有意義ㄎㄎ",24434,44,[]
100,2017-11-15 16:42:12,"我覺得這洋裝很美餒😭
上個禮拜的影片因為我坐著亂動
導致衣服的型跑掉會不小心露出一點胸部
有些人就轟炸我愛露
你才愛露勒你全家都愛露
我要幫這件衣服平反😂

#服裝贊助
#she like Korea",32735,84,"['服裝贊助', 'she']"
101,2017-11-14 17:09:05,有人乖乖的去打疫苗了嗎？😄,20648,35,[]
102,2017-11-13 20:34:17,"今天是bang bang魚的生日🎂
大家一起來祝福他生日快樂吧❤️
謝謝你帶著我一起完成我的夢想～
雖然偶爾會吵架但我還是很愛你的哦😍",50604,397,[]
103,2017-11-12 21:33:39,到哪裡都要來一下😂,39351,306,[]
104,2017-11-12 17:48:23,有時候需要點失落，才能找回自我。,29902,35,[]
105,2017-11-09 18:51:28,"搭了好久的飛機終於到了！！
這次也是跟好多youtuber出國
一定很有趣rrrrrrrrr

#猜猜我們在哪裡
#第一次看到雪",39500,114,"['第一次看到雪', '猜猜我們在哪裡']"
106,2017-11-09 18:06:19,到了！,26314,48,[]
107,2017-11-04 14:47:41,"還是習慣每年都來走走看看老師
沒想到都畢業十年了呢
好想穿制服rrrrrrrr",29952,44,[]
108,2017-11-03 18:40:50,"喜歡我們昨天的直播嗎😂
在出國之前希望可以再跟大家一起玩❤️",30767,36,[]
109,2017-11-02 17:34:39,"這個時間可以整整打他個五十五天
請問我該注意什麼呢？",23246,61,[]
110,2017-10-31 18:05:41,"萬聖節快樂😂
一萬個聖傑快樂？！",32083,60,[]
111,2017-10-29 19:20:44,"今天跟大王出門約會
信義區好多萬聖節的活動唷～
週末你們都去哪裡了呢？",44883,80,[]
112,2017-10-27 17:56:00,"因為檔案上傳的問題今天會晚一點點上影片唷～
等我等我～～～～
很抱歉😭😭😭",20167,23,[]
113,2017-10-26 07:48:29,"Bang bang魚的生日要到了
該送他什麼好呢?",29362,101,[]
114,2017-10-24 05:19:36,好想妳，也好想找回自己。,54804,164,[]
115,2017-10-22 20:20:45,"要搬家了～有很多沒穿過或只穿過一次的衣服要出清給有緣人啦～
快來參觀逛逛😂😂😂",18155,51,[]
116,2017-10-21 17:09:21,"在倫敦creator store硬買給未來小結石的衣服
小結石還沒來 那你先用吧！",39162,107,[]
117,2017-10-19 19:44:01,"這是我的晚餐
你呢？今晚吃什麼？",32795,138,[]
118,2017-10-13 18:04:14,"跟我的百bang怪終於見到了巨石陣！
這裡美的不像話啊～
天空的畫質真的是高清1080p！
但那裏風真的超大der~~ #有買禮物給你們唷",42829,85,['有買禮物給你們唷']
119,2017-10-11 19:53:59,他說要騎車載我去兜兜風😂,44980,80,[]
120,2017-10-10 21:57:07,"健康為一切之本啊！
子宮頸癌是台灣婦科癌症的頭號殺手，所以很高興這次受邀參與預防子宮頸癌的公益活動❤️
透過這機會到診間了解預防的相關資訊，聽完後自己也決定打HPV疫苗預防！
也希望能將預防子宮頸癌的觀念及重要性傳遞給大家～ 【活動辦法】
1.在FB上Po出一張「手臂以口紅寫上「♡」字樣」的照片，並把此活動辦法複製於貼文中。
2.@3位女性好友，並於貼文下方 #hpvaway 、#揪要愛自己防癌doitnow，且設為公開。
3.歡迎在貼文中分享你的防癌心得！
4.只要一個人完成以上步驟，台灣婦產科醫學會將捐款10元給藍迪之家的青少女作為子宮頸癌防治使用！(捐款上限十萬元)

古娃娃WawaKu 蕭小M 超直白 Chao zhi bai

立即出發離你最近的診間👉https://goo.gl/8ettRb
更多防癌知識請看👉https://goo.gl/hpGAwW

#HPVaway #揪要愛自己防癌DoItNOW",38410,43,"['hpvaway', 'HPVaway', '揪要愛自己防癌DoItNOW', '揪要愛自己防癌doitnow']"
121,2017-10-09 20:46:43,！！！,31313,46,[]
122,2017-10-09 17:44:44,來一張觀光客必備的倫敦眼👀,50133,109,[]
123,2017-10-08 21:30:03,"主日這天來到了西敏寺
幸運的吃到聖餐
真的是充滿祝福的一天❤️",44569,56,[]
124,2017-10-04 22:36:33,"大家中秋節快樂😂
為了今天嘟嘟的百bang怪變成嫦娥了呢！
@qoop1113",27120,107,[]
125,2017-09-28 19:33:30,"百bang怪與我的第一場演唱會😍

#有人也跟我們看同一場嗎",40976,87,['有人也跟我們看同一場嗎']
126,2017-09-28 17:43:05,晃到比較美😂,33183,41,[]
127,2017-09-26 22:48:59,家裡傍晚的樣子。,24621,33,[]
128,2017-09-25 19:20:50,"一日快閃台南成功😂
娃娃推薦高達9.9分的蝦仁飯真的nono!
四個人點四碗蝦仁飯只有娃娃那碗是正常好吃的😭
這樣怎麼說服我們啊😂",39062,23,[]
129,2017-09-21 20:30:50,我和我的百bang怪❤️,42858,86,[]
130,2017-09-18 00:06:46,"今天真的很開心～
謝謝你們陪著我❤️
照片都太暗了～～～",29272,42,[]
131,2017-09-17 01:26:51,"謝謝你愛我，還有辛苦媽媽兒生下我，我是個幸福卻不太知足的人，但謝謝你們愛我，希望這個世界可以有充滿愛的一天。
老公我愛你！媽媽兒我也愛妳！",53226,471,[]
132,2017-09-15 18:59:41,"今天沒有影片😭
晚點來開直播～～～～",31258,136,[]
133,2017-09-11 17:58:57,他說這樣別人就認不出來他4誰惹,29726,61,[]
134,2017-09-09 15:52:46,"與二帥的布拉格旅行真的很有趣
有很多cp值爆表的美食
還有數不盡的歷史建築
還參加了一場充滿歡樂的婚禮
希望明年能再來個歐洲行😇",49231,73,[]
135,2017-09-08 02:09:19,"被那年花開月正圓迷的團團轉
到現在還沒睡😂",39292,66,[]
136,2017-09-03 22:17:19,"在台灣的你們一切都好嗎？
在布拉格的旅行與工作即將結束
明天要飛往首爾啦～
拜託推薦我有什麼必吃必買的！

#我好想長住布拉格
#這裡真的真的好美",41882,151,"['這裡真的真的好美', '我好想長住布拉格']"
137,2017-09-03 02:24:52,Bang的很瘦的百bang怪,53497,119,[]
138,2017-08-31 16:53:56,為什麼我的百bang怪最近拍照都憨憨的😂,49856,132,[]
139,2017-08-28 20:50:32,跟我的百bang怪過情人節😝,55182,168,[]
140,2017-08-24 08:37:37,"最近跟爸爸一直嘗試跟妳連線說說話
沒想到昨晚像做夢一般
斷斷續續的感受對談中
妳還是一樣可愛
雖然我摸不到妳了
但我卻感受到妳還是在我們身邊
寶寶說蝴蝶跟樹都會陪她玩
寶寶說她當然很愛我們啊
寶寶說為什麼最近看到我我都在哭
媽咪很愛妳也會為了妳開心的過下去的

#謝謝妳也一直陪著我們守護我們",57213,435,['謝謝妳也一直陪著我們守護我們']
141,2017-08-22 13:41:29,我們愛妳。,49690,551,[]
142,2017-08-20 22:07:23,"這個世界就是如此的混亂
為什麼連寶寶走了你們都能罵
她是我們很重要的家人
媒體要報也不是我能決定的😭

#好無奈",46564,1519,['好無奈']
143,2017-08-19 12:12:15,"我的孩子昨晚去當小天使了
記得我跟爸爸都很愛妳哦！
這幾天辛苦了😇",79638,2047,[]
144,2017-08-18 00:16:22,跟男神們打麻將😂,47929,77,[]
145,2017-08-17 19:23:48,"放火終於約了我們吃牛排
一想到這兩個人要大戰我的廚房
我就............",58435,198,[]
146,2017-08-16 00:12:54,"謝謝大家的祝福禱告與幫助
寶寶的手術一切順利
接下來就等今晚的危險期過了
感謝盡在不言中。

#寶寶很勇敢
#照片是舊照
#目前住院觀察中",46066,213,"['目前住院觀察中', '照片是舊照', '寶寶很勇敢']"
147,2017-08-15 19:28:37,"謝謝在寶寶生病時熱心幫助我們的刺友
雖然手術有風險我們還是決定讓寶寶試試看
這世界很溫暖
謝謝你們願意讓ㄋㄟㄋㄟ捐血給寶寶

#pray for my baby",47722,287,['pray']
148,2017-08-13 18:01:41,"寶貝生病了😭
妳要記得我跟爸爸都很愛妳😋
要乖乖的變好哦！",45860,168,[]
149,2017-08-12 14:07:08,等等見！,60375,190,[]
150,2017-08-12 02:14:23,晚安，我的寶貝。,39895,63,[]
151,2017-08-10 01:08:34,"很多人都嫌我的隱形眼鏡太大片😂
今天終於改成比較自然的惹～
雖然還看不太習慣
不過還是自然的比較耐看餒
#看起來有點脫窗欸哈哈哈",64108,456,['看起來有點脫窗欸哈哈哈']
152,2017-08-06 17:03:06,"要肥家了～
又要搭十幾個小時的飛機惹😭",65698,229,[]
153,2017-08-04 20:03:36,💦,40555,54,[]
154,2017-08-04 13:11:19,迎接第參年。,59527,178,[]
155,2017-08-03 14:24:47,猜猜我在哪😂,46604,215,[]
156,2017-08-02 09:18:38,"安儷聽著聽著就來杜拜了
但沒旅行到只來轉機而已
剛剛的飛機體驗很不錯
好想拍成影片跟你們分享啊～
（第一次搭阿聯酋我完全一個開眼界）
希望下次真的能來杜拜旅行😂",55041,112,[]
157,2017-07-29 16:43:32,"健康大作戰
大王跟我都瘦了
接下來要更健康的吃
（我的蜜大腿快回來了😂）",49614,90,[]
158,2017-07-28 17:56:08,蜜蜂版😂,29719,137,[]
159,2017-07-25 22:09:01,"最近辛苦你了
討厭每天晚上六點沒有影片
喜歡每天多了好多時間相處
見面會結束一起出去走走吧！",57920,386,[]
160,2017-07-24 23:23:01,"以前非常喜歡打開收件夾看看你們的私訊跟你們聊天，現在我連滑開手機都需要勇氣，心理影響生理身體漸漸開始出狀況，謝謝鼓勵我的家人朋友與粉絲，對於影片我總想呈現我認為好的作品給大家，現在的我還沒準備好，很抱歉。

#我看到很多打氣的留言
#搞不好我很快就又好了
#不用太擔心我嘿
#我的文筆不好請大家見諒",54962,138,"['我看到很多打氣的留言', '不用太擔心我嘿', '搞不好我很快就又好了', '我的文筆不好請大家見諒']"
161,2017-07-22 19:42:35,我其實想挖他鼻孔,56174,232,[]
162,2017-07-21 19:56:22,😂,50339,317,[]
163,2017-07-21 16:53:26,他們感情很好😂,42369,67,[]
164,2017-07-16 20:36:37,滿滿的😍,35543,266,[]
165,2017-07-16 09:01:45,早，等等見。,38459,115,[]
166,2017-07-14 17:55:48,"努力的練習，禮拜天見！

#謝謝你們的鼓勵與喜歡",37464,123,['謝謝你們的鼓勵與喜歡']
167,2017-07-13 22:16:29,痛。,42390,138,[]
168,2017-07-12 21:00:48,可愛的孩子❤️,52870,180,[]
169,2017-07-06 20:34:24,"喝著從日本帶回來的喝了搖曳配台灣的鹹酥雞再配大王的影片
人生一大享受呢😂

#而且是荔枝口味的喝了搖曳",58435,97,['而且是荔枝口味的喝了搖曳']
170,2017-07-06 10:48:13,"真的不想嘴一千萬啦！

#ktv也可以唱囉
#你以前追我那麼溫柔從來不說no 
#真的不想嘴",68383,199,"['真的不想嘴', '你以前追我那麼溫柔從來不說no', 'ktv也可以唱囉']"
171,2017-07-04 17:28:32,"很開心這八天與娃喵的東京行
最後一天來到六本木的YouTube參觀～
準備回家囉～",58212,35,[]
172,2017-07-02 20:04:24,你在看我嗎,54936,211,[]
173,2017-07-02 16:07:00,"昨晚玩遊戲娃娃輸了
懲罰的內容是：__ __的與同性隔紙親嘴😂

#我有經過本人同意才上傳照片",49947,71,['我有經過本人同意才上傳照片']
174,2017-06-30 17:44:56,"聖喵嘟娃迪士尼之行超開心的
今天要跟大家說抱歉啦～
不過我會帶伴手禮回去抽獎唷😄 （影片檔案出了一些問題，今天要請假一次）",51593,106,[]
175,2017-06-29 17:09:13,與你。,47125,71,[]
176,2017-06-28 16:52:44,東京五人行,64109,222,[]
177,2017-06-26 20:13:31,"兩年前的今天我在吧台前搭訕了一個男孩。

#以前的我們好青澀哦哈哈哈",74075,388,['以前的我們好青澀哦哈哈哈']
178,2017-06-26 04:47:33,酸甜苦辣。,37745,84,[]
179,2017-06-25 16:38:57,有人知道我們在哪當一日店長嗎？,63702,191,[]
180,2017-06-24 12:47:29,"我在澎湖天氣晴（明明就回來了
好想吃仙人掌冰！！
七月份見面會你們會來嗎😄",50196,192,[]
181,2017-06-23 17:09:25,"好短暫的澎湖行
餐餐都好吃風景也是神美
花火節煙火真的好漂亮
我喜歡吃黑糖糕跟海燕窩
總而言之澎湖很適合年年去😂

#澎湖
#花火節
#畢業旅行
#根本就不會再見面",49814,111,"['畢業旅行', '根本就不會再見面', '澎湖', '花火節']"
182,2017-06-22 17:40:33,"大王好黑😂

#終於來澎湖了
#根本就不會再見面
#畢業旅行",58931,152,"['畢業旅行', '終於來澎湖了', '根本就不會再見面']"
183,2017-06-20 17:04:02,"在手機裡面翻到這部影片😂
我好想跟大家再出去玩😭",46412,203,[]
184,2017-06-19 20:34:11,"上台前為了讓我的小肥腿看起來比較細
造型師準備了超高磅數的絲襪給我穿😂
結果一穿就穿了半小時還要兩個人幫我

問問你們想看梨形身材穿搭嗎？",44080,234,[]
185,2017-06-17 18:33:55,不知道貴團有沒有缺女主唱😂,40560,39,[]
186,2017-06-17 13:47:16,"跑來愛店補貨❤️
為什麼這件洋裝這麼美啊～
平常的洋裝都是在這買的😄",43400,47,[]
187,2017-06-16 16:39:40,"唱超紅的你願意跟我一起去搶劫嗎？
@arongxu1",49624,60,[]
188,2017-06-16 11:44:46,有人收到了嗎😄,42915,87,[]
189,2017-06-16 02:29:46,"剛結婚的我們。

#好想一直旅行 
#去首爾就有戀愛的感覺哈哈",52008,57,"['好想一直旅行', '去首爾就有戀愛的感覺哈哈']"
190,2017-06-12 17:42:26,"真的不想嘴聖結石在水裡被我揍😂

#我只是想放照片
#但不知道打什麼好",45563,39,"['但不知道打什麼好', '我只是想放照片']"
191,2017-06-10 19:43:29,"我 畢 業 了～～～😂
大王特地來參加我的畢業典禮真的超開心的❤️❤️❤️
今天發現SNOW又出了超多好玩貼圖
趁還能穿學士服的時候快多拍兩張😆

#SNOW歡慶畢業季#SNOW
http://m.onelink.me/db29ec03
#本篇與snow合作",57346,164,"['本篇與snow合作', 'SNOW歡慶畢業季', 'SNOW']"
192,2017-06-09 19:50:04,"謝謝那天參與拍攝的每一位朋友
我真的又重新畢業了一次😍
（話說我明天畢業典禮要狂唱給我的同學聽😂）
根本就不會再見面：https://youtu.be/LAPXqtxxstE

#聖結石三部曲你喜歡哪一首呢",55227,359,['聖結石三部曲你喜歡哪一首呢']
193,2017-06-08 19:31:08,"來張泰式婚紗照（？ #好期待明天晚上六點
#根本就不會再見面",55518,67,"['根本就不會再見面', '好期待明天晚上六點']"
194,2017-06-06 20:19:25,"最辛女團名字該取什麼好呢?

#根本就不會再見面",54282,194,['根本就不會再見面']
195,2017-06-04 16:41:34,"為期十天的泰國生活結束
終於要回台灣了
有點想吃排骨酥湯加滷肉飯😂
昨天上台原本很緊張
還好大王隨時關心安慰我～
覺得好幸福害我眼睛都是愛心😍",50468,62,[]
196,2017-06-03 21:15:21,"在曼谷遇到大馬的Bluechai😍

#namewee #saint #dodo",45488,45,"['dodo', 'namewee', 'saint']"
197,2017-06-03 17:48:11,看這個服裝風格很明顯的我們在__ __。,60839,273,[]
198,2017-06-02 17:14:51,"曼谷的街頭很有fu欸😂

#我明天就要看到Rain惹",33492,45,['我明天就要看到Rain惹']
199,2017-06-01 19:06:22,"今天的測謊看了嗎？
不知道以後還有沒有人敢來測謊😂

#此時此刻我們從普吉島飛往曼谷中",49536,109,['此時此刻我們從普吉島飛往曼谷中']
