,time,post_caption,likes,comments,tags
0,2019-12-29 20:02:51,甩呀甩，甩甩甩,11203,126,[]
1,2019-12-29 17:30:46,今天拍完日常頻道的10萬QA了！2020/1/1準時上線！,13989,77,[]
2,2019-12-29 17:25:36,今日工事！#開新英文 #補習班,10935,40,"['開新英文', '補習班']"
3,2019-12-28 21:37:37,#救救會飛的樹懶 今天有個蠢妹影片設定錯誤，只好整個刪掉重發。大家去YouTube一人一點擊救救會飛的樹懶🦥,24132,80,['救救會飛的樹懶']
4,2019-12-27 17:47:11,好可愛～～～,17783,85,[]
5,2019-12-27 13:17:05,我愛How哥❤️,34430,212,[]
6,2019-12-26 09:06:30,過去這三天，我是剪輯人。,16667,129,[]
7,2019-12-24 15:06:04,最近跟超可愛畫風 @paulaoohla 合作周邊商品，她特別多畫了一張給我們祝大家聖誕節快樂！🎄🎄🎄,18803,94,[]
8,2019-12-24 12:20:51,第一次拜訪how哥howfun工作室！,15814,72,[]
9,2019-12-23 23:24:31,有病就大方承認！,35199,607,[]
10,2019-12-23 23:05:05,紀念一下，剛剛好截到了100%！#今天剛上線 #立馬給他過 #YouTuber養成線上課程,8421,32,"['立馬給他過', '今天剛上線', 'YouTuber養成線上課程']"
11,2019-12-23 21:32:12,去芬蘭還特地排了一個半天出來拍的學生街訪影片，今天晚上在阿滴英文頻道上線囉！希望透過別的國家的教育系統可以讓我們自己更有方向。#支持一下教育影片,17755,63,['支持一下教育影片']
12,2019-12-23 13:16:58,阿滴日常10萬訂閱獎牌GET!!! 想說來做個開箱影片+日常頻道QA，大家把想問的問題留在這邊吧～,23095,482,[]
13,2019-12-22 19:49:05,唉，就說了讓哥哥處理！一沒有了帥哥哥，寶寶馬上不開心了！#又一個對滴妹無動於衷的男人,26014,93,['又一個對滴妹無動於衷的男人']
14,2019-12-21 15:19:24,如果說有一套衣服最能代表我，應該就是這一套了吧？#戰袍,21200,192,['戰袍']
15,2019-12-20 23:26:39,我的YouTube線上課程募資期會送的貼紙很美（自己說,12257,66,[]
16,2019-12-19 21:38:50,今天去博恩新開的 comedy club 參加開幕活動！@twothreecomedy,19506,88,[]
17,2019-12-18 11:26:05,這隻馬長得好詭異。,13836,118,[]
18,2019-12-17 17:32:15,今天早上到北科大演講，雖然腰很痛，心裡也有很多煩惱，但這一場還是100%的表現了！QA時間我也覺得應該是2019年我接的這麼多場演講中，內容最為精采的🤩🤩，可惜沒有拍成影片～ #附上工作人員合照,18823,112,['附上工作人員合照']
19,2019-12-17 16:58:20,紀念今天。,14695,84,[]
20,2019-12-16 16:29:55,今天拍了兩支猜歌挑戰！期待期待，都很順利！,18710,119,[]
21,2019-12-15 10:31:30,挖到一張2016年的舊照，跟大家分享😉,25908,215,[]
22,2019-12-14 18:22:19,小頻道第一次首播完成！芬蘭遊也告一段落啦～雙更了12天，接著就恢復日更囉！,16415,87,[]
23,2019-12-13 22:11:23,回台灣嚕～這次在沖繩拍了... 16支影片🤪,17370,119,[]
24,2019-12-13 18:27:51,做人的道理。,17948,81,[]
25,2019-12-13 09:00:03,奧武貓咪島🐈,23317,161,[]
26,2019-12-12 21:23:43,紀念冰淇淋讓我們相遇🍦,15438,56,[]
27,2019-12-12 17:03:09,目利銀次燒烤店。#華麗拉筋,22724,170,['華麗拉筋']
28,2019-12-12 14:00:48,世界文化遺產中城城。#華麗拉筋,24726,165,['華麗拉筋']
29,2019-12-12 11:07:38,沖繩東島海中道路。#華麗拉筋,14361,53,['華麗拉筋']
30,2019-12-12 10:09:28,萬座毛草原，天氣很好！,20848,81,[]
31,2019-12-12 01:40:24,"Life’s a struggle, but with you I have a reason to hold on.",19906,184,[]
32,2019-12-11 10:17:44,沖繩便利商店隨手一張自拍🤳 #nofilter,21032,89,['nofilter']
33,2019-12-10 19:50:06,逛街逛到一半忽然華麗拉筋的我。,23854,179,[]
34,2019-12-10 13:07:13,包車囉！,25268,147,[]
35,2019-12-10 09:46:14,早餐🥣,16300,117,[]
36,2019-12-10 08:59:32,員工旅遊帶大家去沖繩玩～我第一次來耶！,28926,200,[]
37,2019-12-09 17:57:41,剛剛把這個禮拜剩下的六隻影片剪好準備排程！每一隻設定大概要花15分鐘，所以我再兩個小時就可以下班了！,16263,151,[]
38,2019-12-09 13:37:06,從早上起床到現在，完成了4項工作+2個影片拍攝！現在要去趕1:30的會議了～,26372,275,[]
39,2019-12-08 23:43:43,"最近決定把這個歷史悠久的小帳轉為公開！主要原因是因為想要搭配著阿滴日常頻道一起經營，讓有興趣追蹤的人都能看得到。

這個帳號一開始是因為2017年IG主帳莫名被刪，辦的第二帳號。雖然後來找回來了，但當初第一時間就追蹤的人都是最支持我的觀眾，所以在這個帳號裡面常常發一些真實的心情，也更常跟大家互動，甚至會開直播彈琴給大家聽。

很感謝原本就在小帳裡面的大家長久的支持～特別是常留言的那幾個到我都記起來的！希望小帳的公開不會讓你們太難過，我不會忘記你們的😉😉",31187,487,[]
40,2019-12-08 19:25:34,感謝panasonic送了我一個超實用的果汁機！打起來可以直接變成隨手瓶，超方便的啦！,19714,99,[]
41,2019-12-08 15:56:24,珍珠陪我meditate～,12487,36,[]
42,2019-12-07 14:26:28,剛剛怒把工作室整理了一波，好爽～～～,17032,97,[]
43,2019-12-07 13:51:21,今天有一個ㄎㄧㄤ妹，晚上六點的影片給他早上六點就發。可能時差還沒調回來吧。請給他一些鼓勵，到滴妹頻道看一下這隻早鳥影片！,22823,73,[]
44,2019-12-07 00:06:58,中文也是有文法的呦～,24364,260,[]
45,2019-12-06 23:51:06,一回國就瘋狂工作，今天在製作YouTube經營線上課程！,17177,42,[]
46,2019-12-05 21:47:42,解鎖一個成就：剛下飛機直接演講。我的演講開頭？ 「What’s up 我剛下飛機」,23787,184,[]
47,2019-12-04 01:01:54,芬蘭最後一天囉！#芬蘭趴趴走,15631,32,['芬蘭趴趴走']
48,2019-12-03 18:39:13,喔耶！！！#芬蘭趴趴走,13896,47,['芬蘭趴趴走']
49,2019-12-03 18:29:30,"有訂閱DEAR月刊的小滴們～我們正式開了一個可以互動討論英文的社團囉！
詳情請上阿滴英文臉書粉專：http://bit.ly/2DFDC9n",4364,6,[]
50,2019-12-03 03:32:42,現在還沒睡覺的，我用這張照片懲罰你！,15349,101,[]
51,2019-12-03 00:37:09,Reindeer street lamps 💡,10878,35,[]
52,2019-12-02 22:36:56,來搭摩天輪！景色真美！對面的朋友也很開心！他們原本要約會！但是有我更開心！#芬蘭趴趴走,25701,201,['芬蘭趴趴走']
53,2019-12-02 17:28:57,到赫爾辛基了！這邊的民宿很burrrr！#芬蘭趴趴走,15167,74,['芬蘭趴趴走']
54,2019-12-02 05:37:04,外國人不能接受披薩上有鳳梨，但是可以亂放酪梨？？🥑🥑,15013,97,[]
55,2019-12-01 21:42:02,"圖1 馴鹿 Reindeer 
幫聖誕老公公拉雪橇的，鼻子不是紅色

圖2 麋鹿 Elk 
長得像馬又像鹿的「四不像」，體型較大

圖3 迷路",19491,129,[]
56,2019-12-01 04:01:03,My stuff is always organized. @crown_du,18383,44,[]
57,2019-11-29 20:29:07,滴妹帽子被攻擊！！#芬蘭趴趴走,19631,69,['芬蘭趴趴走']
58,2019-11-29 15:51:20,"現在還在問我我怎麼規劃時間的都去罰站！關於時間管理的分享昨天就上到小頻道囉～
轉po @thenothingseal",17007,51,[]
59,2019-11-29 15:11:56,補po昨天的感恩節🥰 #芬蘭趴趴走,17210,29,['芬蘭趴趴走']
60,2019-11-28 20:13:01,今天比較暖和了！#芬蘭趴趴走,15112,129,['芬蘭趴趴走']
61,2019-11-27 19:17:29,這裡... 好冷... #芬蘭趴趴走,13786,68,['芬蘭趴趴走']
62,2019-11-26 21:59:08,全員到齊！#芬蘭趴趴走,18576,47,['芬蘭趴趴走']
63,2019-11-26 03:20:55,"After a very long flight plus plenty of accidents and surprises, we r finally here.",14754,44,[]
64,2019-11-25 15:27:57,"中繼站阿姆斯特丹！#芬蘭趴趴走 #阿滴帶頭 
P.S. 點hashtag看一群無聊鬼學我姿勢拍照",25901,139,"['芬蘭趴趴走', '阿滴帶頭']"
65,2019-11-25 00:14:23,我剛上飛機✈️,15754,173,[]
66,2019-11-24 17:33:50,趕在今晚出國前把小頻道的七支影片全部都製作完、上傳完囉！有創作者回憶錄、有時間管理訣竅、有開箱、有走路草～小滴們下週每晚6點見嗎？﻿,12383,126,[]
67,2019-11-24 17:01:30,Art & words: @chiong_yuzu,20912,63,[]
68,2019-11-24 15:05:50,今天的寶可夢劍盾明星賽陣容！我經過激烈的競爭榮獲最後一名！謝謝大家🙏🏻,16652,44,[]
69,2019-11-22 21:06:29,今天來台中找這兩個可愛的倫～,17427,52,[]
70,2019-11-20 22:31:42,今天收到了新的彈簧床墊，天哪有夠厚！有在收看小頻道的就會知道我在說什麼😉,18651,132,[]
71,2019-11-20 13:21:05,午安，今天棚拍！,12915,71,[]
72,2019-11-19 21:12:36,晚上參加YouTube Music的活動❤️ 被佼哥在台上cue好幾次😂😂😂,14675,39,[]
73,2019-11-19 21:10:45,今日拍攝🎬 @thechef_fred,14071,61,[]
74,2019-11-19 10:02:58,早餐時間🥣,28508,190,[]
75,2019-11-17 15:54:32,"昨天充滿正能量，在小頻道上回了幾百則支持與關心的留言，甚至還有人主動幫我把影片上了cc字幕😭

很開心自己做了這個決定，讓我在YouTube上找回單純跟喜歡自己的一個小社群互動的感覺～跟IG小帳好像！

對了，雖然頻道日更會是個挑戰，但我會在注意身體的前提盡量達成的！大家不用太擔心我喔～今晚6點，一樣有影片！",23504,163,[]
76,2019-11-16 19:37:41,"『我開了一個YouTube小帳』
就像是我在IG小帳發日常小事一樣，這個頻道會每晚6點發一部影片日記～

從今天開始每天更新！可以搜尋「阿滴日常頻道」或是在我IG主頁上也有連結～喜歡看生活影片的再訂閱！不想要洗大家版😉",24270,132,[]
77,2019-11-16 17:04:33,放一天假！,16078,64,[]
78,2019-11-15 20:03:30,今天來保養一下阿滴頭 @turn_water_1019,11976,49,[]
79,2019-11-15 14:18:21,每次主動密我就是要借住我這邊🤔 #榴槤失所,37913,257,['榴槤失所']
80,2019-11-15 13:53:40,今天午餐全員到齊餒！,14251,39,[]
81,2019-11-13 19:02:58,最近的一些新簽名❤️,25500,98,[]
82,2019-11-12 21:46:08,聖結生日🎂,19826,77,[]
83,2019-11-11 22:36:57,"Such a lonnnnnnnnnnnnnng day, but fulfilling!",11717,46,[]
84,2019-11-11 17:37:00,"今日拍攝🎬 @apple_misscrazy 
還有博恩忘記拍照 @brianptseng",11622,40,[]
85,2019-11-09 20:37:29,沒事，打個臉😘,19704,130,[]
86,2019-11-08 21:58:50,送貨員日常💪🏻,16627,104,[]
87,2019-11-08 21:11:57,今日拍攝🎬,12659,72,[]
88,2019-11-07 17:08:04,養了很久的走路草，最近旁邊的葉子變得很沒有活力感覺死掉了，但是中間那一撮好像還活著，現在這樣子有什麼處理方式嗎？,8454,50,[]
89,2019-11-06 21:49:22,為什麼廠商要送我一盒飛天小女警的random stuff？而且是指名給阿滴不是滴妹...,22234,411,[]
90,2019-11-06 20:29:20,作品集！,7898,36,[]
91,2019-11-05 16:49:52,西裝get！@sstandc,16336,144,[]
92,2019-11-05 13:18:37,今日拍攝🎬 @lifeintaiwan2017,10153,12,[]
93,2019-11-04 17:36:10,今天拍攝蹭到了一局很誇張豐盛的午/晚餐🤤,12373,43,[]
94,2019-11-03 11:48:46,說好不哭😢😢,18286,161,[]
95,2019-11-02 13:59:39,Weekend mood!,12367,60,[]
96,2019-11-02 12:49:06,週末拼拼圖喔🧩,11349,35,[]
97,2019-11-01 18:47:53,Keyforge第三季出爐！有兩個新的種族跟很多新卡,6655,18,[]
98,2019-11-01 14:58:35,一些日常點滴～,17877,64,[]
99,2019-10-31 17:36:51,紀念今天腳狂抽筋的拍攝,9795,17,[]
100,2019-10-30 21:59:36,這個禮拜整個爆忙啊😴,10891,61,[]
101,2019-10-29 19:24:25,今天的伙食buffet令人滿意,20194,52,[]
102,2019-10-29 14:47:32,"今日拍攝（女生部分）！
太多人了分兩次po～",30895,148,[]
103,2019-10-29 14:45:39,"今日拍攝（男生部分）！
運動會直接被坤達哥圈粉，運動能力實在是太突出了🥰",30137,113,[]
104,2019-10-28 22:05:12,來張模糊的合照～,17004,35,[]
105,2019-10-28 15:16:30,我跟前面的這一位弟弟穿搭好像喔，紀錄一下,17978,72,[]
106,2019-10-24 18:48:14,工作紀錄：YouTube經營線上課程籌備會2,12405,28,[]
107,2019-10-23 19:21:10,在日本買了兩個茶杯🍵,8380,28,[]
108,2019-10-22 17:39:35,知道這一系列照片是在幹嘛的，恭喜你可以從小滴進階為小宅滴！,14860,90,[]
109,2019-10-22 00:16:49,"Adam半夜傳給我的詩😂😂 超用心都有押韻

重病停工半個月？
Missing your videos is a 狂虐.

You got sick and your appetite started to go,
Then your hip stared to hurt to 火上加油.

A hard time for the YouTuber we all adore,
We’re sad knowing you sleep on the floor 
It’s tough watching you be so 辛苦,
It’s probably all the cereal and 臭豆腐!

But that’s nothing for this banana guy,
And the strap around your waist makes you more 帥,

We wish we could help make things less sore,
But you have 滴妹 and 2.36M more

If you need anything from us just say,
We hope you get better soon, Ray!",12275,67,[]
110,2019-10-21 18:47:58,觀光客踩點！,16056,77,[]
111,2019-10-21 14:47:00,還是安排了一個拍攝賺一下旅費，實測東大生英文實力👻,13008,44,[]
112,2019-10-20 14:44:24,邁向健康の路就是這麼艱辛！#後面大哥持續關注我,20891,76,['後面大哥持續關注我']
113,2019-10-20 09:35:31,菜喳帶我到Bicqlo的電玩專賣區，真是困擾，只好不情願的逛一下了！,20217,74,[]
114,2019-10-19 22:54:46,Watashiwa炎柱desu。#腰炎 #腸胃炎 #皮膚炎,8484,92,"['腰炎', '皮膚炎', '腸胃炎']"
115,2019-10-19 18:12:53,今天的我，真的剛下飛機呦❤️,15336,84,[]
116,2019-10-18 19:10:44,DEAR月刊的封面照是這樣來的！#幕後 #修圖 #DEAR月刊,22891,98,"['DEAR月刊', '幕後', '修圖']"
117,2019-10-18 15:22:03,你今天好嗎？笑一個！,13558,128,[]
118,2019-10-17 16:41:08,Art by @a10436,17816,58,[]
119,2019-10-16 17:44:36,剛下飛機的我🛬,23246,222,[]
120,2019-10-13 20:27:45,今天是充實的一天⌚️,15129,40,[]
121,2019-10-13 16:42:00,1 2 3 👻,15275,125,[]
122,2019-10-11 19:34:46,凍未條了啦！！！,14223,70,[]
123,2019-10-11 18:15:47,回家第一件事：睡在妹妹的床上🛏️,32776,206,[]
124,2019-10-10 19:01:39,最近還在康復中都沒拍什麼照片，但是祝大家國慶日快樂🇹🇼！連假快樂✨！附上一個珍珠肉球請笑納～,14987,57,[]
125,2019-10-01 12:06:16,最近只能吃這些。,16184,168,[]
126,2019-09-26 20:46:28,受傷了，要休養一陣子。但下週一9點還是會有影片。,17907,173,[]
127,2019-09-25 18:09:04,斷句不太對勁！,17945,172,[]
128,2019-09-25 14:10:01,跟 @turn_water_1019 一起找回阿滴頭～新增圖2合照、圖3心情,11986,58,[]
129,2019-09-25 00:09:28,抖肉！,8306,51,[]
130,2019-09-21 09:55:33,珍珠跟各位說早安～,17449,67,[]
131,2019-09-20 22:16:50,參加ㄍ活動🎡,22430,95,[]
132,2019-09-20 12:50:50,工作溝通日常💯,10248,55,[]
133,2019-09-19 23:33:15,安詳ㄉ我。,14025,57,[]
134,2019-09-18 23:39:33,今天帶公司看天氣之子🌧,18076,60,[]
135,2019-09-16 17:53:14,今天宅拍。,15856,56,[]
136,2019-09-15 12:31:21,週日早晨的慵懶。,21796,203,[]
137,2019-09-14 17:12:05,被整了。,12710,63,[]
138,2019-09-14 02:32:41,啊！一不小心！就好晚了！,12656,27,[]
139,2019-09-12 22:30:37,Board game night!!!,9008,34,[]
140,2019-09-10 10:40:49,9/10辦公室調整位子！,12863,33,[]
141,2019-09-08 18:28:20,"要一起讀個書嗎📖
沒啦，只是買了件新衣服想曬一下",20452,194,[]
142,2019-09-07 19:29:17,今天滴妹頻道有新影片：珍珠奶茶特輯喔～,10451,32,[]
143,2019-09-06 16:13:37,我與妹。,17858,97,[]
144,2019-09-04 21:49:39,"有個朋友在賣蜂蜜，幫他加減宣傳一下～有需要買蜂蜜的可以參考一下👶🏻
#老實洋行 #搜尋korac蜂蜜 #也可以直接去私訊他們 
https://www.facebook.com/roseyoungsake/",11233,35,"['老實洋行', '搜尋korac蜂蜜', '也可以直接去私訊他們']"
145,2019-09-04 13:34:48,給大家搶先看10月DEAR月刊萬聖節特刊的贈品～～～～（勿外流） @manaisnotenough,9965,65,[]
146,2019-09-03 22:27:46,今天的最後一個拍攝！吃飯！,16307,60,[]
147,2019-09-01 23:01:31,插畫 @family0504,14974,94,[]
148,2019-08-31 21:22:45,謝謝今天來DEAR簽書會的鐵滴們😂😂😂,14846,82,[]
149,2019-08-30 23:48:36,今天去了VoiceTube搬新家的housewarming party。想當初五年前剛碩士畢業出社會的我，就進到了VoiceTube這家公司規劃課程、製作多媒體教材。時光飛逝！還一直沿用到現在的HERO影片學習系統就是我、Claire(中)、Johnny(右)三個人一起拼出來的～,14344,37,[]
150,2019-08-30 21:07:08,想不到吧～～今天又有影片！！！這支很實用喔，讓你用中英mix講話不會awkward。,8912,47,[]
151,2019-08-28 13:54:03,特務滴妹想要提醒大家，這週六就是我們的DEAR月刊簽書會囉！這幾天因為有些人報了名之後沒有去繳費所以名額被釋出，想要搶位置的要快～沒有DEAR月刊的也可以在現場買到來做簽名喔！,19741,48,[]
152,2019-08-26 14:11:16,明明今天排了休假卻還是從早上持續工作到現在的我！把事情有效率的處理完好像比休息開心～,15355,92,[]
153,2019-08-25 18:28:09,再補po一個昨天聚會的合照，小帳今天居然更新了3篇，退追退起來😂😂,17912,89,[]
154,2019-08-25 14:56:27,剛剛我花了2個小時把蕭邦夜曲的第一段練起來惹🎶 #給自己激烈的掌聲鼓勵,12755,152,['給自己激烈的掌聲鼓勵']
155,2019-08-25 12:34:07,我自己先去警察局報到... 昨天滴妹的新影片其實是我的盲測處女秀！還沒看的快去滴妹頻道看。看到封面是滴妹不要太失望，打開影片的主角其實是我🤪🤪,15794,99,[]
156,2019-08-24 23:42:46,哈哈哈哈哈哈哈哈哈哈哈,16278,118,[]
157,2019-08-24 21:33:09,一群瘋子朋友在我工作室的一晚 #hoby06,14650,49,['hoby06']
158,2019-08-23 17:26:20,今天到了新的工作崗位了，希望表現好～,19204,97,[]
159,2019-08-20 16:04:46,吃飯前忘記拍照，拍個吃完飯大家都已經走了的畫面。,15095,56,[]
160,2019-08-18 21:45:19,週末咻一下就沒了！,14219,69,[]
161,2019-08-17 22:32:32,今日共事！,22448,135,[]
162,2019-08-14 21:31:45,"😭
😭
😭
影響的影寫錯了
不是啦我開玩笑的，超感動的💕",43286,336,[]
163,2019-08-13 20:40:16,要感謝的人太多了，真的謝謝！經過這次風波我會成長之後繼續往前看往前走！,27132,414,[]
164,2019-08-12 21:10:20,今天的影片沒有開盈利，單純想跟大家聊聊天。過去這個週末真的很難熬，但是也都走過來、事情也都圓滿解決了。很感謝有小帳這個小天地讓我可以在過程中抒發一些心情～,26223,561,[]
165,2019-08-10 23:10:22,只求每天認真的把每件事做好，不愧對任何與我共事的人。,19430,172,[]
166,2019-08-10 08:47:41,"There are three things I do when my life falls apart
Number one I cry my eyes out and I dry up my heart
Not until I do this will my new life start
So that's the first thing that I do when my life falls apart
Oh the second thing that I would do is I would close both of my eyes
And say my thank yous to each and every moment of my life
I go where I know the love is and let it fill me up inside
Gathering new strength from sorrow
I'm glad to be alive
And things are looking up
I know above the clouds the sun is shining
(Mmmm things are looking up)
Love is still the answer I'm relying on my
Three little things
(Ohwh owhoo ohwh)
Things are looking up
(Ohwh owhoo ohwh)
Yeah the third thing that I do now when my world caves in is
I pause I take a breath and bow and I let that chapter end
I design my future bright not by where my life has been
And I try, try, try, try
Try agin
Yes, I try, try, try, try
Try again
Things are looking up
I know beyond the dark the sun is rising (Mmmm)
Things are looking up
I know above the clouds the sun is shining (Mmmm)
Things are looking up
Love is still the answer I'm relying on
Three little things
Three little things
Three little things",11265,97,[]
167,2019-08-09 22:28:44,第一餐。,14426,175,[]
168,2019-08-08 20:33:14,這樣可能看不出來但是我的褲子整個都是濕的... 一秒沒雨下一秒暴雨，然後今晚有新影片記得去看看！,18664,113,[]
169,2019-08-08 05:36:49,哎呀！,17910,133,[]
170,2019-08-07 00:48:46,蠻喜歡今天演講的這張照片👻,20918,106,[]
171,2019-08-06 17:23:29,早安午安晚安～,17341,138,[]
172,2019-08-06 12:38:40,"大謙沒關係的～可以找我講話
-
-
-
-
好啦他其實只是在問我一句英文的翻譯",32223,187,[]
173,2019-08-05 21:23:53,Oh hi there!,17950,119,[]
174,2019-08-03 15:59:06,"那個～～～我們暑假想自己辦個DEAR簽書會～我跟滴妹會和大家見面+聊聊+簽月刊。那天有空的人一起來吧～現在大概還剩150個位子！

活動日期｜2019年8月31日（六）14:00 開始（13:00 開放入場）

參加辦法｜http://bit.ly/2YoLvfu（連結在我的IG首頁有放）",8955,74,[]
175,2019-08-02 17:39:27,欸不是，阿信按我愛心耶？,30180,271,[]
176,2019-08-02 10:42:56,嗯？餘光發現有人在拍我～～背要偷偷挺直～～專業微笑～～～～hold住～～拍完了嗎？好像拍完了..,11726,45,[]
177,2019-08-01 16:19:29,珍珠很好笑，自己吃飯吃到地板上都是口水，還不敢踩自己的口水，一直單腳站著吃。,19806,140,[]
178,2019-07-31 21:38:31,"我是誰 我在哪裡 🧐
居然跟職業摔角選手拍片",11527,53,[]
179,2019-07-31 16:49:59,今天的拍攝大字報很用心😂,15395,82,[]
180,2019-07-29 23:41:16,阿明啊～～～～別鬧啊～～～～,28358,212,[]
181,2019-07-29 20:49:02,我用來壓發票的憂鬱panda。,12168,58,[]
182,2019-07-29 00:55:50,週日半夜在漫畫店看漫畫+吃了一碗泡麵，感覺有點魯。,15065,113,[]
183,2019-07-28 10:33:45,耶～洋蔥get！,18870,43,[]
184,2019-07-26 19:55:46,Art: @_kai_hyun_,12236,35,[]
185,2019-07-25 12:22:19,今天跟 @junyiacademy 均一合作拍攝公益影片！他們是個很有意義的教育平台，ig剛開張～有興趣的人可以去那邊看看！,13238,32,[]
186,2019-07-23 20:38:13,Art: @chickkstore_kenngko,10922,42,[]
187,2019-07-21 11:27:41,It brings me so much joy to have organized my (recent) favorite board game. 🥰,12415,32,[]
188,2019-07-20 17:43:31,剛剛在直播中跟你們一起創作的曲子（純伴奏），名字要叫什麼呢？,13233,224,[]
189,2019-07-20 13:02:35,今日收服！,17823,106,[]
190,2019-07-18 18:13:16,我的背 right now 😵,12821,107,[]
191,2019-07-17 15:37:28,脖子扭到一直沒好，今天排開工作去找推拿師😷,16599,151,[]
192,2019-07-15 19:32:23,都阿嬤今天生日，開心的比了一個耶。,19838,124,[]
193,2019-07-15 01:34:53,馬上曬傷☀️,15110,110,[]
194,2019-07-14 14:00:51,Hut hut hut!!!,15088,85,[]
195,2019-07-13 19:31:22,沒看鏡頭。,20043,127,[]
196,2019-07-12 13:32:31,怪奇物語好讚喔喔喔喔,15522,125,[]
197,2019-07-07 23:05:33,香港加油，我回台灣囉,17184,70,[]
198,2019-07-06 22:14:31,到底誰出的題目，這裡講 What’s up 很不合理吧？,21698,355,[]
199,2019-07-06 14:06:46,香港第一場創作者講座 + 拍到一半被 @clumsycynthia 亂入,14485,44,[]
