,time,post_caption,likes,comments,tags
0,2019-12-25 21:12:52,"All I want for Christmas is CORIANDER SUCKS !
我手上這杯子絕對是今年度最愛的禮物
祈求上天在這神聖的日子為香菜判刑！
讓它們得到應有的罪與罰！",7247,35,[]
1,2019-12-22 16:32:27,今天的枕頭居然有自動暖枕功能。,9311,38,[]
2,2019-12-21 02:42:26,"今天要業配的是這款追劇好物，柚子牌柴犬平板手機架。
@shiba_yutzu",9410,44,[]
3,2019-12-17 08:25:11,"今天是高中制服日是吧，好。
@ndsh_aka_shch",13856,135,[]
4,2019-12-15 12:41:02,"站在高崗上。
@cn3_rollyoureyes",8416,48,[]
5,2019-12-11 22:46:22,"秋天就這樣過了，夏天還會遠嗎？
每到十二月，我滿腦子都是焦慮，因為覺得夏天就要來臨了，多麼殘酷的現實。
夏日苦且長，世人安可知？",7133,44,[]
6,2019-12-10 18:28:35,"此刻行程
左：回台北。
右：回台北。
#餵食會導致搶或攻擊",7616,15,['餵食會導致搶或攻擊']
7,2019-12-09 15:59:19,"今天來到西方世界，探視一位手指受傷而腦死的友人。
我很難過，看得出來吧。",10398,73,[]
8,2019-12-07 13:24:46,這扇門赤化了，那棵樹也赤化了，我的心全部揪在一起。,7687,42,[]
9,2019-12-05 09:14:39,"什麼？外面很冷嗎？辛苦你們了。 
@shiba_yutzu",9901,38,[]
10,2019-12-04 19:57:02,"這是一家我想特地發文讚美的店，我五天內已經來吃了兩次。

沒想到在台北居然有味道極似日本當地味道的居酒屋，禮拜天晚上來過一次之後覺得驚為天人，今天晚上就又來了一次。

那個芝麻豆腐，那個鮭魚飯糰，那個胡麻龍鬚，那個好喝到發瘋的梅酒，還有那個蚵味腐皮，都是崩潰等級的喜愛。

尤其是芝麻豆腐有一種難以言喻的魔幻力量，無法用有形的文字形容。

重點是，店裡的阿姨有追蹤我，來倒茶時小聲跟我說：「來我們這邊不會吃到香菜，因為老闆也很討厭香菜⋯⋯」 難怪會一拍即合！！！",12383,98,[]
11,2019-11-29 19:49:34,《返校》感謝你，我來替你們接收感謝了。,7511,9,[]
12,2019-11-26 09:45:04,為什麼她睡在我的位子上，我也很好奇這是怎麼發生的。,13816,76,[]
13,2019-11-24 01:08:49,"窗戶裡面正在吃晚餐的人突然秀出手機備忘錄，上面寫「可以跟你拍照嗎？」
然後就變這樣了。",9465,46,[]
14,2019-11-22 00:06:16,"這是一張女兒硬拖父親出門淋雨的甜蜜的負荷照。
甜蜜到會蛀牙。🤦‍♂️",12269,48,[]
15,2019-11-20 17:17:49,"我們為國家高歌，與國家共賞明月。
那欣欣向榮的康莊大道，已在你我眼前。
髮型協力 @superbcut",9641,25,[]
16,2019-11-18 11:02:36,"上個月我和柚子一起拍了廣告
是台新銀行的Richart
這是我們父女同台的第一支廣告
感謝台新銀行讓柚子取代白狗！（X）

我也開始幫柚子存了她自己的專戶基金
現在她已經可以自己養自己了
我覺得萬分感動。
@shiba_yutzu 
@hellorichart 
#選Richart發小財 
#我R粉我驕傲 
#唯一支持 
#超人氣氣氣の數位銀行",11794,52,"['唯一支持', '選Richart發小財', '我R粉我驕傲', '超人氣氣氣の數位銀行']"
17,2019-11-15 18:47:00,"@moshi.tw 先前不自量力的寄來了充電三寶，企圖挑戰柚子的尖牙利嘴。沒想到他們後來食髓知味，這幾天又寄來尚未上市的新品（現在已經上市了，東西寄來的時候我在國外爽），請柚子進行商品評鑑。狗比人還搶先使用最新科技，這個世界到底有什麼毛病？

這次提供的「#SnapTo磁吸無線充電座」，搭配專屬手機殼，磁吸設計一吸就上手。只要手機往牆上一掛就可以充電，不怕喬不準充電位置沒充到，而且柚子除非是飛簷走壁，不然再怎麼想咬也咬不到。

拿著手機能充，也可當成手機架放著充。支援最高10W的快速充電功率，放心升級 iOS 13.1，享受蘋果快充也不怕被降速，一樣具有FOD異物檢測功能，提升柚子的安全性。

究竟神獸的破壞力會不會超越地心引力的限制？我們拭目以待。",9524,33,['SnapTo磁吸無線充電座']
18,2019-11-14 23:46:10,只想告訴大家，我也有IG藍勾勾了。,13232,103,[]
19,2019-11-13 00:11:51,"2016年4月，香港中文大學。
當時的我從未想過，三年又七個月後，中大的副校長需要戴頭盔和防毒面具，催淚彈可以發射在校長身旁。
猶記得那天下午的一場午後雷陣雨，滂沱不斷，我在山坡上看著對面的吐露港，想著三十年後的事情。
天曉得，才三年又七個月後，現實情況已比當年腦海中浮現的畫面更離譜。
卻又好像只能眼睜睜看著一切發生，像傳說中鬼壓床般的動彈不得，說不出話。",15570,144,[]
20,2019-11-12 16:58:51,"今天就在距離球場30公里的地方，跟著楓紅一起支持韓國輸。
施以最強烈支持。",9284,49,[]
21,2019-11-12 11:49:34,"今日外訪行程到小日本山區「日光」，眾多偉大的中華兒女觀眾們遍佈於此，駕馭四海、征服宇宙！
大家在此共同交流切磋合照，也有不少健兒表明入黨同樂的決心，但我也不知道要怎麼加入。",6499,25,[]
22,2019-11-11 22:14:11,"我一定要特地發文讚美這家豬排店。

這家店的「里肌炸豬排」真的是，妖壽讚。

無法言語的感覺，也沒拍食物照片，大家有到訪東京的話可以去試試。（他們會說中文）

史無前例認同的好吃。

#燕樂豬排",10080,72,['燕樂豬排']
23,2019-11-11 12:50:55,今日外訪行程來到東京渋谷的Google，針對YouTube疑似暴雷歡樂無法黨黨徽一事進行交涉。,8193,19,[]
24,2019-11-11 00:19:02,外訪考察行程中，聽聞台北傳來最新消息，我家女兒柚子的破壞紀錄有了重大進展，回台北再來勘災吧⋯⋯,7799,40,[]
25,2019-11-09 23:27:17,"剛剛在新宿的燒肉店參訪拜會，過程中，隔壁桌不知哪來的台灣同胞一直在罵韓市長，害我吃不下。
氣氣氣氣氣氣氣氣氣氣氣氣到飽。",9980,47,[]
26,2019-11-09 20:45:44,"今天外訪行程來到富士電視台，赫然發現自己沒有看過《櫻桃小丸子》。
考察過程中，我不斷尋找那個流鼻水的小孩，為什麼不在裡面？才知道原來那是《蠟筆小新》。
考察心得是，日本卡通妖壽讚。👍 不過我是屬於迪士尼派的。",7094,47,[]
27,2019-11-08 16:41:37,"抵達小日本，準備展開一連串黨務拜訪行程。
首站拜訪東京迪士尼。",13026,131,[]
28,2019-11-07 22:29:07,近日政務繁忙，明天還要代表歡樂無法黨黨中央前往小日本與政界交流，共商促進人類社會和平的「大東亞反香菜共榮圈」。,10738,73,[]
29,2019-11-03 00:34:13,我跪在女兒旁邊，叫她起床出門散步，但是。🤦‍♂️,10673,41,[]
30,2019-10-31 14:06:08,"她白白胖胖，我黑黑瘦瘦。
@shiba_yutzu #shibainu",10354,66,['shibainu']
31,2019-10-29 16:15:48,"就是木曜四超玩，害我今天5點半起床，強烈譴責。
#Yartist全明星運動會",8082,32,['Yartist全明星運動會']
32,2019-10-27 13:34:01,從今天開始，我就是文化部長認證的國家級直笛演奏家。,10468,64,[]
33,2019-10-25 20:00:47,"母校邀請了兩年
今天終於成功回國中演講了
簡報竟然出現勵志的句子
回家之後電腦馬上壞掉。

第二張照片是我十年前在班上黑板上的書寫
我十年前好浮誇。",10406,113,[]
34,2019-10-21 19:31:38,"天氣熱不想出門，天氣涼也一樣不想出門。所以今天決定用 #戶戶送 來訂晚餐，選餐廳的方式呢，就是看我滑到哪一家，柚子會吐出舌頭來。

她最後選了一家我沒吃過的餐廳，打破本人習慣，但我無權改變，就順應她了。

戶戶送 @deliveroo_tw 是台灣人在英國創業，是我大中華民國的驕傲。令人遺憾的是，戶戶送完全是個放蕩主義份子的極端側翼，他們在今年10月，每一份訂單將捐出1元給10/26的 #台灣同志大遊行 ，遊行當日還會贊助800份志工餐點。這種唯恐天下不亂的公司實在令人髮指，一氣氣氣氣氣氣氣之下，害我失手點了滿滿一大桌，連柚子都傻眼柴犬。

外送平台這個產業很新，還有很多需要改進的空間，強烈要求所有中華兒女都該好好遵守交通規則、各大外送平台福利措施也能越來越完整。如此一來，我這種人才不會在家裡活活餓死。

優惠碼：EYE200
連結：http://bit.ly/戶戶送膜膜",11547,54,"['台灣同志大遊行', '戶戶送']"
35,2019-10-20 12:20:01,"2年前的今天
為什麼現在看到眼眶會濕濕的呢？
原來是因為我覺得自己很偉大。
@shiba_yutzu",17051,147,[]
36,2019-10-18 19:13:04,"我好少稱讚人
不過美人姐真的好有智慧❤️",7977,23,[]
37,2019-10-16 18:28:52,我都準備好了，但妳在做什麼呢？,12151,72,[]
38,2019-10-12 23:18:56,"平常不敢接婚禮主持，因為我不擅長祝福別人，也不善說太多美言佳句，就怕一脫口全都是詛咒。

不過我們官媒首席製作人 @cn3_rollyoureyes 動眼神經跟陳茻還是找了我主持，想當然就成了一場很ㄎㄧㄤ的婚禮，因為他們跟我一樣都覺得油膩的吉祥話很尷尬。

還好最後婚禮圓滿落幕了，但 @andy840501 喝多了一直抱我大喊「我愛你」。
#陳何體統",12410,61,['陳何體統']
39,2019-10-11 19:37:18,她是世界的中心。,11373,63,[]
40,2019-10-11 12:02:56,累死我了，被狗遛。,15124,97,[]
41,2019-10-09 17:28:56,"非常感謝立沐杉訂製西服的贊助，我今年不知道從他們店裡做了多少套西裝。
這回我的國慶晚會禮服也是立沐杉賞臉相挺，後來更把這套白色禮服穿上金鐘獎舞台，成為我此生重大時刻的最佳戰袍。
如果你也想訂製西服禮服，可以去找他們，真心推。
@leisure.bespoke",7833,56,[]
42,2019-10-09 00:40:57,"我期待了三年的《新聞聯播》，終於播出首集。
尋覓了好幾年都找不到能夠匹敵的央視女主播，直到發現身邊這位。
她是我的新搭檔「眼肉芽」，敬請期待後續的亮相。",9876,97,[]
43,2019-10-08 14:48:25,"主持樂團記者會，也是要吹個笛子的。
@tizzybacofficial #tizzybac #鐵之貝克",4781,13,"['tizzybac', '鐵之貝克']"
44,2019-10-06 19:35:35,"昨天白色禮服參加金鐘獎，今天換黑色西裝參加金羽獎。
@17.media #金羽獎",7623,33,['金羽獎']
45,2019-10-05 23:42:24,"今天真的太開心了
開心到我忽略我有雙下巴
反正誰沒有呢。
#第54屆電視金鐘獎",12385,54,['第54屆電視金鐘獎']
46,2019-10-05 20:45:32,謝謝大家！好爽啊！,9639,118,[]
47,2019-10-05 19:18:09,"滑手機突然間聽到「主播好」三個字，我就覺得我可以回家了呢。
#電視金鐘獎頒獎典禮",16479,140,['電視金鐘獎頒獎典禮']
48,2019-10-05 18:06:10,"第54屆金鐘獎頒獎典禮
到底該播新聞還是吹笛子還是罵香菜呢？
當然是都要。

特別感謝 @leisure.bespoke 立沐杉訂製西服",8698,50,[]
49,2019-10-04 17:15:15,明天看我怎麼在金鐘獎宣揚香菜的醜惡。,9593,65,[]
50,2019-10-02 23:15:14,"左一節目中沒底線失控
左二憋到顏面神經失調
史上最累訪談。
等等，有在訪談嗎？
#央視會客廳 
@eyectelevision",9112,43,['央視會客廳']
51,2019-10-01 23:33:08,今日播報穿搭。,5136,41,[]
52,2019-09-30 01:05:19,今天太開心了，感謝所有同行的夥伴，還有每個熱愛破音的你。,6268,21,[]
53,2019-09-25 17:21:03,吾家有女初長成，可以跟老爸一起拍廣告了。,7418,27,[]
54,2019-09-22 23:16:35,抱著狗直播一小時後。,6541,58,[]
55,2019-09-19 22:33:28,很多地方就是來五百次都不會覺得膩。,7432,64,[]
56,2019-09-18 17:31:55,"突然被第六感召喚到這裡來
總覺得我與櫥窗裡的一切產生了共振靈動。",6528,72,[]
57,2019-09-17 22:35:11,"做壞事的狗總是活得比人好。
柚子咬爛我最後一條充電線後， @moshi.tw 雪中送炭，但是是送給柚子「試咬品」🤦‍♂️ moshi 送來了充電三寶：北歐傢俱風的「Otto Q無線充電盤」、支援PD快充的「ionslim10K行動電源」，以及 #強韌耐咬 的「Integra強韌系列 充電/傳輸編織線」，全部都是台灣製造。 
moshi有全球保固，行動電源有2年保固，充電線和無線充電盤也有3年保固。所以柚子想咬就咬吧，沒在怕！反正柚子是神獸不是人，不算人為損害。 
我現在全面放行，讓柚子全面咬爛，房子車子隨妳咬，我要新房新車🤷‍♂️ #現在這到底是誰的IG帳號 
#ionslim10K
#Integra強韌系列USB_C_to_Lightning充電線
#otto_q無線充電盤",6943,26,"['Integra強韌系列USB_C_to_Lightning充電線', 'otto_q無線充電盤', '強韌耐咬', 'ionslim10K', '現在這到底是誰的IG帳號']"
58,2019-09-17 09:01:48,要離開柚子5天，有點捨不得🤦‍♂️,8482,54,[]
59,2019-09-13 22:33:38,"兩年前的中秋夜，決定向朋友領來這隻小柴，決定名字就叫做「柚子」。那時候我心理準備才剛做好，誰知道頭洗下去才明白什麼叫做辛苦。
小時候的柚子真的不好照顧，還得有耐心教導她尿尿大便，大約到半歲開始才比較不會亂尿尿，今年開始也不需要尿墊在家裡了。
一路以來，越來越覺得柚子跟我的緣分很不可思議，好像在哪見過她，許多時候不用發出聲音，也不用講什麼，心情一差她就靠過來了。
現在每天都抱著一起睡覺，入睡前也會告訴自己我們又少了一天，所以明天得更把握跟她一起玩樂的時光。
雖然她還是常常搞破壞，但只要她不傷到她自己，我現在已經完完全全不會覺得困擾了，多貴重的東西被她毀滅都沒差，再買一個就好！儘管來吧。",13650,138,[]
60,2019-09-12 13:23:16,"沒想到李烈烈姐是我們忠實觀眾，也是柚子狂粉。但訪談過程一直笑場完全不行🙅‍♂️
看更多烈姐笑場與《返校》徐導的鬼故事分享，@eyectelevision  9/21《央視會客廳》。",6018,9,[]
61,2019-09-11 22:15:04,"樂天Kobo請求我試試他們家的新產品——「樂天 Kobo Libra H2O 電子書閱讀器」。 然後他們自作聰明，送了三本書給我，想勸我不要討厭香菜，真是笑死人，怎麼會有這麼天真的人活在這個世界上？

如此大逆不道的邪門商品，一定要逼他下架。

樂天 Kobo 電子書城有超過600萬本中外文書籍，電子書定價比紙本書約便宜7折，到 9/14 前輸入週年慶促銷代碼「MOREKOBO」可再打 63 折。

樂天Kobo Libra H2O電子書閱讀器售價5699元，9月17日 09:59AM 前預購，送樂天 Kobo 1000 元購書金

@shiba_yutzu #shibainu 
#柚子的罐罐自己賺
#身為父親備感欣慰",6176,16,"['柚子的罐罐自己賺', 'shibainu', '身為父親備感欣慰']"
62,2019-09-08 02:56:02,"偶爾還是放一下沒有狗的照片好了，但感覺好空虛。
最近沒抱柚子睡覺就必定失眠，可以等到太陽出來都還睡不著，已經出現嚴重柴犬戒斷症狀...... 沒有她的味道或毛茸茸的感覺、那個溫度、呼吸的節奏，就會難以入睡，淒慘。
九月才剛剛開始，順著天之驕子的好運（硬要），感覺已經過了一年，可憐的經紀人不知道一天要回幾封信，還好不是我去處理，不然一定把所有來談合作的人全部嚇跑。
這是一個很令我期待的秋天，有非常多連我自己都意料之外的合作即將或正在發生，希望屆時也能讓認同我的人感到驕傲（？），然後也讓討厭我的人少幾個細胞。
最近又變瘦了一點，但調整作息仍然在努力，明天要去高雄找老天 @sundayright_dub 。
膜天倫之夜週日晚上見❤️
久違的長文也在最後謝謝大家的陪伴，讓我們一起繼續破壞這個世界❤️
祝動眼神經 @cn3_rollyoureyes 生日快樂！",7843,52,[]
63,2019-09-04 20:22:21,"稍早，經紀人跟我要私章準備蓋在一份合約上，結果我不慎拿了這個印章給她。
.
.
.
一陣尖叫。",10309,154,[]
64,2019-09-03 01:37:49,"空拍機拍下這驚人的一幕。
什麼？居然是斷掌？天之驕子的斷掌？",11747,71,[]
65,2019-08-31 13:36:47,今天要出 @eyectelevision 的央視一分鐘，但我們兩個不想面對。,7637,36,[]
66,2019-08-28 11:45:08,"最近一直看到各種棄養狗的貼文
看一次我就造一次口業
平常因為愛國而積的陰德陽德都沒了
但還是要說沒本事就不要養寵物
他們沒欠你們。",8076,37,[]
67,2019-08-25 20:40:51,為什麼柴犬臉會傳染給人類？,7715,82,[]
68,2019-08-25 00:38:13,"換個大頭貼就可以有23個人私訊有意見，有人要舊的有人要有狗有人要前一張有人要後一張，半小時換了6次。
你們真的好難搞，我決定把我覺得最噁心的送你們。",8889,119,[]
69,2019-08-21 13:14:55,週三睡到飽，咦大家都起床了喔？現在才幾點？,7587,39,[]
70,2019-08-17 17:31:03,"謝謝所有來參與台慶的朋友們❤️
今天見到大家真是好開心！",9083,41,[]
71,2019-08-14 03:19:50,"(((((´･ω<`))))) 柚子兩歲生日快樂🎁
@shiba_yutzu #shibainu",12048,154,['shibainu']
72,2019-08-12 22:42:50,"聽大家說邀請函很難拿到
但我沒有去要就收到了
畢竟是官媒。
Tesla Model 3.
#tesla",6022,34,['tesla']
73,2019-08-12 10:30:59,"痛恨香菜的朋友們
千萬不要隨意入住台南香菜里拉
吃個早餐飯店人員突然端出香菜汁
點個法式歐姆蛋捲也有香菜
最噁的是蛋捲裡面也充滿香菜
飯店人員自己都快笑場
笑什麼笑。",10198,193,[]
74,2019-08-11 18:06:14,"唉。
點個意麵都有香菜，請中共同路人不要再反串搞分化。",7407,91,[]
75,2019-08-10 22:56:15,"很多人。
@sevenfatofficial",6530,23,[]
76,2019-08-05 00:01:33,"這幾天走訪香港後，說實在我非常開心，這座城市熟悉的味道都還在，雖然不知還有多久時間。
這麼說可能有些人會覺得不妥，但我真實的感受是香港社會還在秩序上運轉，到訪後也讓我稍微心安了點，同時見到街坊之間旺盛的生命力和香港精神，讓我覺得感動。

我慢慢發現，我的用字遣詞開始受到香港影響，「現時」、「閣下」、「手提電話」、「小食」、「記招」.... 各種港式詞彙越來越不經意從口中說出，真係奇妙的感覺！有次還直接用國語跟朋友說，「我『揾ㄨㄣ‘』到了！」當然沒人聽懂我找到什麼。

上輩子可能是香港人吧，香港好多地方都讓我覺得熟悉，一直在想為什麼。

我們是不是該開方言粵語、台語頻道？臉皮厚點就行。",8061,87,[]
77,2019-08-02 16:10:48,"睇到咗香港人嘅憤怒。
#大埔連儂牆 #大埔",7706,70,"['大埔', '大埔連儂牆']"
78,2019-08-01 16:47:09,My favorite city.,10674,212,[]
79,2019-07-25 21:43:43,"相看兩不厭，只有小心肝。
@shiba_yutzu",8835,54,[]
80,2019-07-14 10:13:52,"因為萬惡又變態的夏天，我已經40個小時沒有出門了，吃東西全部叫外送，狗也丟給朋友遛，真的很舒服呢。
可惜好景不常，今天還是得自己帶小孩去散步，我要出門折壽了，真可憐。",7003,33,[]
81,2019-07-12 03:04:49,只要妳健康，我破產都可以。,8988,91,[]
82,2019-07-08 22:58:24,"與女兒的天倫之樂時光，玩數支數支最多幾支，她永遠都輸欸，廠。
@shiba_yutzu",6563,38,[]
83,2019-07-07 21:26:43,"過了一天，依舊有想不通的事情。
到底為什麼笛聲在音準上的時候底下沒人有反應，直到走音破音所有人才尖叫連連歡呼鼓掌？
轉個念想，音樂正在被我的膜笛顛覆，站上國家音樂廳指日可待，大夥們一起迎接那天的到來吧！",6270,57,[]
84,2019-07-06 12:21:06,"出門前往覺醒音樂祭！ 
最專業的直笛手晚間7點20分，只在「電火雞」舞台，悠揚樂聲準時開吹！ ft. 動眼神經 @cn3_rollyoureyes 
#覺醒音樂祭 #wakeupfestival 
#柚子可以放尊重點嗎",6774,28,"['柚子可以放尊重點嗎', 'wakeupfestival', '覺醒音樂祭']"
85,2019-06-28 12:01:29,"外面陽光太惡毒，空氣太離譜，必須足不出戶。
到底誰喜歡夏天？要不要去核融合反應爐裡面生活？",7110,45,[]
86,2019-06-26 12:05:01,來小日本就是要買祖國的旅遊書籍，才能知道落後民族是如何踩踏我自由地區，絕對不是因為不知道偏安首都可以去哪玩而參考別人的推薦。,5192,21,[]
87,2019-06-24 18:01:06,尬。,6039,75,[]
88,2019-06-22 13:02:58,"小日本的鹿都好可憐，彷彿是天天吃樹皮一樣，看到我大中華民族就瘋狂靠近乞討，或者雙腳跪著卑躬屈膝。
在落後地區也遇到幾組自由地區旅客前來認親，大家都是來嘲笑小日本的，看今天太陽大成這樣都沒破30°C，「冷和元年」真的名符其實。",5088,33,[]
89,2019-06-21 18:12:59,"今天真的是個好冷的夏至。
21度，涼到心發笑，只能嘲笑這種溫度也叫做夏至，真是太落後了。",5074,59,[]
90,2019-06-15 16:51:12,"絲竹美，悠揚黃河上。
#央視絲竹讚 Coming soon.",6538,91,['央視絲竹讚']
91,2019-06-14 02:28:02,"第一次製播到需要上「可能令人不適」的警語，第一次邊看邊播邊罵，第一次帶著鼻酸的心情看帶子。因為這是我愛的香港。

身邊大多數朋友都知道我很喜歡香港，幾個月就去一次，最後一次去是今年的1月21日。1月23日準備回台灣之前，最後一餐是在深水埗的添好運本店，那時候我第一次在香港吃叉燒包，因為前面十幾次赴港都專注在燒臘和其他港點，以為叉燒包很普通，沒想到是驚為天人的美味。

我也很喜歡搭快一小時的車到元朗去吃天鴻燒鵝，雖然電視永遠在播TVB，但燒鵝好吃到讓人忘卻TVB在背後胡言亂語。

更喜歡中環的生記粥品，那是我這輩子第一次知道什麼叫做「粥」，台灣沒有真正的「粥」，只有「湯泡飯」。 還有灣仔的「再興燒臘」，每次都要搭叮叮車向東行，在我背最熟的47E杜老誌道站下車，雖然很多香港朋友說那家還好，但是是再興在我有天以為我身上帶出去剩下的錢只能吃麥當勞時，找到的最強燒味，招呼的阿姨對待台灣人非常親切，每次去都會跟她聊天。

蓮香居更不用說，因為我十次有九次住在中上環的宜必思，樓下過個路口就是蓮香居。常常在那裡遇到很多一同併桌熱情的香港叔叔阿姨，知道我是台灣來的，就幫忙倒茶，熱心講解餐具怎麼洗，其實我都早就知道啦。推車的阿姨也都變熟面孔了，尤其有個推過馬來糕和炸雲吞的阿姨，我都會跟她聊天，「就是上次問妳炸雲吞沾的醬可以去哪邊買的台灣人啦！」她就會想起來我曾經造訪過。對了，那是「余均益」的蘇梅醬，在蓮香居我絕對點兩次炸雲吞，就為了沾這個醬。

澳洲牛奶公司嗎⋯⋯ 第一次去覺得店員兇屁，但他們的炒蛋讓我無法不接受給店員兇，我每次到香港還是必定去解解炒蛋癮，還有杏汁燉雞蛋。而且今年一月底的時候發現，他們店員換了新制服，因為每位大哥胸口口袋的藍色原子筆墨水痕，都變淡了，顯然是換了新制服。（話說去澳牛吃完奶類有些人很容易拉肚子，附近最快到達的廁所在佐敦地鐵站出口E的恆豐中心）

還有興記煲仔飯、滿記甜品、檀島咖啡餅店、香港麥當勞才有的四件雞翼餐、別人覺得還好但我卻曾經搬一箱回台灣的道地玄米茶...... 種種愛店愛食，應該是再也無法造訪。

早就料到這天會到來，只是一直騙自己沒這麼快。一月底回台灣前，走在深水埗時我竟然還大言不慚地對朋友說，「我覺得三天在香港都太久了，完全不知道要去哪裡，下次可能會隔很久一段時間才來香港。」 是啊。一語成讖，也許再也不能去了，怎麼沒多留點時間呢？每次只要入境檢查通過，我就會高興地不得了。「天啊我進來了！」 也有好多朋友問我為什麼喜歡香港？覺得那是一座很擠、很快、很冷漠的城市。是啊，但我就喜歡走在那座很擠、很快，又不太被打擾的城市裡，可能我上輩子是香港人吧。

不知道該不該說加油，也不知道能再幫上什麼，但願最壞的情況來臨時，所有人都能找到最適合自己的生活方式。",7562,76,[]
92,2019-06-12 00:42:20,"以前在香港生活過一小段時間，回來台灣後因為對那裡有了感情，一年大概會飛個四五次，除了去吃東西、看高樓（怪癖）、聞地鐵的味道（更怪）、聽紅綠燈的聲音（...），大概就是覺得以後沒辦法再去了，所以多去走走。

這兩天的新聞實在是，不知道要怎麼表達複雜的感覺，有種我這幾年苦悶時可以隨時飛去的避難之地，好像真的要變成災難之地了。很煩很悶，但又不知道要怎麼說。

在香港真的有好多故事，很多角落都有過去的印象，不同的人、不同的腳步，深深刻在港島和九龍、新界的大埔和元朗，甚至一般遊客不會去的赤柱、獅子山。

其實現在還是常常想和以前一樣，無聊時就上網訂票，後天出發飛去吃再興燒臘、生記粥品。但隨著時間慢慢過去，我卻越來越沒辦法這麼果決訂票，都是出自於種種無形的擔憂及壓力。

我也不知道以後的香港會怎麼樣，甚至根本不敢想了，只能不斷不斷問自己，還有沒有後悔哪家店沒去吃？哪條路沒去逛？哪座島沒去走？

對香港的熟悉程度，已經到抵達機場快線香港站時，可以不用看任何地圖指標，順順一路穿越國際金融中心二期、怡和大廈、置地廣場，走到畢打街電車站，前往每次都會住的宜必思。不知道多久以後還有機會可以去複習走在中環空橋上的感覺。",7605,86,[]
93,2019-06-11 21:38:49,香菜酒，噁爛死。,3846,49,[]
94,2019-06-09 18:55:07,"繼續睡。
#shibainu @shiba_yutzu",3119,19,['shibainu']
95,2019-06-08 16:47:00,"理想の假日時間。
#shibainu @shiba_yutzu",3778,24,['shibainu']
96,2019-06-07 15:22:39,"端午節不快樂，熱死人也熱狗。
@shiba_yutzu 
#討厭夏天
#喜歡夏天的應該是沒錢買衣服吧",2632,13,"['喜歡夏天的應該是沒錢買衣服吧', '討厭夏天']"
97,2019-06-06 16:34:55,"這張椅子真的有夠浮誇。（稱讚）
#公視 #敬請不要期待 #因為會期待很久
西裝 @leisure.bespoke 立沐杉訂製西服
@ptsyouthnews",3006,29,"['因為會期待很久', '敬請不要期待', '公視']"
98,2019-06-02 17:50:07,"#央視會客廳 coming soon.
6/9（週日）只在眼球中央電視台。
#徐巧芯 #黃捷
#絕對沒有笑場",2600,18,"['黃捷', '央視會客廳', '徐巧芯', '絕對沒有笑場']"
99,2019-05-30 12:23:33,央視走基層，走進災胞的心。,2409,8,[]
100,2019-05-25 14:21:34,"柚子真不給面子。（開聲音）
@shiba_yutzu",2319,90,[]
101,2019-05-25 03:18:34,翻到好繽紛的照片，僅以此為放蕩主義祝福。,4923,63,[]
102,2019-05-18 23:34:37,國殤。,2546,50,[]
103,2019-05-17 17:39:11,"在這個特別的日子裡
特別為大家獻上國際美人鍾明軒！
他說可以來錄眼球！",3595,35,[]
104,2019-05-15 23:24:50,"災難發生後。
#今夜造口業",1706,6,['今夜造口業']
105,2019-05-12 19:42:49,"母親節，帶柚子去爬山。
@shiba_yutzu",2485,9,[]
106,2019-05-09 02:43:02,"謝謝大家昨天的祝福，雖然私訊還是炸開了（昨天的文完全失效），但很感謝每一份真誠祝福的心意，我完全心領。
小時候本來就不太過生日的我，長越大越不知道怎麼過生日。倒是家母很有愛地從遠方叫了壽司大餐外送給我，朋友們也一直約我但一直失敗，因為我生日當天都在處理《眼球中央電視台》的東西，生日都奉獻給興趣了，無憾無憾！
昨天說我沒有願望要許，突然覺得好像太武斷，畢竟人生的願望不會只有事業，我可能要多花點心思在自己的事業之外，朝這個方向前進好了。雖然接下來事業還是必定壓著我往前走⋯⋯
希望柚子 @shiba_yutzu 也能平安健康快樂長大，但不要太快離開我。",2625,19,[]
107,2019-05-08 00:29:42,"溫馨提醒，我今天才剛25歲喔，只是看起來比較老啦，不過我三十年後一樣長這樣，不要羨慕我。
25歲沒什麼願望，因為願望都完成了。",2782,75,[]
108,2019-05-07 13:26:45,"曬一下復仇者聯盟薩諾斯金卡
但是女兒堅持要搶戲我也沒辦法...",1569,11,[]
109,2019-05-07 01:32:00,《鏡週刊》記者跟我要一些以前的照片，於是我找到這張高三時在體育課耍廢的照片，不知道那時候這個髮型、眼鏡、表情到底是要表達什麼。,2782,73,[]
110,2019-05-06 04:08:25,"睡不著的爸爸和女鵝。
@shiba_yutzu",1519,8,[]
111,2019-05-05 02:23:19,"半夜無聊看著去日本的照片，突然就想念起7度的低溫。
最近動態更新很少，因為生活十分順利（好像是個非常詭異的關聯），但就是順利才不需要透過假掰文字抒情。
硬要說的話，大概就是柚子昨天洗完澡散步，結果在人行道滑倒，嘴巴撞出一條傷痕，我看到之後愣住好久，差點哭出來，但又覺得我要比她更堅強。終於體會到為人父的心情，真捨不得。
-
開心的事情是近一個月每天都有運動，運動習慣終於在人生第24年的尾聲養成了，有一天沒運動沒流汗就會不舒服，對我而言是世界奇觀等級，整個身體都在改變中。",2384,14,[]
112,2019-05-04 00:34:17,"我第一次雙主播雙到笑場笑瘋笑到懶得重錄，明晚就這樣播出去吧⋯⋯
#沒有營養的生活智慧王 
#眼球中央電視台",2270,18,"['眼球中央電視台', '沒有營養的生活智慧王']"
113,2019-05-03 15:49:40,"這個水刀會不會太美？
#今夜造口夜",1113,8,['今夜造口夜']
114,2019-04-24 21:01:35,為什麼今天錄完影全身都濕了呢⋯⋯,999,12,[]
115,2019-04-23 13:49:21,這看起來像是要接受聖光加冕。,995,13,[]
116,2019-04-20 16:23:57,兩年可以改變很多事呢，呵呵呵🤭,2757,63,[]
117,2019-04-17 23:57:24,"結果這是今晚節目的重點。
#今夜造口夜",1352,22,['今夜造口夜']
118,2019-04-16 18:35:08,專訪記者希望營造一種眼鏡起霧的感覺。,1766,29,[]
119,2019-04-12 23:29:24,"好想贏韓國！！！！
就像變了心的女朋友！！！！
#今夜造口夜 #徐展元",1052,7,"['今夜造口夜', '徐展元']"
120,2019-04-11 01:14:55,"《我們的青春在台灣 自由地區》首映會，今天導演傅榆講到哭出來，害我鼻酸，可惡。
但還好，看到楊大正、陳柏惟、李惠仁等叛亂份子之後，就不感動了。
4/12，綁住身邊親朋好友，別讓他們進戲院看這部電影！",1975,12,[]
121,2019-04-06 01:37:49,來當個死網美，雖然很失敗。,1570,21,[]
122,2019-04-04 19:44:36,獨自莫憑欄，無限江山，別時容易見時難。流水落花春去也，天上人間。我眼睛真小，但眼神真誠。,1234,10,[]
123,2019-04-02 22:40:39,人比花 驕。,1308,17,[]
124,2019-04-02 12:57:50,"Google Japan的餐廳非常好吃
推薦大家去吃看看
啊我忘了你們不能進去。",801,5,[]
125,2019-04-02 10:40:14,野原廣志的襪子真他ㄇ臭爆噁！,1257,27,[]
126,2019-03-30 19:42:44,播央視新聞就是要用這種死魚眼神才叫專業。,1433,15,[]
127,2019-03-28 18:48:50,"今天錄影錄到笑到根本講不出話來了
@baibai0810 萌萌太強了我無法。
然後我有好幾套新西裝了
感謝 @leisure.bespoke 立沐杉訂製西服！
#絕對不是為了跟老天撞衫啦唉唷",1354,12,['絕對不是為了跟老天撞衫啦唉唷']
128,2019-03-23 18:26:53,"禮拜六上工，明天也要上工。
#科技大擂台 #科技部",868,1,"['科技部', '科技大擂台']"
129,2019-03-18 22:17:56,"昨天才說要買一台這個，今天在節目上就抱一台走啦！市價一萬多啊啊啊啊啊！
#全民星攻略",1561,19,['全民星攻略']
130,2019-03-18 15:14:46,"#今夜造口夜 記者會，荒腔走板。（稱讚）
@sundayright_dub 很色。
恭喜節目升格至輔導級，未滿12歲請勿觀看。",1746,19,['今夜造口夜']
131,2019-03-12 14:53:23,"台北捷運10000000000人次紀念悠遊卡，現在只有我有。
#taipeimetro",2315,39,['taipeimetro']
132,2019-03-11 17:12:50,WTF？,2062,37,[]
133,2019-03-10 22:55:40,"今天外面下雨
娘娘還沒破壞宮廷！
娘娘慈悲！娘娘萬歲！
#shibainu @shiba_yutzu",2477,19,['shibainu']
134,2019-03-07 20:25:24,"造口業，勝造七級浮屠。
@lying.silkworm 設計的浮誇攝影棚，畫面中佔不到全棚的四分之一。
#今夜造口夜",1039,1,['今夜造口夜']
135,2019-03-07 01:20:32,"雨天日常，幫娘娘擦身。
#shibainu @shiba_yutzu",1544,4,['shibainu']
136,2019-03-06 16:42:58,"我們今年度最大計畫：電視綜藝節目《今夜造口夜》！
節目內容就是一直罵人、得罪人，沒有別的。
「我們節目會得罪政府、得罪電視台長官，請大家手下留情了。」
3/20週三晚間10點，華視主頻首播。
#今夜造口夜 #笑鬧一整夜 #廠廠創意",1752,30,"['今夜造口夜', '笑鬧一整夜', '廠廠創意']"
137,2019-02-25 23:30:32,"史上最累直播，流量竟然破百萬了。
#還願",2453,34,['還願']
138,2019-02-24 22:38:37,"大家好，我們是領通告費二人組，上場不到十分鐘就被議員王威中刷下來了，覺得很開心。
#台視17Q
#膜天倫掉漆組",1618,14,"['台視17Q', '膜天倫掉漆組']"
139,2019-02-23 03:07:55,"今天棚拍央視形象照的頭髮真的很好呢，開心之前在電視台認識很專業的妝髮師。
而我的理髮師說她常常看我IG發現哪裡需要修剪，所以特此通知妳剪很好👍
下週節目就要開始錄了，電視網路都是，春節終將結束啊。",1218,10,[]
140,2019-02-21 23:24:12,"多謝YouTube partner Russell 促成與同天生日的阿滴相聚。
感謝101鼎泰豐那位戴眼鏡的店員獻上鳳梨酥乙盒，雖然你說這是來自淪陷重災區的鳳梨酥讓我有點不敢食用，萬分感激🙏",1794,10,[]
141,2019-02-19 01:45:47,"復健人生，
教練是央視白內障 a.k.a. 央視韋禮安。",1146,6,[]
142,2019-02-09 18:15:12,"收到大國師的魔法書了，趕快來施法一下。
去去腦洞走！
@jessetang11 
#唐綺陽占星幫 #2019唐綺陽星座運勢大解析",1269,12,"['唐綺陽占星幫', '2019唐綺陽星座運勢大解析']"
143,2019-02-05 03:52:19,"有好多話想說，但突然不知道要先說什麼，所以就感謝我最強大的團隊，也謝謝所有支持我們的朋友。
新年新節目，還請大家繼續期待我們團隊接下來要顛覆的東西。不包含顛覆國家政權。",2180,22,[]
144,2019-02-04 20:44:58,"為什麼是個鄙視的臉😒
新年快樂啦，今年再跩我就真的去養豬把狗送走！
#shibainu @shiba_yutzu",1768,14,['shibainu']
145,2019-02-04 16:50:40,"眼球中央電視台春節聯歡晚會
除夕夜21時57分準時播出
春晚直播間：
https://youtu.be/iAwyiu9EO0c
我的IG個人頁面也有網址可以直接點
趕快設定個收看通知啊！
年度最強盛會就在今夜！",633,5,[]
146,2019-02-03 19:43:54,"因為妳是女兒～🎵
所以胖了大了卻不願意承認～🎵
#shibainu @shiba_yutzu",759,3,['shibainu']
147,2019-02-02 22:55:59,"第四個節目到底是什麼呢？ @sundayright_dub @buchi_lin 你們說說看啊！怎麼這麼色！
#眼球中央電視台 
#央視春晚",573,11,"['眼球中央電視台', '央視春晚']"
148,2019-02-02 18:53:05,"眼球中央電視台春節聯歡晚會，除夕夜21:57，在眼球中央電視台臉書頻道、YouTube頻道播出！
記得準備好大電視連接收看，高規格製播水準不是隨便說說的！
#眼球中央電視台
#央視春晚",1133,8,"['眼球中央電視台', '央視春晚']"
149,2019-01-29 17:37:45,"都不喜歡化妝抓頭髮
都不喜歡給別人管東管西
都不喜歡職場小人與賤人
都不喜歡被別人聯絡上
都喜歡一年去香港好幾次
誰才是央視當家主播？
#盛竹如 #視網膜 #眼球中央電視台",1746,14,"['眼球中央電視台', '視網膜', '盛竹如']"
150,2019-01-27 17:46:41,"好久沒有參加座談會。

#青春發言人
@ptsyouthnews",934,21,['青春發言人']
151,2019-01-24 03:39:34,"剛才從中華民國香港特別淪陷區返回自由地區，隨身行李也被檢查有沒有肉製品，呃不過那個檢查好鬆... 輕輕翻一下而已，前面一位旅客的登機箱也不用檢查，好奇妙⋯
最開心的是去特別淪陷區吃一堆燒肉、叉燒、燒鴨、燒鵝、炸雲吞、叉燒包......，結果剛剛一量體重還變輕，體脂也下降。（只有這一段是重點）",1172,7,[]
152,2019-01-20 14:31:08,看我怎麼掐死你。,1305,11,[]
153,2019-01-20 01:55:31,"陪老爸盪個鞦韆R。
@shiba_yutzu",1079,14,[]
154,2019-01-19 16:01:13,"怎麼越來越會撒嬌了❤️
@shiba_yutzu #shibainu",1462,18,['shibainu']
155,2019-01-18 19:24:21,😱😱😱😱😱😱,1620,25,[]
156,2019-01-17 01:40:01,"我的應該算可怕的吧，真恐怖。
#10yearschallenge",2216,30,['10yearschallenge']
157,2019-01-15 14:50:18,"請問妳這樣睡著我要怎麼打稿呢？
又不敢把妳吵醒！
@shiba_yutzu",1227,12,[]
158,2019-01-14 00:10:02,"總是用一種不屑的眼神鄙視飼養她的人😒
@shiba_yutzu #shibainu",1576,10,['shibainu']
159,2019-01-12 21:21:49,"謝謝所有今天共同寫歷史的朋友們
不論表演夥伴或是觀眾以及最重要的幕後
都非常非常非常感謝
今天真的好開心
好久沒有開心到想哭的感覺了
除夕夜讓我們一起一鳴驚人。
#除夕夜首選只在眼球中央電視台",1181,23,['除夕夜首選只在眼球中央電視台']
160,2019-01-11 21:00:44,"三人行，必有我造口業焉。
明天春晚我們要下地獄啦！
@buchi_lin @sundayright_dub",1330,13,[]
161,2019-01-08 23:43:46,"你們知道，做春晚是多可怕的一件事情嗎？所有人都會變成智障，華麗的智障。
《中國香腸》放一點點啦，完整版週六來現場看，這只是冰山一角，我竟然有5！個！節！目！
售票到週三中午為止，在眼球中央電視台粉專連結。
@cn3_rollyoureyes 
@lying.silkworm 
@yi326326",1239,23,[]
162,2019-01-05 03:56:45,"@chenchimai 以後可以不用一直注意我的腿。
這個夜晚太放蕩了！瘋狂開黃腔。
#膜天倫之夜 with @sundayright_dub",2070,22,['膜天倫之夜']
163,2019-01-01 12:33:25,108年開國紀念日，特別報導難產⋯⋯,1391,15,[]
164,2018-12-31 17:37:24,"剛道別完，馬上又開始剪央視一分鐘元旦開國紀念日特別報導，奇怪不是放假嗎？
啊，喔，我忘了我接下來放假一個月啊啊啊啊啊啊！
乾還有春晚！",826,19,[]
165,2018-12-31 13:41:51,"最後一節新聞結束
再見了，我的箱子！",1454,20,[]
166,2018-12-30 02:25:09,看什麼看？,1152,9,[]
167,2018-12-27 20:12:19,發大財！,1138,8,[]
168,2018-12-25 20:09:04,"愛情摩天輪🎡
我永遠效忠！
至死不渝！",1054,12,[]
169,2018-12-24 01:05:17,"這是12月1日的限時動態，去日本之前其實就已經想好，也已向長官提出想法，明年自己會換個方向，不再播新聞。
這段時間真的實驗很多很好玩的事，很心滿意足地確保自己所在的時段中，有好看乾淨的電視畫面、也述說很多自己覺得重要的環球事件、前往世界大事發生的城市感受第一線的氛圍，還有一群非常值得深交的電視台戰友，得到非常多，也有不少心得。
之中當然也有失望或無法盡全力之事，或因某些耳語引發的誤會，但在我心中，只覺得問心無愧就好，只是可惜了一些各方原有的美意，但留不住的拿不到的，就不逞強。
小時候對於人生未來的想像，就是做新聞。之所以我在地震發生當下還能不疾不徐告訴觀眾地震避難須知，是因為我從小就在為那天的到來做準備，洗澡時、讀書讀累時、睡不著時、發呆時，我會自己在腦海模擬播新聞播到一半地震發生，我該說什麼。於是那次三級地震來襲，我也被自己嚇到。原來有地震恐慌症的我，在地牛翻身時還能講話不結巴。
有一個月堅持不用讀稿機，是因為我想看看自己的極限可以發揮到哪裡，倒也不是刻意要與人競爭、展現實力。後來試過以後知道自己的能耐，就又重回讀稿機的懷抱，畢竟午間太緊湊，短短30分鐘時間要能全部順完，一個月證明自己可以就夠了。
今天晚上，友台的好朋友說他們長官在猶豫要不要問我去他們家播報新聞，我很訝異有人欣賞我這種畸形人物，但我是不會再回到「播報」的工作崗位上。
我這段時間一直在想，如果我先碰到電視新聞，後來才碰到網路，那我的主播生涯是不是會比較久遠？我一直覺得就因為我先碰上了網路，所以我對電視新聞竟然是那樣無感、冷漠，尤其台灣的電視新聞與我的白日夢有太大的落差，時常是自己播了都尷尬。我已經先在網路奔放的世界「走歪」，沒辦法讓我「回到」自己原先預期的職涯上。
「短命」主播頭銜叩在我頭上我沒什麼意見，畢竟對世人來說，十個月真的是太過短暫。只是對我而言，我覺得已經足夠了，我也已經嘗試了所有想嘗試的新事物，十個月對我來說，好長好長。
我一直覺得我的人生在飛快前進，曾經自覺人生的夢想好像破關破太快，二十幾歲把五六十歲要做的事情都做完了，甚至還陷入不知道下一個夢想是什麼的焦慮（實在是很北爛），但我慢慢發現後面有一堆事情等著我去做，因此我才這樣做了抉擇。
我相信喜歡我的人，會非常喜歡我明年的計畫。
不喜歡我的人，會氣死吧。但我也不用那些人喜歡。

以此給自己做個階段總結。",2518,92,[]
170,2018-12-22 19:59:39,"永不止息的王牌節目。
#央視一分鐘
#眼球中央電視台
#明年重大計畫敬請不要期待",1490,23,"['明年重大計畫敬請不要期待', '眼球中央電視台', '央視一分鐘']"
171,2018-12-14 21:05:57,"今天幫伊甸基金會拍公益影片
實在是太不符合我的個性
下不為例。
#伊甸基金會",1121,15,['伊甸基金會']
172,2018-12-13 18:54:54,"觀眾朋友，你是不是喝醉了？
#乍看之下以為是黑函",983,21,['乍看之下以為是黑函']
173,2018-12-07 13:12:56,真是累人的工作呢。,887,7,[]
174,2018-12-04 17:05:34,"帶著這個爆米花桶回台灣給影城店員裝，他就很豪邁地狂裝，裝到滿出來連甲板上都有爆米花山呢！
然後就邊走邊掉......
一定是他嫉妒我有這個爆米花桶。",1557,11,[]
175,2018-12-04 00:19:49,"去日本回來開工，開場鞠躬變90度。
很有禮貌呢！",1087,5,[]
176,2018-12-01 11:45:51,"要回台灣了，崩潰！
#munch  #孟克吶喊",1353,18,"['munch', '孟克吶喊']"
177,2018-11-30 20:33:22,各位好，這裡是小日本電視台NHK，給我滾出我的新聞直播間。,1274,8,[]
178,2018-11-30 15:11:41,"來給柴柴玩啦！
#柴命 #豆柴咖啡廳",1596,27,"['柴命', '豆柴咖啡廳']"
179,2018-11-29 11:24:22,"這個銀杏這樣飛，擋住他人胴體，成何體統？

@sundayright_dub",1319,19,[]
180,2018-11-29 10:55:00,被銀杏臭死。,1381,18,[]
181,2018-11-27 21:03:38,"@howhowhasfriends ，今天在這裡求婚，強烈要求改帳號為 howhowhaswife.

@sundayright_dub",1294,22,[]
182,2018-11-27 18:35:22,"亲们瞧，我们在辽宁舰上狂舞，好不快乐啊！
@sundayright_dub 
#膜天轮之夜",1048,26,['膜天轮之夜']
183,2018-11-26 17:02:33,"怎麼突然有小孩？
@sundayright_dub",1668,50,[]
184,2018-11-25 23:42:02,"結果昨天在開票過程中，連線的這幾個全都當選了。
猛💪
#呱吉 #謝龍介 #苗博雅 #徐巧芯",1791,18,"['謝龍介', '呱吉', '徐巧芯', '苗博雅']"
185,2018-11-24 20:55:35,民意如流水，民主還是可貴的。🌈,1037,21,[]
186,2018-11-15 17:18:39,笑啥呢？,1037,12,[]
187,2018-11-06 19:36:25,"兩年前的春晚 🧨
為了明年的春晚
現在又開始狂想音樂歌詞鼠來寶
相聲戲劇等等等等
整天耳朵都圍繞新春元素彷彿已經在過大年

這一次春晚的日期出爐了
2019.1.12週六下午
地點在臨時偏安首都台北市信義區
詳情陸續推出。",1131,12,[]
188,2018-11-01 19:51:42,"好久沒發文，完全忘了自己有IG...
只好拜一下鮭魚，祈求蔣公保佑國泰民安。",1329,12,[]
189,2018-10-23 17:44:52,"中午12:36，地震正在發生，我哥說真是太驚險了。
整個棚都在晃啊晃......",852,17,[]
190,2018-10-17 19:28:53,你看過我，但我也看過你。,1144,7,[]
191,2018-10-13 17:35:53,"相聲瓦舍30週年，《我不要演癩蛤蟆》有點太爆笑，屌打洋玩意的脫口秀！
謝謝相聲瓦舍的邀請！
#相聲瓦舍 #相聲瓦舍30週年",811,2,"['相聲瓦舍', '相聲瓦舍30週年']"
192,2018-10-10 00:40:37,"國慶日官媒怎能缺席？
🇹🇼🇹🇼🇹🇼🇹🇼🇹🇼🇹🇼🇹🇼
#但也太慘一個身體國慶日上兩個班
#神獸是不是想尿尿",1243,8,"['神獸是不是想尿尿', '但也太慘一個身體國慶日上兩個班']"
193,2018-10-07 12:17:48,"柚子，妳老爸還在睡...
壓在我身上這樣會出人命的。
#我好厲害這樣也能拍",905,8,['我好厲害這樣也能拍']
194,2018-10-06 18:42:40,昨天柚子讓我沒錢，今天我讓柚子吃醋。,951,12,[]
195,2018-10-03 23:29:49,為什麼我最醜？,697,19,[]
196,2018-09-28 00:07:14,那隻狗的姿勢..... 兇殺案吧。,1185,12,[]
197,2018-09-22 01:12:00,我以為逃離台北就逃離那隻可怕的瘋魔女，沒想到我的書桌多了一頭這個玩意兒，嚇死我的媽。,901,8,[]
198,2018-09-20 20:06:14,"今天前往我大中國廣播電台，第一次遇到這種會跟我PK捲舌音，還有大聊新聞音樂、台呼的主持人。
不過我高中開始聽豆子哥節目，現在沒事無聊還會開著笑，真是沒想到有天會變成來賓。
但兩個人話多到可以開中廣二台了。
#中廣流行網 
#midnightyouandme",934,15,"['中廣流行網', 'midnightyouandme']"
199,2018-09-18 15:41:26,為了模擬卡卡卡聲響，陳子見直接把稿子放一旁，上演折指秀，害我痛死！,631,25,[]
