,time,post_caption,likes,comments,tags
0,2019-08-01 22:07:37,"20190730
希望經過很熱很曬走很久的一日遊 @yyun_1205 以後還是願意來找我 陪我 跟我玩💙

很熱很曬走很久但很好玩哪！",114,2,[]
1,2019-04-09 11:30:14,"20190404
 #siblings
母親の視角
Photo credit to Mom♥️",90,1,['siblings']
2,2019-01-29 13:51:46,"20190126
☑️浮潛、看綠蠵龜

出去玩好快樂噢🐠",92,6,[]
3,2018-09-04 00:41:08,我五歲的時候 想當畫家,68,2,[]
4,2018-08-02 23:59:05,"20180801
Thanks for making me forget that my exchange has already ended.",91,3,[]
5,2018-07-05 21:48:13,「我們一起啟程去流浪」,89,17,[]
6,2018-05-26 19:28:01,"黑嚕❤️
在另一個世界 要一樣活潑、快樂",66,2,[]
7,2018-04-21 22:22:03,"翡冷翠 Firenze🇮🇹
沒在下雨
那天太陽很大，心情很好
感覺好像，走進課本裡，那樣的不真實",98,6,[]
8,2018-04-03 19:05:02,紀錄這個冬天❄️❤️,74,15,[]
9,2017-12-24 20:12:19,"Wesołych Świąt!
(With lots of love and gratefulness)",108,10,[]
10,2017-10-20 01:46:21,#2months #jesień,67,9,"['2months', 'jesień']"
11,2017-09-02 15:56:17,"一切安好
但我還要更好😊
#wrocław #dwarfs #15thday",54,4,"['wrocław', '15thday', 'dwarfs']"
12,2017-06-10 23:02:03,"有你們真好❤️
畢業快樂🎓😀",69,16,[]
