,time,post_caption,likes,comments,tags
0,2019-12-25 20:58:21,"#北區醫學院聯合舞會 
從悲鬱的2018 
到熠耀的2019
謝謝妳  一直都在

460天了 
我們的故事 未完待續⋯
聖誕快樂。",130,27,['北區醫學院聯合舞會']
1,2019-12-09 01:05:16,"感謝偉大的召部
感謝辛苦的回顧組
感謝我的團員們 你們像鬼一樣屌炸天
感謝一直幫忙烤肉的組員
感謝超狂超電的表演們
感謝台大調酒社的學長
感謝08一起喝醉一起kiang的大家❤️
需要感謝的人太多了 那就感謝天吧～
#08醫學系烤",107,3,['08醫學系烤']
2,2019-11-12 00:25:21,"2019.11.08
#2019台大醫學系制服日
醫起換制服",103,4,['2019台大醫學系制服日']
3,2019-09-07 11:56:57,"🌮🥙🌯
brunch 
#whenmysisvisits",56,6,['whenmysisvisits']
