,time,post_caption,likes,comments,tags
0,2019-12-06 02:33:32,2019年度最常聽的歌曲,32,1,[]
1,2019-10-11 01:28:46,扭蛋也該公布角色池的機率把,37,0,[]
2,2019-09-29 22:29:31,我什麼時候開始喜歡狗大於貓了,38,7,[]
3,2019-08-20 00:02:06,欸我沒有收wemo錢,49,2,[]
4,2019-08-03 15:08:57,等 18屆,44,6,[]
5,2019-05-16 11:27:38,"好想找個週末飛出去玩
然後在飛機上寫作業coding之類的",34,3,[]
6,2019-05-04 00:35:42,"Percocets,",28,5,[]
7,2019-03-14 00:57:16,一砲響,24,0,[]
8,2019-03-03 11:32:53,算是一種景點,35,0,[]
9,2019-01-01 05:32:22,"謹此紀錄2019目標

日檢N2
丙級廚師證照
並且祝福我的朋友轉系順利",30,9,[]
10,2018-11-24 16:56:57,"什麼時候上市
prost!",19,3,[]
11,2018-10-20 14:37:33,谷地鄉村紅棗佐時蔬漬醬,13,0,[]
12,2018-09-09 00:22:39,我說書院,16,2,[]
13,2018-08-18 10:16:29,往校本部,8,2,[]
14,2018-08-17 15:33:09,縣道193,9,0,[]
15,2018-08-16 15:08:13,,10,0,[]
16,2018-08-16 05:39:08,早安 往宜蘭,9,0,[]
17,2018-08-05 14:21:46,美酒佳人,14,2,[]
18,2018-08-03 21:54:36,"這回似乎真的畢業了
一行瘋癲人瘋癲的一行
記憶會淡去 感覺會消散
而精神永遠不滅
我想一直保有這樣青春的情操
我願意繼續作一個長不大的低能兒（或類似的東西）

@chi_fa_gol_ @ouyanlin 我要感謝你們 給你們兩位五星評價",17,9,[]
19,2018-06-30 19:41:51,"這是一個選擇走不同路的男人
祝他軍旅一生愉快
@colorful501",13,0,[]
20,2018-06-22 13:32:51,「嗨」,14,0,[]
21,2017-12-11 21:28:40,"這是我在家裡的第三個書桌了
校系代碼001542",13,1,[]
22,2017-09-15 21:28:36,"戦おう
次も",14,0,[]
23,2017-07-01 22:04:04,"出走
行啊
晚上說走
早上就出發
只是
什麼時候換人陪
我又曬傷了",18,1,[]
24,2017-06-18 03:58:57,"難得不想睡
難得寫字
難得思考",14,0,[]
25,2017-05-20 17:01:23,"三個禮拜的homestay
終於要離開了
@chi_fa_gol 謝謝讓我住了那麼久
還不小心把牆壁給刮壞了
垃圾我沒亂丟喔
行李就留在那裡囉看你打算怎麼處理
我有預先打包好了,東西有點多就是了
###
這三個禮拜大概是我人生至今最奇妙的一段日子了
朝思暮想都是影片
到學校去的目的不是為了上課
而是打開premiere和after effects
我想我大概還得罪了一堆老師
真難想像三個禮拜前我還完全記不得premiere怎麼拼,也沒知道有adjustment layer可以用
更沒想到以前看電影的時候都不會注意的配樂 轉場 才是搞的我最頭痛的地方
在無數個搞不定聲音大小跟動態去背的日子
幸好有影片組的大家搞定了補拍和錄音
以及來自大家的關心和總召大的雞精
還有能聽我講一堆麻煩事讓我撐下去的好朋友
真的沒辦法孤單地完成這麼一件事
也許從前從來沒有這樣決心把一件事情做到完美
今後 希望能再一次重拾這感覺",18,1,[]
26,2017-02-24 18:38:45,Three eternities later,14,0,[]
27,2017-02-19 23:07:32,"趁著惡魔的顆粒們管不著我
曬一下因為常常打翻墨汁很久沒寫的書法
祝在這個奇怪的一段日子間生日的人生日快樂
我還是打翻墨汁了
國語文競賽真的得寫正楷嗎",21,4,[]
28,2016-12-11 18:16:18,"2016/12/11
一道彩虹劃過台灣
我的文筆不好
無法將這份感動散播
但
愛，有辦法
Cause love don't lie",18,2,[]
29,2016-11-19 20:55:24,這在我家旁邊,20,6,[]
30,2016-11-15 23:12:13,"月亮還是太遙遠了
不如繼續探索地球
#夜十時なのに賑やか",15,0,['夜十時なのに賑やか']
31,2016-11-07 21:15:43,いなかの景色,19,0,[]
32,2016-09-14 06:40:13,"風颱天

#這次沒修圖",14,1,['這次沒修圖']
33,2016-09-05 21:24:19,請多指教,17,3,[]
34,2016-09-03 10:56:52,"昨夜往窗外見到了這幅景色
馬上拍了下來
醒來發現只是一場夢而已
打開手機
照片卻還在",21,9,[]
35,2016-08-10 17:45:17,保重 福爾摩沙,21,1,[]
36,2016-06-19 05:10:57,早 不想睡了,16,2,[]
