,time,post_caption,likes,comments,tags
0,2019-05-28 09:29:28,"2019.05.25-26
女籃隊遊🏀⛹🏻‍♀️",43,6,[]
1,2019-04-25 08:42:13,"2019.4.24
這真的是一個階段的結束

從鋼一開始看到現在 雖然沒有每部都看 也算是死忠的漫威迷了

看完真的很感動也很感傷

不能爆雷所以就先這樣吧
#thanksmarvel",23,0,['thanksmarvel']
2,2018-08-09 23:00:04,"<環島DAY7>
2018.08.09
#PGTT
今天唯一的行程是回家😂
-
環島真的結束了，7天過得比想像中還快，第一次自己規劃行程而且還是6人團真的怕，幸好雖然有些小狀況但一切還是平平安安快快樂樂的結束了，感謝各位！",28,1,['PGTT']
3,2018-08-08 21:25:37,"<環島DAY6>
2018.08.08
#PGTT
熱氣球沒有全部飛QQ但是大感謝悅琪的叔叔爺爺奶奶🙏",36,0,['PGTT']
4,2018-08-08 21:20:59,"<環島DAY5>
2018.08.07
#PGTT
坐在海邊玩石頭很舒壓><",32,0,['PGTT']
5,2018-08-06 23:44:56,"<環島DAY4>
2018.08.06
#PGTT
童玩節出乎意料的好好玩！",29,0,['PGTT']
6,2018-08-05 21:39:44,"<環島DAY3>
2018.08.05
#PGTT
本日唯一行程😅",22,2,['PGTT']
7,2018-08-04 23:13:22,"<環島DAY3>
2018.08.04
#PGTT
凌晨3點起床衝日出！",29,1,['PGTT']
8,2018-08-04 23:07:02,"<環島DAY1>
2018.08.03
#PGTT
阿里山好涼(開薰",39,1,['PGTT']
9,2018-07-07 22:43:28,"2018.7/6-7/7#墾丁
認識十年第一次一起出去玩哈哈
幸好是大晴天！",33,2,['墾丁']
10,2018-06-02 10:53:46,"#夢想發電柒#雄女107級畢業啦
大家畢業快樂🎓",37,0,"['雄女107級畢業啦', '夢想發電柒']"
11,2017-06-30 22:50:45,"2017.06.30
#205
沒想到這麼快就來到要繡三槓的那天。分離的那天。
遇到拆班這種事真是滿令人錯愕的
明明好不容易適應了一個班 可以每天在裡面過的很快樂 卻又突然被拆散。
-
謝謝205的大家 謝謝為了我們能不被拆班而努力奔波的那些人 你們真的辛苦了
我會一直一直記著這一年所有愉快的時光的:)",54,6,['205']
12,2017-03-05 11:41:04,"2017.03.02-03
#雄中雄女大露營
#205x205#第十大隊
謝謝為了大露營付出的每個人 謝謝大家
這兩天有很多永遠不會忘的快樂回憶 這也會是我最最最印象深刻的生日。",78,13,"['雄中雄女大露營', '第十大隊', '205x205']"
13,2017-02-07 14:35:21,"監督主人寫寒假作業的貓(為什麼腳一直在抖動😂😂
#肥貓Chocho",57,4,['肥貓Chocho']
14,2017-02-04 22:59:25,"2017.02.02-04
北部三日遊結束～
暑假就不能玩了QQ
#台北新北宜蘭
#希望天燈上的願望都實現",47,2,"['台北新北宜蘭', '希望天燈上的願望都實現']"
15,2016-11-11 22:10:26,"2016.11.11
💕愛班旗💕
感謝為班旗付出的各位🙏",77,9,[]
16,2016-09-15 20:19:23,"2016.09.15
烤肉囉(其實我烤完ㄌ)
嗯照片不知道為什麼看起來畫質很差 烤肉還會發光呢",78,7,[]
17,2016-09-04 15:09:47,"-
：可以不要一直跳到我桌上嗎！！！
：誰管你
：。",63,2,[]
18,2016-08-27 09:49:00,"2016.08.26 -暑光-
結束了。對不起我兩首歌都彈錯了很多..
謝謝NLT的大家 我們一起努力的完成了ㄧ場又一場的表演:)
謝謝熱音的大家 如果沒有加入熱音社我的高一生活不會這麼精彩這麼豐富:)
💕NLT💕雄女熱音💕",56,6,[]
19,2016-08-13 16:32:49,"2016.08.13#雨
走在充滿泥濘的路上。",54,2,['雨']
20,2016-07-31 21:13:07,"2016.7.30-31#飢餓三十
挑戰成功。",39,2,['飢餓三十']
21,2016-07-24 21:25:41,"2016.07.23-24
💕119班遊💕",51,3,[]
22,2016-07-17 20:51:21,"2016.07.11-15
#csie_camp#台大資工營
逼自己一定要打一篇文來記錄這一切😂
—
這五天的回憶絕對是永遠難以忘記的回憶
雖然每天都很忙很累 但也都很充實很開心
不管是大地、密室&夜遊、賭場、晚會、舞會...每個活動都超好玩的😃
每天下午的課跟challenge都學到了很多
最後一天看著大家的AI在大營幕上廝殺 真的超刺激 看到我們的AI第一名的時候超開心的😃
小隊劇跟夜遊的答案 雖然結果可能沒那麼好 但那都是大家共同努力的成果
最後我想謝謝Josh💕謝謝Ray💕謝謝3小💕謝謝所有的工作人員💕沒有你們 就沒有這精彩的五天:)",45,6,"['csie_camp', '台大資工營']"
23,2016-07-02 22:02:00,"2016.07.02
阿嬤生日吃大餐～
#看不出來我們在哪裡吧#連我的頭髮在哪都看不出來呢",54,10,"['連我的頭髮在哪都看不出來呢', '看不出來我們在哪裡吧']"
24,2016-07-01 17:20:57,"2016.07.01
💕💕💕",41,2,[]
25,2016-06-28 22:05:28,"2016.06.28(兩張都很醜只好硬選一張)
#出神入化2 超好看的啦 應該要好好來看看第一集～～
期末考結束就是要看電影科科
—
好想學催眠術",48,5,['出神入化2']
26,2016-06-26 15:51:36,"2016.06.26
：「你想讀國文嗎？」
：「喵。」
：「你想把這些書撕爛嗎？」
：「喵。」
：「請。」
#內心小劇場",44,6,['內心小劇場']
27,2016-06-18 23:01:22,"2016.6.17💕雄女熱音💕
真的是最後一次社課了 下課走回教室的路上就開始覺得好空虛。
謝謝學姐一年來的辛苦❤️也謝謝佰七的各位❤️當然還有NLT❤️
—
最近有大量的 最後 真是令人愁悵啊",45,6,[]
28,2016-05-29 15:34:58,"2016.05.29#NLT
第3次表演 水漾愛河
感覺練了好久結果10分鐘就結束了 空虛
謝謝團員謝謝大家:)",56,6,['NLT']
29,2016-05-22 19:24:33,"2016.05.22
Anna<3
-
大家要好好做回收哦<3",50,5,[]
30,2016-04-25 22:50:35,"2016.4.24(補po
💛SMU南台灣熱音聯盟💛
真的是看了超多超厲害的表演
尤其是學姐們的表演真的超棒的😃
雖然沒有表演雖然只是一個小小的場務人員還是很榮幸能參與其中:)
-
最後的感性時間真是太感人了嗚嗚 謝謝學姐一年來的照顧:) 學姐辛苦了",35,2,[]
31,2016-04-05 10:14:33,"2016.04.05
帥氣
-
不想補習😒",37,4,[]
32,2016-02-21 17:52:56,"2016.2.21#NLT
第✌️次表演 堀江街頭
感覺比上次還緊張啊😂
但還是圓滿完成啦 謝謝大家😊",41,4,['NLT']
33,2016-02-13 17:54:20,"2016.2.13
#貓咪與點點#開學倒數",34,0,"['貓咪與點點', '開學倒數']"
34,2016-02-12 20:04:34,"2016.2.12#愛河燈會
好久沒來燈會了呦
是說覺得攤販比花燈多(?",33,4,['愛河燈會']
35,2016-02-08 00:30:26,"2016.2.7
現在是要睡在我腳上嗎 腳開始麻了呢嘖嘖",30,3,[]
36,2016-02-06 22:16:41,"2016.2.6
熱音107級寒發#NLT
真的很緊張 雖然我的吉他有點糟 但還是一個很寶貴的經驗 謝謝大家:)
學長姊的表演真的超厲害的～～",33,4,['NLT']
37,2016-02-01 20:04:46,"2016.2.1
@kikizak33 #技術很差",21,2,['技術很差']
38,2016-01-25 19:47:58,#DAY5#白雪紛紛何所似,27,4,"['白雪紛紛何所似', 'DAY5']"
39,2016-01-24 21:29:35,#DAY4#美得像幅畫,24,5,"['DAY4', '美得像幅畫']"
40,2016-01-23 20:16:55,#DAY3#買買買,25,2,"['買買買', 'DAY3']"
41,2016-01-22 22:33:17,#DAY2#是巴斯光年耶,27,0,"['是巴斯光年耶', 'DAY2']"
42,2016-01-21 20:55:45,"2016.1.21
#DAY1#coLD",23,0,"['coLD', 'DAY1']"
43,2015-12-25 23:19:41,"2015.12.25
#高中第一次#耶舞
今天真的是歡樂聖誕節欸XD
超開心der:D
謝謝學姐還有今天給我禮物糖果卡片的所有人:)
-
耶舞真的超棒的:D
雖然站在一個明明很前面確什麼也接不到握不到的奇異地區有點sad
但還是很好玩噢:)
聖誕快樂~~",28,0,"['高中第一次', '耶舞']"
44,2015-12-22 22:10:56,#NLT#今晚別想吃午餐#第一次驗收,27,2,"['NLT', '第一次驗收', '今晚別想吃午餐']"
45,2015-12-20 00:40:11,"2015.12.19#飢餓遊戲
真的超好看的天啊
雖然早就看過小說
但還是隨著劇情緊張
尤其是看著凱妮絲對著小櫻的貓大吼的時候真的很難過
不想劇透所以心得就只打這樣囉哈哈
-
第一次把小說跟電影通通看完的系列就這樣結束了 有點空虛啊
改天有空一定要從頭再看幾次:)
再見了 凱妮絲艾佛丁",17,0,['飢餓遊戲']
46,2015-12-04 23:21:48,數學段複#我們好認真,32,4,['我們好認真']
47,2015-11-14 17:00:00,"好多人好熱鬧好好玩好累好渴好開心😁
謝謝大家啦😊",37,4,[]
48,2015-11-13 23:25:34,#好好玩#119最棒,21,0,"['119最棒', '好好玩']"
49,2015-11-07 21:46:39,#我是人面獅身像,23,3,['我是人面獅身像']
50,2015-10-18 15:13:36,#畫扇子#生命教育#麻煩欸,32,4,"['生命教育', '畫扇子', '麻煩欸']"
51,2015-10-03 16:03:40,嗯(?,29,4,[]
52,2015-08-21 17:28:44,#國立自然科學博物館#手短短好可愛,26,4,"['手短短好可愛', '國立自然科學博物館']"
53,2015-05-30 21:12:37,還有好多厲害的作品放不進來#pieceofpeace#樂高#世界遺產展,22,1,"['pieceofpeace', '樂高', '世界遺產展']"
54,2015-02-10 12:05:58,一位來我家亂的：3,16,0,[]
55,2014-12-28 15:39:17,"再見了，大統新世紀，我的童年
#有點感傷",10,0,['有點感傷']
56,2014-12-13 17:27:32,人山人海#園遊會,20,0,['園遊會']
