,time,post_caption,likes,comments,tags
0,2019-11-15 16:46:49,"得智聚
謝謝兩位暖心的得智🥺
感動的說不出話（不出話
寒假台南見❤️❤️❤️",17,6,[]
1,2019-10-12 14:02:02,"得智聚feat得泰姐姐❤️
開啟下午茶+手帳+唸書mode",17,1,[]
2,2019-10-06 17:28:14,"交大洗狗狗大會之
解鎖n隻隱藏版校犬
還有解鎖狗狗們的自拍照:3",29,0,[]
3,2019-10-04 22:35:18,"突然有種回到大學時期的青春感
跟大家一起閒話家常真ㄉ好紓壓ㄛ🥺
跟我一起迷路也很紓壓",30,8,[]
4,2019-08-27 22:09:56,"阿吉實在太可愛
決定為他發一篇珍貴的文
而且還有我的手手:3
飛機耳好可愛",21,0,[]
5,2019-08-26 22:40:58,"得智聚
壽喜燒
千代紙
美哭！",16,0,[]
6,2019-08-20 01:00:03,"小阿黃生日快樂
要當開心的狗狗
Kiss me like you miss me when we meet again.",24,3,[]
7,2019-08-17 01:10:43,"R&D慶生聚餐
兩位星友帶我ㄘ香喝辣
我94廢物妹妹白吃白喝
嗷嗷嗷",20,1,[]
8,2019-07-14 13:00:17,"得智聚
還有亂入的店犬",23,17,[]
9,2019-05-07 06:10:32,"<巴黎遊記part II>
巴黎鐵塔很妙的地方在於它遠看是鐵灰色
近看會變鵝橘色嗷嗷(新形容詞哈哈)
然後我最喜歡的是奧賽美術館！
真的覺得可以在那邊待上一天
最後一天大家都有各自想去的地方
於是乎我就在沒有手機沒有旅伴的情況下
獨自前往羅丹美術館
中間迷路了快1小時
也問了大概10個路人
最後還是成功抵達沉思者跟地獄之門的家
覺得是個自我突破也是個很酷的體驗
有種成為真正的旅人的感覺
然後還要跟不會講英文的法國人問路
這個體驗真的很棒！！！
-
最後最後
這幾天跟一群可愛的小夥伴出門
我也變得可愛了:3
對  94自己講",36,9,[]
10,2019-05-07 05:51:52,"<巴黎遊記part I>
來巴黎深度旅遊8天
不管是去羅浮宮，凡爾賽宮，聖禮拜堂，古監獄或是司法院等等
我覺得呢...巴黎真的好美
而且是文化氣息的那種古典美
雖然手機被幹走讓我有很不好的回憶
但是說到底還是自己大意讓黑人有機可乘
就算是這樣我還是喜歡巴黎
但少了手機也讓我開始寫起日記
每天都用筆紀錄眼睛看見了的東西
讓我學會用心去生活而不是用相機><
-
然後100%黑色的是好人ㄛ
70%黑色的請大家多多小心",26,7,[]
11,2019-04-06 20:56:13,"Happy Birthday to my roommate💓
一樣要用中文寫一下:3
祝可愛的Birte生日快樂☺️",25,4,[]
12,2019-01-30 23:56:32,真的美哭我了,14,4,[]
