,time,post_caption,likes,comments,tags
0,2019-11-11 04:01:07,".
在你看來，別人的生活怎麼都如此對稱，只有你的總是歪斜。像忘了怎麼寫的字，也不確定只是瞪了太久，還是真的少一撇。
你覺得自己平庸。不好不壞，不美不醜，不聰明卻不夠笨。你平庸得，就算和別人比賽平庸也不輸不贏。你是一本甲下的習字本，原來那幾個字真的寫錯了啊。
如果從腰間捏掉一小塊贅肉，你可能留下血、脂肪、淡淡的疤，還有平庸以外的一丁點註記。可是你平庸，平庸的人都怕痛。
.
睡不著發文",82,11,[]
1,2019-10-26 21:59:38,".
圖為人生難得、站上同志遊行前導車的側拍。其實也有我拿麥克風喊口號的影片，但怎麼截圖都醜就還是放這張，我以後會練習表情管理。
最巔峰的時候，有超過 60 個人和我們一起走。謝謝每個付出的夥伴，謝謝在場不在場的大家，愛大家❤️
同婚通過的第一個遊行充滿歡騰的氣氛，不過我們都知道，這不是終點，道阻且長。但願我們都從這一天汲取足夠的能量，可以繼續挺身憤怒，繼續深情地擁抱世界。",103,4,[]
2,2019-10-26 17:48:00,".
Filled with love, out of words.
#Pride #🌈",89,6,['Pride']
3,2019-10-22 11:28:57,".
願我們都成為好的大人，善良，溫暖，真誠，時時仰望。
願我們都成為正確的人，席地而坐，活在此方。",102,1,[]
4,2019-10-07 19:15:08,".
「原諒我這一生不羈放縱愛自由」",74,5,[]
5,2019-09-05 18:11:16,".
迪士尼 / 偷閒 / 脊柱側彎
這家不只好拍，食物也超好吃",84,5,[]
6,2019-08-21 14:07:08,".
沉湎，逸樂，撈抓假期的尾巴儘管它如鱔魚游滑。
英檢必背的片語 in a nutshell，我喜歡有人誤譯為「在胡桃貝殼裡」。覺得臺南正像神嬰，眠夢在胡桃貝殼裡，百年不老。",126,0,[]
7,2019-04-11 00:05:21,".
突然很認真地回想自己從小到大想成為什麼。
按先後順序排的話，大概是這樣：公主->芭蕾舞者->冰淇淋店店員->森林裡的書店店員（不要懷疑）-＞主播->作家->NGO發言人->外商公司
W說他是這樣的：火車司機->平交道管理員->便利商店店員->棒球的三壘手->天文學家
小時候的我們都很透明，彷彿沒有什麼是不可能的。比如想在森林裡神木的樹幹裡開一座書店，有塞滿四壁的小說和滿滿的貓，一本書賣五元。我甚至畫了藍圖，連年輪和貓抓板都畫得好仔細。
現在的我可能會對那個小笨蛋說，把神木挖空很不環保、森林裡蚊子好多、貓不適合住在森林。並且對於自己的念舊感到羞愧，似乎只有傻白甜才敢緬懷夢想。",96,8,[]
8,2019-02-26 19:00:54,".
第一站｜威尼斯
揉碎的倒影上浮著老屋；
粉橘的天空、水道、牆；
船夫撐篙，教堂和博物館輕輕搖晃；
可以自己下廚的旅舍。
對這個城市，「美好」是太敷衍的詞。",100,0,[]
9,2019-02-17 21:59:16,".
2/14 看花花🌹
豐原比較多花，后里沒什麼花。
回家兩週，甲殼泡了水，成為膨大、軟軟的樣態。溺著逸樂著，終究把吸飽水的快樂塞進行李，和那未收拾的一起，感覺裝不下卻硬是塞完了。
疾馳的北上列車會不會把行李搖得爆開？爆開也罷，我更怕的彷彿是快樂從箱子的隙縫沿路滲漏、滴滴答答地沒了。
開學日沒有早八，想微笑，或低聲唱歌。",138,9,[]
10,2019-02-07 23:12:02,".
要說喜歡山或溫泉，其實也並不。卻很快樂很快樂。",90,2,[]
11,2019-02-03 03:06:06,".
要過年了，錯過的年度回顧趁機補發。
去年學著擁抱自己——你不完美，但我愛你。
今年要學會自我覺察。你不完美，所以我愛你。",81,2,[]
12,2018-11-25 01:00:16,".
依然活得完整。",79,0,[]
13,2018-11-18 16:07:50,".
人生是河床，則你們是靜好的卵石，磨去歲月的湍湍。",123,11,[]
14,2018-10-04 23:39:55,"梯的世界。髒梯，油污、血泥。
可能你們起初就在不同的階上；可能他被宿命擲地有聲而你在梯的半高降臨。爬不上去，他爬不上去。你俯瞰，他好像使不上力？梯太髒了、太髒太髒。
你低頭喊哪--
：等我幫你。
你往上爬。
：怎麼越爬越遠？幫我，救我...
：等我爬上髒梯，弄髒手，絕不弄髒心。當我坐穩了髒椅，傾潑梯以醍醐，多美啊這座乾淨的新梯，等你爬上來。
--但你只會弄髒心、會的。世界又多一位徼俗干名，髒椅上的王。",73,0,[]
15,2018-09-25 02:18:50,".
REGENERATE. 牙膏的包裝有藍字，亮面金屬質的。
妳很想積分
幾管牙膏能淹沒十九歲女性。
作為例題，妳像胎兒被羊水醃漬，齧斷臍帶，自行呼吸。
#中秋",62,5,['中秋']
16,2018-06-10 12:58:17,".
[一些碎念和比方]
下樓買午餐。樓下男孩說「ㄍ，妳最好」，一邊摸女孩的頭拉她進懷裡。我往小七。昨天下樓，傅阿嬤給了我手機，她說點雞腿前先播電話，現做卡新鮮，我說今天涼麵雞腿改天。
今天我往小七。我的食量適合減半的握便當或一個半御飯糰。等下要游泳，買了檸檬霜淇淋。第一次在小七選甜筒。亮橘色，上面奶霜盤卷白黃，像川普，或像像川普的虎斑貓。太薄了，咬下就碎開，麵皮果然就是面皮。
莫名其妙週休四天，上有機像大腦休假，國文像場假期。最後一堂國文，孟君送了書。專精而博雅，孟君說，幸好大學國文是我最喜歡的課。上學期的早八有太多睡夢，這學期週五下午被活動撞開。這是我最喜歡的課，出席像碎瓷，清光依舊，物主心中不減價值。
開著醛酮簡報讀臺大文學獎像胼胝體挖掉。我不是我，是我和我。我敲著中間的玻璃但我不理我，我和我都發不出聲。
意思是，我要好好游泳練舞。一點了，往新體，有機下次。",80,5,[]
17,2018-05-14 00:49:42,".
#系卡 #acapella 
從醫夜誤打誤撞加入，乃至勢將義無反顧。悶熱的二活，早八或週末。
快樂。不是形容詞而是動詞。
謝謝你們，未來多多指教。
「謝謝你出現在我的青春裡，謝謝。」",129,3,"['系卡', 'acapella']"
18,2018-05-05 21:16:11,".
In all mundane and obscure, there's a rare glint of insight. For which we lust, by which we thrive.",81,0,[]
19,2018-03-31 16:59:38,".
春青裡宜於思考青春。
臺北不熱，但日光已毒辣。臺北不冷，但夜風刮骨，豈止料峭春寒。臺北不興暴雨，但水絲軟而微，洪醒夫都猶豫該打傘或收起。
一週內氣溫能起伏十度以上，天從瓷青到灰，那灰色濕得像鼠皮。我戲想，不出校門，我能巡禮世界的行星風系。忘久了這種天氣叫初春。初春，甦醒的萬物--包括蚊蚋--，甦醒的不復少女心。於是我生如新生，早睡早起，讀書，看書，嘗試們像報名視窗越點越多。隱然意識到不能再青澀得有恃無恐，不能再勾選「18歲以下」，從社會期待的網目間魚過。
即使被太多「這樣也算早睡早起」一哂置之；即使（據說是）最容易的期考前夕，不留心又狠狠地熬了夜；即使怕CPU在新視窗們過載下當機，因此眾嘗試都含蓄無痕。無論如何，事有眉目。眉清目秀好，其貌不揚也罷，畢竟都美得春光明媚。且乘新嫩的節候，滋長新嫩的叩問與包袱。新而不怯，嫩與韌並生。
時間有腳，跫音驚蟄更驚心，春分我的自我認知以年歲，我上下求索，來日清明。
-
另，補謝月中予我祝福的每個人。天尚不熱，希望過期的道謝還沒放壞。
「我不再是十八歲小女生了......是十九歲小女生。」",99,8,[]
20,2018-03-23 22:20:13,".
#杜鵑花節 #醫mergency
謝謝永遠負責永遠準時的各組組長們
謝謝八十幾名工人，施展最強人海戰術
謝謝配合度驚人的系辦，這真是可遇不可求
謝謝兩天來訪的小朋友認真提問和玩遊戲
謝謝b05前輩的奧援
謝謝廠商，便當店，系學會，出書給我們送的老師(x)
最後謝謝
總是秒讀秒回 (讓人壓力山大XD)
總是一起強迫症
持續發掘共同的奇怪技能
的 #召部小天使
今天貴為效率最低的一天，倒垃圾倒了超過三個小時。能和可愛又凱瑞又核又高顏值的你們做事情真的太幸福///
下臺一鞠躬<3",124,4,"['醫mergency', '杜鵑花節', '召部小天使']"
21,2018-01-24 13:19:00,".
#EAMSCNepal
Photos first ✨
Jan 22nd》newborn resuscitation simulation - Bhaktapur treasure hunt
Jan 23rd》community hospital tour - Patan Durbar Square",112,0,['EAMSCNepal']
22,2018-01-20 00:34:25,".
#💯",125,14,[]
23,2018-01-17 15:45:12,".
42天的寒假，只有不到兩週會住在，能住在這個地方。
廢到該發限時卻還是發在牆上。",87,3,[]
24,2018-01-02 03:20:46,".
2017，胖了5公斤的一年。2017，加了400個好友(!)的一年。睡最少的一年。宿過10個縣市的一年。2017，除了出生之外，人生最重要的一年。
實在發生太多事，抽掉任何一件都不減損這一年的重量。窩在寢室當鍵盤宅的我想起，一路走來多不真實，彷彿我還活在去年K書到一半才衝到電視前倒數的夜晚。
學測、放榜、申請入學，壓力時刻在心頭，每晚入眠時想著自己履歷的飄零會在什麼學校落地，書桌前，十幾個平安符掛得像廟前。志願茫茫不知何往，在成績出爐的那個清晨，突然僵固為篤定的選項。摸索、碰撞、顛仆跌飛，勇猛精進，無懼無悔。英文小考考到一半的我，還是由於紛至沓來的道賀訊息才知道自己錄取。 該感激的人太多，考前明知道學生寫不完還是替我們印模考卷、考後容忍講臺下明目張膽算指考題/打備審的各科老師；義務替我們準備面試的每個師長；大家作為戰友而非敵人，攜手跨越學測和面試的刀山火海；父母親朋包容力max......欠了太多句感謝，賒著無數句加油。千里路不平，但因為相隨，才有力氣繼續往上爬，直到那個自己也並不瞭解的山巔。
幾乎與面試期重疊的是離別。即便兒時親暱隨成長而日漸遼遠，斷裂的瞬間，才知道什麼是失去，什麼是喚不回。你帶給我和我愛的人們那麼多，我唯一能令你展顏的成績卻來得太晚。脹澀的情緒我鮮少提及，生怕一旦試圖劃剖便溢出心傷。儘管我無從得知，但願你從今一切安好。讓我打住吧，這不是適當的場合或段落，追思該保留給文字以外，更私人的空間。
另一場沒那麼唐突的離別，前半年月月天天面對。鐘聲催人腳步急，催醒上課或午休在進德樓遊蕩的高三生，催我們抓住青春的尾巴，在時光擦肩匆匆流去的每一天，交換真心相擁。環島的六天不長，卻蘊積滿久別前夕情長的珍惜；若說今年代表性的畫面，我想會是四個人在陽光毒辣的玉富自行車道上，刺癢卻歡快的曬痕。畢聯會，從制服新綠便懷抱美好想像的所在，禮堂的悶熱逼汗如雨，但正是在溫室般的熱氣中栽植出短短一個月的革命感情。經由大神partner們的帶挈進到錄音室，吃著會流湯的芝麻包討論畢業歌該長成什麼樣子。鐘聲裡我們向臺下所有畢業生謝幕，此月萍水相逢，今後各奔東西，回憶卻往低處流，在心底閃亮地匯集。
相對真空的七八月後書院宿營開學。初生之犢豈止畏虎，連椰林大道上飆風而過的腳踏車都嚇得牠惶惶惑惑，裹足不前。屏息撫觸大學生活的輪廓，戰兢地將所有嶄新收入胸懷。水大地拋砸水球之際，恍惚覺得未來可期，毋須怖懼，這群不帶鋒芒、自在笑鬧的同儕，將在前方生活裡炸開一場熱血而永生難忘的水花。開學頭幾週，像無頭蒼蠅撞牆，無所事事到只能泡總圖念書(?)，好在活動迭至，系烤前每練必吃，迄今仍巴望慶功宴的不夜團；溫馨的合舞和主串。醫學之夜緊鑼密鼓，鼓聲落如漣漪點點，girl style女孩們對菜鳥無盡包容，微積分課在差強人意的舞蹈教室跳出差強人意的舞步，總有人耳提面命一雕再雕。週末午後，阿卡大中小團，大一二毫無隔閡，不論唱得如何，歌唱時我仍感到裸嬰般最純真的快樂。
執筆時夜深冬冷，睏意襲滲，卻幾乎使命感地需要將這段完成。或許由於這段的重要，或許由於近尾的文字本應留予伴我慶賀年尾的人。千言不如一句，謝謝，此路很幸福。
2017屬於離別和邂逅，改變，感謝和愛。
新的一年，期末平安，舞會加油，寒假加油，花節加油。其餘未知的，我將如登山者，緊張而期待一場任重道遠。
(文長堪稱過胖，應該沒人讀完吧)
#2017 #2018",106,22,"['2017', '2018']"
25,2017-12-24 23:35:30,".
你是美好，是堅強，你是我的詩和遠方。
祝大家聖誕節快樂❤️
#christmaseve #平安夜
明天期末考硬著頭皮上了......",98,16,"['平安夜', 'christmaseve']"
26,2017-12-10 20:29:23,".
延宕了我的女舞
跟阿卡
跟醫訊
跟經二小考
跟點點點點
連女中運動會都不能去
不過終究是值得的。
.
從生活裡強硬地撐開狹縫展開一趟旅程，旅程沒有結束，只是另一場任務的開始。重新發現一些被繁瑣給磨鈍的，看見自己如何存在於世界之中。
然後成為世界的一小片風景。
#bethechangeyouwanttosee",80,2,['bethechangeyouwanttosee']
27,2017-10-26 21:18:40,".
💔",41,3,[]
28,2017-09-23 10:36:42,".
回臺中。母土會輕盈一些沉重，肩上沉甸甸的那些。也會沉重一些輕盈，讓我的雙腳更踏實。#homesweethome",60,0,['homesweethome']
29,2017-09-18 01:22:49,".
大學第一週快樂!
第一次走進臺大時曾被張揚的青春氣息淹沒，這回87%沒有辜負期待。新同學老同學，通識課必修課，比病毒還散佈的社團和球隊，生活裡那些瑣細，大學，有容乃大，處處能學。十八年框架忽然被丟入一片蔚藍的自由，十八年的線性人生展開成立體。
大學第一週，真的快樂嗎?
煩惱像小獸的牙齒，細小，隱微，嚙咬夢鄉，白日仍在耳邊打戰。我忘不掉那個遊蕩的下午，突然被恐慌和壓力榨乾，驚覺自己身為普女、邊緣人、長女的三位一體，前不見古人，只能篳路藍縷開路。我乏力如斷線的木偶，羨慕有前人領路的那些人，對自己摸索感到心累。餐廳鄰座，intern們下飯的話題是切片和輪班，我困惑，他們怎麼從我現在的菜樣，長成面前這些白袍。更困惑自己該如何走過?
特別感謝在我脆弱時接住我的人。那些垃圾話，報喜不報憂的，笑中帶罵的，沉悶的，光是說出口就帶走我一點躁鬱。你們是最牢靠的網，即使走鋼索，我也不怕墜落。
懵懂體會到長路漫漫，前方霧色浩渺，選擇沒有correct只有better，不是單選題而是證明題。於是吃飽睡飽繼續努力，不想成為讓自己後悔的模樣。
大學第一週以後，我要繼續快樂，我會繼續快樂。",83,10,[]
30,2017-09-08 19:36:17,".
不求一路順風，但願御風而行。
#departure #bonvoyage #medavalon",65,2,"['bonvoyage', 'departure', 'medavalon']"
31,2017-09-01 23:52:52,".
｛重要的話先說，謝謝所有人。謝謝關心/安慰/同理我的，跟我聊天讓我一直笑的，幫我想辦法的...。也謝謝你們不覺得我太草莓。｝
關於新生活有什麼想像？書院某師長如是問。
可能妳盤算了很多，計畫了很多，勾勒出美輪美奐的藍圖；可能妳一搞砸某件事就戳破所有美夢。
我猜免修沒過是很多人眼中不值一哂的小事，可是當妳有所付出，不免期待回報。很想信誓旦旦地說失敗為成功之母，但我知道這次經驗不過是連串挑戰的起點。只能仰望下星空裡眾多大神，繼續低頭努力💪。
新生活倒數計時，既期待又怕受傷害，我會加油，讓每天的李岱芸都比前一天的版本好一點點。說不定沒人共鳴到但還是共勉之。
（我把高鐵站拍得好美😂）",64,24,[]
32,2017-08-26 13:10:49,".
臺灣最美風景不讓我拍到她的臉哭哭
預計用來補眠(?)的二日行(*¯︶¯*)",52,2,[]
33,2017-08-13 22:42:43,".
#nostalgia #還沒離家我已經鄉愁
走出新光的那一刻突然在感傷裡溺水。
就像船艙裡派對著，推開艙門後海和風雨和混亂湧進來。今天的我還住在回憶的尾浪上，我的身分認同還是褪色的綠制服，但還有幾個所謂今天？我們常說回憶長存，卻只能越走越遠，最後都成了君子之交。多希望可以在此刻發揮迷路的本領，不要走到這樣的終點...
我聽說高中的朋友是一輩子的朋友，高中的歷程是磨不掉的胎記。我選擇相信。
幾個月了，沒有高中學生證，也還沒入學的生活？不管你多努力跑到某間大學的校門口，世界也不會等你休息幾分鐘。我們每個人都是向量，強者在這段時間練成獨門武功，我還在螢幕前幻想超能力，朝座標軸的反方向長歪。自由令人茫然且戀舊，我甘願變回進德監獄的幸福囚徒。
連學校的面積都顯得可愛了。
一篇離題到該得87分的畢業文，發文遲到程度簡直媲美 @jia_ho 的到校時間。",69,17,"['還沒離家我已經鄉愁', 'nostalgia']"
34,2017-07-05 23:35:08,".
-不免俗的假掰濾鏡-
.
終於見到（可能是）女神 @alicechen0303
有些事從來沒變
譬如妳掌鏡
譬如一定要發文紀念
譬如為了美照喬再久都沒關係
Some things never changed and never will. (*¯︶¯*)
.
謝謝女神艾莉絲善意的謊言，繞遠路陪我走回家，我還路痴地相信妳家同方向（好羞愧）
不管過去如何，來日如何，都會繼續站在妳身後
因為這樣臉比較小......",73,12,[]
35,2017-05-29 23:43:00,".
https://youtu.be/1r1zls0NAN4
錄好了，上傳了，塵埃落定，但塵埃還沒落定。好多好多可以做得更如何，但開著名為「我們」的濾鏡，那些瑕疵都被美肌，等待明天在相簿裡。等待觸屏兩下拍一張角度更好的明天。
白話文：它可以更好，我也希望有機會讓它變得更好😍
這是我們的告白，好想，說給大家聽。
#每日一分享幫幫畢業歌",75,19,['每日一分享幫幫畢業歌']
36,2017-04-22 20:45:05,".
小玉摸到我的手兩次!!!
小玉摸到我的手兩次!!!
小玉摸到我的手兩次!!!
啊啊啊啊啊啊啊啊啊啊啊
#台中女中舞會 #宇宙人 #小男孩",55,5,"['宇宙人', '小男孩', '台中女中舞會']"
37,2017-04-07 22:42:59,".
岱芸想安娜 安娜想岱芸
#泡芙上身",67,2,['泡芙上身']
38,2017-03-25 23:12:17,".
到家了。
終於知道為什麼人家自我介紹會說他來自""充滿陽光的""臺中......
於是每天只要看課外書看新聞看訊息的輕鬆日子都過去了，於是辛苦塞進來的知識又要從腦子裡格式化了，於是兩個月沒回到書桌前的我，要開始念書了。
對，還沒有結束，但心理上好像該回去過學測結束前的日子。
忘記是誰說的，從小我們只要一直低頭做事，這是人生中第一次會有人鼓勵我們抬起頭看看自己究竟是怎麼樣的人?要往什麼方向走?也或者這不是誰說的，或許在每個煩躁的白天還有失眠的夜晚，在這陣子纏綿難捨的痰感和鼻塞感之間，在每一堂公然看閒書的充滿罪惡感的課堂上，這是我自己心頭的主旋律。
很想大力鞭一下制度，但是累如現在，還是算了，明天我會摸摸鼻子跟課本當新朋友，吧。",83,29,[]
39,2017-02-17 22:21:35,".
上一次認真讀化學是好久好久以前的事情了😅😅
一年前三十本講義幫我開道，現在又要拜託它們賞個臉領路了😶
謝謝無限個小小叉路，還有一起走路(?)的每個人
漫漫長路keep walking.
#chem_is_try",70,6,['chem_is_try']
40,2017-02-07 17:26:26,".
#IChO2017
聽說有人很想念我(後半句省略)
徐什麼杰的手心手背加油拉🙌🙌
俗話說
就算沒吃過豬肉，也看過豬走路
就算沒變成神人，也要認識一群大神
與三個溫拿共勉❤
(其實我沒看過豬走路)",58,17,['IChO2017']
41,2015-11-05 20:35:06,".
謝謝妳和妳和妳和妳和妳和每一個替我打氣的妳妳妳
高二會很刺激 但我很幸運 因為身邊的人是最溫暖的妳們
😍😍😍💋💋💋💪🏼💪🏼💪🏼👍🏻👍🏻👍🏻",43,5,[]
