,time,post_caption,likes,comments,tags
0,2019-11-24 23:12:17,":
土地/認同/我是誰
我是我 也不只是我
承載著我的是土地
但在哪裡在哪裡在哪裡呢
遍尋不著

我在漂流
偶然停泊在都蘭鼻
站在他們(我們?)的土地上
感受他們的感受

我想要感受他們的感受

或許也不是漫無目的的漂流
應該像是尼莫 
乘著洋流飄吧

也挺好

該好好學中文",63,0,[]
1,2019-07-01 00:34:28,":
Kyoto",95,3,[]
2,2019-01-08 23:17:27,"久久沒出7玩
好想蘭嶼
好想阿嬤家
好想那些讓我感受到自由ㄉ一切
謝謝身邊自由ㄉ人們
謝謝 
喜歡又自由又有羈絆ㄉ感覺",76,10,[]
3,2019-01-03 23:37:16,2018 是啤酒、檸檬汁、蛋塔,71,9,[]
4,2018-03-29 00:06:10,"：
政大新球館
偶到此一遊！",105,29,[]
5,2017-11-02 22:45:06,"//
我是海鳥 你是魚

很喜歡這個比喻
很喜歡這杯奶茶
很喜歡你

相遇很好 分開也很好
希望你一切都好

然後就這樣吧 快樂的過每一天
耶",81,19,[]
6,2016-08-01 13:50:23,"跟詠馨在宜蘭好開心
還巧遇我妹<3<3<3",134,26,[]
7,2016-06-15 20:20:37,胖胖涵吃魯山人是大魯人😇😇😄,53,2,[]
8,2016-06-15 20:19:47,😁😁😁笨蛋涵,43,4,[]
9,2015-08-28 01:17:27,期待和社長倒數第二次的睡覺,123,6,[]
10,2015-06-12 08:09:43,"我怎麼會有兩個這麼Q的同學
此為內
發自內心  絕非被盜",50,10,[]
