,time,post_caption,likes,comments,tags
0,2018-06-02 01:00:28,就算嘴巴又腫又痛也要跟雞丁拍照😆系卡幸運地被圈粉，今天還能用一杯飲料換得一小時的理想混蛋真的是太幸福了~希望八月還有空去演唱會！#後台咖啡backstagecafe #理想混蛋,129,6,"['理想混蛋', '後台咖啡backstagecafe']"
1,2018-04-27 23:10:43,"4/26 The Script - Freedom Child 去年看到資訊時完全不敢置信，期待了半年。雖說是新專的巡迴，除了新歌外穿插的經典也都沒少，聽到The men who can't be moved的前奏都快哭了XD。為了台灣準備的Green舞龍舞獅、整團從台上跑下來到場邊唱了兩首歌、Danny穿梭在圍欄的走道互動、最後披的台灣國旗，不斷的給歌迷們驚喜，最後安可一口氣又飆了四首根本就是故意設計的吧哈，嚇死人還好沒有草草結束。整場演唱會不停在提醒Love, Peace& Freendom的重要同樣令人動容，期待他們下次亞洲巡迴回來兌現承諾！What a wonderful night.  OS：周邊花的錢跟門票一樣多了阿...",89,6,[]
2,2017-12-31 17:18:00,"2017，高中到大學
也許今年是我最充實、輝煌、也最值得紀念的一年了，但說實話，台大給我的衝擊和忙碌，早讓我把指考的痛苦和放榜的喜悅忘的一乾二淨，每天眼前都只有等著我去挑戰、填滿的今天和未來。注意到不知高幾開始冒起的數根白髮又多了幾根，暗示著大一上忙碌的踏實，稍稍感到欣慰，不知道這樣的生活會持續多少日子呢? 
希望能夠撐過期末風暴，用好心情迎接寒假
今年關鍵字...
德撲 Gakki 公館團 雲嘉 系烤 Afrandanesia 高四心 iPhone8 PUBG",86,9,[]
3,2017-09-12 20:31:24,"不散公館團！！
遲來的生日禮物，你們拿出來的時候我真的是超驚喜的啦完全沒想到哈哈。
三校聯合不是說說而已XD
明天等我請客∼",72,7,[]
4,2017-09-08 18:14:29,"中午習醫營的特殊午餐體驗∼
九天的台北行終於結束了，真的超累但也很充實。馬上就要開學了呢，大一新生們一起加油吧！",76,5,[]
5,2017-07-14 08:30:51,"These days are crazy and amazing.
Thank you all.
期待下次出團!",69,3,[]
6,2017-02-10 17:19:40,Perhaps I'll be back,94,10,[]
7,2017-01-28 20:03:11,新筆電自己升級SSD,69,9,[]
8,2017-01-24 14:46:59,"有落山風,100公尺11秒不是夢",65,1,[]
9,2017-01-22 22:20:49,"學測隔天有一群好友一起衝多益，闖密室，崩潰好像也沒那麼崩潰了。

不過學測真的會降低智商，尤其生活智商，沒有最狂，只有更狂。
(暉哥阿你也是某種程度最狂，人勒？？)",81,1,[]
10,2017-01-21 23:02:01,心裡建設從今天開始,67,5,[]
11,2016-09-30 20:02:29,,85,11,[]
12,2016-09-24 20:07:18,"繁忙的高三中還是要有的小小瘋狂~~
@guan_ying_chen 這次讓你逃過了嘖嘖",58,4,[]
13,2016-06-26 17:47:36,不ㄙㄨㄛ了,64,8,[]
14,2016-06-03 19:49:53,"Mistake:「TPA存在所代表的意義就是，當所有人都不相信你的時候，你可以選擇相信自己」

我以為去年的這個時候，就已經體認到了這道理，今天才發現自己經歷的還不算什麼。希望每個人都能堅持自己，不輕易的被改變、挫敗",48,1,[]
15,2016-05-19 18:14:31,這延長線有狂,58,4,[]
16,2015-09-15 21:34:02,"Sometimes we shouldn't let those things that we can't change ruin our moods.

But just keep the faith",168,30,[]
17,2015-08-25 16:55:58,"難得一個人出來走走
想想過去的自己，最近的自己，還有未來的自己。
知道斗六有這種店真是令人開心啊^^，希望下次就不是自己來了哈 (不過下雨我是要怎麼騎回去阿…= =",61,9,[]
18,2014-12-05 22:26:11,"It's normal…xd
T-shirt入手！！",54,12,[]
19,2014-10-12 15:15:29,幾天爬文後果斷入手的i-rocks之Rock系列A05耳麥，不貴但實測之後頗滿意的^^，喜歡Rock系列的配色。雖然已經有聽音樂用全罩式耳機，但電競耳麥著重人聲、舒適度、麥克風收音降噪和遊戲音效，玩起來方便許多。存錢好久奢侈一下！,34,9,[]
20,2014-09-06 17:40:13,塞不回去…  爸爸先休息一下,24,5,[]
21,2014-08-05 17:31:26,跟爸爸先衝了上去,27,1,[]
22,2014-08-05 17:28:45,桃山瀑布,18,0,[]
23,2014-06-29 17:30:49,"1th run!
太久沒運動只跑了6.2k,
目標國慶日劍湖山半馬！誰要跟我去～～?XD",24,1,[]
24,2014-05-31 18:45:29,一個人坐車來嘉義,21,0,[]
25,2014-05-26 20:14:38,不吃冰，就來杯飲料吧,18,0,[]
26,2014-01-22 17:53:38,"找到這雙叫
Adizero crazy light3",13,2,[]
