,time,post_caption,likes,comments,tags
0,2019-12-25 23:08:45,Christmas time🎄❗ Photo by. @_highness_b,76,6,[]
1,2019-09-29 13:47:57,처음으로 함께한 여행😃 고생을 꽤나 많이 했지만 그만큼 기억에 많이 남겠지..?☺,79,4,[]
2,2019-09-28 00:33:57,"증말 투매니 픽쳐스,,😓 그리고 넘나 러블리한 필리피노 악단💕❣",63,4,[]
3,2019-09-28 00:27:40,"커여운 뱀(?)🐍☺
My lovely pet🖤",50,4,[]
4,2019-09-25 10:17:01,,53,2,[]
5,2019-09-15 01:53:17,멍멍이와 함께한 추석●_□ Happy Chuseok💚,63,0,[]
6,2019-08-02 19:41:10,"그리고,, 궁원안과🍧",65,0,[]
7,2019-08-02 19:34:51,양들과 함께하는 작위적인 사진들🐑💕 메에,62,3,[]
8,2019-08-01 20:10:58,🌈,81,10,[]
9,2019-06-26 02:58:50,이젠 벌써 추억😭💜 I miss u guys already😭 Adorable people who I met💕,77,6,[]
10,2019-04-25 01:05:50,I don't know why I always wear this dress when I come here,52,7,[]
11,2019-04-05 00:41:48,"오늘은 사실 정말 가장 기억에 남을 것 같은 하루였다.

오늘 오캄오캄비치라는 곳에서 너무나도 예쁜 아이들을 만났다. 평소에 아이를 별로 좋아하지 않지만 이 아이들만큼은 정말 달랐다 때묻지 않고 너무나도 순수한 아이들이었다. 여자아이가 먼저 인사를 하며 다가왔고, 그리곤 나에게 귀에 꽂으라며 꽃을 주었다. 이 아이들의 마음씨랑 행동이 얼마나 예쁘냐면, 이 아이들이 핸드폰이 재밌어서 내 핸드폰을 하는 와중에도 내 배터리가 별로 없다며 내 핸드폰을 돌려주려 하고, 또 핸드폰이 더럽다며 자기 옷으로 닦아주었다 그리고 또 어느순간, 눈을 감아보라며 자기가 서프라이즈 해주겠다며, 풀잎을 꺾어와서 반지, 팔찌, 발찌를 만들어주더라-  또, 남자아이가 내 이름을 모래에 써주는데 어찌나 예쁘던지.  그리고 여자아이가 노래도 불러주었다💙

또,  여자아이가 짝사랑하는 남자아이가 있다고 해서, 왜 좋아하냐 물으니 '걔는 하얗거든!' 그렇게 대답하는데, 좀 슬펐다. 어째서 하얌이 미의 기준이 된걸까 싶기도 하고, 또 이 나라에서 ""피부 하얀게 예쁜거다"" 라는 그런 인식을 이 어린아이가 그냥 그렇게 받아들이는것도 조금 마음이 아팠다. (뭐 그 남자아이를 좋아하는 것이 꼭 그 이유만 있지않을수도 있겠지만-!) 또, 내가 그 생각에 약간 우울해하니 여자아이가 '너 슬퍼?' 라고 물어서 아니라고 대답하니 슬퍼보인다며 왜 슬프냐고 걱정을 해주었다. 얼마나 다정하고 예쁜 아이들이던지. 
이번 여행은 정말 기억에 오래남을것 같고, 또 팔라완은 꼭 다시오고 싶을 것 같아 풍경도 너무 예쁘지만 이곳 사람들의 친절함과 웃음이 많이 그리울 것 같다

그리고 또 몇마디 덧붙이자면, 솔직히 타이베이 돌아가면 과제들을 몰아쳐서 해야되는데 넘 무섭다,,,, 내가 그 생활에 다시 적응해야하는 것도 두렵고, 또 내가 어떻게 했는지도 모르겠다..ㅋㅋ 하 가기 싫다 벌써부터 걱정된다😭😭 #Palawan #Busuanga #Philippines #OcamOcam",67,6,"['Busuanga', 'Philippines', 'Palawan', 'OcamOcam']"
12,2019-04-01 17:07:33,Such a beautiful place here in Elnido,64,12,[]
13,2019-02-14 10:45:20,평온-,39,0,[]
14,2019-02-03 03:57:31,"인생 첫 밤샘스키! 덕분에 재밌었음ㅎㅅㅎ 항츠비 감사, 그리고 예쁜 눈봐서 넘 좋았다☺

Though I am exhausted now, I had so much fun today!

我今天看到了人生當中最漂亮的雪❄",51,4,[]
15,2019-01-01 19:23:29,2018 in Taiwan🇹🇼 So happy to meet you guys,55,0,[]
16,2019-01-01 11:55:16,"대만에서 처음 맞는 새해, 너무 정신없어서 사진들이 다 엉망이지만 넘 즐거웠당 아, 그리고 새해 복 많이 받으세요!! Happy new year!
新年快樂💙",60,5,[]
17,2018-07-06 19:49:40,"호주 여행기 <셋째날>
이날은 로라마을이라고 되게 작은 마을을 갔다 한국으로 치면 헤이리 같은곳? 아기자기한 곳이다ㅎㅎ 블루마운틴이라는 곳을 갔는데 일명 호주의 그랜드 캐니언 여기도 멋있었지만 그랜드캐니언이 훨씬 멋있을것같다ㅋㅋ 이날 사진을 제일 많이 찍었는데 야경이 정말 너무 멋있당♡ 오페라하우스, 하버브릿지~~~ 정말 밤에 보면 말도 안나오게 예쁘다♡♡♡",26,2,[]
18,2018-05-07 21:05:36,언제나 예쁜 안국동💐 세상 신났네ㅎㅎ👻👻,29,15,[]
19,2017-11-21 21:06:15,인조이 유어 배드민턴 타임😚😉☀️,27,0,[]
