,time,post_caption,likes,comments,tags
0,2019-12-12 01:06:29,"4 buffaloes & bullshits on the ground
So much fun to explore the unknown area and tks for the good weather after whole week rain😇
好像在業配手上的speaker",69,13,[]
1,2019-12-05 01:39:01,"Thanksgiving home party

That night, we held a karaoke and dancing game, ofc I won! Lu felt asleep while watching The Knight Before Christmas!!! She technically missed every mind blowing part, so she could be counted as “only watched the trailer” lolll

Thank @yenyennko @1ljumeg_lu @julnicorn spurned my mulled wine... but i still luv ya my sisters (⁎⁍̴̛ᴗ⁍̴̛⁎)",75,9,[]
2,2019-11-27 01:52:53,"Vampire vibes w/ bitcheese
Legit my fav corner in TPE so won’t tell y’all where it is🤪",122,9,[]
3,2019-11-24 00:57:35,掛了一個祈福卡在馬祖，希望下次去還會在！,82,4,[]
4,2019-11-23 00:46:45,"This pic took place at a free shuttle boat served by Pennisula BKK and it really reminded me of st hilarious. Ok so thing is that we booked a double room but we got 3ppl so that we should be charged for extra fee. In order to afford the costly and fancy breakfast buffet, we intended to save mon from evading the fee. Anyway we sneaked Jessie the youngest in and hid her in the closet when we called the room service LOL😂 and we did succeed haha

P.S. The breakfast performed so bad that I was totally disappointed, highly not recommend🙄",125,6,[]
5,2019-10-12 22:17:09,Take note: sit at the right side of the 5th car,87,0,[]
6,2019-10-05 14:52:00,Happy World Teacher’s Day🤗,157,2,[]
7,2019-09-09 14:43:03,Not my jeep,144,19,[]
8,2019-08-30 02:32:38,"Still smell sulfur on my jacket after 2wks
都兩個禮拜了衣服還都是硫磺味
還記得跟Nurin逛了40min才看到告示牌上寫說此處建議只能停留15min
真的是差點毒死他鄉",113,8,[]
9,2019-08-22 16:24:50,"To memorize the most absurd thing in my life

Because of a sudden and serious stomachache and fever when leaving Jakarta, I canceled my trip to KL and booked a new flight to get back TW earlier. What’s crazy, me and Lee missed our flight that we already checked in but not got to the gate on time and AirAsia didn’t wait for us... super stupid... So I almost paid for a new ticket prize to rush on the next flight. All in all, I bought in total three tickets to fly back TW(my purse is bleeding...), such a long and tired journey...... ###
以此紀錄人生最荒謬的一件事

因為在雅加達最後一天重病，取消了接著的吉隆坡之旅重訂了一張機票回台灣，結果今早check in後，我跟李沒聽到final call太晚到登機門直接沒搭到飛機，再馬上重補了一張機票搭下一班，於是總共買了三張機票回台灣，落地那刻真的快噴淚，坎坷坎坷⋯",79,2,[]
10,2019-08-22 15:18:22,"One of the happiest days in college life
# 抱歉是擾人英文post

Thanks AUTOLE hold this summer program to let me meet these incredible people. I never expected to be suuuuch match with those stupiddds and such reluctant to part. I think I will always remind of guys whenever listening to the English songs we sang(a lot, shit!!!) and I can’t stop speaking the broken English from Nessa, probabably from Sen, woman from Minh, please from Suzi (and of course really from me). Never forget stupid games we played when drinking, not to mention the soda club (crazy Nicco drove us every time he drank). One day, these days will all become good old days, but hope we could still sit together and talk about these crazy memories then. Luv u all and see you all wherever. Definitely will go back to Bandung for u guys (enam food and the Kobi)! P.S. already meet Low soon after wkwkwk, and will probably meet Shem, Annis and Low(again) in TW!",137,6,[]
11,2019-08-11 13:09:52,Cinta😍！,95,1,[]
12,2019-08-11 13:00:41,PC: @kimsuzi08,91,2,[]
13,2019-08-11 12:52:06,"🇮🇩🇮🇩🇮🇩
No green clothes in this place or u will be taken by Indian Ocean🤭
So mysterious and sacred place!!!!!!!!!!!",156,0,[]
14,2019-07-28 21:31:27,"In Blue Monday mood 
but I mean the blue ocean🥳🥳🥳",124,2,[]
15,2019-07-27 19:00:37,"《My First Glamping》
每次出去玩都會盧朋友要住這種帳篷
然後都因為蚊子或是冷氣被否決掉
謝謝yui陪我來停泊島潛水還住帳篷
友情指數爆棚🥰🥰🥰
從此想要跟我一起去glamping的以下開放預約
我有一坨拉庫的名單🤤",123,39,[]
16,2019-07-25 22:52:12,Sooo good vibe from the chill pool with Yui and my GoBro!,81,2,[]
17,2019-07-25 22:20:10,"《吉隆坡之山竹公主》
吉隆坡真的是太chill了
而且我覺得根本超像香港的啊！！！
不知道是不是因為都被英國統治過的關係",120,0,[]
18,2019-07-15 23:13:56,"《潛水人生的第九隻氣瓶》
以此紀念第一次被流沖走～～～
然後直接被沖到海面上暈浪狂吐
好險我（教練）馬上就找到教練（我）了
潛伴也都很棒
整個被大哥大姐們照顧的無微不至
根本去當爛泥小妹一枚！",118,6,[]
19,2019-06-28 20:10:41,"《潛水人生的第六支氣瓶》
真的好喜歡潛水～
看到超多魚還有海龜666
感謝我的潛伴都超強
讓我第六支就可以鑽洞
然後這張應該是我撞到洞頂的瞬間
最棒的是這次沒吃暈船藥也沒暈浪",119,11,[]
20,2019-06-28 19:15:02,"《在蘭嶼的熱血小故事》
今天去秘境開心玩耍後要牽車發現！
鑰匙沒拔車子沒電+後車廂卡住打不開
Ok我的衣服跟包都在裡面～
就只好請老闆道路救援300摳
結果他們也一時修不好只好再載只穿比基尼的我到離東清最遠的紅頭牽別台車
牽到車我又只穿著比基尼飆回東清
結果朋友們此時已回到紅頭
我又只好再裸露的飆回去
你們是不是以為蘭嶼大家都不穿衣服？
答錯！
全島只有我穿泳衣騎車
路上還好想買飛魚一夜干但身上沒錢只掛著一個面鏡大家都在看真的好丟臉差點把面鏡戴起來😎像這樣騎
然後我現在全身都曬傷碰到就痛
乏人問津真的是最多人關心的一天
之
我修圖好強旁邊的人都被P掉了
以下開放讚美🤗🤗🤗",162,31,[]
21,2019-06-16 23:39:48,"常常覺得大三的自己比大二的自己進步然後快樂很多！耍廢耍憂鬱的時間拿去打工學了好多技能，然後手機成癮太嚴重直接狠下心手機改成沒有吃到飽，作息因為早7上班整個調超好身體健康了很多。除了打工還打了球爬了山潛了水淨了灘blabla，還自己去中國打工換宿壯爆了我的膽，進而成就了暑假要去背包獨旅的勇氣！
-
如果你很不滿意自己的生活，
請一定要認真努力的改變自己！",168,19,[]
22,2019-05-06 00:41:20,"Best Buddy Caro!
希望不要再暈浪跟平壓障礙啦🥺
✔️2019 bucket list",116,3,[]
23,2019-04-20 21:16:40,"Throwback全家福照ft.Phuket
（黃的身體還矮到不見）
Supposed to be無邊際泳池美照⋯
中間的甚至穿著衣服",117,5,[]
24,2019-03-13 23:42:48,"🇰🇷金光石路

我在這裡花了2千韓元做了手上那包失敗的糖餅，ㄊㄟ八！
Wong在這買貴了圍巾（走一走發現更便宜的）我要幫他在此記住這件事。
JIE吃了GS25的雞腿飯糰，她說是韓國吃到最美味的東西。",72,6,[]
25,2019-03-13 23:36:28,"🇰🇷大邱、釜山

這是五金中的三金第一次一起出國
硬要像小女生穿很多同色的衣物
紫色日、黑帽日、薄荷綠日、
甚至每個人都備了個黑色口罩
然後大邱真的很漂！",75,11,[]
26,2019-02-10 00:20:27,"🇯🇵越後湯澤（一本杉滑雪場）
這是一個不會滑雪只好玩雪橇
然後又卡在厚厚的雪裡的故事
以後一定要學會然後很帥的甩尾",114,3,[]
27,2019-02-02 20:39:19,"🇯🇵富士山河口湖（ft.雪人胖胖）
蝦米～堆雪人原來超級難！
（求堆雪人秘訣tell me the secret of building snowman)

終於看到朝思暮想的富士山🗻
（居然沒有到處賣富士山的周邊）
昨晚一到就連發狀況
民宿不能刷卡導致現金危機
隔天一早老爸突然發高燒
好險本來就沒排什麼行程
我們就閒閒的走跳河口湖
走累了就玩雪看山堆雪人
然後我們後院剛好面光雪比較少
所以我們還去偷左鄰右舍的雪嘿嘿
總之天空作美，美人配雪人，
愜意愜意～",145,3,[]
28,2019-01-27 21:48:47,"🇹🇼石碇ft.文山煤礦

人生第一次看到小雞破蛋，
不知道那天小雞到底認了誰做母親，
今天拿了養雞伯伯送的薑黃煎魚，
不小心把薑黃燒焦還染黃了廚房，
但我還是很珍惜的把燒焦薑黃吃掉，
因為那是一個值得紀念的日子啊！",73,6,[]
29,2018-12-03 23:46:19,"意外發現一張很可愛的照片
Effi在伸懶腰然後我跟Eva在收書包
想到一個月前還信誓旦旦要這禮拜衝合歡山看流星雨
結果期中轟炸2週打報告打到眼睛爆血絲被成績奴役啊
好想遊山玩水！
機械仔們加油！！！",88,8,[]
30,2018-11-13 09:42:47,"🇹🇼加羅湖—金牛座流星雨

上山很幸運遇到流星雨，
然後遇到一個老伯很熱心講了好多星星的故事，
然後我們就一群人仰頭邊聽故事邊等流星，
就這樣過了一個小時我最嫩只看到2.5顆，

老伯說他最喜歡老人星，
我最喜歡織女星的織布機（織女星旁邊的平行四邊形）",116,0,[]
31,2018-11-13 09:33:44,"🇹🇼加羅湖—仙女撒落的珍珠🧚‍♀️
💮大學畢業前完成清單之一

謝謝 @effi_chu 邀我混入台科登山社，
還有于荷籌備這次活動，
第一次爬過夜山，一路蹭大家的食物（爽），
果然喜歡爬山的人都是善良的！
還聽說加羅湖是臺大登山社發現的耶",104,4,[]
32,2018-10-06 20:57:08,"整路都在喊史給然後還被日本人笑
第一次放天燈就允許咱不環保一次吧！",92,1,[]
33,2018-08-27 22:18:56,"🇨🇳束河古鎮紀錄史
這個暑假，毅然決然的去麗江打工換宿一個月。我的主要工作是幫客棧做客製化燈籠跟送給客人的小燈籠。這條路是每天買早餐買菜必經之路，很多新婚夫妻會在這邊排隊拍照，然後路上都是馬屎，我都覺得他們的婚紗上一定沾滿了馬屎！我最喜歡吃的是麗江炸粑粑跟酸奶。我算是個搗蛋王，所以苏婕妮還幫我取了一個「皮蛋」的綽號！（我跟小王在打工結束後決定去昆明再玩幾天，苏婕妮要回廣州還先被我拖去昆明當我們的微信支付還有打d打手，夠義氣！）過了好久，還是有好多可以回味的快樂的事情，譬如天天去跟苏安然和苏婕妮擠床，最後睡著還讓他們幫我蓋棉被，以為多窩心半夜還是被搶走，還有一次下午小王跟安然跟婕妮要午休，我死不讓他們睡，跑去找他們打架，打開天窗，他們一氣趁我不在鎖了門，殊不知我不知幹啥去了，也沒再找他們碴，諸如此類的惡作劇。還有束河古鎮有名的青龍橋，石子被馬走平，超級滑，我們都叫他小滑橋。

回想到麗江的首天，老麗江告訴我這新麗江—歡迎光臨「豔遇之都」。 And the red lanterns will always remind me of those heady days 🤪",82,5,[]
34,2018-08-16 09:17:54,"🇨🇳香格里拉
藏族的小仙女",158,6,[]
35,2018-08-06 21:50:30,"🇨🇳玉龍雪山
雪山在另外一邊但是這張太愛了啦
瞧那乳藍色的水（有這種色嗎）
根本科幻電影場景～
第一個想到魔戒的勒苟拉斯",104,0,[]
36,2018-08-06 21:36:28,"🇨🇳香格里拉
想好久終於來了的地方啊！虔誠的藏族扎西們轉經輪唸著六字真言，而沒有發現我這個彩虹之子🌈",100,6,[]
37,2018-07-26 16:13:06,"若隱若現的東西
像是內雙眼皮和梨窩
還有偷放的屁",119,6,[]
38,2018-07-25 07:48:17,"🇨🇳瀘沽湖
來這裡就是挑戰我廁所潔癖的極限！這裡廁所幾乎都沒有水，好險我有帶濕紙巾跟乾洗手的好習慣！我看大家如廁完都在這洗手的，還看到鴨子拉屎在湖裡，同行的大陸同事還敢喝這個湖水！",136,11,[]
39,2018-07-19 14:54:17,"🇹🇭詹姆士龐德島No.2
船夫加入的水戰，別人都在拍照只有我們在玩槍戰然後還自己划船因為我們是划船隊🚣‍♀️",106,2,[]
40,2018-07-18 11:47:48,"🇹🇭大皇宮
門票泰貴沒進去還因為服儀不合格花200泰銖買了很醜的長褲才能在門口參觀（鞋子是黃的，襪子是古的，因為我刺涼鞋之子）",122,14,[]
41,2018-07-10 03:01:43,"🇭🇰中環
裝逼仔告訴雷這面網美牆畫的其實是臺灣得士！（線索洽第三張圖）之紀念第一次坐叮叮車～",143,11,[]
42,2018-06-08 22:43:51,"《蓮霧長在樹上》
這是一個關於俺ㄉ生活小故事。
最近每天回去的時候天色都很黑，都會看到地上有一顆東西，還納悶怎麼會每天都有人掉小蓮霧，而且一看也不紅感覺就不好吃，遠看還以為是老鼠什麼的，直到今天出門難得的抬起頭才發現原來有一棵蓮霧樹！原來蓮霧長在樹上啊！而且長得超茂密，今天還帶@1ljumeg_lu 去看，我們還在樹下討論一陣子，發現上面還有蜜蜂，蜜蜂也吃蓮霧？然後，我們決定明天要去摘這株唯一紅的來吃，不知道會不會拉肚子？

於是，永遠霸道停車加超級違停ㄉ偶今天居然認真把車停在格子裡面然後籃子對準這株蓮霧的下面，因為怕他明天前就掉了。

這棵蓮霧不知道多久前是誰隨手丟的蓮霧籽，到今天長那麼大棵～侯頂啊～等我吃完也要把種子再丟回去看十年後會不會種成一片蓮霧林。

每天ㄧ出門看到藍藍的天跟這棵蓮霧樹就好開心～

P.S.住在女宿區ㄉ人別來偷摘我的蓮霧！",77,8,[]
43,2018-04-07 01:24:47,即使這禮拜的頹廢必會成就下禮拜的考試地獄，還是要秉持著耍廢要廢到底的精神。以此勉勵自己撐過24學分地獄，成為一個更加勤奮能好好掌握時間的人。（削完木頭的英雄，完成計程的好漢，快快拯救我！）連假愉快，可喜可賀！,114,6,[]
44,2018-04-01 20:38:38,"必須要紀錄一下
這輩子吃過最貴的蛋糕
偏要找個理由說幫陳提前慶生
不然實在對不起自己的荷包
而且陳這次回來黑到發亮
照片很明顯誰有偶包
心得就是不會再去第二遍la",125,14,[]
45,2018-03-30 21:25:25,抓,72,0,[]
46,2018-02-21 00:03:47,"🇯🇵Kyoto
在傍晚6點左右在鴨川找餐廳慶祝除夕，很幸運遇到了5位正要去上班的藝妓，超級興奮一直跟在後面，他們走的又整齊又快，記得在書上寫說亂拍是很不禮貌的，但還是忍不住偷拍背影。

喜歡京都的藝妓，武士，忍者，河童，百鬼夜行，醬菜，古著，紅色金色刺繡，偷偷下的雪和無調味豆奶等等",124,1,[]
47,2018-02-13 00:29:06,"🇯🇵紀三井寺
開運的神社⛩️
全家都投中了中吉💮
我丟了¥5我弟丟¥1
或許丟¥10就有大吉了吧！",120,3,[]
48,2018-02-09 19:09:09,,124,3,[]
49,2017-12-12 01:39:10,"歪踢歪踢二度登台
用歌聲散播歡樂散播愛
成功打破不實造謠
有一次練唱狂破音超好笑",179,3,[]
50,2017-12-03 00:28:05,"🇬🇧Regent Street
他們總會說到我那一口“美式“英文
和那些下不停的雨。",122,2,[]
51,2017-11-17 01:11:15,"🇬🇧
People said I was dressed like Santa🎅 Frohe Weihnachten 🎄超級難得的自拍📸",173,7,[]
52,2017-11-17 00:50:38,"🇬🇧Les Miserables
Only one thing to confess...I fell asleep for a shooooort time, and I know that was really unforgiven😨 However, it was still a touching and magnificent night la🙂🙃🙂🙃",117,9,[]
53,2017-11-09 05:51:26,"🇬🇧Brick lane
Chess 4 fun!",90,2,[]
54,2017-10-10 23:43:47,有一天，我要有一個更衣室跟收藏櫃，衣服要造彩虹的顏色排列，還要收藏溜著一塊手指板的灰髮醜娃，剛好會是wish紀念款，偶爾牽著他去街滑，來把恨是美麗的taylor旅行吉他，搭配我的主題曲ATB，或許帶著我愛的人們去旅行，屢試不爽。,86,13,[]
55,2017-08-30 23:27:52,我是小巨人！,157,2,[]
56,2017-08-22 23:58:44,感覺這臘腸狗兒的身子可以像玩具總動員的彈簧狗一樣拉長然後ㄉㄨㄞㄉㄨㄞㄉㄨㄞ的下樓梯,91,3,[]
57,2017-08-06 16:57:50,"勵志成為考古學家！
合作廠商歡迎洽詢",90,4,[]
58,2017-07-27 16:05:52,目前吃了3次滷肉飯去了2間公休的店颱風轉向還要提早回去所以晚上要去吃羊肉爐！！！,110,6,[]
59,2017-07-11 23:49:29,東嶼坪是新成立的南海國家公園中的一個島，身為國家公園卻被列為三級海島，意即沒有電和交通隔絕，長期住在當地的居民只有13人，只能大家一起每個月花好幾萬租發電器，然後發電器三台還壞了兩台，下午都要限電，台電不願意來畢竟居民太少了，而交通隔絕指的是船沒有固定航班，想來只能包船，這裡還曾經差點被廢村，好險沒有，我才能很幸運坐老半天的船來到這半無人島浮淺還邊現吃扇貝跟海膽，讚！,120,0,[]
60,2017-07-11 18:18:53,"海洋系少女🌊
因為我不怕水🏄🏻🏄🏻🏄🏻
（會暈浪的人可以衝浪嗎？）",140,1,[]
61,2017-07-09 13:14:21,坐了100分鐘的船到七美真的刺要吐血了就像海盜船，我最討厭坐海盜船！,134,6,[]
62,2017-07-05 23:12:24,"港仔的地鐵手札
#佐敦23#可惜沒拍到彩虹站",183,25,"['可惜沒拍到彩虹站', '佐敦23']"
63,2017-07-04 01:31:39,"拍了n張中的選一
我認為可以算是半個攝影人了
而且我猜拳猜輸只能幫其他人拍照",111,2,[]
64,2017-07-04 01:30:00,"周旋對流層與平流層之間
第一次坐機翼旁邊很機械但很臭",122,2,[]
65,2017-04-28 18:51:50,謝謝攝影師！,175,23,[]
66,2017-04-21 23:54:55,"Set you free in the cage 
And the light
I wonder as little pleasing sun
You ponder upon
Fire in rage
#有天我要發行晚安詩",84,1,['有天我要發行晚安詩']
67,2017-02-14 19:07:17,"跟妳說個笑話
好笑ㄅ！",144,1,[]
68,2017-02-06 13:51:24,"勵志要當氣質女模。
#叫我氣質大學生",193,20,['叫我氣質大學生']
69,2017-02-02 16:28:52,五金短暫到齊❤️,146,1,[]
70,2017-02-02 16:22:29,妳在看我ㄇ？,147,2,[]
71,2017-02-02 16:20:20,大一寒假 還刺缺一遲到狗,152,1,[]
72,2017-01-31 23:40:16,"超像結合Snowㄉ兩個特效
但這刺真的！
道具 @chi.chi_0517 & @mhy.11",156,11,[]
73,2017-01-30 18:10:35,There must be something hiding in the salty salt pyramids.,124,2,[]
74,2017-01-01 23:23:00,"謝謝張張張芝綾❤️
#枕邊人",191,5,['枕邊人']
75,2016-12-28 23:56:06,"聖誕節已過但太喜歡這張ㄌ❤️
沙啞躲起來偷吃巧克力蛋糕邊看歐辣跟欸冷找我顆顆❤️
照片四位人類都刺嘴砲大賽參賽者看中指就知道平時的行為橘子❤️
ㄡ我不刺我刺麋鹿❤️
#schocoladekochen#ski#紅",181,5,"['ski', 'schocoladekochen', '紅']"
76,2016-12-18 10:06:06,我可能跟伏特加有仇Y(^_^)Y,202,13,[]
77,2016-11-28 00:37:42,"讓我願意一早爬起床北上的聚
難得有過半數的緬甸團聚❤️
還有好久不見的巴尼ㄙ函冰冰芝芸啦
祝韋韋一切平安 Jessie長高變瘦",172,3,[]
78,2016-11-27 17:08:49,"3個手機電加起來差不多50%
Photo credit by @jesss_post",142,1,[]
79,2016-11-24 16:06:01,"機械少女
feat. @ola_chien",176,15,[]
80,2016-11-23 01:26:15,"窩們刺 歪踢歪踢
謝謝吉他手 @j6m3wj6 
謝謝經紀人和小粉絲
高音一個上台就鎖喉😵
然後站姿好醜💔

Catch by @chilin_70",140,18,[]
81,2016-11-19 19:55:44,"萬聖節快樂啊🎃
#闇黑怨靈ㄉ概念
#foto credit. 97wong",160,2,"['闇黑怨靈ㄉ概念', 'foto']"
82,2016-11-06 00:16:43,"終於可以放風ㄌ呢☄
ㄘ到吉拿棒好滿足💟
大學新鮮人ㄉ爆肝期中週😵",159,9,[]
83,2016-10-28 22:41:48,"後面刺吹不大怨念很深ㄉ窩
#今天心情真刺豪#腿長呢ㄎㄎ",164,9,"['腿長呢ㄎㄎ', '今天心情真刺豪']"
84,2016-10-17 22:50:12,不懂窩4哪裡狂野惹？？？,207,16,[]
85,2016-09-30 23:22:58,"借不到二中制服的機械系烤💔
#系女籃",183,4,['系女籃']
86,2016-09-01 19:04:43,"謝謝高中遇見五金😚😚😚
有人剛滿18就有人要19惹
那個誰的臉？？？",185,4,[]
87,2016-08-08 22:10:49,"The postcard wiz all ma lovely friends' signs🖌
Miss u all n our party nights💃
From Mandalay, Myanmar🇲🇲🕌
✈️Taiwan🇹🇼",156,3,[]
88,2016-07-28 21:40:44,"被小我2歲的齊齊命令演出
然後下一秒就被喬喬瞪了😂
#回味無窮的緬甸之旅#特寫梨窩",163,32,"['特寫梨窩', '回味無窮的緬甸之旅']"
89,2016-07-24 19:58:13,爆高級ktv趴,129,10,[]
90,2016-07-23 01:27:59,回家吧窮人家！,179,10,[]
91,2016-07-22 03:04:25,緬甸土豪團到此一遊❤️,163,0,[]
92,2016-07-16 01:51:19,"Mayanmar pre-school kids🇲🇲
感到很有愛❤️",160,15,[]
93,2016-04-27 21:53:47,"跳不起來的五金
大學生們郊遊去
#新社的花好ㄎㄧㄤ",136,12,['新社的花好ㄎㄧㄤ']
94,2016-04-22 23:31:34,"🚸❓
螳螂拳刺擬
便服寶寶😶",130,6,[]
95,2016-04-04 14:46:26,"Daddi爬山一直拿登山杖揮桿🤔
被抓到還對我傻笑😯😯😯",115,13,[]
96,2016-02-28 12:35:57,就刺瘦就刺運動妹,148,23,[]
97,2016-02-27 20:27:57,"排了1.5小時但只吃了15分鐘的麵
便宜又超道地的日本拉麵🍜",114,10,[]
98,2016-02-04 22:17:43,刺蝟紅茶餅乾handmade❤️,133,17,[]
99,2015-08-24 14:50:09,學校跟圖書館都沒開難得在家然後早上自以為1⃣做了像麥當勞鬆餅的可樂餅2⃣泡了根本是牛奶水紅茶拿鐵💥萬般無奈決定去咖啡廳好好讀書3⃣一出門就開始漂雨🌋🌋🌋 四字形容👉🌊🍑🐻🙋（波淘洶湧）,116,6,[]
100,2015-04-28 22:32:03,"終於可以發文了💭
等很久了吧粉絲們👶💞",138,31,[]
101,2014-07-31 01:51:00,"喝冰沙就是硬要鑽很多洞
Last cup🍷
#timhortons",110,6,['timhortons']
102,2014-07-28 23:53:05,"雨林咖啡餐廳
超多會動的動物
餐廳會打雷
天空還有流星
食物很普通but
甜點上餐店員會大叫volcano
超酷 🌋 🌋",96,3,[]
103,2014-04-05 23:11:58,"▲
就這樣牽著你一直走
這一路不放手",109,9,[]
104,2014-03-16 12:36:27,"👓
早起掃墓💤
午餐去吃鯊魚肉👪啊嬤的味道
Rose Latte The Best Still🌹🌹🌹
#starbucks",92,19,['starbucks']
105,2014-03-08 00:35:00,"✹
今天我對不認識的女生
亂比了中指👆
同學對不起我認錯人了😓

#new#skateboard.#happy",109,16,"['happy', 'skateboard', 'new']"
106,2014-02-06 18:31:09,"▲
雖然浪費20顆魔法石超💔
但在路上連續遇到兩台#植物精靈 #農場精靈 #kobitos #屁桃 扭蛋機心情就全好了💓
1⃣1⃣5⃣9⃣一起孵恐龍吧🐣
👽aliens展真好玩👽",111,20,"['植物精靈', 'kobitos', '農場精靈', '屁桃']"
107,2014-01-30 21:34:26,"▲
今天一直幫芭樂加菜😉",50,14,[]
108,2014-01-25 14:45:53,"▲
一雙被遺忘許久的shoes👞👞",70,6,[]
109,2013-09-29 13:51:54,三眼+兩眼<3,31,8,[]
