,time,post_caption,likes,comments,tags
0,2019-12-09 02:00:53,"熱鬧的街
熱鬧的聖誕節 🎄🎄🎄",57,0,[]
1,2019-12-09 01:47:13,"最開心的大概是跟你們一起去
無緣的鮮芋仙我們下次再會😙😙",63,0,[]
2,2019-11-10 13:45:13,"人在台灣心在Y🥺
該回台北囉",57,2,[]
3,2019-10-26 20:36:24,"爸爸的日常 對著手機笑www
還有不厭其煩的幫我拍照😙",80,5,[]
4,2019-10-13 01:09:08,"勵志的走了兩萬多步
挖ㄟ卡www",79,2,[]
5,2019-09-29 00:07:41,Smile can cure everything www.,36,3,[]
6,2019-09-22 22:25:32,越來越像🙂🙂,62,3,[]
7,2019-09-14 15:03:59,"三個月才開一次車的我
參觀三年才開一次的古厝
和三個月才看一次的媽一起在大熱天下泡熱水👍",61,7,[]
8,2019-09-13 07:55:41,"I like the word that on the banner so much www. Where the heart is 🥺.
I’m still looking for the place too www.
The Castle campus.",49,0,[]
9,2019-09-12 18:47:25,"On the top of the Space needle.

I was so straggle before buying the ticket. But I don’t regret at all when I get into the elevator.😍 Spectacular space.",65,0,[]
10,2019-09-10 18:48:51,"That is signature of Y not Ya XDDD
The place we met😘",56,2,[]
11,2019-09-07 07:42:28,"Delicious food and beautiful location recommend by local’s XDDD 
Enjoying seeing the view and taking photos a lot. And first time know how the smell of the wxxd hahaha.
No I don’t want to try that wwwww",46,1,[]
12,2019-09-06 09:37:28,"Unwilling to leave the city. But we have to leave wwwww
I’m so admire myself who being in that day.
No matter how tired u guys are, still stay with me and take me to whatever place I want to go.... almost every place XDDD 
Gracias ❤️❤️",57,0,[]
13,2019-09-05 22:31:37,"The city of the coffee.
Produce the best cafe and best flower. I can see how proud you guys are hahaha. 
That coincidence wearing one day matching outfit.😁 Just like the color of the sky, white and blue wwwww",64,17,[]
14,2019-09-05 07:52:34,"Day 1
This is where I begin.
I like Cali and the photographer, who took a lot of photo for meXDDD
Yeah girl is complicated😁

My First Latino night is in Colombia. That was crazyXDDD I love the dance so much especially the last one😘All these will be in my memory forever wwww.",67,4,[]
15,2019-08-20 10:05:47,"平常也沒在看棒球
但整個被現場氣氛感動
不會像在台灣看棒球會看到想哭XD
還聽到了波希米亞沒聽到的Queen的歌🤣
謝謝大家的各種陪伴wwww",54,1,[]
16,2019-08-19 11:00:29,How cute these people☺️☺️☺️,75,0,[]
17,2019-08-19 10:50:38,"The very first time play with snow.
It is enough for today when I see the snow hahaha.
Sooo cold on the flattop mountain  and I nearly cannot breath due to high altitude but it worth it!!😆😆",74,0,[]
18,2019-08-12 12:10:13,"Bohemian concert
現場音樂先加一百分",42,0,[]
19,2019-08-12 12:08:00,"很大很美的校園
想找正門沒想到連學校的一半都走不到😂
果然腳踏車必備ㄚ",62,4,[]
20,2019-07-30 15:05:46,"娛樂性質max
差點去不成表演
還我一首歌的時間😢

The song we perform.
If u like Taiwanese song, please press heart button XDDD
我還年輕 I’m still young
https://youtu.be/NbNPJr_0tqA",65,0,[]
21,2019-07-30 14:54:19,"暖暖ㄟ夜空 
哪怕世界以後會變成什麼
沒有其實我很怕

但想起來心裏暖暖的",47,0,[]
22,2019-07-29 15:15:17,Picture is always more beautiful with people in it. 😊,48,0,[]
23,2019-07-29 08:29:28,"冷冷的天和熱熱的水
唯一一個走到比較多路的景點
逛到的景點幾乎都開車到了下車看風景
司機們真的辛苦惹
副駕也辛苦惹www",65,4,[]
24,2019-07-29 08:21:11,"Compelled to end the short trip to yellowstone.
It was the most unforgettable lesson taken in my life.
Thanks to who been through this together, help each other,  I’ll not know what to do without u guys, everything will ultimately be alright!!
All will be well.
Don’t forget we’re always by your side😉",62,4,[]
25,2019-07-20 12:50:14,"Great Longs peak & flattop mountain.
View that on the way to the Lake Haiyaha.😆",39,0,[]
26,2019-07-15 14:14:22,"My second sunrise at YMCA.
Waking up at 3, following Net who is not sure if we on the right way to the destinationXDDD 
And we found the right way that I really don’t know how we did that 😆😆
So fun and excited with u guys(With Shan’s screaming 😱)
It’s my pleasure can hiking with u guys. ❤️
不只有在工作上幫了很多忙，爬山也很貼心的泰國男生們，會有意無意墊底，平均暖耶www
#sunrise
#eaglecliff",57,4,"['eaglecliff', 'sunrise']"
27,2019-07-06 13:03:23,"哪個國家國慶遊行是讓每個國家的人拿著旗子走的XDDD
光是參加國慶遊行就好值得
Day off、遊行、披國旗、參加國慶、去town
一天內經歷了好多第一次
就是這樣總會有幾天巔峰期然後又回到平常的狀態 或是更頹廢
希望能好好把握打工的時光（悠閒ㄉ時光

最美的風景是人
謝謝不管是一起工作來自各國的人
還是身邊陪我玩耍一起開心的大家😄😄 #4thofJuly",52,2,['4thofJuly']
28,2019-04-28 20:58:30,"套阿尖的話
開心團結無懼積極相信自己

很多想說的不知道怎麼說 謝謝大家 謝謝大家那麼開心的打球 謝謝大家相信我 
我不知道我是不是常常看起來很兇但是我沒那個意思 好像很認真的聽人家講話但轉頭看到旁邊的玻璃發現自己怎麼長得那麼兇哈哈哈（覺得太兇 或太激動拜託跟我講><）
謝謝第2345個教練 
腳都不知道什麼時候才會好的11
車程很遠還是來支持我們的云伶&熊熊哥
踩到我腳扭傷但我完全沒感覺到的1如
還有最貼心的球經姜鎬❤️
來幫我們加油 幫我們突破盲點給我們大大的鼓勵😆😆 大家再一起進步一起開心打球喔喔喔喔

#我們可以
#相信有11會更順利晉級XDD
#2019北資盃",54,3,"['相信有11會更順利晉級XDD', '我們可以', '2019北資盃']"
29,2019-01-30 23:06:32,"愛在鹿谷 愛在鄉服
@cb_hsuan ❤️",51,6,[]
30,2018-10-15 00:52:52,"謝謝coco讓女籃有加廖的機會
#續攤續到十二點
#還有功課還沒寫
😂😂😂😂😂😂😭",40,6,"['續攤續到十二點', '還有功課還沒寫']"
31,2018-10-08 01:35:59,"想瘦身的毅力==想吃肉的堅持 @陳樺@我 難怪我瘦不下來XDDD
鮮少看到如此嬌羞的德馨 不像張微 沒有看到過ㄏㄏㄏ
洪生日快樂🎂 @hsinan1230 @cb_hsuan
真的會笑死@不知道現在心裡住著誰的陳小姐",44,3,[]
32,2018-07-09 00:03:28,"結尾好像有點潦草 但還是謝謝八小的各位 那麼容忍我的尷尬及不會帶氣氛 在我開很白痴的問題時願意回應我的問題 不尷尬的回應我尷尬的笑容ㄏㄏ 還有人跟我分享國中屁孩時期的豐功偉業哈哈 謝謝你們😘

第一次辦營隊第一次當隊輔 一直覺得自己是不是站錯地方惹 連小隊員們都看得出來我是個慢熟的人😂 只敢一次跟一兩個小隊員講話 沒辦法顧到整個小隊的氣氛嗚嗚嗚 很感謝我隊輔帕尼 @leeeeo_hsu 從一開使願意跟我一起做有點不實用的一日魔杖 到營隊期間跟隊隨 @ebb_flow.1209  讓整個小隊氣氛那麼歡樂XD  很開心可以跟你們當隊輔 真的是最carry的那種 感謝超級暖超級貼心的 @shizuku_jiang 一直來關心我累不累 讓我有努力下去的動力！！ 但我想我一定不是最累的😁😁 ～ 
補個 晚會表演時雷到自己跟榮豐band惹XD kb聲音超級無敵小聲 演奏時還想說音箱在前面聲音會往前傳我還怕轉太大聲 涵晴給我影片才發現哇～真的是跟想像的差很多😭 還好吉他很棒哈哈 謝謝涵晴的影片～❤️",52,5,[]
33,2018-05-02 17:56:47,"廢廢的我有著強強的隊友和無條件支持我們的阿尖😆😆每次看著球場上的學姐心中都充滿著欽佩 然後還是菜鳥的我進了球還是會止不住臉上的笑容 後來自己想想都覺得好笑

時間過的好快 下學期都要過一半了 這學期剩兩個盃賽了 希望這學期能過的慢一點😭",53,3,[]
34,2017-12-29 15:39:40,天氣那麼好 一定要拍個照的 這張很棒哈哈@seojinny018_,49,1,[]
35,2017-12-09 00:09:41,如果肚子壓一壓會變扁的話我也想壓一壓,26,3,[]
36,2017-07-29 21:09:21,哈利波特真的太好看啦啦啦啦啦,21,0,[]
37,2017-07-19 21:18:28,清水國小 棒棒噠,24,0,[]
38,2017-07-07 16:10:33,謝謝for everything,16,1,[]
39,2017-07-05 19:45:19,我好帥 哈哈哈哈哈,27,11,[]
40,2017-07-04 00:18:42,這就是 嗤之以鼻呢,21,2,[]
41,2017-06-12 00:07:57,Ya~,30,0,[]
42,2017-05-28 10:01:51,,24,0,[]
43,2017-05-28 01:00:46,"聽說越南辦color me run第一次下雨，超榮幸被淋到，然後雖然DJ很多歌都沒聽過但還是一起嗨了呢。
要睡覺了，祝全天下的小偷出門被狗咬，這樣就不會有小偷了",22,1,[]
44,2017-05-05 08:39:26,起司口味的辣雞也是辣的😱被騙了嗚嗚,20,4,[]
45,2017-03-22 01:30:16,一直在手機沒刪，它怎麼還是一樣可愛,18,4,[]
46,2017-03-19 18:45:38,艾瑪華森很美,20,2,[]
47,2017-03-11 21:14:12,To今天最可愛的舒涵，生日快樂，雖然我也以為他們真的吵架哈哈，祝你順利上自己最想上的大學！,21,1,[]
48,2017-03-03 22:34:44,一個表情概括我最近心情,22,10,[]
49,2017-01-30 09:48:26,超冷的梨山上遇到失散多年的...我,25,4,[]
50,2017-01-23 22:12:33,,23,0,[]
51,2017-01-11 23:38:20,喜歡😍😍嘿嘿,18,5,[]
52,2017-01-10 23:39:09,我是伴娘伴娘是我，呵呵呵,22,0,[]
53,2017-01-08 19:18:01,我要去越南了，各位要期待喔😘,15,4,[]
54,2016-12-24 14:10:13,久違的泡麵，我真的不偶爾吃它,20,4,[]
55,2016-12-11 18:22:17,四個願望一次滿足，愛甜食的人一定超愛😂,19,4,[]
56,2016-10-25 21:37:16,順其自然,17,2,[]
57,2016-10-11 20:54:31,收到某位說我是善變的女人的情書，雖然你很❤️我，但抱歉我沒辦法接收你的❤️，呵呵,19,2,[]
58,2016-09-15 20:30:16,猜猜是誰的標準表情,15,4,[]
59,2016-08-27 06:48:31,"謝謝幫助過我的各位
還是沒集到嗚嗚...",12,10,[]
60,2016-08-22 20:37:51,"比較正常的照片
@iris871007 小心點",16,7,[]
61,2016-08-22 15:07:10,說帶很錢少錢但想坐計程車的小胖子,13,6,[]
62,2016-08-21 16:23:03,有朋自遠方來哈哈哈哈哈,13,1,[]
63,2016-08-16 21:24:49,聽～海哭的聲音,13,5,[]
64,2016-08-14 21:43:21,"坑坑的鴨鴨
今天去夜市打槍
一顆一點...一點啊啊啊
中隻的泰瑞就要八十點...
然後他槍還有問題
本來揪我爸是想嚇嚇爸爸的
忘記爸爸當過兵了😂😂",14,4,[]
65,2016-08-14 12:44:51,Everybody see see her,15,3,[]
66,2016-08-11 23:25:31,我們被困住了😭司機在生活美術館問我們不是要在這下車嗎，我就...帶著大家下了，然後發現離台南火車站還很遠,18,3,[]
67,2016-08-07 02:46:26,就是叛逆,17,0,[]
68,2016-08-06 13:49:40,很貴的鬆餅店，很好吃，但打牌被阻止了唉,13,4,[]
69,2016-08-06 10:27:06,"我的小情人
呵呵",12,2,[]
70,2016-08-05 22:15:07,棒棒噠,16,1,[]
71,2016-07-30 11:00:34,我站了兩個小時的火車,12,10,[]
72,2016-07-28 23:09:02,抬頭望鏡子,14,11,[]
73,2016-07-27 22:04:50,想一起變美的五個女孩,12,4,[]
74,2016-07-27 21:33:29,"想笑卻又不能笑
大家要ㄧ起變美麗～（by智嫻",13,10,[]
75,2016-07-19 17:50:49,,16,8,[]
76,2016-07-18 22:58:56,宿舍，大家玩的很開心,8,2,[]
77,2016-07-06 19:56:06,,8,1,[]
