,time,post_caption,likes,comments,tags
0,2019-11-28 02:00:52,"係唔係想去邊 就去邊
———
...
...
...
有一天，
———
給死去的你

#彼個所在",61,0,['彼個所在']
1,2019-11-14 02:47:15,"銀色的光 拉著我跳舞

#與浪之間",56,0,['與浪之間']
2,2019-10-22 02:26:31,"撐住我 落葉離開後頻頻回頭
撐住我 止不住的墜落
撐住我 讓我真正停留...
———
好了啦

#流浪者之歌",64,2,['流浪者之歌']
3,2019-10-17 01:50:42,"都是你 離開的原因
「」 就是旅行的意義
—————————
通通丟在那了

#旅行的意義",70,0,['旅行的意義']
4,2019-09-26 01:52:13,"「塵囂傾吐殘餘的傷，
黃昏後回歸故鄉，」 #願你有故鄉",68,0,['願你有故鄉']
5,2019-09-15 01:13:57,"從來沒有想過要拍這條街的照片，是一條中規中矩的街，沒有特別多或少的人、或燈，今天也和其他街道一樣，有適量的人烤著肉，偶爾會有橫衝直撞的小孩子，住在板橋的人或許也不知道這裡是哪。

好久好久以前每天會走上兩次。十年過了，捷運圖變大了，公車多了幾路，Youbike也架好了，這十五分鐘的車程框出了最原始的生活圈，而回家的路卻被我踩得蜿蜒曲折，踩得支離破碎，一晃眼，這條街已不是兩個月前的模樣。

明天堂弟妹又要回台中了，堂弟開始盤點要從奶奶家帶哪些玩具回去，唯獨一罐裝滿模型玩具的罐子，他說奶奶不讓他帶，接著奶奶就走進來了，抱怨著他是怎麼把罐子藏到電視後面結果還是被找到。那罐模型似乎一直是奶奶當作很貴重的東西，或許是小時候，我坐在客廳地上把玩的形象默默地也被他收進了罐子裡，否則這些東西既不貴，也不再為誰視若至寶，實在是看不出來哪一部分值得如此珍藏。

姑且先不追探罐子裡到底裝進了什麼，只求哪一天我再翻到這篇雜亂無章的文時，能別忘了這段路有多近，也別在恍惚之間讓罐子見了底。",101,0,[]
6,2019-07-17 01:00:45,"夜晚被延長到想念的終點
我忘了...我忘了嗎
----------
時間到，不需要補了。

#舞伴",56,0,['舞伴']
7,2019-07-09 23:00:53,"【2019臺大資管營 7/1~7/5】

ㄇㄉ，為什麼高畫質手電筒影片傳不上去。

當初報名資管營其實也沒想太多，就是有個系上的活動就參加一下，如今資管營結束，已儼然成為大學生活中不可磨滅的回憶之一。

首先是二小，雖然你們從營期前電訪的時候就開始不理我，但是到了第二、三天你們開始會互相聊天、一起對我做人身攻擊，到最後大家可以聚在一起幹話、吃宵夜、幫Barry傳訊息，其實我真的很開心。從接了隊輔之後就一直希望自己可以不用一些太古老的團康來讓大家破冰，結果好像變成我一直講一些尷尬的笑話，不過慢慢的你們也開始有點共鳴了，所以你們其實內心應該也蠻尷尬的吧（哈哈哈）。在營期中也漸漸發現自己以前參加營隊或迎新也跟你們的個性蠻像的，沒事就不太主動，所以也想試著從自己的角度來引導你們而盡量不要勉強或強迫，希望你們有感受到啦。謝謝你們留給我很美好的回憶，希望對你們來說也是如此，我會記住你們每一個人的，所以那幾個說兩年後一年後見的最好都給我乖乖考進來。

接下來是營歌夥伴 @dandan_0615 和晚會partners @leng_kai_ & @yunchiapig 。大概也是大一最後一次表演了，謝謝寬寬熬夜練吉他QQ 超級罩的凱凱第一次聽歌就可以生出伴奏❤❤ 還有感謝 yunchia 在營期兩天前還願意答應幫忙唱歌，然後還被我唱錯的歌詞雷，嘻嘻（雖然我還是不知道唱錯哪裡）。感謝你們一起完成表演，也感謝每一個聽完的人<(_ _)> 然後想謝謝所有召部和工人們。從營期之前就規劃著所有的流程和活動，營期中甚至也比我們更晚睡。感謝召部體貼的溝通方式，讓訊息傳達更有效率又不失準確。感謝工人精心安排的每一個活動，每一個遊戲都成為這次營隊的亮點，大家都辛苦了。

接著是隊輔們，我們好像忘記一起拍大合照了，真可惜。

最後，想要寫給隊輔ㄆㄋ和隨隊。感謝 @pinchun03 ，雖然我叫你滾的時候你真的會滾，不過跟你一起做事很自在也很順利。從密籌到營期，謝謝你對這個小隊的付出，在我需要幫忙時補上我的需求，在我不太舒服的時候幫我查房，接下來還要請我吃波提，真的是辛苦你了。還有可ㄞ的隨隊 @jetfire890501 ，雖然你仗著離家裡很近一直跑回家，但是需要你的時候都會即時出現，像是拍團照的時候。也感謝你在跑活動之餘還常常來陪小隊員聊天，辛苦你了。

謝謝每一個參與者，謝謝資管人感情一直這麼好。

2019NTUIMCAMP。",106,52,[]
8,2019-06-06 01:11:16,"卻當作

#",42,2,[]
9,2019-05-02 01:20:53,"【2019資管之夜】
待補
--------------
若是不曾走過，怎麼懂。

#喜歡寂寞",70,3,['喜歡寂寞']
10,2019-04-15 22:58:59,"修剪自己迎接你淋濕我
風乾的心

#交響夢",48,2,['交響夢']
11,2019-04-12 02:28:04,"一覺
睡到自然醒過來 不管

#自然醒",62,3,['自然醒']
12,2019-02-21 01:41:08,"下雨天 沒有地點可以擱淺

#藍眼睛",62,0,['藍眼睛']
13,2019-02-21 01:37:21,"平靜地嘆息 灑了一片碎玻璃

#藍眼睛",57,0,['藍眼睛']
14,2019-02-21 01:36:09,"你的眼睛 閃爍的一面海

#藍眼睛",40,0,['藍眼睛']
15,2019-02-15 01:36:20,"南瓜，不要偷看瑜瑜！

#valentinesday2019",65,1,['valentinesday2019']
16,2019-02-01 01:41:46,"在你笑裡睡一下
結著守護的痂
生花
--------
貳零零

#你心裡最後一個",59,0,['你心裡最後一個']
17,2018-12-21 02:34:49,"當你的眼睛
瞇著笑

#當你",48,2,['當你']
18,2018-12-18 01:35:17,"How about love?
Measure in love.

#seasonsoflove
#HBD",61,1,"['HBD', 'seasonsoflove']"
19,2018-12-08 01:06:52,"【管院舞會PARTIDO】

為什麼我的手機裡都沒有照片QQ

#PARTIDO
#NTUIM",84,5,"['PARTIDO', 'NTUIM']"
20,2018-11-24 22:28:48,"Cause I know the life outside the shadows,
is the one that I want to live,
and it pulled me through.

#flyingfree 
#不要怕",51,0,"['不要怕', 'flyingfree']"
21,2018-11-12 00:42:30,"Rockabye baby, don't you cry.
Somebody's got you.

#rockabye",43,0,['rockabye']
22,2018-10-30 00:55:19,「在夢裡，那些想說的話終於回到我身邊。」 #浪費,40,4,['浪費']
23,2018-10-24 02:11:25,"Everything comes back to you.
--------
100.

#thistown",56,0,['thistown']
24,2018-10-19 23:30:09,"我以為的遺忘
原來躺在你手上
--------
我騙人

#殘酷月光",49,0,['殘酷月光']
25,2018-10-16 01:27:43,"Caught in a landslide.
No escape from reality.
----------
I am big.

#bohemianrhapsody",58,4,['bohemianrhapsody']
26,2018-10-10 01:03:11,"Hmmhmmhmm...hmmhmmhmhm m m m...hmmhmmhmm...hmmhmmhmm...hmm hmmmmm.

#hallelujah",38,0,['hallelujah']
27,2018-09-22 23:09:24,"Lacrimosa dies ilia.
Qua resurget ex favilla.

#requiem",45,0,['requiem']
28,2018-09-16 00:16:44,"揉碎在浮藻間，沈澱著彩虹似的夢。
-------
每一天，

#再別康橋",37,0,['再別康橋']
29,2018-09-07 23:06:28,"I just wanna be part of your symphony.
--------
沒關係。

#symphony",39,3,['symphony']
30,2018-09-05 00:03:40,多想有個林夕，躲在心中描述，「」 #心有林夕,38,0,['心有林夕']
31,2018-09-02 22:57:57,"「後來的我們什麼都有了。」
「卻沒有了我們。」
-------
忘記發了。

#後來的我們",41,3,['後來的我們']
32,2018-08-31 00:29:54,"Fast asleep with the fishes down in Atlantis.
-------
貳肆！❤ #atlantis",59,11,['atlantis']
33,2018-08-27 23:44:03,"希望你有同款的夢。

#無眠",39,3,['無眠']
34,2018-08-25 03:19:37,,19,1,[]
35,2018-08-25 03:19:02,,22,1,[]
36,2018-08-25 03:08:08,"I see a little silhouetto of a man.
Scaramouche, Scaramouche, will you do the Fandango?
-------
Thunderbolt and lightning, very, very fright'ning me!

#bohemianrhapsody",27,0,['bohemianrhapsody']
37,2018-08-12 12:09:46,"你會不會剪去，黃了的回憶？
丈量我離情，拉長十多里。
----------
And once again I shall beg for redemption.

#說了再見以後",46,2,['說了再見以後']
38,2018-08-06 23:23:13,"Con te partirò.
Paesi che non ho mai veduto e vissuto con te.
--------
""Café au lait.""
""Chocolat chaud.""
#contepartirò 
Je t'aime. Au revoir.",34,1,['contepartirò']
39,2018-08-05 23:17:29,"Dies irae dies illa.
Solvet saeclum in favilla.
Teste David cum Sybilla.
---------
你也很可愛。

#requiem",36,6,['requiem']
40,2018-07-27 08:00:57,說掰掰文,55,3,[]
41,2018-07-11 23:00:30,"Something takes a part of me.
----------
詹惟竣現在養成了一種如果團照不是只有他自己一個人就拒拍的壞習慣。

#freakonaleash",61,1,['freakonaleash']
42,2018-06-11 00:57:23,"Only in sleep, time is forgotten.
--------
謹紀念，即將出國深造的主持趴勤勤，在與不在的49，哭噴的50，以及5051無時無刻。

#onlyinsleep",66,5,['onlyinsleep']
43,2018-06-09 20:36:10,"插播
No hitter!!!
史上第七人（╯°□°）╯ #nickadditon",17,0,['nickadditon']
44,2018-06-08 23:42:13,"你啊 我啊 都那麼不容易
--------
希望能繼續找不到。

#一樣的是",38,0,['一樣的是']
45,2018-06-02 12:05:15,"上一張竟然沒有你
只好為了你在早上發文
@peter.tsai008",33,1,[]
46,2018-06-02 01:15:33,"If you touch me, you'll understand what happiness is.
Look, a new day has begun.
---------
謝謝，愛你們。

#memory
#graduation",65,4,"['graduation', 'memory']"
47,2018-05-28 21:04:32,"It's the final countdown. We're leaving together.
---------
4

#finalcountdown",51,5,['finalcountdown']
48,2018-05-19 00:56:43,"Sure on this shining night, I weep for wonder wand'ring far alone.
---------
如果能重來，我還是會中暑。

#sureonthisshiningnight",26,0,['sureonthisshiningnight']
49,2018-05-05 22:34:40,"當初的猜疑好奇、愛恨痴嗔卻已走遠。
----------
謝謝 @chiang1z_920 入鏡。

#再遇見",42,4,['再遇見']
50,2018-05-01 23:20:03,"We're up all night to get lucky.
--------
蛙蛙賜我神力！

#getlucky",47,6,['getlucky']
51,2018-04-30 23:15:32,"Tell me about your fantasy cuz I can do anything...
---------
再一個再一個

#imaginaryparties",30,0,['imaginaryparties']
52,2018-04-27 22:46:02,"And I alas can only dream, envisioning the days.
-------
「阿你們也是325的嗎？」
「喔，我們是425的。」 #singomyheart",29,0,['singomyheart']
53,2018-04-18 23:16:41,"Strolling so casually.
--------
初捐（！ #ratherbe",31,0,['ratherbe']
54,2018-04-16 22:56:04,"Baby I'm, dancing in the dark.
--------
Ti---i-i-ime.

#perfect",40,0,['perfect']
55,2018-04-15 23:41:36,"You just gotta give me a chance.
-------
Please.
然後有人聽過這首歌嗎，
他好有誠意喔。

#pleasegivemeachance",41,0,['pleasegivemeachance']
56,2018-04-10 20:56:03,"史奈德你TM再這樣用鄭凱文我一定跟你翻臉
全中職的Ace給你0：8上來敗處
不爽用就放他去富邦 🐴的",21,0,[]
57,2018-04-05 22:03:24,,34,0,[]
58,2018-04-03 23:13:04,"Don't you, forget about me.
--------
四月了，什麼東西都要來了。

#dontyou",28,0,['dontyou']
59,2018-04-02 23:44:56,"階前，秋水孟浪逼上眼。
--------
看著藥袋，驚覺自己年事已高。

#故事",44,1,['故事']
60,2018-03-28 23:55:52,"我反覆預演，浪跡的終點，寫在落日的地平線。
-----------
0.833333參參3333三33333333333三參三參33

#地平線",36,3,['地平線']
61,2018-03-18 22:21:03,"Know with all of your heart, you can't shame me. When I am with you, there no place I'd rather be.
--------
一定要__

#ratherbe",59,4,['ratherbe']
62,2018-03-17 00:14:24,"This is the part that u break free, cause I can't resist it no more.
----------
大家都要準備好

model: @wesley._.sz

#breakfree",38,2,['breakfree']
63,2018-03-06 23:45:55,"Here's to the hearts that ache.
---------
model: @wesley._.sz

#audition",42,0,['audition']
64,2018-03-05 23:33:10,"With the taste of a poison paradise!
---------
表情集氣文

#toxic",40,3,['toxic']
65,2018-02-25 00:07:08,"Carolers are singing harmony with me now.
--------
瘋狂滾輪

#mysongforyou",34,0,['mysongforyou']
66,2018-02-24 00:18:04,"Easy come, easy go.
Little high, little low.
--------
大家辛苦了。

#bohemianrhapsody",32,0,['bohemianrhapsody']
67,2018-02-21 23:29:07,"Kiss me goodbye, I'm defying gravity.
-----------
倒數一學期
Final countdown

#defyinggravity",33,0,['defyinggravity']
68,2018-02-20 01:08:29,"Too late for second-guessing.
Too late to go back to sleep.

#defyinggravity",34,0,['defyinggravity']
69,2018-02-16 00:26:04,"Can't lie, it's a sweet life.
------------
除夕夜，團圓夜。
你，也在吧？

#flashlight",46,0,['flashlight']
70,2018-02-15 00:39:56,"When you spit your venom. Keep it shut, I hate it.
----------
走吧，走得愈遠愈好。

#lalala",41,4,['lalala']
71,2018-02-13 01:13:03,"If my heart can't stop it, I find a way to block, I go---
--------------
彎

#lalala",36,0,['lalala']
72,2018-02-10 00:24:37,"""Gotta catch 'Em all!"" #晚安",43,2,['晚安']
73,2018-02-05 21:19:31,"還是看了呢

很了不起的一部片
其他就不要雷好了

#신과함께",47,6,['신과함께']
74,2018-02-03 23:50:26,"I got my ticket for the long way round.
----------
再見了，跨過學測的頭髮。

#cups",48,12,['cups']
75,2018-02-01 00:01:58,"朔月染唐紅
水氣氤氳寄長冬
獨自臥茶樓
------------------
巧欸 好巧喔",37,0,[]
76,2018-01-30 00:57:06,"Cost you to keep me quiet.

#aha",49,6,['aha']
77,2017-10-12 23:16:15,"不太好的預感
還是不要烏鴉嘴好了
等等看",34,4,[]
78,2017-08-16 22:36:27,"制服
#destroyed",82,3,['destroyed']
79,2017-08-09 11:06:37,還我壹萬伍。,39,1,[]
80,2017-08-06 07:53:45,"各位，掰掰！
(´･_･`)",52,0,[]
81,2017-08-05 08:51:19,"«西班牙樂友少年合唱團»
覺得一整個大開眼界
看到了全新的表現方式
每一首歌走位都超自然
真的很了不起
突然又充滿了希望(? 也是建中第一次上國家音樂廳
感覺很不錯
尤其是阿爸唱完之後四周傳來陣陣啜泣聲(咦
希望下一次我有機會在臺上
加油❤",83,2,[]
82,2017-07-23 20:54:09,"跟@thomasyeh_07 借個圖❤

什麼都不要說
不然會被當成爆雷討厭鬼

#zero",45,4,['zero']
83,2017-07-16 14:08:21,"@chen__yu_heng
@wesley._.sz 
@nelson.the.great 
@penguinontheglacier 
@fatoiljeffrey 
既然都砸了24小時 還是發個照片紀念一下好了❤

其實我一直對我們有一點信心(謙虛
每次只要一有問題，總是會有人跳出來然後莫名其妙就解決了(? 最重要的是，我知道我們會合作得很好，但不知道可以這麼好💪，在疲勞轟炸的狀況下還是能夠各司其職也互相幫忙❤ 可能是因為有浩瑋在所以大家都不想睡了吧。

剩下的就沒什麼好細說的了，至於決賽什麼的也就沒什麼好在意的了，反正我們已經有鳥森當代表了。

#製鐵
#挑食鐵人
#飛天蒸芋頭",60,2,"['飛天蒸芋頭', '製鐵', '挑食鐵人']"
84,2017-07-16 00:02:50,我左打,46,2,[]
85,2017-07-15 14:23:56,"上市一天即絕版
我就不信穿這個會撞衫❤",54,4,[]
86,2017-07-09 20:59:09,"超前了❇ 臺灣2:1日本
看這種電視沒播的比賽更想好好幫他們加油💎💎💎",40,0,[]
87,2017-06-23 23:02:53,"真是痛爆了
然後還直接痛到數學段考
雖然好好寫可能也一樣啦
真的好痛
真的豆頁痛

#晚安詩",69,2,['晚安詩']
88,2017-06-19 23:30:39,怎麼不下雨了,48,2,[]
89,2017-06-13 00:07:15,"開門
關門
人來
人去

#晚安詩",60,3,['晚安詩']
90,2017-06-11 00:30:11,"我寫了一個不知道好不好的開場

好可怕喔QQ我到底會不會主持啊",56,2,[]
91,2017-06-08 09:34:16,掰掰❤,58,0,[]
92,2017-06-07 16:37:22,"小知識：
馬來西亞也有娘家
中文配音",44,1,[]
93,2017-06-04 13:27:15,走了走了唉呀,64,3,[]
94,2017-06-03 01:01:16,"步調既快也慢
只能坐下來
似是而非的解

#晚安詩",47,0,['晚安詩']
95,2017-06-01 00:56:08,"一個星期七天的框架被拆得四分五裂
把碎片收集好
再恣意的灑在脫落的骨架上

#晚安詩
#破百讚公布全身照",49,0,"['破百讚公布全身照', '晚安詩']"
96,2017-05-31 00:34:06,"萬盞孤燈 失了神
轉圜過還惦掛著

#晚安詩",42,0,['晚安詩']
97,2017-05-25 12:05:12,"這個人偷看了你的FB

有新竹人要來找我嗎 
@haohaoliu901203 @l.b.yee 
#實中
#瀏海斜率(1/根號3)
#兩題進複賽
#精準打擊",62,5,"['瀏海斜率', '精準打擊', '實中', '兩題進複賽']"
98,2017-05-24 23:55:43,"好喔
好啊

#晚安詩",38,4,['晚安詩']
99,2017-05-24 00:29:37,"真的很感謝你們
創造了超乎想像的成果

#BestTeamEver
#晚安詩",55,2,"['BestTeamEver', '晚安詩']"
100,2017-05-20 01:46:50,"累的時候
拿著手機亂按也是很療癒
-
蠻開心的
總是會有從來沒想過的人突然出現
謝謝你們👍
-
""趁 天黑時候登日""

#晚安詩 
#仿睡覺去格式
#精準打擊",46,0,"['精準打擊', '仿睡覺去格式', '晚安詩']"
101,2017-05-19 07:45:37,"我的喉嚨正在脫離我

但是今天要更好

#我是世界的光 
#精準打擊
#phonograph 
#早安詩",44,0,"['phonograph', '我是世界的光', '精準打擊', '早安詩']"
102,2017-05-18 00:23:07,"🐧Thanks guys🐧

#音樂組
#TEAM
#晚安詩",43,0,"['TEAM', '晚安詩', '音樂組']"
103,2017-05-16 19:39:40,"這是我的 至，
那你的呢？

#晚安詩",59,3,['晚安詩']
104,2017-05-15 00:30:57,"加油吧 會考男
等你考完我們就可以去

不行 就換我跟你弟考了

#晚安詩",63,1,['晚安詩']
105,2017-05-12 01:28:54,"好難喔

#晚安詩",52,4,['晚安詩']
106,2017-05-10 01:10:26,"『你又是一個人了，你難道不孤單嗎？』
『那不就跟肚子餓一樣嗎？』 #晚安詩",45,1,['晚安詩']
107,2017-05-07 02:14:11,"搖一搖
沒煩惱

#晚安詩",33,0,['晚安詩']
108,2017-05-01 23:51:03,"哪一段聲音
讓你最放不下心

#phonograph 
#晚安詩",32,1,"['phonograph', '晚安詩']"
109,2017-05-01 01:02:54,"比勝仗還令人滿足的敗仗

#晚安詩",36,0,['晚安詩']
110,2017-04-30 00:54:12,"悼

#晚安詩",35,2,['晚安詩']
111,2017-04-29 09:00:18,"世界上最厲害的人
就是無法溝通的人

#早安詩",48,1,['早安詩']
112,2017-04-28 00:36:11,"每天都和自己吵一架
不久後就能成為專家

#晚安詩",42,3,['晚安詩']
113,2017-04-27 00:37:10,"最後，
我們放下自己，
用生命歌唱。

#liveinfreedom
#晚安詩",53,5,"['liveinfreedom', '晚安詩']"
114,2017-04-23 00:45:07,"1.5個人是最好的組合
#晚安詩",46,2,['晚安詩']
115,2017-04-22 01:05:05,"如果有一天，我也留了這樣的短髮，
那一定很噁。

#晚安詩",48,4,['晚安詩']
116,2017-04-02 22:00:10,"『展覽。』 不爆雷 你們自己去看
❤",74,9,[]
117,2017-03-31 23:31:17,我現在超餓,50,1,[]
118,2017-03-12 19:42:54,"哭哭喔 日本得4分
石川步馬上丟回去
現在要換Martis來對三分砲的中田翔",49,0,[]
119,2017-03-10 20:36:53,"繼續來看日本各方面海電China
還沒po完翔吾又安打了
#AkiyamaShogo",38,0,['AkiyamaShogo']
120,2017-03-10 15:18:12,"就謝謝
真的謝謝",38,0,[]
121,2017-03-08 19:01:37,"糗爺一出手 便知有沒有
#臺灣逆轉大勝
#一路糗到美國",35,1,"['臺灣逆轉大勝', '一路糗到美國']"
122,2017-03-05 22:34:22,"聽說公活都要擺最後這樣

真的很謝謝你們
一直給我滿滿的動力
雖然我幾乎什麼事都沒幫上
但是很謝謝你們一直包容我🐧

致，
軍綠色外套男
限動大王
全部的我前奏大師
大眼正妹 (註：大眼是祝福)",59,6,[]
123,2017-03-05 21:35:48,"只能說 真的太幸運了
在這樣的時空下
站在這裡

感謝
扶持整團的學長
令人 驚豔的學弟
還有一直努力的49

最後 謝謝小黑
領著大家向前走
走指出音樂的感動

每個比賽都只是過站
而建合 正走在璀璨的道路上

然後學測可以安心讀了❤",53,1,[]
124,2017-03-05 00:29:10,"倏忽即逝。
回到家打開手機，竟然一張照片都沒拍。

理當是，
整個累趴的一次
喉嚨最啞的一次
籤運最差的一次
比賽最北的一次
成績最扯的一次
，
也許也是最後一次 吧。

早就和自己約定好，
要 就一路唱到最後，
要離開 就別再回來，
結果還是走了最討厭的各一半，

對吧，這樣的
我怎麼放得下
。",55,1,[]
125,2017-03-03 21:49:22,"我好想吃冰箱裡的霜淇淋
我的理智一定要克制住我
明天晚上才可以吃🐧🐧",45,4,[]
126,2017-02-26 21:48:53,"《開箱》
訂了半個月 譜終於來了🐧",56,13,[]
127,2017-02-24 00:01:40,#到墾丁跑跑步機,41,0,['到墾丁跑跑步機']
128,2017-02-23 17:25:01,#大企鵝,38,0,['大企鵝']
129,2017-02-22 15:08:36,"一個三刷在遊覽車上的概念

#君の名は",46,0,['君の名は']
130,2017-02-22 09:38:30,#帥,71,5,['帥']
131,2017-02-21 07:47:27,走囉,39,0,[]
132,2017-02-19 13:31:46,到底是誰發明小孩坐同一桌,33,0,[]
133,2017-02-19 13:20:30,看看我還能在這餐桌上假裝自己是左撇子多久,33,1,[]
134,2017-02-10 13:48:57,"祝你們得獎❤
在這裡看直播🐘🐘🐘",51,4,[]
135,2017-02-08 18:57:54,"反正我平常費雯那麼少
偶爾奢侈一下也不會怎樣吧

以後企鵝要低調 不要被發現
🐘🐘🐘",31,0,[]
136,2017-02-08 18:49:19,"我到那邊之後北一從贏25分一路輸到只贏1分

差點就讓他們被大逆轉了
我怎麼看籃球都4反指標
🐘🐘🐘",50,1,[]
137,2017-02-08 16:11:48,"請問有鄰近板橋的人們
要跟我去看HBL嗎🐘🐘
🐘🐘🐘🐘🐧🐘🐘🐘
好可憐 一個人❤❤❤",37,10,[]
138,2017-02-08 10:36:15,"我決定來看看再截圖下去會多亂

看來以後企鵝要收斂一點了
🐘才有出路",26,1,[]
139,2017-02-07 23:39:06,"我的企鵝竟然被討厭了
我還是趕快去睡覺好了

怎麼會這樣🐘🐘🐘",43,4,[]
140,2017-02-06 22:17:44,這小東西 (´･_･`),34,4,[]
141,2017-02-06 12:44:41,所以現在變成我要自己去回診了🐧🐧🐧 QQ,50,0,[]
142,2017-02-05 19:06:45,"滑著滑著突然好興奮的找到一篇WBC的分析認真文

覺得很開心 基於一種便當裡的滷蛋要留到最後吃的概念

我就從早上一直忍到現在
然後就不小心關掉了🐧🐧",39,2,[]
143,2017-02-04 16:24:13,"腳腳❤ 你們辛苦了
開學之後你們就可以好好休息了
謝謝你們 加油",48,3,[]
144,2017-02-01 21:20:49,"沒想到隨便看跟關8也可以聽到聽過的日文歌

真4好興奮啊
一定4因為今天二月",41,2,[]
145,2017-01-28 22:19:21,蜘蛛人🐧,43,8,[]
146,2017-01-28 00:05:25,"新年快樂這樣

他說年獸應該要怕黑色",63,9,[]
147,2017-01-25 22:35:57,記得過完年要回診喔,61,7,[]
148,2017-01-25 10:29:33,大師開示,38,11,[]
149,2017-01-23 22:27:41,兔子,59,2,[]
150,2017-01-05 23:04:05,"謝謝IG陪我半天 啾咪
我不4成年人 我謊報年齡
我改回來了 很乖",40,1,[]
151,2017-01-05 08:26:21,"可以不要在我一年唯一一天生日封鎖我嗎

快審核啦煩欸QAQ
我要多一個生日願望來解鎖啦喔煩欸",46,15,[]
152,2017-01-01 10:49:15,"繼續po ψ(｀∇´)ψ
Radwimps《前前前世》

1/1出太陽23℃
一定是叫我去打球

#跨年廢文",41,1,['跨年廢文']
153,2017-01-01 00:36:41,"新 年 快 樂
Happy New Year ψ(｀∇´)ψ
終於又可以立新的新年目標啦耶

我最喜歡這張了啦 如果我遇到他我會考慮要他FB

#兩人跨年趴
#跨年廢文",44,2,"['跨年廢文', '兩人跨年趴']"
154,2016-12-31 23:54:11,"拍到了啦ヾ(*´∀｀*)ﾉ
今晚目標get
阿哈哈哈

#跨年廢文",28,0,['跨年廢文']
155,2016-12-31 23:26:00,"日本連跨年都要領先我們
(阿不然咧啦

翔平ヾ(*´∀｀*)ﾉ
新垣ヾ(*´∀｀*)ﾉ

#跨年廢文",25,1,['跨年廢文']
156,2016-12-31 22:18:12,"PPAP feat. 快樂頌
真是蠢到爆 難怪會紅(´･_･`)
日本人真是天才

哈哈哈 你們那些去跨年的
你們看不到吧 哇哈哈
哈哈哈
(´･_･`) 阿哈哈",43,1,[]
157,2016-12-31 21:00:13,"一打開紅白歌合賞
竟然已經4福山雅治啊啊呀啊呀呀啊啊啊啊啊呀呀啊

Radwimps跟Piko都過了啦ヽ(｀Д´)ﾉヽ(｀Д´)ﾉ

可惡 我等一下要回播
ヽ(｀Д´)ﾉヽ(｀Д´)ﾉ

#跨年廢文",22,0,['跨年廢文']
158,2016-12-31 20:31:53,"竟然推掉三攤跨年趴之後躺在家裡看電視 真4太頹啦

那我要用廢文耍爆你們

一直發一直發
附上舊照假裝我好像有出門",35,0,[]
159,2016-12-30 22:48:25,"反正吵架也沒結果嘛
下次直接打架比較快❤",51,5,[]
160,2016-12-17 21:36:37,"『欸，阿你怎麼都輸爆？』
『我哪知道啊，不過你很像一隻青蛙。』",47,8,[]
161,2016-11-09 22:52:10,"我說啊
你什麼時候才要放過自己啊",60,2,[]
162,2016-10-29 13:34:40,"有多久，
沒有這樣強烈的渴求一個滿足的結局？",46,1,[]
163,2016-10-23 21:26:08,"G2 GET!!!
⚾⚾⚾",35,2,[]
164,2016-10-23 17:02:35,"看了這麼久 第一次到洲際 第一次真的直接接到界外球
有沒有這麼厲害的爸爸😂

就是TAIWAN SERIES❤
Game 2開始啦  橫掃!!! #TOUCHDOWN",44,4,['TOUCHDOWN']
165,2016-09-18 19:09:17,"First time at a doubleheader
#午場
#俊傑週日御用捕手",66,0,"['俊傑週日御用捕手', '午場']"
166,2016-08-08 16:05:16,HI,52,2,[]
167,2016-07-31 12:11:37,#Crazynight,40,3,['Crazynight']
168,2016-07-18 20:05:15,靜，,43,1,[]
169,2016-07-18 11:25:01,走,41,0,[]
170,2016-07-12 13:14:37,"好像應該來經營一下了ψ(｀∇´)ψ
#賣同學
#反正他應該看不到",56,8,"['賣同學', '反正他應該看不到']"
171,2015-01-11 17:45:55,,114,26,[]
