,time,post_caption,likes,comments,tags
0,2019-11-23 19:53:25,"#板橋邪惡竹筍
這次至少不是孤獨的被閃了
成為電燈泡之後至少還可以自己發光
就當作是我閃死自己的
終於有人陪我來看板橋萬惡竹筍了
而且我為了保住龍山寺月老的招牌
我還很貼心的不求了
希望月老能看到我的善良
賜給我一些錢
今天真開心",141,18,['板橋邪惡竹筍']
1,2019-11-16 23:10:34,自帶濾鏡的完美的一天,100,12,[]
2,2019-09-06 22:15:17,"今天天氣超好的
除了記錯集合時間太早起床是今天的敗筆之外
今天真的是充滿驚喜與快樂

早上八點出門都現在都還沒到家 
真的頗累",80,5,[]
3,2019-08-22 18:13:04,"Oh wow
這三天結束得比我想像中快
而且比我想像中更精彩更勁爆
認識很多我默默看了一年大頭貼的人
也認識很多跟我一樣來自雲嘉的雲嘉小孩們

從緊張期待變成興奮不捨
情緒轉化之快都讓我自己覺得不敢相信
真感謝自己決定來參加這次宿營
也感謝所有在這次宿營營期裡照顧我這古怪個性的大家
因為一場宿營讓我們認識了在台北的第二個家
這真的遠超出我對雲嘉會的想像

第一印象就這麼好了
叫我怎麼能不期待未來呢呵呵
好多好多人需要感謝
未來就請大家多多指教
我就負責把回憶都好好收藏ㄅ

#我愛一家 #一家超棒 #一家烤肉萬家香
#登出雲嘉宿營
#yensntujourney",107,24,"['一家超棒', '一家烤肉萬家香', 'yensntujourney', '我愛一家', '登出雲嘉宿營']"
4,2019-07-03 12:20:55,"喜歡踏浪的感覺
也喜歡海浪的聲音",74,2,[]
5,2019-07-02 22:20:58,I'm fond of travelling on account of its sheer thrill of exploration.,70,0,[]
6,2019-06-04 00:07:57,"<有一種悲傷>
偶爾唱一下
不然感覺這個帳號都沒在動

因為簡單的伴奏喜歡上這首歌
卻也因為豐沛的故事畫面感離不開
完整版不在這裡
#有一種悲傷 #比悲傷更悲傷的故事
#morethanblue #akindofsorrow
#yenboposts",41,4,"['有一種悲傷', 'yenboposts', 'morethanblue', 'akindofsorrow', '比悲傷更悲傷的故事']"
7,2019-05-20 16:25:17,"<沙漏 Semicolon>
沙漏的砂粒不曾抽離
時光卻一直落下眼際
夜自習我們許的那個約定
不只是場遊戲
我們仰望同一片星星
天鷹與雙子是夢與你
越走越遠 心頭卻越靠越近
這不是終點  是開啟

小小cover了一下竹中今年徵選的畢業歌其中一首
應該是目前聽過畢業歌裡最喜歡的感覺了
抓了一下和弦就自己彈唱了
現在在徵選階段
希望這首能選上

關於瑕疵請見諒
#yenboposts",37,1,['yenboposts']
8,2019-02-22 16:15:00,半年沒見竟然還記得我🐕,90,0,[]
9,2019-02-17 18:46:29,"-
噗一聲就到臺中了
意外意外

然後也滿一個月了
願一切安好",81,0,[]
10,2019-02-09 19:03:56,"收尾春假
要開始把腦拿出來了",73,3,[]
11,2019-02-07 20:02:33,🚗⛴🐟🍜🌞🌊👟👣,90,1,[]
12,2019-02-07 18:15:34,⛴,71,0,[]
13,2019-02-06 20:25:04,"•
年初二
暖陽暖心
肉與抹茶",71,0,[]
14,2019-02-05 20:20:28,"•
年初一
踏踏青",87,0,[]
15,2019-02-04 20:31:23,"🐖🎉🇼🇸
Happy new year.",83,4,[]
16,2018-12-31 22:00:20,"【 regenerate 】
不免俗的期許新的一年能更好
因為這就是我打從心底的願望
2018讓我獲益良多
2019希望能開展新局

2018從學測繁星放榜
到寫歌錄音高中畢業
做了很多不敢做的事
做了很多很完美的夢
2018過得很曲折但很精采不凡
我很滿意這樣的18歲
雖美中不足但瑕不掩瑜

Regenerate—重生
希望2018的所有努力和淚水
都用最好的方式重生
用最好的方式回到我眼前

2019
為了自己也為了在乎你的人
我們都要過得更好",80,0,[]
17,2018-12-24 21:45:59,"【 Christmas Eve 🎄 】
快樂聖誕夜
沒有新照片的聖誕夜
但還是有一些小禮物
希望所有願望都實現
一年比一年更開心

Merry Christmas 🎄
🤓🍕🍟🍗🍩🍬🍭🍵🎁🎉📚",66,0,[]
18,2018-12-15 22:21:14,"【 old school 】
The long and lonely night is a page could not be turned over.
—失眠書",78,1,[]
19,2018-10-16 20:33:57,"【 terminal 】
An one-hundred-day uphill battle",66,0,[]
20,2018-10-11 17:49:04,"【 glorious 】🎤
一首歌就能照亮一段記憶
一眨眼就能錯過一個花季
戴上耳機
怎麼留下
怎麼揮別
浮浮沉沉也迷迷茫茫
但還是隱約能看到一道微光
只是總是在身後而已
@nanalove1107 
@a33054723 
#20170520",84,2,['20170520']
21,2018-09-30 16:24:04,"【 ROOT 】
人都有生根之處
家鄉永遠只有一個
一片成長茁壯的土壤
一個造就我們的天堂

被問到家鄉有什麼特別的
沒有遠近馳名的名店 沒有百貨公司
沒有便捷的運輸 更沒有林立的大廈
雲林人有什麼？
其實仔細想想  我們擁有很多
一望無際的稻田 一籃籃外銷全台的蔬果
紅磚砌成的矮房 雞犬相聞的生活模式
在很多方面我們沒辦法和其他縣市相提並論
但是我很自豪我在這片純淨的土壤上奔跑過

也許世界很大
也許以往眼界一直被限制在這裡
但這只是成長的過程
濁水溪旁 嘉南平原上
是我成長的故鄉
因為藍天綠地的呵護
我們才得以一直單純 也一直樸實
一直用我們堅毅的本性向前奔跑
毫無畏懼地追求理想
讓這可愛的故鄉在我們的頭上
為我們阻風擋雨
為我們編織一個又一個美夢",60,1,[]
22,2018-08-26 19:14:26,【 poised 】蓄勢待發,76,0,[]
23,2018-08-24 21:54:19,"每次對焦都對不到我身上
看我把你標在滷蛋上",78,1,[]
24,2018-07-27 16:40:42,🐕愛不釋手,88,2,[]
25,2018-07-16 01:02:17,"這屆很多驚喜也很多意外
2022世足再見
#worldcup #france🇫🇷 #neymar_jr",71,0,"['france', 'neymar_jr', 'worldcup']"
26,2018-07-09 20:34:26,兩百日誓師📚,81,0,[]
27,2018-07-07 19:35:08,again,80,0,[]
28,2018-06-30 19:57:56,,89,0,[]
29,2018-06-14 18:03:47,一年🎤,107,2,[]
30,2018-06-05 17:57:56,,95,10,[]
31,2018-05-31 21:30:13,"-
謝謝你們
畢業快樂
—
希望明天哭得出來",101,0,[]
32,2018-05-07 18:25:29,"進錄音室了
完成了我一直以來的夢想
-
經歷緊急換曲的失落
兩天內 和熱血的你們一起譜曲作詞
到現在 和團結的你們一起錄音合唱
一首抒情搖滾的那片藍天成了青春最美的足跡
-
沒進到錄音室 不會懂得那種緊張還有期待
沒為青春瘋狂 不會了解那種充實還有溫暖
-
未來是否能像這樣再和你一起走向遠方
一起仰望 那片藍天
-
#錄音
#那片藍天
#沒有最好只有更好",100,3,"['那片藍天', '錄音', '沒有最好只有更好']"
33,2018-05-06 19:48:46,#生日快樂早鳥票,82,0,['生日快樂早鳥票']
34,2018-04-22 11:12:19,,89,0,[]
35,2018-04-21 21:56:44,"-
#光年之外cover
🎸@a33054723 🎤@susan19991219 📷@1026_katie",63,0,['光年之外cover']
36,2018-04-21 20:22:31,"-
辛苦了我的夥伴
畢業歌及MV預計在五月中釋出
請大家隨時關注 @yangtze_sh18_jh54",97,2,[]
37,2018-03-30 22:29:20,"加入熱音社 玩得超級開心
看到飢餓12的大家感覺好嗨
就覺得很滿足 即使緊張到吃不下 
也謝謝大家捧場的尖叫聲
首先謝謝 @s6311553 為這個活動付出的心血 還有對我們的包容
再來是 @peter_0817  @susan19991219 @stayfocus14_23 @xiangyu_0119 @eason89729 
你們的實力實在是有夠猛 
畢業歌再一起努力喔
飢餓12  食，我不孤單",88,19,[]
38,2018-03-13 21:44:06,請多指教🎤🎹🥁🎸,72,0,[]
39,2018-02-06 15:29:35,"畢旅來過
好多事情都不一樣了
但是現在很好
越來越好",76,4,[]
40,2018-01-28 17:51:33,"我說我回來了
#移動迷宮Ⅲ
#死亡解藥",70,2,"['移動迷宮Ⅲ', '死亡解藥']"
41,2017-08-11 19:27:17,37天戰鬥成就達成,75,1,[]
42,2017-07-22 21:58:23,,77,0,[]
43,2017-05-20 21:47:48,Dream of singer🎤,95,15,[]
44,2017-04-21 18:48:30,"Thanks for your power.
圓滿落幕🎉",75,6,[]
45,2017-01-25 19:01:38,"#台中一日遊
#抹茶同樂會💚
@ver_890618 @pinzi_lin1106 @lingjung1012 @hung_ghih_liao",77,3,"['台中一日遊', '抹茶同樂會']"
46,2017-01-25 18:57:05,"#只園抹茶
#台中一日游",61,0,"['只園抹茶', '台中一日游']"
47,2016-12-03 17:23:37,"是的 這兩天很開心 
然後 也非常的無言
謝謝二忠 我們今年真的很棒
一起努力 相信大家都很開心
大隊接力前的隊呼真的是😂
在我轉ㄕㄣㄣㄣㄚㄣㄚ之後
謝謝二忠 謝謝大家
#54週年校慶圓滿落幕",74,0,['54週年校慶圓滿落幕']
48,2016-12-02 19:49:39,"上去唱還以為感冒突然好了
結果來個回馬槍哈哈😷😷
覺得真的超級…
超級丟臉的啦
但還是謝謝大家的支持和鼓勵啦😁
玩得很開心🎉🎉🎉",77,4,[]
49,2016-08-27 12:10:42,#台中歌劇院,124,14,['台中歌劇院']
