,time,post_caption,likes,comments,tags
0,2019-12-10 14:45:34,"你也收藏限量的《美麗島》復刻本了嗎？

今天是美麗島四十週年，期盼台灣人對自由與民主的堅持，再也不惑。",7476,175,[]
1,2019-12-01 23:12:05,"最近助選沒時間陪小米，剛回家又要出門。
正在曬太陽的愛睏喵星人一臉森77，跳到我身上，快變成「咬人貓」...... #網帥小米",11808,244,['網帥小米']
2,2019-11-30 23:02:30,張廖萬堅委員講了一個冷笑話，我只好露出尷尬又不失禮貌的微笑。😂,7273,182,[]
3,2019-11-29 21:53:22,"Friday，來幫Freddy站台。
他是我們全家的偶像喔。因為他唱歌比我好聽，問政有夠猛！
.
龍龍濾鏡照在 @dragonforpeople 
@freddylimtt",8183,162,[]
4,2019-11-25 23:50:21,"昨天感冒，無法去火球祭rock一下。
感謝滅火器今天還是貼心送來全套大禮包，彌補我不能到場演唱的遺憾。

@fireex_official @fireexsam
#2019火球祭 #傻瓜大聯盟",10076,207,"['傻瓜大聯盟', '2019火球祭']"
5,2019-11-22 22:48:51,"今天飾演國中生，但一扯鈴馬上破功...... #旁邊的同學好淡定
#高雄 #大寮國中",5355,220,"['高雄', '旁邊的同學好淡定', '大寮國中']"
6,2019-11-19 15:54:43,"阿嬤在煮麵線，我來餵你。

#很療癒
#充滿粉紅泡泡",7258,132,"['充滿粉紅泡泡', '很療癒']"
7,2019-11-17 00:29:41,"今天聽到最療癒的一句話⋯⋯你本人很瘦！可以繼續吃🤤

#迷路炸物
#光華夜市
#邁邁的沒有在瘦身日記",9673,271,"['光華夜市', '邁邁的沒有在瘦身日記', '迷路炸物']"
8,2019-11-13 23:43:20,"娃娃機是在哈囉？
怎麼我一直認真夾都夾不到呢？

等高鐵的空檔，來小試身手！",8679,256,[]
9,2019-11-08 17:03:06,"盯工程，一定要記得戴帽子，最好不要帶肚子。
……
But，今天立冬，能不能補一下？",8163,220,[]
10,2019-11-06 10:38:02,"六歲大的柴柴既文靜又萌，卻有個很反差的名字：
Aniki！
484超酷的？

#小米不要看",9522,179,['小米不要看']
11,2019-10-28 23:36:14,"🥤看完電影，還是惦記著沒喝到旁邊看起來好好喝的Jamba Juice......
#陽光普照  #信義威秀",9319,193,"['陽光普照', '信義威秀']"
12,2019-10-22 23:33:10,"聽過黃小玫的「 ICE ICE 你」嗎？
我最喜歡的一首歌。

助理說，看我的表情就知道是在吃冰。

@sandy.hxm
#邁邁的沒有在瘦身日記",9469,266,['邁邁的沒有在瘦身日記']
13,2019-10-19 23:27:38,"閱冰無數的我，看到這支冰還是口水直流，先開動囉！🤤
.
用高雄的茶、高雄的玉荷包荔枝，做成高雄的冰淇淋。
這就是超好吃的高雄 #小露吃。
.
#看板有亮點‼️
#邁邁的沒有在瘦身日記 
#常美冰店 
@ciao_lucia_gelato",8901,182,"['小露吃', '邁邁的沒有在瘦身日記', '‼️', '常美冰店']"
14,2019-10-13 22:20:28,"在外「浪流連」三天三夜的陳小米總算在收假前找到回家的路。

全家都很擔心他，一回來就抱他，問他到底跑去哪了？",12736,295,[]
15,2019-10-10 20:40:25,"我家巷口的漢堡太好吃了，經典！
今天慶祝中華民國生日快樂，暫時放棄減肥。
#webberger 
#邁邁的沒有在瘦身日記",13259,380,"['webberger', '邁邁的沒有在瘦身日記']"
16,2019-10-08 23:27:13,"剛跑完跑步機，正自由自在的看NBA，真爽！

平等 、尊重 、言論自由 的價值，正是NBA迷人的地方。
#夜行軍腹院長",9143,167,['夜行軍腹院長']
17,2019-10-04 22:36:30,"超強der雙冬隊長！
. 「邁叔叔，你的手不要扶籃球架，放開啊！」
.
#釘孤輪 #獨輪車
#南投 #草屯 #立委蔡培慧",8006,192,"['南投', '獨輪車', '草屯', '立委蔡培慧', '釘孤輪']"
18,2019-09-29 22:29:28,"我還年輕 「我在青春的邊緣掙扎
我在自由的盡頭凝望
我在荒蕪的草原上流浪
尋找著理想」

我心狂野，就是要騎車！
. 參加2019 DGR「Distinguished Gentleman’s Ride」公益活動，為前列腺癌等疾病預防宣傳與募款。

#謝謝主辦單位借我這台車
#台鋁 
#DGR2019
#dgr #紳士路騎 
#注意颱風",11039,334,"['DGR2019', '台鋁', 'dgr', '注意颱風', '紳士路騎', '謝謝主辦單位借我這台車']"
19,2019-09-27 19:54:46,"pm19:30
要看完公文才能下班。
#腹院長日常",8440,279,['腹院長日常']
20,2019-09-24 22:45:35,"Day 9 基隆的三浦春馬，你最好要天天吃水煮餐了喔！

自從有了減腹神器，Let’s Win!

#夜行軍腹院長

@keelung_linyuchang",10225,263,['夜行軍腹院長']
21,2019-09-22 20:46:43,"佇坎坷的路騎我兩光摩托車
橫豎我的「歌手」人生甘哪狗屎
我沒音準沒節奏沒高低甘哪一條命 朋友阿 逗陣來搏～🎤
.
#摩托車日記",13128,420,['摩托車日記']
22,2019-09-21 12:03:19,"台北車站最美的燈箱廣告，深深吸引著我⋯⋯
早餐沒吃，覺得好餓！",9778,309,[]
23,2019-09-19 00:03:13,"Day8 認真有跑！
晚上陷入兩難困境，不知要喝綠豆湯還是夜跑？
天人交戰後，抵抗餓魔，跑步四公里。Done!

#找亮點
#夜行軍腹院長",14549,416,"['夜行軍腹院長', '找亮點']"
24,2019-09-17 23:29:20,"Day7 吃完一輪基隆美食，今天只好忠孝東路走九遍。

基隆美食太多，難怪基隆三浦春馬 @keelung_linyuchang 要減肥。
但聽說他已瘦了七公斤，大驚！

@keelunging 
#夜行軍腹院長
#基隆小吃",7431,178,"['夜行軍腹院長', '基隆小吃']"
25,2019-09-16 00:46:09,"Day6 尋人啟事
是你嗎？像健身教練般監督著我緊緊減腹。

在金瓜石點亮十三層時，有人對我大喊「副院長，夜跑加油！我們有在追蹤哦！」 只好繼續催落去。

#手刀跑一波
#夜行軍腹院長",5958,143,"['夜行軍腹院長', '手刀跑一波']"
26,2019-09-14 23:28:28,"表情很酷的妹妹，對我含情邁邁唱「紅豆」！假期第✌天，你吃了幾攤烤肉呢？
.
我都沒吃，努力跑攤，這樣會瘦✌公斤嗎？",8287,169,[]
27,2019-09-12 00:14:16,"心情不好，大港開唱「被再見」了，覺得鬱卒......
.
照片是2018大港開唱，我看著前台滅火器正在表演。

#大港開唱 @megaportfest 
#滅火器 @fireex_official @fireexsam",8644,223,"['大港開唱', '滅火器']"
28,2019-09-11 01:03:47,"Day...這算破功了嗎？
今天去看返校，順便更新 #邁邁的沒有在瘦身日記 。

西門町的著名傳統美食 #天天利，
上次 @tsai_ingwen 總統也來這裡吃過有荷包蛋的滷肉飯喔。",10814,254,"['天天利', '邁邁的沒有在瘦身日記']"
29,2019-09-10 19:15:26,"猜猜我在西門町做什麼？
#台北 #西門",7524,239,"['台北', '西門']"
30,2019-09-09 23:16:01,"Day5  我覺得我很可以！ 
即使今天被立委點名要公佈體重。

晚上忙到8點多下班，但用「快跑到模糊」來展現決心。

#夜行軍腹院長",9863,255,['夜行軍腹院長']
31,2019-09-08 00:22:05,"窗外，美麗的晚霞灑落在太平洋⋯⋯
但羨慕我後面的台灣黑熊正在⋯⋯喝珍奶。

#南迴鐵路
#台東 #高雄",9449,186,"['高雄', '台東', '南迴鐵路']"
32,2019-09-06 22:46:28,"今天改做手部運動！

師傅是88歲、在行政院寫書法寫了25年的朱國華阿伯；以及76歲、在行政院寫了16年的徐雪子阿姨。
我和老師說，如果忙不過來，可以找我代寫喔。

#想知道老師們的評語嗎
#臉書有完整影片",7076,154,"['想知道老師們的評語嗎', '臉書有完整影片']"
33,2019-09-05 22:40:51,"Day4
你以為停刊了嗎？
No，風雨無阻！
是跑到一半，下起大雨，淋成落湯雞，只好留待明天。

#夜行軍腹院長
#天助我也",5474,172,"['天助我也', '夜行軍腹院長']"
34,2019-09-04 23:58:08,"Day3
知道你們在想什麼，咦，今晚怎麼了，人咧？
努力跑下去！總有一天，你們會對我唱「shape of you 」🏃‍♂️ #夜行軍腹院長",10093,258,['夜行軍腹院長']
35,2019-09-03 23:29:17,"Day2
我與餓的距離⋯⋯
夜行真的有太多誘惑，真的很難⋯⋯
.
#對面麥當勞叔叔在招手
#夜行軍腹院長",10141,278,"['夜行軍腹院長', '對面麥當勞叔叔在招手']"
36,2019-09-02 23:55:30,"聽說 @keelung_linyuchang 減了五公斤。工作告一段落，快走回家。

#夜行軍腹院長",9335,201,['夜行軍腹院長']
37,2019-08-28 22:44:00,"行程很硬的一週！

上週五在INSIDE未來日演講「5G和台灣產業鏈的緊密關係」、
這週一到台大談「智慧交通」、
週二到中華電信黑客松談AIoT、
今天在WHATs NEXT！談「5G到未來」
四場跟科技有關的硬行程。

就算給我三個月，也很難變成三浦春馬。
但讓我為5G科技產業衝一波，台商回台投資加碼。",8389,170,[]
38,2019-08-23 18:13:21,"哇！
在台北會議中心演講5G的產業發展後，一踏出戶外，就看到一道彩虹。好美！
趕緊搭高鐵回高雄準備防颱了！",6555,114,[]
39,2019-08-22 21:18:45,"全世界都願意當香港的右眼。
跟我一起拍下手遮右眼的相片吧！告訴香港人他們不會孤單。

#Eye4HK
#FreeFromFear
#DemocracyForHK",15891,265,"['Eye4HK', 'DemocracyForHK', 'FreeFromFear']"
40,2019-08-20 22:33:57,"批公文、開會之餘，起身走走。
「立」志當全台灣最努力減腹的副院長。
#保證沒修圖",14030,459,['保證沒修圖']
41,2019-08-16 20:53:07,"你看！是電火球造型的雞蛋糕💡
好看又好吃，忍不住先幫小朋友們試吃幾口。

#行政院 #親子日 #邁邁的沒有在瘦身日記 
@eballgogogo",8986,171,"['邁邁的沒有在瘦身日記', '親子日', '行政院']"
42,2019-08-15 22:33:14,"就是顧你啦！
一個字一個字仔細看，簽了基本工資調漲的公文，會有183萬台灣勞工受惠。

#月薪將調至2萬3800元
#時薪調至158元
#香港加油",10501,225,"['月薪將調至2萬3800元', '香港加油', '時薪調至158元']"
43,2019-08-13 19:53:48,"跟個風，這幾天一直被 #台北懸日 洗版。
原來行政院頂樓就看得到，真的很漂亮！拍下來跟你們分享。

#懸日",9299,125,"['台北懸日', '懸日']"
44,2019-08-13 15:16:54,"衝一波！
連吸帶吃，半台斤重的涼麵、加上香蕉，緊緊緊在車上解決午餐。

大家趕時間，都吃什麼呢？
.
#邁邁的沒有在瘦身日記 #涼麵",11594,296,"['涼麵', '邁邁的沒有在瘦身日記']"
45,2019-08-10 19:12:31,"哇！酷 ! 和我一起去兜兜風嗎？
VW beetle 1970年 德國🇩🇪小龜

#高雄 #民享街 #老車",11222,195,"['高雄', '民享街', '老車']"
46,2019-08-08 18:58:26,"今天是父親節，也是國際貓咪日。
🐱慵懶小米叮嚀：颱風天就認命，好好待在家吧！
—
#父親節快樂
#InternationalCatDay
#網帥小米",6937,98,"['網帥小米', '父親節快樂', 'InternationalCatDay']"
47,2019-08-07 18:25:35,喝咖啡是小事，和珍惜的人一起是大事。☕祝大家情人節快樂！,9130,184,[]
48,2019-08-04 23:09:50,"「你看，這是旗山常美冰店吃冰的照片，喔！好好吃⋯⋯」
跟阿嬤一家人分享高雄的好味，弟弟像聽故事一樣⋯⋯😄
.
#高雄 #鼓山 #鹽埕",8976,138,"['高雄', '鹽埕', '鼓山']"
49,2019-08-02 18:56:23,"最新打卡秘境！
大家要來 @ilovepinkoi 快閃店了嗎？

今天和余宛如委員到台北市歷史建築、大稻埕Originn Space，聽 #Pinkoi 執行長Peter談八年來，如何用網路把台灣文創商品賣到全世界的成功故事。

再到 #茶米露 吃一碗幸福的冰西米露，充滿台灣味的午後（重點在此）。
.
#貓
#邁邁的沒有在瘦身日記
#有時候口味的西米露
#滑到最後有神秘影片
—
Pinkoi Pop-up Store
8/3-8/18
#designthewayyouare 
#pinkoipopupstore",10399,188,"['貓', '邁邁的沒有在瘦身日記', 'designthewayyouare', '有時候口味的西米露', '茶米露', 'pinkoipopupstore', 'Pinkoi', '滑到最後有神秘影片']"
50,2019-07-17 21:55:13,"今天在旗山，飯後......你們知道的，來碗冰才完整！😉🍨
.
#來美濃旗山看看農民朋友
#常美冰店 #旗山彭于晏
#高雄 #旗山

#邁邁的沒有在瘦身日記",15613,341,"['高雄', '邁邁的沒有在瘦身日記', '旗山彭于晏', '常美冰店', '旗山', '來美濃旗山看看農民朋友']"
51,2019-07-14 14:01:08,"路過台南鹽水，猜猜我吃什麼口味的冰？🍨
提示：「有時候～有時候～」
.
#趕行程在車上緊緊吃
#銀鋒冰果室
#邁邁的沒有在瘦身日記",12818,447,"['趕行程在車上緊緊吃', '邁邁的沒有在瘦身日記', '銀鋒冰果室']"
52,2019-07-12 17:56:10,"漢堡是快速填飽肚子的神器 🍔 
你有吃過這家嗎？終於如願！
#樂檸漢堡 #花醬大俠牛 #邁邁的沒有在瘦身日記",7060,291,"['邁邁的沒有在瘦身日記', '樂檸漢堡', '花醬大俠牛']"
53,2019-07-11 19:20:49,"工作再多年，每天必做的基本功還是不能偏廢，你說對吧？✍
#腹閣揆日常 #認真看報紙畫重點",10838,244,"['腹閣揆日常', '認真看報紙畫重點']"
54,2019-07-03 12:25:06,"This is my lunch,我想我會不會吃太多了⋯⋯？ #邁邁的沒有在瘦身日記",7642,243,['邁邁的沒有在瘦身日記']
55,2019-06-25 17:46:10,"今天體驗打LoL，靠旁邊這位carry了！ @yulihong22
#希望我沒有雷到隊友><
.
#六都電競爭霸戰 #英雄聯盟 #電競 #悠咪",9196,113,"['希望我沒有雷到隊友', '悠咪', '六都電競爭霸戰', '英雄聯盟', '電競']"
56,2019-06-19 18:10:59,"今天好多人傳這張給我，我都有收到喔！
感謝網友把我拍得這麼瘦。😎
.
#今天也有看到這張的舉個手🙋‍♀️🙋‍♂️
#關心疫情就是要緊緊緊",19938,925,"['今天也有看到這張的舉個手', '關心疫情就是要緊緊緊']"
57,2019-06-15 20:11:02,"減腹也要吃道地美濃味🤤
這樣可以當美濃粄條的代言人嗎？
#歡迎留言分享你的私藏粄條店家

#邁邁的沒有在瘦身日記
#美濃老牌粄條店
#高雄 #美濃
.
美濃老牌粄條店
地址：高雄市美濃區泰安路106號",12246,286,"['高雄', '邁邁的沒有在瘦身日記', '歡迎留言分享你的私藏粄條店家', '美濃', '美濃老牌粄條店']"
58,2019-06-07 10:40:53,"小米喵得這麼用力，是也想吃粽子嗎？
.
喵星人不能吃粽子，只好我們來幫牠們吃了。端午節快樂！

#南部粽 #北部粽
#好吃就是好粽",12037,338,"['北部粽', '南部粽', '好吃就是好粽']"
59,2019-06-07 01:11:42,"吃冰嗎？叫我們兩個年輕男孩第一名！

#團結就吃得完十人份的冰
#和我們一起支持辣台妹 
#福泉豆花 #高雄 #鼓山",10584,208,"['高雄', '鼓山', '和我們一起支持辣台妹', '團結就吃得完十人份的冰', '福泉豆花']"
60,2019-06-04 22:43:15,"米粉們晚安 ^ •̀ω•́^ฅ 
陳小米提醒你：6/10-6/14手機和市話都可能接到民調電話，記得回答 #唯一支持蔡英文  喔！喵！
#助英台",9781,158,"['唯一支持蔡英文', '助英台']"
61,2019-06-03 18:49:01,"有圖有真相，吃完午餐來一支冰，繼續工作！🍨
#吃冰就是退火
#吃冰也要衝一波",10119,223,"['吃冰也要衝一波', '吃冰就是退火']"
62,2019-06-01 14:58:48,"冰冰涼涼的新鮮果汁🤤乾杯！
.
#喝果汁和減腹無關
#高雄 #大樹",11519,326,"['喝果汁和減腹無關', '高雄', '大樹']"
63,2019-05-24 16:42:05,"⛱和自拍最有名的部長，示範用客家花布傘做穿搭。
這個拍照姿勢有沒有很會？
.
#這傘超美 #台灣限定
#高雄旅展",8437,172,"['高雄旅展', '台灣限定', '這傘超美']"
64,2019-05-23 17:31:49,"👋我來介紹一下，照片右邊這位是亦明，左邊是我。（大誤）
@lanyimingyoyo

#這相似度你給幾分
#ootd還是很相似",10883,195,"['ootd還是很相似', '這相似度你給幾分']"
65,2019-05-19 17:23:30,"抱歉只能讓大家用眼睛吃冰淇淋👀🍦
來旗山，一定要朝聖1945年就創立的老店：常美冰店！
這麼熱的天，吃冰就是要緊緊緊才不會融化。
.
#有理念的冰94好吃
#旗山美食
#旗山景點
#常美冰店",10646,185,"['常美冰店', '旗山景點', '有理念的冰94好吃', '旗山美食']"
66,2019-05-18 13:00:42,"#陳小米不要看這篇 🐱
看過我抱狗狗嗎？沒看過的話，現在給你看看。

這隻可愛的小黑狗Toro妹，四個月大，讓我差點離不開莊瑞雄委員的辦公室，實在是太可愛了！

#Toro也很喜歡我的手指
#我的最愛還是陳小米
#陳其邁",9780,157,"['陳其邁', '我的最愛還是陳小米', '陳小米不要看這篇', 'Toro也很喜歡我的手指']"
67,2019-05-17 15:47:09,#LoveWon 🏳️‍🌈 #Taiwan,8332,89,"['Taiwan', 'LoveWon']"
68,2019-05-17 13:16:44,"早上與女兒通電話。她支持婚姻平權，但因學校有課沒辦法到立院。
她關心著目前進度，期待著未來台灣將是讓相愛的人都能結婚、都能站在陽光下的所在。

這也是我的期待。
此刻我正在立法院議場後面，為了下一代的期盼、自由與權利，正努力的溝通與拜託。

台北的天空下著雨。我告訴她，雨馬上會停。台北的天空將會出現一道美麗的彩虹。

#政院版
#LoveWins",11070,157,"['政院版', 'LoveWins']"
69,2019-05-16 15:16:00,"^ↀᴥↀ^ 今天收到 #文山志玲 的貓咪抱枕，我要帶回去問陳小米喜不喜歡？🤔
.
#是不是長得跟小米很像
#網帥小米",5702,95,"['文山志玲', '網帥小米', '是不是長得跟小米很像']"
70,2019-05-05 18:15:06,"緊緊緊！努力潛水腹殺了！😳
.
#旁邊兩位都是辛苦偉大的孕媽咪
#你們看看我這大概幾個月了",5518,105,"['旁邊兩位都是辛苦偉大的孕媽咪', '你們看看我這大概幾個月了']"
71,2019-05-04 18:32:28,"牛肉在哪裡？牛肉在我肚子裡！ 「在艦艇上吃牛肉麵」的人生成就，可不是簡單能達成，很特別的體驗，十分滿足！🤔
扎實的味道，就跟所有參與演習的作戰隊員們一樣，有料又實在！台灣有你們真好！

#海巡隊員們超強der
#金華演習
#反恐演習
#宜蘭艦 #海巡署",7192,84,"['宜蘭艦', '反恐演習', '金華演習', '海巡隊員們超強der', '海巡署']"
72,2019-05-04 08:33:28,"你已被統測好運陳小米造訪！🐱
.
統測的同學、家有統測生的家長們，早安。👋
.
准考證、文具再次確認準備好了嗎？
上場加油囉！
.
#108四技二專統一入學測驗 #網帥小米",7491,102,"['網帥小米', '108四技二專統一入學測驗']"
73,2019-05-03 19:54:24,"獲得一個台味十足的遮腹神器👏
猜猜上面有什麼？
.
#遮腹等級提升
#感謝邁粉
#台灣製抱枕 #MIT
#找亮點 #晚點限時動態解答",8203,237,"['MIT', '台灣製抱枕', '感謝邁粉', '遮腹等級提升', '找亮點', '晚點限時動態解答']"
74,2019-04-30 14:36:56,"🏍宗興啊，你要載我去佗位？等等！我先回去拿安全帽！
稍等阮鬥陣去聽歌。
.
《咱上愛的所在》在數位平台上架囉！

大家別怕！今天不是愚人節，裡面也沒有我的歌聲，請放心下載支持。
從選前就有好多朋友問，好喜歡《咱上愛的所在》，什麼時候會在數位平台上架？

謝謝林宗興、紀華朗老師等人的努力，今天這首歌，正式在數位平台上架了！
.
也再次感謝熱愛高雄的宗興、路寒袖老師譜寫出這麼動人的曲和詞。

你知道嗎？會寫歌、也會唱歌的宗興 @andygolden1007，是在地高雄囝仔，真的很棒。
.
🔍 歡迎到 Apple Music、KKbox、Friday音樂、Mymusic搜尋「咱上愛的所在」🎶
.
#可以帶著這首歌到處聽了
#該不會KTV以後也唱得到這首歌",6442,114,"['可以帶著這首歌到處聽了', '該不會KTV以後也唱得到這首歌']"
75,2019-04-25 16:53:20,"天氣熱，林智堅市長帶我來吃新竹好吃的紅豆牛奶剉冰！
.
邊吃邊聽林市長爭取建設經費，hen可以。

#吃光地方美食是腹閣揆的責任 #猜猜我還吃了什麼
#腹閣揆
#光華冰菓室",8901,141,"['光華冰菓室', '腹閣揆', '猜猜我還吃了什麼', '吃光地方美食是腹閣揆的責任']"
76,2019-04-23 20:58:33,"📖世界閱讀日，歡迎大家拿起你手邊最近的書，和我分享書中你最愛的一句話喔！

或是如果你現在剛好就在看書，也可以分享你正看到的那行！

等等我也會在臉書上推薦幾本書，我們一起看。
.
#腹有詩書 #世界閱讀日",7309,146,"['腹有詩書', '世界閱讀日']"
77,2019-04-19 14:36:00,"「擊中你的心！」 #VR
#FutureCommerce
#未來商務展",5764,153,"['未來商務展', 'FutureCommerce', 'VR']"
78,2019-04-16 23:34:01,幫大家畫本照片重點：剪了頭髮。💇‍♂️有好看嗎？,8282,249,[]
79,2019-04-15 12:17:34,"由失散多年的兄弟組合成的男子團體😉像到連我自己都嚇一跳！
這相似度你給幾分？
.
#連ootd也驚人的相似
#台視17Q
#YouTube有完整版可以看喔
.
#陳其邁 #藍亦明 #林辰",8826,202,"['藍亦明', 'YouTube有完整版可以看喔', '連ootd也驚人的相似', '陳其邁', '林辰', '台視17Q']"
80,2019-04-12 16:58:09,"聽說這是尋找威利的藍亦明版，看到眼睛都要老花了🧐
你找到幾個菜喳？
.
#亦明在哪裡絕對難不倒你
#數不清有幾個我
#414星期日晚上8點 #鎖定台視17Q

@lanyimingyoyo 
@17.media",11572,295,"['數不清有幾個我', '鎖定台視17Q', '亦明在哪裡絕對難不倒你', '414星期日晚上8點']"
81,2019-04-11 15:03:49,"這件衣服上的圖案......難道是我愛的剉冰？🍧
.
#臉書入新厝
#猜猜我的簽名在哪",5642,96,"['猜猜我的簽名在哪', '臉書入新厝']"
82,2019-04-06 22:11:56,"示範給你看，高雄的蕃茄切盤就是要這樣吃。
你們北部有嗎？沒有的話......
下次來吃！
.
#重點在沾醬 #有沒有人知道沾醬的配方?
#東美鹽埕",11464,338,"['有沒有人知道沾醬的配方', '東美鹽埕', '重點在沾醬']"
83,2019-04-05 19:55:07,"歡慶台灣貓節 喵大統領率百官宣誓就職🐱
.
你知道嗎？四月四日除了是兒童節外，也是台灣貓節，各位鏟屎官們，昨天有幫家裡的長官加菜嗎？
.
作為星球最高統治者，喵統領府特別公佈昨日就職儀式，提醒各位鏟屎官，務必要攜手同心，共創美好未來。以下是就職宣言：

余等謹以至誠，向全體國人宣示。余必遵守喵星法，盡忠職守，增進鏟屎官福利，保衛國家，無負國民所託。如違誓言，願受無貓砂無逗貓棒之最嚴厲制裁。謹誓。

喵大統領元年四月四日。🐾
.
#陳小米表示肯定
#猜猜看誰是誰
#找找我在哪
#陳其邁",5272,115,"['陳其邁', '陳小米表示肯定', '猜猜看誰是誰', '找找我在哪']"
84,2019-04-02 17:59:37,"驚，是小英總統👋
來總統府也能拍網帥網美照、和總統打卡，你來過了嗎？
#府100 
#總統府建築百年特展",7928,131,"['總統府建築百年特展', '府100']"
85,2019-03-31 23:03:41,"在冰果店點餐，看架勢就知道是不是內行。這架勢你給幾分？🍅🍧 #東美鹽埕
#來高雄94要吃冰啊",8167,177,"['來高雄94要吃冰啊', '東美鹽埕']"
86,2019-03-24 23:21:40,"#晚安台灣！
我在大港開唱，有遇到我的人舉手答右好嗎？
在搭上 #長途夜車 之前，#standinghere（站在這裡），吹著 #南國的風，聽著 #憂愁戀歌。
我們都是 #海上的人，但今晚沒有衝浪。
有時遇到困難，就像我的歌聲，重現 #一九四五 年的高雄大空襲，讓人 #欲走無路。但是 #繼續向前行 就對啦，在這 #人生 的音樂祭，我們一定能看到 #島嶼天光！

#大港開唱
@fireex_official",7412,164,"['繼續向前行', '島嶼天光', '晚安台灣', '長途夜車', 'standinghere', '欲走無路', '南國的風', '憂愁戀歌', '大港開唱', '人生', '一九四五', '海上的人']"
87,2019-03-23 23:15:14,"今天明天，你有去大港開唱嗎？🌊
不管有沒有買到大港開場的票，鹽埕埔的小吃都不能錯過，一定會讓你吃到「有腹」還捨不得離開。🤤
.
#大港開唱 #高雄駁二
#米糕城 #阿財雞絲麵 #汕頭火鍋 #炭烤三明治 #綜合茶 #奶茶街
#GoToMegaport

#陳其邁",9415,335,"['綜合茶', '汕頭火鍋', '陳其邁', '阿財雞絲麵', 'GoToMegaport', '大港開唱', '奶茶街', '高雄駁二', '米糕城', '炭烤三明治']"
88,2019-03-17 16:55:02,"科技可以讓大家的生活更好，就像帽T和T恤可以使人看起來更年輕😎
.
#2019總統盃黑客松
#黑客文化實踐政府服務再造
@froggychiu",5663,106,"['2019總統盃黑客松', '黑客文化實踐政府服務再造']"
89,2019-03-14 19:26:26,"3.14可以畫出一個圓。⭕
3月14日，可以給出一顆心。❤️
.
今天是白色情人節。
我的風格就是緊緊緊！
建議大家：有人愛你，剛好你也愛他的話，緊去回應告白！
.
單身也沒關係，我來唱首倔強給你聽，讓你忘記孤單寂寞，自己圓滿自我也不錯。
緊緊緊，人生就怕空白錯過。
畫出完美的圓，給一顆圓滿的心。 .
#緊緊緊 #有人愛緊去告白 #不要圓肚子就好

#有人說單身並不可怕 #可怕的是我唱倔強給你聽👂",6443,238,"['不要圓肚子就好', '有人說單身並不可怕', '可怕的是我唱倔強給你聽', '有人愛緊去告白', '緊緊緊']"
90,2019-03-09 22:04:54,"🐱：區區一個逗貓球難不倒我！看我使出我的無影爪！
.
#武林高手陳小米
#網帥陳小米",10043,184,"['網帥陳小米', '武林高手陳小米']"
91,2019-03-07 21:01:42,"節約用水 大家一起來👏

最近雖然偶有降雨，政府把握天氣時機，由水利署與空軍合作，推動人造增雨，增加降雨，提高蓄水量。為了確保家家戶戶、各行各業都能享受穩定供水，還是需要大家一起努力節水、珍惜水資源。

2018年的平均降雨量是2100毫米，相較歷史平均的2500毫米，減少約六分之一。

透過水庫總量管制、自來水離峰時間減壓、跨區域及重要管線調度等措施，過去六個月，我們成功省下4.5億噸的水量。為了因應接下來的用水高峰期，請大家一起響應節約用水！💦
.
#4.5億噸有兩個以上石門水庫那麼多
#水很珍貴別浪費
#節約用水也要記得洗手保清潔
#陳其邁",4662,141,"['陳其邁', '節約用水也要記得洗手保清潔', '4', '水很珍貴別浪費']"
92,2019-03-02 16:48:16,"吃了幾十年都吃不膩的新鮮涮牛肉火鍋，只有高雄吃得到！
掃光之前先拍幾張給你們流口水。
是不是看起來超好吃的？🤤
.
#被昨天總統IG照餓到 @tsai_ingwen 
#快揪朋友來高雄吃火鍋
#肉這麼新鮮好吃當然要先下肉啊🥩

#去限時動態看看我獨門的醬料搭配",6992,243,"['被昨天總統IG照餓到', '快揪朋友來高雄吃火鍋', '去限時動態看看我獨門的醬料搭配', '肉這麼新鮮好吃當然要先下肉啊']"
93,2019-02-27 19:38:48,"羊角姐妹姿予、黛甄，因高雄氣爆損傷脊髓，自此人生是坐著輪椅的「仰角」（羊角）視野。
.
但困境未曾折損他們的樂觀與勇氣，羊角姐妹決定參加今年的東京馬拉松，用自己的雙手推滿42公里完賽。
.
像羊角一樣堅韌的力量，鼓勵著所有的人。
期待也祝福順利完賽，也邀請大家一起為姿予、黛甄集氣加油！👏
#羊角姐妹 #陳其邁",7942,115,"['陳其邁', '羊角姐妹']"
94,2019-02-25 19:13:21,"說到做到就是我的倔強！👐
.
你，敢一起倔強還願一波嗎？
今晚20:00和視網膜、星期天、鄭運鵬一起「還願」實況，好膽你就來還願！
.
@retina_anchorman 
@sundayright_dub
#鄭運鵬

#還願
#說到做到就是我的倔強
#慈孤觀音指示我一定能全程玩到破關
#有種就來跟直播
#支持台灣國產遊戲
#陳其邁",9016,169,"['鄭運鵬', '說到做到就是我的倔強', '陳其邁', '有種就來跟直播', '支持台灣國產遊戲', '慈孤觀音指示我一定能全程玩到破關', '還願']"
95,2019-02-24 23:59:22,"呢嘛要開「還願」實況是不是？！😉
2月25日星期一晚上八點，好膽你就來還願！
記得也來下載還願一起玩喔！
也有壯膽陪玩神秘客，敬請期待。
不見不散！

#還願
#說到做到就是我的倔強
#慈孤觀音指示我一定能全程玩到破關
#有種就來跟直播
#支持台灣國產遊戲
#陳其邁",5861,218,"['說到做到就是我的倔強', '陳其邁', '有種就來跟直播', '支持台灣國產遊戲', '慈孤觀音指示我一定能全程玩到破關', '還願']"
96,2019-02-23 20:17:33,"民主自由的國度，創作才能不受限制。劇情巧思還是彩蛋，都讓人拍案叫絕！👏
力挺國產遊戲，支持創作自由。
.
#支持台灣獨立製作的國產遊戲
#還願Devotion
#赤燭遊戲 
#RedCandleGames

#陳其邁",8938,277,"['赤燭遊戲', '陳其邁', 'RedCandleGames', '還願Devotion', '支持台灣獨立製作的國產遊戲']"
97,2019-02-22 11:49:34,"聽說今天是貓的日子，正在深思如何過這一天中......
啊，想到半天都過去了 ฅ=^ • ᴥ • ^=ฅ

#網帥小米
#媽麻說我的手收比把拔美
#是不是因為這樣把拔故意沒拍到手收

#貓之日
#領養代替購買",7091,164,"['網帥小米', '媽麻說我的手收比把拔美', '領養代替購買', '是不是因為這樣把拔故意沒拍到手收', '貓之日']"
98,2019-02-21 21:48:54,"「政務多如牛毛，要緊緊緊 kín kín kín，才能實現共好的理想。」🙌
.
大家晚安，今天是世界母語日。
母語是我們的瑰寶、文化的根，多元的語言讓我們看到多元的世界。
大家猜得出我跟院長分別說了什麼嗎？
.
#221世界母語日 #陳其邁
#一起說爸爸媽媽的語言",5969,124,"['陳其邁', '221世界母語日', '一起說爸爸媽媽的語言']"
99,2019-02-20 23:17:09,"pm 22：20

幕僚隨手拍下我今晚與蘇院長及民進黨委員們開完會，離開政院時的照片。

這是執政團隊的日常，為了讓大家有更好、更幸福的生活環境，團隊的每一個人，都把一天當兩天在用。

行政院即將推出的《司法院釋字第748號解釋施行法》草案，我們希望能在大法官釋憲與公民投票的結果之間，取得最大公約數。

我們同在這塊土地生活，彼此尊重包容，希望能讓更多人享受到相同的幸福生活。

#LoveEquals @eballgogogo",6795,249,['LoveEquals']
100,2019-02-17 22:23:25,"🐱：「拍好了嗎？可以把新年紅包拿去買罐罐了嗎？」 #小米表示謝謝米粉送牠紅包
#籃子控 #陳小米
#新的一年又是貓年",7510,162,"['陳小米', '籃子控', '小米表示謝謝米粉送牠紅包', '新的一年又是貓年']"
101,2019-02-15 21:55:49,"「當我和拍子不一樣，那就讓我不一樣～」🎶
拍子落後，一樣要倔強、堅強的唱下去。

#陳其邁 #蔡其昌 #倔強",5610,163,"['陳其邁', '蔡其昌', '倔強']"
102,2019-02-11 00:24:11,"貓咪好像都是籃子控？！大家家裡的喵星人也是嗎🤔
#睡到洩漏肉球 #網帥小米的日常",6364,194,"['睡到洩漏肉球', '網帥小米的日常']"
103,2019-02-08 12:56:46,"假期倒數中😮
借我15秒的時間教你「新年快樂」的手語，回去和同事同學花式拜年。

#眼球中央電視台",4819,166,['眼球中央電視台']
104,2019-02-06 21:46:09,"過年94要回家吸貓。🐈
但不知道是不是前幾天抱別的狗狗
小米到現在正眼都不看我一眼💔
#好羨慕小米為什麼都不會胖
#每一年都是貓年",9476,283,"['每一年都是貓年', '好羨慕小米為什麼都不會胖']"
105,2019-02-06 09:37:12,"你可知道今年是屬什麼的年？
是屬於我們的一年🐷",6760,163,[]
106,2019-02-04 16:39:34,"親愛的，你還在滑手機嗎？！📱👈 今天除夕，快放下手機，去陪家人聊聊。
擁抱並告訴他們「我愛你！」也替我轉達其邁對大家的祝福。

祝大家新年快樂！🎉
#2157一起鎖定眼球央視春晚",7760,209,['2157一起鎖定眼球央視春晚']
107,2019-02-01 22:20:22,"🐕療癒的浪浪們。
希望牠們能盡快和陳小米一樣，找到自己的家。
做個市調，大家是貓派還是狗派呢？
#我要回家吸貓了 #大家返鄉路上平安

#領養代替購買",8899,338,"['大家返鄉路上平安', '領養代替購買', '我要回家吸貓了']"
108,2019-01-28 22:36:49,"台上的是貓科歌唱團體「蔡小虎」和「陳小米」，借用貓兒子的名字出道一天！🐱🎤 #和原唱一起唱歌成就解鎖🔓
#網路上大家都說我唱這首比紅豆好聽",3492,179,"['和原唱一起唱歌成就解鎖', '網路上大家都說我唱這首比紅豆好聽']"
109,2019-01-25 22:47:39,"大家晚安👋，週六晚間起又有一波強烈冷氣團來襲。

考學測的朋友，除了帶上外套，也要記得帶上身分證或有效證件、文具、擦子或擦布。 
也提醒明天要出遊的朋友，務必做好保暖工作。
或者在家對對剛出爐的統一發票中獎號碼，也是個好選擇。",5909,148,[]
110,2019-01-22 23:24:40,"❄️低溫特報❄️ 這兩天將出現攝氏１０度左右低溫。

其邁提醒大家，除了要多加衣物、注意保暖外， 📌留意家中瓦斯熱水器的通風、電暖器具的安全！ -
📌農漁養殖業及山坡地作物嚴防寒害。 -
📌有心血管疾病患者以及年長長輩，務必要做好保暖措施。 -
📌上班、或接送小孩等外出活動，記得多加件外套。 -
📌發動車子前留意有沒有貓或狗躲在車下取暖。

#最後一點小米強烈要求置入",8813,211,['最後一點小米強烈要求置入']
111,2019-01-21 14:57:51,"「更加勇敢的台灣人」💪
—
20190120陳其邁在橋頭糖廠《大時代的故事》專書發表會：
不管是家人、最親近的愛人，大家都要「相揪作伙」，站在一起守護家鄉和民主，成為 #更加勇敢的台灣人。",5489,159,['更加勇敢的台灣人']
112,2019-01-16 21:21:34,"十年前後，身材有一點點走鐘，但是為了大家緊緊緊的精神不變。

#十年前在災區
#十年後在政院
#10yearchallenge",10728,390,"['10yearchallenge', '十年前在災區', '十年後在政院']"
113,2019-01-13 23:21:00,"「要把小米抱枕帶上台北，先過本貓這一關（伸爪）！」
#網帥鵝止表示這就是牠
#所以一副這不是要送給我嗎的眼神",8038,225,"['所以一副這不是要送給我嗎的眼神', '網帥鵝止表示這就是牠']"
114,2019-01-13 11:09:39,"大家覺得我們有像嗎🤔
#謝謝有人送了我很可愛的玩偶
#聽說是長得跟我很像的動物",11007,324,"['聽說是長得跟我很像的動物', '謝謝有人送了我很可愛的玩偶']"
115,2019-01-09 20:06:46,"「要給邁哥抱抱！」
給有著閃亮眼神的他們一個擁抱，祝福平安健康的長大。💪 -
#社區關懷據點
#翠屏樂活兩歲生日",8258,129,"['社區關懷據點', '翠屏樂活兩歲生日']"
116,2019-01-06 22:55:01,"大家吃火鍋都調什麼醬？#挺菜派大勝我就不問你們先涮肉還是先下菜了🥦🥩
-
#吃沙茶火鍋怎麼可以沒有蛋黃
#卓主席和我已達成火鍋共識",8870,259,"['吃沙茶火鍋怎麼可以沒有蛋黃', '卓主席和我已達成火鍋共識', '挺菜派大勝我就不問你們先涮肉還是先下菜了']"
117,2019-01-05 14:41:20,"昨天陳姓男子臨時亂入視網膜、星期天「膜天倫之夜」直播。
當時到底是聊了什麼讓三個人都笑到並軌🤔

@retina_anchorman @sundayright_dub
#膜天倫之夜",7367,110,['膜天倫之夜']
118,2018-12-31 23:15:29,這一年謝謝大家，先祝大家新年快樂🎉🎊,8274,306,[]
119,2018-12-31 10:50:32,"前晚和陳明章老師、大正一夥人去吃宵夜。
慶祝演唱會大成功，被一堆人捕獲拍照。📷 -

有粉絲看到有人的po文照片，也買了一件類似的帽T給老公穿。
實驗結果是...... 太太很有才，老公其實也是幽默型男一枚！
被他倆恩愛的方式笑到歪腰。期待後續黑鏡框和球鞋的搭配喔！

#五樓你打幾分
#實驗精神和效率超過一百分
#穿帽T衝浪嗎",6874,100,"['實驗精神和效率超過一百分', '五樓你打幾分', '穿帽T衝浪嗎']"
120,2018-12-29 00:20:07,"大家大喊「邁邁來衝浪」！於是第一次體驗人體衝浪了 
#超嗨 #會潛水但沒衝過浪 #所以衝錯面了

#滅火器 #ONFIREDATE
#crowdsurfing",13957,598,"['超嗨', '所以衝錯面了', '會潛水但沒衝過浪', 'ONFIREDATE', 'crowdsurfing', '滅火器']"
121,2018-12-24 22:40:12,"聖誕是一個溫馨的節日，也是一年的尾聲。🎄 -
大家聖誕快樂、新年快樂！
來年，還是要一起繼續為這塊咱上愛的所在打拚。

謝謝繪師們願意分享這些圖，讓更多朋友們感受耶誕的氣息。

#感謝嘎嘎繪製
#感謝Kami_ghost87繪製
#merrychristmas",6342,254,"['感謝Kami_ghost87繪製', '感謝嘎嘎繪製', 'merrychristmas']"
122,2018-12-21 15:03:52,"謝謝佳龍帶我遊台中☕#光復新村
#來台中拍網帥照成就解鎖
#今天沒有小米但有龍龍

@dragonforpeople",11064,323,"['來台中拍網帥照成就解鎖', '光復新村', '今天沒有小米但有龍龍']"
123,2018-12-20 00:35:21,"蜘蛛人妹妹大喊：「我喜歡其邁！我驕傲！」🙌
今天換上這張封面，蜘蛛人媽媽立刻留言說：妹妹放學回家看到一定會很開心！

#最可愛的蜘蛛人",6918,103,['最可愛的蜘蛛人']
124,2018-12-18 20:27:50,"滅火器的大正，前幾天打電話給我，他要「為那個時代寫一首歌」，給二戰中台灣受傷最重的高雄。

這首歌，我知道不但是為了那個動盪的時代，也是為這個時代，從了解歷史去關切台灣這塊土地的未來。

#1945
#一九四五
@fireexsam",3882,113,"['一九四五', '1945']"
125,2018-12-17 20:54:38,"快來合照一波！我的ZEPETO來囉😉
歡迎來加👉MA680U

#也歡迎分享你最有創意的合照
#有機會出現在限時動態喔",7660,330,"['有機會出現在限時動態喔', '也歡迎分享你最有創意的合照']"
126,2018-12-16 13:45:24,"巨大貓奴現身鹽埕區！看我的貓咪光波🐱
—
感謝 @cutfilmmaker",8504,565,[]
127,2018-12-15 13:34:57,"貓貓和邁邁一起現身駁二動漫祭！🐈 #你今天遇到野生邁邁了嗎 #我是難捕捉的傳說級寶可夢

#蠢羊與奇怪生物 #ㄇㄚˊ幾兔
@stupidsheep003 @machiko324",8674,230,"['我是難捕捉的傳說級寶可夢', '你今天遇到野生邁邁了嗎', '蠢羊與奇怪生物', 'ㄇㄚˊ幾兔']"
128,2018-12-10 09:06:04,"和大家一起合照很溫暖📷來找找你們自己在哪裡吧！👀
-
#週一一早用回顧幫大家加油打氣💪
#臉書有超可愛蜘蛛人妹妹
#我們一起愛高雄",9637,296,"['週一一早用回顧幫大家加油打氣', '我們一起愛高雄', '臉書有超可愛蜘蛛人妹妹']"
129,2018-12-05 22:56:55,"小米快看，你在杯套上了🤣
#想看更多小米快到臉書複習直播🐱
@stupidsheep003",9739,315,['想看更多小米快到臉書複習直播']
130,2018-12-05 21:46:49,"陳其邁 感謝有你 咖啡會來囉！

感謝這一路上一起哭、一起笑的好朋友們，我們共同打拚、努力，深深感謝。

直播時提到的咖啡會，確定在以下時間地點進行：
🕒時間：12/8（星期六）15:00-16:30
🚗地點：駁二in our time(高雄市鼓山區蓬萊路99號B10倉庫)

歡迎到我們的報名表單報名：http://bit.ly/2rlQ9ZC

名額不限，報名前100名會有神秘小禮物、前1000名有限量貼紙，現場參加的好朋友們都有機會獲得驚喜小禮物喔！",5221,238,[]
131,2018-12-05 20:02:22,"【直播預告】各位好朋友們晚安！👋 2018.12.05 今晚九點，在陳其邁粉絲專頁，我們線上直播見💭

將公布咖啡會時間地點，並聊聊我們最近做了些什麼？
歡迎大家揪親友一起加入囉！",3979,150,[]
132,2018-11-28 21:57:41,"現在幾點了？是我們重新開始的起點💪
#難過一天就好
#我們一起繼續加油",8458,879,"['我們一起繼續加油', '難過一天就好']"
133,2018-11-24 23:15:18,"深愛高雄 永遠感謝

肩負著許多鄉親的期待，很抱歉，我們努力不夠，辜負了大家，讓許許多多一路相伴的市民朋友承擔了擔憂與難過。
.
我已致電給韓市長，作為高雄的子弟，我們一起替高雄加油，支持韓國瑜市長，相信他已在這段期間，感受到高雄是充滿愛與包容的城市，希望可以他鄉變故鄉，變成大家共同的家園。
.
我是高雄人，高雄是我待了48年，一生懸命的故鄉，你我一樣生活在這裡。
選舉完以後，我們都還是高雄市的市民，都還是一起繼續拚搏、相互支持鼓勵的一家人。
這是高雄教我的故事，也是我們共同寫下的故事。
.
大家難過一天就好，明天這裡還是日出的城市，大家要一起努力讓高雄更好。
勇敢的高雄人！祝福我心愛的故鄉，謝謝我心愛的市民朋友們。",5624,820,[]
134,2018-11-23 22:30:34,"🙏謝謝這一夜站出來的22萬市民朋友，以及在這路上共同打拚的每一位支持者。 . 我是高雄人，我在乎著在高雄的每一分每一秒。
.
對我來講，在高雄的每一分每一秒，都是那麼的深刻且奇妙，因為這是我跟每一個高雄人、我們發生共同的故事。
.
我在乎高雄，邀您明天也作伙用選票，選一個最在地、最了解高雄、最能解決高雄問題的市長，讓我們的故鄉高雄更加美好。
.
✌提醒您，拉票只能拉到晚上12點，在這之前多為其邁催票，明天記得站出來投票。✌
晚安！",3624,346,[]
135,2018-11-23 13:28:35,"Wecare高雄，高雄加油！
11/24，一起回家挺其邁✌

#相信高雄
#看好未來
#我是挺其邁的 #wecare",1685,61,"['wecare', '相信高雄', '看好未來', '我是挺其邁的']"
136,2018-11-22 16:33:41,"滅火器大正挺其邁！💪
身為高雄人，大正推薦陳其邁是一個溫暖認真、樸實的候選人。✌️
.
我們相信高雄，也珍惜台灣的民主價值，11/24請您一起投下手中神聖的一票，支持②陳其邁！

#相信高雄
#看好未來
#我是挺其邁的",1721,48,"['相信高雄', '看好未來', '我是挺其邁的']"
137,2018-11-22 11:06:36,"拍謝少年吉他手維尼 挺其邁✌️-
身為高雄人，維尼最喜歡高雄獨特、有靈魂的兩個音樂祭，推薦有文化政策的陳其邁。🌊
.
#相信高雄
#看好未來
#我是挺其邁的",912,19,"['相信高雄', '看好未來', '我是挺其邁的']"
138,2018-11-21 22:24:20,"高雄網紅Didi和Poki也來挺其邁囉！😁
還有在地高雄人的心聲：「陳其邁是高雄最好選擇！」
即將倒數兩天，大家記得回鄉支持最在地、最了解的✌  #相信高雄
#看好未來
#我是挺其邁的",3532,166,"['相信高雄', '看好未來', '我是挺其邁的']"
139,2018-11-21 11:20:14,"吳念真直播談選舉✌️力挺②陳其邁
#相信高雄 #看好未來  #我是挺其邁的",1260,53,"['相信高雄', '看好未來', '我是挺其邁的']"
140,2018-11-20 10:17:59,"爸爸最近很忙，沒空理我
但 #我也是挺其邁的 ✌🏻 #陳小米ㄟ心聲
#爸爸加油
#相信高雄看好未來",2852,132,"['陳小米ㄟ心聲', '爸爸加油', '我也是挺其邁的', '相信高雄看好未來']"
141,2018-11-19 19:23:42,"為了高雄，為了大大小小的市民朋友，今晚的辯論一定要加油✌

#2000鎖定直播和三立看我對高雄的市政規劃
#選一個最在地最了解高雄的市長
#1124高雄大勝利",2230,152,"['選一個最在地最了解高雄的市長', '1124高雄大勝利', '2000鎖定直播和三立看我對高雄的市政規劃']"
142,2018-11-18 22:15:28,"謝謝今晚有這麼多高雄人站出來，作伙歡笑、吶喊、感動🙌
只要我們有共同信念、相信台灣民主，高雄一定能大勝利✌

回家的路上大家路上小心。把感動收藏好，明晚一起鎖定辯論會！

#相信高雄
#看好未來
#我是挺其邁的",2262,180,"['相信高雄', '看好未來', '我是挺其邁的']"
143,2018-11-18 10:26:42,"走遍大街小巷，感謝有你們熱情相挺。✨
今晚岡山見！ -
✌挺高雄拚公道：
11/18（日）1800-2030
岡山文化中心陸橋旁舊黃昏市場
（捷運南岡山站1號出口步行五分鐘）

#相信高雄
#看好未來",1054,58,"['相信高雄', '看好未來']"
144,2018-11-17 21:04:44,"住高雄四十幾年來，我最喜歡高雄的一點就是：「作伙」的感覺 🤝
今天我們也作伙了，作伙站出來在乎高雄，挺高雄這一個勵志的故事。💕 -
#相信高雄 #看好未來
#挺高雄拚公道",1542,69,"['挺高雄拚公道', '相信高雄', '看好未來']"
145,2018-11-17 12:00:32,"早安！
精彩高雄，大家不要錯過喔！

#wecare
#高雄文化中心
#五福路
#公園路
#鐵道文化園區",1326,66,"['五福路', '公園路', 'wecare', '鐵道文化園區', '高雄文化中心']"
146,2018-11-15 18:58:41,"環島中
不忘帶上滿滿的「相信高雄」出發
走遍台灣，還是心繫高雄
因為那裡是咱上愛的所在
1124趕回高雄投票🤙🏻 來自一位熱血環島中的熱情市民回傳的鼓勵❤️
#港動香菇
#相信高雄看好未來
#我是挺其邁的
#阿大家猜猜看他在哪裡拍的？
@yihong_charles",1381,74,"['阿大家猜猜看他在哪裡拍的', '我是挺其邁的', '港動香菇', '相信高雄看好未來']"
147,2018-11-15 15:05:56,"閃靈樂團團長Doris：「支持陳其邁讓高雄這個偉大的城市，可以繼續帶領台灣，一起邁向更美好的未來！」🎉
-
Doris說，她認識的其邁是一個個性沉穩、做事實在，沒有什麼距離感的人。
而陳其邁對於打造一個城市所需要具備的遠見，這個部分讓她印象相當深刻。

Doris一直對於高雄這些年的改變，對於高雄人的努力，感到非常的尊敬，也相信大家會在最後的時刻，做出正確的抉擇。

11/24一起迎接高雄大勝利✌

#相信高雄
#看好未來
#我是挺其邁的",1164,32,"['相信高雄', '看好未來', '我是挺其邁的']"
148,2018-11-15 14:31:40,"在漁市遇到拜票中的野生陳其邁，阿伯一個move，主動大喊：「祝你高票凍蒜！」
一個小小舉動，讓人好暖心✌
#相信高雄
#看好未來
#我是挺其邁的",975,37,"['相信高雄', '看好未來', '我是挺其邁的']"
149,2018-11-13 20:28:33,"我們作伙用這個手勢✌迎接高雄的勝利！
#相信高雄
#看好未來
#我是挺其邁的",1593,121,"['相信高雄', '看好未來', '我是挺其邁的']"
150,2018-11-12 01:52:59,"我是，反空污的中年大叔⋯
作伙打拼💪🏻💪🏻 #反空污
#高雄反空污大遊行
#相信高雄看好未來",1250,31,"['反空污', '高雄反空污大遊行', '相信高雄看好未來']"
151,2018-11-10 23:50:04,"今天扮演猛男醫師💪🏻
做什麼像什麼484！

#動漫嘉年華
#cosplay
#相信高雄看好未來
#你們說有沒有很帥
#是聽診器不是耳機歐",1219,53,"['動漫嘉年華', 'cosplay', '你們說有沒有很帥', '是聽診器不是耳機歐', '相信高雄看好未來']"
152,2018-11-10 11:48:11,"熱鬧的菜市場，每一雙手都是一個故事。🤝
緊握、傾聽，感謝攤商和市民們的力挺！✨
.
#相信高雄
#看好未來
#我是挺其邁的",729,25,"['相信高雄', '看好未來', '我是挺其邁的']"
153,2018-11-09 18:02:45,"副總統挺其邁彩蛋版，萌萌der聖騎士底加✌
#完整版在臉書快來看

#相信高雄
#看好未來
#我是挺其邁的",775,43,"['我是挺其邁的', '相信高雄', '看好未來', '完整版在臉書快來看']"
154,2018-11-08 10:20:10,"「高雄是台灣最美的地方，也是我最愛的故鄉。」
.
「一樣是高雄人，我挺不唬爛、很古意、一直都在這的陳其邁！」 高雄很棒，而且充滿活力！✨
年輕人期待高雄變得更好，相挺一直都在高雄的②陳其邁✌
--
#相信高雄
#看好未來
#我是挺其邁的",814,53,"['相信高雄', '看好未來', '我是挺其邁的']"
155,2018-11-07 13:04:20,"大家要吃好吃飽喔～
平安健康呷百二✌🏻
.
#鳥松 (你會台語發音嗎？）
#老人共餐
#wecare 
#相信高雄看好未來",813,34,"['wecare', '鳥松', '老人共餐', '相信高雄看好未來']"
156,2018-11-06 18:12:05,"其實我很開心我抽到2這個號碼！
因為跟我這些老兄弟們比起✌🏻來感覺很young!
開心⋯⋯⋯ #兄弟
#野百合學運的老戰友
#經歷過民主的過程才能體會民主的可貴
#相信高雄看好未來
#wecare",1039,46,"['經歷過民主的過程才能體會民主的可貴', 'wecare', '兄弟', '相信高雄看好未來', '野百合學運的老戰友']"
157,2018-11-05 17:56:54,"超療癒！
不管被稱作其邁哥哥、還是其邁叔叔，都感謝可愛的大朋友、小朋友們，作伙挺其邁✌

#相信高雄
#看好未來
#我是挺其邁的",699,68,"['相信高雄', '看好未來', '我是挺其邁的']"
158,2018-11-04 13:14:44,"✌️💯前文建會主委/作家吳錦發、中山大學教授陳以亨、美麗島學苑企業顧問陳志勇，挺尊重文化和創意、一直跟高雄站在一起的②陳其邁！☺️
.
#相信高雄
#看好未來
#我是挺其邁的",697,39,"['相信高雄', '看好未來', '我是挺其邁的']"
159,2018-11-03 23:57:53,"YA也是一種時尚✌🏻
看花媽的姿勢就知道🤣

#勞力相挺
#團結顧高雄
#相信高雄看好未來
#挺其邁的
#wecare",1103,71,"['挺其邁的', '團結顧高雄', 'wecare', '勞力相挺', '相信高雄看好未來']"
160,2018-11-03 16:03:21,"一步一腳印，勤跑再勤跑。🏃‍♂🏃‍♀ 謝謝菜市場攤商朋友、市民朋友們對陳其邁的熱情爆表！🎉
#相信高雄
#看好未來
#我是挺其邁的",641,29,"['相信高雄', '看好未來', '我是挺其邁的']"
161,2018-11-02 13:52:41,"感謝醫師們推薦同樣身為醫師的陳其邁 💯
守護健康、守護高雄市民，帶給市民朋友更好的生活，就交給②陳其邁 ✌

#相信高雄
#看好未來
#我是挺其邁的",584,26,"['相信高雄', '看好未來', '我是挺其邁的']"
162,2018-11-02 11:44:36,"到五甲，謝謝大家熱情支持！「他說一定要跟你合照啦！」🙋‍♀🙋‍♂
揮旗的、合照的，無論大人小孩，都非常感謝✌

#相信高雄
#看好未來
#我是挺其邁的",696,39,"['相信高雄', '看好未來', '我是挺其邁的']"
163,2018-11-01 18:20:09,"這間👉94我鹽埕口袋名單裡的果菜汁🤤
上週在郭家肉粽直播時，推薦這家鹽埕的蔬果汁給唐鳳政委，也遇到在地居民正在喝！
微調加一點牛奶，是我的獨家口味💯

#唐鳳都說讚
#北斗街跟新興街口

#我是挺其邁的",718,28,"['唐鳳都說讚', '北斗街跟新興街口', '我是挺其邁的']"
164,2018-10-31 17:06:38,"向你們信心喊話📢
作伙邁向高雄大勝利✌🏻
我們沒問題的！高雄人挺高雄人！
#相信高雄市民總部 ➡️苓雅區五福一路195號  歡迎來奉茶

#teamkaohsiung
#高雄人挺高雄人
#相信高雄看好未來
#大家挺其邁的",987,69,"['teamkaohsiung', '大家挺其邁的', '高雄人挺高雄人', '相信高雄市民總部', '相信高雄看好未來']"
165,2018-10-30 18:28:02,"大勝利連線✌🏻✌🏻
高雄台中作伙加油！

#高雄#台中#台灣
#大勝利連線
#相信高雄看好未來",1031,75,"['高雄', '大勝利連線', '台中', '相信高雄看好未來', '台灣']"
166,2018-10-29 12:15:23,"我說這位阿北啊！
阿你這樣看我有覺得比較帥嗎🤔？ #相信高雄看好未來
#阿北真逗趣
#特別的加油打氣
#大家挺其邁的",740,36,"['大家挺其邁的', '阿北真逗趣', '相信高雄看好未來', '特別的加油打氣']"
167,2018-10-28 23:38:55,"優美的歌聲🎶
不知不覺走到旁邊幫忙伴奏⋯

#雄店市集
#蕭文軒
#打勾勾答應你的
#相信高雄看好未來
#大家挺其邁的",462,21,"['打勾勾答應你的', '大家挺其邁的', '雄店市集', '相信高雄看好未來', '蕭文軒']"
168,2018-10-28 00:34:17,"當南瓜超人🎃遇上⋯
美國隊長🇺🇸、愛國者、鋼鐵人🤖️
我們在討論作伙保護高雄！緊衝喔～

#緊緊緊
#相信高雄看好未來
#Teamkaohsiung 
#大家挺其邁的",556,22,"['大家挺其邁的', '緊緊緊', '相信高雄看好未來', 'Teamkaohsiung']"
169,2018-10-27 16:24:55,"謝謝美濃，我感受濃濃的挺其邁！
為你們一肩扛起重擔是我的責任💪🏻
.
#美濃
#相信高雄看好未來
#大家挺其邁的",742,42,"['美濃', '大家挺其邁的', '相信高雄看好未來']"
170,2018-10-26 14:16:48,"作伙比耶✌🏻耶比⋯⋯
年輕、活力、開心真好！

#高雄中學
#學弟們超熱情
#我是挺其邁的
#相信高雄看好未來",710,51,"['我是挺其邁的', '學弟們超熱情', '相信高雄看好未來', '高雄中學']"
171,2018-10-25 21:57:01,"唐鳳來高雄開個直播跟大家一起聊聊天👋🏻
順便介紹好吃的鹽埕美食給大家⋯

#數位政委
#郭家肉粽
#相信高雄看好未來
#我挺其邁的",777,50,"['我挺其邁的', '郭家肉粽', '數位政委', '相信高雄看好未來']"
172,2018-10-25 12:51:37,"手刀跟一波限量碗粿🏃‍♂️
大樹龍目龍安宮前的龍目早餐店，店家每天早上五點就親手做起碗粿，真材實料，是在地人才知道的好滋味😍✌ #行程再多也要包一個在車上吃
#高雄美食問我就對了",905,52,"['行程再多也要包一個在車上吃', '高雄美食問我就對了']"
173,2018-10-23 22:35:43,"和台灣的傷痛站在一起
#莫忘小林村
#平埔夜祭",577,23,"['平埔夜祭', '莫忘小林村']"
174,2018-10-21 22:22:25,,481,24,[]
175,2018-10-21 16:29:10,"咱騎著歐兜邁🛵
作伙邁向高雄大勝利✌🏻 #其邁騎歐兜邁
#電動機車
#環保愛地球
#相信高雄看好未來",844,30,"['其邁騎歐兜邁', '電動機車', '環保愛地球', '相信高雄看好未來']"
176,2018-10-19 15:36:40,"遇上搖滾歌手時聽說是要這樣比🤘🏻
剛好我也是2號🤘🏻🤘🏻@fireex_official 
#力挺高雄在地流行音樂
#滅火器
#rocker
#相信高雄",616,21,"['rocker', '相信高雄', '滅火器', '力挺高雄在地流行音樂']"
177,2018-10-19 13:07:55,"⚠️就在今天！就是兩點⚠️
陳其邁與滅火器見面歡！🤗
其邁跟大正會聊些什麼咧？
.
稍後下午兩點至三點，
歡迎大家到鼓山區蓬萊路99號B10號倉庫@ In Our Time 電台食堂，或線上參與我們的直播，
TALK & ROCK WITH US！🎤🎶 #滅火器 @fireex_official",442,9,['滅火器']
178,2018-10-19 10:08:03,"哥比的不是耶，是支持二號，高雄大勝利✌
#左下阿伯勾錐
#莊晉勳里長攝",762,68,"['莊晉勳里長攝', '左下阿伯勾錐']"
179,2018-10-18 21:31:26,要怎麼分魷魚、透抽、花枝，還真的是要問一下專業的😂 #讓專業的來 #市政也是如此 #前鎮漁市,487,17,"['市政也是如此', '前鎮漁市', '讓專業的來']"
180,2018-10-17 18:57:03,"只有知道高雄的痛
才能真正疼惜高雄
.
#我的心一直都在這～🎵
#咱上愛的所在
#高雄",616,52,"['咱上愛的所在', '高雄', '我的心一直都在這']"
181,2018-10-16 13:52:33,"我跟你說哈囉
你跟我說凍蒜！

#答應你我會加油💪🏻
#一起加油
#相信高雄看好未來",518,22,"['答應你我會加油', '一起加油', '相信高雄看好未來']"
182,2018-10-15 23:17:33,"昨晚謝謝大家一起來 #相信高雄。
一定要讓我們的故鄉高雄好還要更好。💪💪",777,103,['相信高雄']
183,2018-10-14 22:01:33,"鐵路地下化前末班車，遇到小小鐵道迷👏
#高雄城市轉型新的一頁
#多七個通勤車站交通更方便囉
#城市終於不分前後",523,25,"['高雄城市轉型新的一頁', '城市終於不分前後', '多七個通勤車站交通更方便囉']"
184,2018-10-13 13:05:00,"不放棄握住任何一雙手的機會🤝
請和我一起！
#相信高雄看好未來",515,36,['相信高雄看好未來']
185,2018-10-12 18:32:01,我們都在一起，為這個城市的未來打拚💪#高雄,453,30,['高雄']
186,2018-10-11 22:54:20,來旗山，94要帶香蕉伴手禮回家才內行啊☝️#香蕉冰紅茶 #香蕉蛋捲 #你選哪一種,447,30,"['香蕉蛋捲', '你選哪一種', '香蕉冰紅茶']"
187,2018-10-10 22:24:16,"傾聽年輕人們對高雄發展社會企業和創業的想像，想讓大家實現夢想✨
#社會企業 #地方創生 #高雄",333,9,"['社會企業', '高雄', '地方創生']"
188,2018-10-08 21:38:52,"陽光、草地、夥伴🙌有一種很青春、很高雄的感覺😎

#高雄 #衛武營
#相信高雄 #teamkaohsiung",539,41,"['衛武營', '高雄', '相信高雄', 'teamkaohsiung']"
189,2018-10-08 12:47:35,"和下一代一起手牽手，相信高雄🤝

#484超Q
#寶貝衣服小額募資限量發送
#歡迎私訊洽詢唷👏",471,13,"['歡迎私訊洽詢唷', '484超Q', '寶貝衣服小額募資限量發送']"
190,2018-10-06 23:04:38,"打香腸彈珠台😳很古早味的回憶！
#旗山老街還看得到喔
#484不小心透露年齡了😂",402,8,"['旗山老街還看得到喔', '484不小心透露年齡了']"
191,2018-10-05 18:52:51,"和郭哥扮演的我一起挑戰三連拍🤗大家喜歡哪一張呢？

#郭哥太強啦 #連小眼睛都模仿得很像😂
#市長進行式",526,30,"['連小眼睛都模仿得很像', '市長進行式', '郭哥太強啦']"
192,2018-10-03 16:42:29,"行程空檔
臨時餓了來便利商店買點零食很便利👍🏻
#臨時零食
#便利商店好便利
#大家喜歡什麼零食呢
#我喜歡古早味的😆",452,34,"['便利商店好便利', '臨時零食', '我喜歡古早味的', '大家喜歡什麼零食呢']"
193,2018-10-01 15:46:34,"今天是世界咖啡日☕️
助理幫我買的咖啡可以捏捏柴犬小臉😻
好有創意！太療癒了！

#世界咖啡日
#你今天喝咖啡了嗎
#支持青年創業
#一麥咖啡
#相信高雄環保杯袋♻️",614,51,"['一麥咖啡', '世界咖啡日', '♻️', '你今天喝咖啡了嗎', '支持青年創業']"
194,2018-09-30 20:39:05,"這個花色金美邁🌺

#當靚
#哇尬意
#客家花布
#客家挺其邁",334,9,"['客家挺其邁', '哇尬意', '當靚', '客家花布']"
195,2018-09-30 00:22:35,"熱情到相機失焦👏
謝謝大家☺
#高雄 #苓雅",320,10,"['高雄', '苓雅']"
196,2018-09-28 22:18:12,"握握手，約定要給你一個你會喜歡的高雄🤝
#高雄 #旗津",341,18,"['高雄', '旗津']"
197,2018-09-27 09:28:01,"謝謝大家昨日踴躍回答
最終票選結果為：本人比較帥🎊

#所以我一直很努力走訪基層給大家看
#傾聽人民的聲音
#本人比較帥的鼓勵我會更努力",363,14,"['本人比較帥的鼓勵我會更努力', '所以我一直很努力走訪基層給大家看', '傾聽人民的聲音']"
198,2018-09-26 09:06:19,"請問是照片帥還是本人帥🤔

#認真問認真答喔",371,56,['認真問認真答喔']
199,2018-09-25 22:43:25,"妹妹除了是提菜小幫手，也超上鏡✌✌
#天生網美4ni #超Q
#高雄 #左營",379,10,"['天生網美4ni', '高雄', '左營', '超Q']"
200,2018-09-24 15:21:19,🌕大家中秋節快樂🤗,400,15,[]
201,2018-09-24 00:53:19,"中秋🌕跟一波夯肉！做什麼就是要像什麼🤔
#今天我是專業烤肉
#中秋節快樂
.
#你跟上我們烤肉直播了嗎
#現在到臉書回顧還來得及唷👏",527,28,"['今天我是專業烤肉', '你跟上我們烤肉直播了嗎', '中秋節快樂', '現在到臉書回顧還來得及唷']"
202,2018-09-22 19:13:57,"你看過型農嗎？🌱如果你沒看過，現在讓你看看😁
.
#找亮點
#香蕉乖乖超大包🤣
#高雄型農 #返鄉投入農業正夯",350,18,"['香蕉乖乖超大包', '高雄型農', '找亮點', '返鄉投入農業正夯']"
203,2018-09-21 12:42:03,"和我一起相信高雄，一起使用相信高雄環保杯袋愛地球🌍
有人也想+1嗎？
.
#小額募資相信高雄系列小物
#相信高雄環保杯袋♻️",387,60,"['♻️', '小額募資相信高雄系列小物']"
204,2018-09-20 23:11:47,"太狂太好吃😳自己手工剉的冰，配上老闆娘用心的料，94讚！
#高雄 #旗山 #古早味手剉冰",335,18,"['高雄', '古早味手剉冰', '旗山']"
205,2018-09-19 13:38:31,"高雄紅不讓⚾️職棒新希望🌟

#集氣
#我們一起加油
#相信高雄 #看好未來",351,17,"['我們一起加油', '相信高雄', '集氣', '看好未來']"
206,2018-09-18 17:14:44,"阿北金撩蓋襪捏！果然是邁dear friend👏🏻
#哇尬意#哇撩蓋
#邁dearfriend你們下載了嗎？
#緊緊緊快下載
👉🏻line貼圖小舖🔍邁dear friend",360,10,"['緊緊緊快下載', '哇尬意', '哇撩蓋', '邁dearfriend你們下載了嗎']"
207,2018-09-17 21:11:52,"三分天注定 七分靠打拚
愛拚才會贏💪🏻💪🏻💪🏻～🎵 #相信高雄 #一步一腳印",394,20,"['一步一腳印', '相信高雄']"
208,2018-09-16 22:22:18,"( •̀ ∀ •́)ง 握拳！加油！
#相信高雄 #看好未來
#感謝親愛市民朋友們
#百工百業挺改革",352,18,"['感謝親愛市民朋友們', '百工百業挺改革', '相信高雄', '看好未來']"
209,2018-09-15 23:38:29,"「未來市長，簽這裡！」「好！」
八月去菜市場時，遇到超熱情的老闆😆

#簽名在鍋子裡的成就解鎖🔓
#高雄 #新興區 #中正市場",407,21,"['高雄', '新興區', '中正市場', '簽名在鍋子裡的成就解鎖']"
210,2018-09-14 23:33:13,"阿伯下棋，我幫忙抓龍🐉
#阿北款的美好午後
#下棋感受瞬間升級⬆
#左營 #元帝廟",303,14,"['左營', '⬆', '阿北款的美好午後', '元帝廟']"
211,2018-09-14 10:16:58,"獻給所有邁Dear Friend💝
讓我陪伴你們一起渡過每個喜怒哀樂的時刻！

#Maidearfriend
#喜怒哀樂
#緊緊緊快下載
👉line貼圖小舖🔍邁dear friend",492,36,"['緊緊緊快下載', 'Maidearfriend', '喜怒哀樂']"
212,2018-09-13 22:28:43,"耶耶耶✌🏻✌🏻✌🏻 #開心的時候就是耶耶耶
#拍照裝可愛的時候也是耶耶耶
#猜猜我在幹嘛",406,35,"['拍照裝可愛的時候也是耶耶耶', '猜猜我在幹嘛', '開心的時候就是耶耶耶']"
213,2018-09-13 19:19:42,"這首歌 獻給我一生摯愛的高雄☺
#大家都說聽了超感動
#你跟上了嗎👋
#臉書有完整版
.
#相信高雄",467,26,"['你跟上了嗎', '臉書有完整版', '相信高雄', '大家都說聽了超感動']"
214,2018-09-12 16:46:54,"高雄，這個美麗的所在～
594用感情在唱🎶
.
#飆高音
#相信高雄
#看好未來
#咱上愛的所在",385,9,"['咱上愛的所在', '相信高雄', '看好未來', '飆高音']"
215,2018-09-11 21:28:02,"啊⋯破音🤣
今天很奮力的彩排練唱🎤
.
#用感情在唱
#用歌聲讓你們知道我有多愛這個美麗的所在
#相信高雄",302,10,"['用歌聲讓你們知道我有多愛這個美麗的所在', '相信高雄', '用感情在唱']"
216,2018-09-11 17:40:49,"看煥宗議員吃麵線，感覺就是特別好吃🤔
.
#可以細數鹽埕美食的男人
#高雄 #鹽埕區 #大舞台市場",326,10,"['高雄', '鹽埕區', '可以細數鹽埕美食的男人', '大舞台市場']"
217,2018-09-10 20:23:25,🤝為了你，我們一定要努力打造一個更好的城市✨ #相信高雄 #看好未來,327,9,"['相信高雄', '看好未來']"
218,2018-09-09 17:43:48,"小老闆這個架勢，很會👏
#高雄 #鹽埕區 #大舞台市場  #相信高雄",340,7,"['高雄', '鹽埕區', '相信高雄', '大舞台市場']"
219,2018-09-08 18:19:55,"正確的自拍角度就是要由上往下拍🤳

#這樣拍臉比較小
#正確自拍技巧是基本的",348,11,"['正確自拍技巧是基本的', '這樣拍臉比較小']"
220,2018-09-08 14:11:32,"又有冰可以吃了！🍧
看那豐富美味的料，應該可以知道為什麼我吃得這麼專心了～

#緊緊緊緊呷
#議員們吃得也太開心
#高雄 #三和市場",432,18,"['緊緊緊緊呷', '高雄', '三和市場', '議員們吃得也太開心']"
221,2018-09-08 01:02:48,"高雄捷運有這麼帥的司機員，hen可以💯
#高捷少年佩希多
#就不必問照片裡誰最帥了😂
.
#相信高雄",351,13,"['就不必問照片裡誰最帥了', '相信高雄', '高捷少年佩希多']"
222,2018-09-07 19:24:39,"和網紅阿北 @kuntse_lee 一起來朝聖高雄近期最夯IG打卡聖地了🔥😁😁😁 #新高捷高雄車站 #高雄車站
#美炸了
#不知道怎麼走也沒關係沿路有高捷少年少女幫大家帶路哦",419,12,"['美炸了', '新高捷高雄車站', '高雄車站', '不知道怎麼走也沒關係沿路有高捷少年少女幫大家帶路哦']"
223,2018-09-06 18:48:27,"大雨又來了⛈
慎防瞬間豪大雨，做好淹水等防護措施！

#這個天氣很不高雄
#希望高雄溫暖的太陽快快回來
#我們一起集氣",329,16,"['這個天氣很不高雄', '我們一起集氣', '希望高雄溫暖的太陽快快回來']"
224,2018-09-05 22:16:50,"是帥氣的騎警隊🤠
#超久以前的照片
#應該還看得出我在哪吧😂
#旗津騎警隊成立",263,6,"['應該還看得出我在哪吧', '旗津騎警隊成立', '超久以前的照片']"
225,2018-09-05 18:17:09,"路上遇見支持者希望我唱首歌🎤🎵
.
#忘詞的時候就是nanana 
#下次k歌啦
#聽得出來我na什麼嗎
#誰幫我把歌詞填上",380,20,"['誰幫我把歌詞填上', '忘詞的時候就是nanana', '聽得出來我na什麼嗎', '下次k歌啦']"
226,2018-09-04 22:10:16,"要當網美網帥✌學會和大家一起自拍是最基本der! #猜得出這是哪個網美網帥朝聖景點嗎🤔
.
#相信高雄",406,10,"['猜得出這是哪個網美網帥朝聖景點嗎', '相信高雄']"
227,2018-09-04 13:21:08,"左三圈 右三圈👋🏻
脖子扭扭 屁股扭扭
早睡早起 咱們來做運動～🎵🙋🏻‍♂️ #學你們唱唱跳跳我也不會老
#運動身體好",297,11,"['學你們唱唱跳跳我也不會老', '運動身體好']"
228,2018-09-02 22:46:49,"網美網帥來高雄朝聖景點之一😉猜猜這是哪？
.
#太多人排隊要拍了
#一時不知道該擺什麼pose好🤔
#只好來一個oldschool的😂",424,25,"['只好來一個oldschool的', '太多人排隊要拍了', '一時不知道該擺什麼pose好']"
229,2018-09-02 15:30:21,"水已退的大晴天☀️
持續幫忙大家找出淹水原因、清理家園，爭取中央地方協助💪
.
#高雄加油
#相信高雄",271,5,"['高雄加油', '相信高雄']"
230,2018-09-01 21:37:51,"年輕、活力、陽光✨
今天的高雄hen適合大家一起動滋動⚡

#TeamKaohsiung
#相信高雄
#你也要來一件嗎",300,20,"['你也要來一件嗎', '相信高雄', 'TeamKaohsiung']"
231,2018-09-01 17:03:16,"高雄的陽光總算是回來了🔆
#曬衣der好天氣也跟著回來了
#你今天出去曬太陽了嗎👋
.
#相信高雄",475,29,"['曬衣der好天氣也跟著回來了', '相信高雄', '你今天出去曬太陽了嗎']"
232,2018-08-31 17:14:00,"(๑•̀ㅂ•́)و 和大家一起#相信高雄 #看好未來💪💪
.
#正式登記參選 
#高雄是我們心愛的故鄉  #一生懸命的家鄉
#謝謝相挺的好友們",358,21,"['正式登記參選', '高雄是我們心愛的故鄉', '一生懸命的家鄉', '謝謝相挺的好友們', '相信高雄', '看好未來']"
233,2018-08-29 22:52:14,"下午到林園大寮，大雨過後淹水還沒退去。
除了協助以外，未來也要有更多的改善，讓大家更能安心生活。
#高雄加油 #高雄 #林園 #大寮",327,6,"['高雄加油', '林園', '大寮', '高雄']"
234,2018-08-28 21:58:35,大雨不斷💦雨勢令人憂心，一戶戶走訪，幫大家解決問題。 #高雄加油,340,4,['高雄加油']
235,2018-08-27 19:44:09,"雨下不停☔今天繼續到路竹蕃茄園關心番茄災損，協助農民渡過此次災情。💪
#農民朋友加油
#高雄加油",313,6,"['農民朋友加油', '高雄加油']"
236,2018-08-26 22:07:34,"😢聽農民朋友說這些辛苦種植的蔬菜都不能賣了，很難過，希望能好好幫助他們。

#高雄加油
#高雄 #梓官",355,11,"['梓官', '高雄加油', '高雄']"
237,2018-08-22 21:35:21,"說到黑輪，高雄一定是第一名！😉
43年老店的滋味，吃過你會怕，怕吃不到。👍
.
#94這麼好吃
#甘家黑輪 #高雄 #自強夜市 #苓雅區美食",437,19,"['高雄', '苓雅區美食', '94這麼好吃', '甘家黑輪', '自強夜市']"
238,2018-08-21 15:37:46,"抓抓龍、聊聊天，是阿伯充滿小確幸的日常🙌
#大哥這樣力道還可以嗎
#沒有被我嚇到齁😂",318,1,"['沒有被我嚇到齁', '大哥這樣力道還可以嗎']"
239,2018-08-19 20:52:40,這位姊姊很會找鏡頭，跟五樓一樣專業👍 #看那一台喔 #笑容hen親切,297,7,"['看那一台喔', '笑容hen親切']"
240,2018-08-18 20:57:25,太狂了🤣今天文化中心變成巨大消暑神器，神好玩！,379,3,[]
241,2018-08-17 18:31:07,"跟助理們直播完，讓大家回家過情人節囉🌸
.
來粉絲頁看剛剛的直播，可以參加活動拿神秘實用小禮物哦！
.
#無論是兩個人💕
#或一個人😎
#大家七夕情人節都要快樂哦💖",388,13,"['大家七夕情人節都要快樂哦', '無論是兩個人', '或一個人']"
242,2018-08-16 21:46:21,"本來要寫個「精忠報國」的......🤔
#恭喜大哥秒擁有最潮T恤",349,12,['恭喜大哥秒擁有最潮T恤']
243,2018-08-15 20:27:48,"Rock!!🎸第一次挑戰空氣吉他😂
.
今天中午和鍋董、Freddy、四叉貓、阿苗、巧芯一起上Yahoo! TV鄉民大會，你看了嗎？",276,4,[]
244,2018-08-14 15:41:07,"💡💬👍連蘇院長都說好吃，你們484也想來高雄吃吃看了🤣

#高雄 #吃冰一條街 #福泉豆花 #福泉雪花冰
#緊衝連線
@eballgogogo",475,25,"['高雄', '福泉雪花冰', '緊衝連線', '吃冰一條街', '福泉豆花']"
245,2018-08-12 22:38:03,"「香蕉兄弟！」🍌
在旗山市場，看到一位身上衣服因為被香蕉汁液沾到，而有「香蕉斑」的帥哥，立刻知道他是蕉農。
.
跟大家分享這個有趣的冷知識！😆蕉農們加油💪

#旗山市場",390,7,['旗山市場']
246,2018-08-11 21:37:26,"五十年不變的高雄款🤤，限時下午五點到晚上十點哦！

#光華鹽水意麵
#自己淋好吃肉燥一定要鋪滿滿
#在地高雄味 #沒吃會想念  #高雄美食 #光華夜市 #前鎮",393,7,"['光華夜市', '自己淋好吃肉燥一定要鋪滿滿', '高雄美食', '沒吃會想念', '前鎮', '光華鹽水意麵', '在地高雄味']"
247,2018-08-10 23:53:25,"這小子跟我比，誰帥？😆
#很可愛又害羞的小弟",354,13,['很可愛又害羞的小弟']
248,2018-08-09 00:05:17,掃市場遇到手工古早味冰棒❄解暑神器4ni👍👍 #高雄 #前鎮 #瑞興市場,258,12,"['高雄', '瑞興市場', '前鎮']"
249,2018-08-07 20:44:26,"市場充滿著各種有趣又吸睛的叫賣，連掃街中的我都忍不住停下來想買一台果汁機了(๑•̀ㅂ•́)ﻭ✧
#高雄 #左營 #自由黃昏市場",267,12,"['自由黃昏市場', '高雄', '左營']"
250,2018-08-06 20:58:22,"少年吔！
這群少年創業家們的夢想，我挺！💪
.
#青年創業我挺你 #格外農品 #琲甞 #孫先生服裝設計",232,5,"['琲甞', '格外農品', '孫先生服裝設計', '青年創業我挺你']"
251,2018-08-04 22:45:50,"春夏秋冬IG版來了🎶大家覺得唱得怎麼樣呢？
#超緊張XD #人那麼多唱歌是第一次
#怕忘詞😂
#完整版在粉絲頁
.
#高雄樂活節 #寶島歌王之夜",220,13,"['完整版在粉絲頁', '超緊張XD', '高雄樂活節', '寶島歌王之夜', '人那麼多唱歌是第一次', '怕忘詞']"
252,2018-08-04 21:24:29,"🎤唱歌也要hen投入hen認真🎵
#來粉絲頁聽我唱歌 #這次唱我的招牌曲目😂
.
#高雄樂活節 #寶島歌王之夜",263,9,"['寶島歌王之夜', '高雄樂活節', '來粉絲頁聽我唱歌', '這次唱我的招牌曲目']"
253,2018-08-02 22:35:06,"吃什麼像什麼⋯⋯🤤
#最新鮮在地的高雄黑輪
#剛烤起來真der又香又好吃
#高雄 #新興區 #中正市場",322,18,"['高雄', '新興區', '中正市場', '最新鮮在地的高雄黑輪', '剛烤起來真der又香又好吃']"
254,2018-08-01 16:40:28,"「市政最前線✨服務不斷電⚡️」
不斷電的里長們是市政的得力小幫手，就像小小燈泡遍佈，點亮城市的每個角落。💡 #謝謝最Q里長們 #一起加油⛽️",212,4,"['謝謝最Q里長們', '⛽️']"
255,2018-07-30 19:48:44,"里長們來唷，一起自拍一張🤳 ✨ 
#謝謝最辛苦最萬能的你們",307,11,['謝謝最辛苦最萬能的你們']
256,2018-07-29 22:05:00,跑攤總有些神奇的任務，像是突然要跳健康操😳❗這時候，跟著鄉親跳起來就對了～,196,9,[]
257,2018-07-28 22:50:54,"榮譽市民是她！這位是走過高雄氣爆、台南地震，現在退休的搜救犬桑妮✨ 
#不管是貓派還是狗派 #她都是我們的英雄",294,3,"['不管是貓派還是狗派', '她都是我們的英雄']"
258,2018-07-28 21:41:27,哇！我們一起把議員們撐起來了！😆💪#高雄 #左營,237,3,"['高雄', '左營']"
259,2018-07-27 23:14:12,"眼熟嗎？這位是李美國，紙風車劇團的推手之一，大佛普拉斯裡頭的副議長，演過不少電影和廣告喔😳
#演編導都會 #一一 #人間條件

#戶外紙風車諸葛四郎舞台劇 #明晚七點繼續在高雄文化中心",284,11,"['戶外紙風車諸葛四郎舞台劇', '演編導都會', '一一', '明晚七點繼續在高雄文化中心', '人間條件']"
260,2018-07-27 17:21:07,"高雄市黨部瞬間變成一顆小星球😆大家可愛度都是幾罷昏💯

#看得出有誰嗎 #360全景 #484很Q",278,12,"['360全景', '看得出有誰嗎', '484很Q']"
261,2018-07-25 23:25:02,來來來，好同學們一起拍一張～☺️ #連書包都有hen專業 #瞬間變回18歲 #高雄中學,420,17,"['瞬間變回18歲', '高雄中學', '連書包都有hen專業']"
262,2018-07-24 23:06:42,狗狗好像也想跟大家合照一張，一直走到畫面中😂  #連汪星人都熱情 #高雄 #那瑪夏,220,2,"['高雄', '那瑪夏', '連汪星人都熱情']"
263,2018-07-24 01:16:08,妳像輕軌，在我心中的專用道行進著。#跟一波撩妹語錄,225,6,['跟一波撩妹語錄']
264,2018-07-23 23:09:35,"芒果的英文是什麼呢？🤔
今天有機器人助教和我陪著上課，上課是不是變得更有趣了😄 #路竹 #高雄 #數位教育",232,8,"['路竹', '數位教育', '高雄']"
265,2018-07-22 23:52:40,別漂浮不定，我是妳專屬停靠的新灣區🌊#跟一波撩妹語錄,249,17,['跟一波撩妹語錄']
266,2018-07-20 22:20:22,乾杯！跑攤跑整天，來一杯內含高雄水果的精力湯補充體力💪💪💪,219,10,[]
267,2018-07-18 23:09:47,"這個架勢是不是可以出師了😂
#看起來就好吃 #在地高雄味

#謝謝老闆借我拍
#橋頭黃家肉燥飯",396,21,"['橋頭黃家肉燥飯', '謝謝老闆借我拍', '在地高雄味', '看起來就好吃']"
268,2018-07-15 17:54:38,天氣熱，在台北車站吃完棒棒冰要回高雄了！#hen熱 #消暑神器,346,29,"['hen熱', '消暑神器']"
269,2018-07-15 14:13:02,⚽️和我同一隊的小小足球員等等就要去總統府前比賽囉！一起加油💪,294,10,[]
270,2018-07-14 21:59:27,"📚「全台最大的書櫃」就在高雄衛武營，現場看真的超酷～你來過了嗎？
#打卡聖地我也來加一

#高雄苓雅國際街頭藝術節
#衛武迷迷村",284,14,"['衛武迷迷村', '打卡聖地我也來加一', '高雄苓雅國際街頭藝術節']"
271,2018-07-13 22:49:04,"Give me five! 👋
看到小朋友的笑容和孝順，讓我動力加倍。
#我們一定要一起加油！",198,7,['我們一定要一起加油']
272,2018-07-12 23:23:49,握手握起來！每一雙手都要握到🙌,209,12,[]
273,2018-07-12 09:51:03,"坐在我的高中老師旁邊，有種變回高中生的感覺 #可以把朋友bang回來嗎🤔
#高雄中學",324,38,"['可以把朋友bang回來嗎', '高雄中學']"
274,2018-07-10 23:19:13,"我們這樣有沒有像最近很紅的日劇偶像團體？
#流星花園C5",285,14,['流星花園C5']
275,2018-07-10 00:07:27,"專業的人形立牌94我😆
看到野生的陳其邁別害羞，一起拍張照吧

#影片最後有彩蛋",177,5,['影片最後有彩蛋']
276,2018-07-06 20:05:04,聽說這位是我們高雄捷運最紅的站務員😉#高捷少女 #小穹 #超萌der,379,18,"['高捷少女', '小穹', '超萌der']"
277,2018-07-04 17:33:05,大家幫我們看一下，誰的眼睛比較大？😆#小眼睛聯盟 #高雄大聯盟,199,10,"['小眼睛聯盟', '高雄大聯盟']"
278,2018-07-02 21:59:43,"找亮點✨
今天的服務時間，來了一位帶著神秘盒子的年輕人...... #快放大猜猜裡面是什麼🧐",212,11,['快放大猜猜裡面是什麼']
279,2018-07-01 19:36:58,這位大姐一身遮陽神器，專業的！👍,211,10,[]
280,2018-06-29 20:42:28,今天的我，沒有極限！我是超人爸爸😊🍼 #Superman #這94正義溫暖,718,35,"['Superman', '這94正義溫暖']"
281,2018-06-28 20:14:56,"這位外國朋友跟我說，他的夢想是來台灣賣披薩🍕 
#台灣是一個圓夢的地方
#高雄更是
#歡迎各位捧油👏",465,14,"['台灣是一個圓夢的地方', '歡迎各位捧油', '高雄更是']"
282,2018-06-26 11:02:47,"阿嬤，這個帽子很可愛，跟你很搭！👏
是自己做的嗎？

#安全帽加斗笠超酷
#兼顧安全又hen涼",252,11,"['安全帽加斗笠超酷', '兼顧安全又hen涼']"
283,2018-06-24 17:37:06,"橋頭飄香一甲子 黃家肉燥飯🤤
.
每次人家問我高雄有哪些美食，我一定會報這家在地經營三代的「橋頭黃家肉燥飯」。
他們家的肉羹有70年的歷史，肉燥則有20幾年。
.
其邁幫各位橋頭旅外鄉親謀福利，問老闆這麼好吃怎麼不考慮開分店、賣便利包，把美味和更多人分享？老闆笑說，顧品質、重衛生，怕走味啦！
所以，想吃到這味家鄉味，還是只能走一趟橋頭囉！
—
橋仔頭黃家肉燥飯🍚

地址：高雄市橋頭區橋南路106號
電話： 07-6123253
營業時間：週二-週五 0910-1715/週六-週日 0910-1730

#高雄美食
#橋頭美食
#黃家肉燥飯",221,7,"['黃家肉燥飯', '橋頭美食', '高雄美食']"
284,2018-06-23 20:52:17,"每一雙手都要握到🤝
我是大家der菜嗎🥦？",209,12,[]
285,2018-06-21 19:42:29,"沒看錯，是太陽能板☀
浮力式的高效能太陽能光電模組，可以隨水位上升下降，讓滯洪池更多功能了☺
#484超酷
.
#典寶溪B區滯洪池 #海綿城市 #智慧城市",177,10,"['海綿城市', '典寶溪B區滯洪池', '484超酷', '智慧城市']"
286,2018-06-18 12:56:09,端午節快樂！😄,212,11,[]
287,2018-06-17 15:19:21,"——超大聲的起馬炮！旗山天后宮媽祖要起駕到台南大天后宮囉！
.
#聽說點的人可以獲得好運
#旗山天后宮
#2018府城迓媽祖",226,15,"['旗山天后宮', '2018府城迓媽祖', '聽說點的人可以獲得好運']"
288,2018-06-16 17:31:44,"路過自立一路，立刻坐下吃了一碗特別的麵線羹✨
裡面有肉塊、有魚羹，滿足又好吃👍

#先認真吃再繼續跑跑跑
#自立一路進興麵線羹
#前金區美食
#高雄美食",198,5,"['高雄美食', '前金區美食', '自立一路進興麵線羹', '先認真吃再繼續跑跑跑']"
289,2018-06-16 10:02:57,"我像不像小野二郎？
.
陶藝師王明發：「做陶，就是要做一輩子的事情！」
他提起壽司之神小野二郎，堅持做握壽司做一輩子的精神。
湖內玉湖窯做陶20年的在地陶藝師，真的讓我學習了很多。
.
#在地精神 #高雄精神 #湖內 #玉湖窯
#想知道我寫什麼快來臉書看影片😉",212,11,"['想知道我寫什麼快來臉書看影片', '在地精神', '高雄精神', '湖內', '玉湖窯']"
290,2018-06-12 13:21:01,月讀咖啡店的女僕和紫藍色的特調飲料，讓人彷彿進入了動漫世界。🤗#我們484很Q #喝完都回血惹,291,27,"['我們484很Q', '喝完都回血惹']"
291,2018-06-11 00:12:28,謝謝管媽，兄弟姐妹們，光榮大出征了！👏 @kuanmom,175,15,[]
292,2018-06-10 20:46:14,同學說，這樣拍照比較可愛，好像有齁。#高雄高中職聯合動漫展 #ksacg #KSACG7,203,13,"['高雄高中職聯合動漫展', 'KSACG7', 'ksacg']"
293,2018-06-09 19:35:00,一年一度包粽，是不是有包得越來越好🤗 #三鳳中街 #端午節 #這94家鄉的味道,149,9,"['這94家鄉的味道', '端午節', '三鳳中街']"
294,2018-06-08 16:47:38,"我最喜歡吃肉圓，因為可以快速解決一餐！ 🍽
.
#快速吃飽神器 #甚至來不及拍就吃完了😂",270,32,"['甚至來不及拍就吃完了', '快速吃飽神器']"
295,2018-06-06 12:37:03,高鐵巧遇佳龍，打打氣，一起加油💪😊 @dragonforpeople,457,36,[]
296,2018-06-04 20:01:01,"今天到寶興餅舖學做茄萣特產白香餅，香甜不黏牙94好吃。😉
.
#方便保存攜帶所以是以前討海人的點心
#可以也帶著跑行程嗎
#80年老店
#茄萣美食
#寶興餅舖",197,2,"['茄萣美食', '寶興餅舖', '可以也帶著跑行程嗎', '80年老店', '方便保存攜帶所以是以前討海人的點心']"
297,2018-06-03 20:07:38,"每一位鄉親都是我的總幹事，讓我們一起凍蒜！🤝
#鄉親是不是都hen可愛
.
#readyforkaohsiung
#茄萣
#智慧城市",161,6,"['茄萣', 'readyforkaohsiung', '智慧城市', '鄉親是不是都hen可愛']"
298,2018-06-02 22:25:44,"回家的感覺真好！

今晚回家時，到左營新下里跟黃慶德里長話家常，他告訴我社區的大小事。
.
有時候回家已經是深夜，看到社區巡守隊還在巡更，很辛苦。
讓人覺得住在新下里是很幸福的感覺。💕
.
最後，與守護我們社區的巡守隊開心合影。👍👍",137,3,[]
299,2018-06-01 22:05:57,"Girls, be ambitious! 你的夢想有多大，你的世界就有多大。
勉勵畢業生們，要有野心、要勇敢迎接夢想，邁向人生下一個里程。👏
.
#夢想發電柒
#高雄女中70th畢業典禮
#眼神484很有愛
#因為女兒要畢業了QQ",351,8,"['夢想發電柒', '眼神484很有愛', '高雄女中70th畢業典禮', '因為女兒要畢業了QQ']"
