,time,post_caption,likes,comments,tags
0,2019-12-11 20:51:45,"錢真的越來越難賺了。
-
#這年頭幕僚專門來操老闆
#阿北面對面
#台北 #柯文哲 #棒球",33147,237,"['棒球', '柯文哲', '阿北面對面', '這年頭幕僚專門來操老闆', '台北']"
1,2019-12-10 22:55:03,"我誰！我柯醫師！
-
#頭髮也變黑了
#年輕十歲
#不科學的一張照片",57291,274,"['頭髮也變黑了', '不科學的一張照片', '年輕十歲']"
2,2019-12-07 14:11:59,"提前一個多月回家吃年夜飯。
-
#我都忘記查明年生肖是什麼
#阿北面對面除夕特別節目
#敬請期待",87592,450,"['敬請期待', '我都忘記查明年生肖是什麼', '阿北面對面除夕特別節目']"
3,2019-12-05 18:36:06,"厚！長這麼大了啊⋯
-
#柯黑的報恩
#請大家領養代替購買",39057,238,"['柯黑的報恩', '請大家領養代替購買']"
4,2019-12-03 17:21:06,柯黑，Taiwan’s Hero Dog!,34943,309,[]
5,2019-12-02 21:50:35,"這是什麼奇怪的裝置藝術。
-
#一支穿雲箭
#大撒幣數鈔機
#節目組越來越搞笑了
-
-
#詳情請鎖定眾議院
#每週三晚間9點民眾之聲yt首播",26285,222,"['大撒幣數鈔機', '每週三晚間9點民眾之聲yt首播', '一支穿雲箭', '節目組越來越搞笑了', '詳情請鎖定眾議院']"
6,2019-11-28 10:40:22,"一天的開始，看看今天又寫了什麼。
-
#柯文哲 #daily #台北",27593,131,"['台北', '柯文哲', 'daily']"
7,2019-11-27 10:03:36,"陳佩琪：「我比較高！」
（原圖在 @kofansclub 柯粉俱樂部臉書）
-
#好啦好啦好啦
#柯文哲 #陳佩琪 #高鐵",50957,246,"['柯文哲', '陳佩琪', '高鐵', '好啦好啦好啦']"
8,2019-11-20 19:06:36,"偶幾百年沒開車了。
-
#開這種車比較安全
#台北 #柯文哲 #meettaipei創新創業嘉年華",30047,187,"['台北', '柯文哲', '開這種車比較安全', 'meettaipei創新創業嘉年華']"
9,2019-11-16 18:49:12,"拜託啦🙏
-
經本人實測，這氣球真的蠻重的。
-
#各位候選人辛苦了
#台北 #新北 #柯文哲 #台灣民眾黨",59863,725,"['柯文哲', '台灣民眾黨', '各位候選人辛苦了', '台北', '新北']"
10,2019-11-15 10:45:29,"現在國中小學生上課都這麼先進，還能打瞌睡嗎。
-
#我以前上課沒人敢打瞌睡
#因為太爆笑了睡覺可惜
#台北 #智慧教育 #柯文哲 #Taipei",43909,290,"['我以前上課沒人敢打瞌睡', '柯文哲', '因為太爆笑了睡覺可惜', '智慧教育', '台北', 'Taipei']"
11,2019-11-13 17:55:32,"好吃，多拿幾片🤫
-
#南門中繼市場正式開幕
#台北 #市場改建 #柯文哲 #Taipei",42019,280,"['市場改建', '柯文哲', '南門中繼市場正式開幕', '台北', 'Taipei']"
12,2019-11-10 00:52:45,"yo
-
#混東區 #台北 #柯文哲 #ootd
#東區商圈週年慶
#台北最high新年城 
#東區跨年點燈活動
-
感謝台北市商業處 @sunsun_tpe 老是讓我帥一波。",45557,352,"['台北', '柯文哲', '東區跨年點燈活動', 'ootd', '東區商圈週年慶', '台北最high新年城', '混東區']"
13,2019-11-05 17:32:27,"旁邊這隻熊為什麼每次都不戴大頂一點的帽子？
-
#中華隊加油
#世界12強棒球賽",28432,182,"['世界12強棒球賽', '中華隊加油']"
14,2019-11-03 19:00:07,"幕僚都說帥，但我覺得還是以前當醫師穿白袍巡房、跟電視上演的財前教授一樣比較帥。
-
#這件太Over了
#比結婚那套還Over
-
#潮食尚世界網紅在台北 
#台北 #柯文哲 #美食
-
感謝台北市商業處 @sunsun_tpe 讓我帥一波。",63988,435,"['柯文哲', '這件太Over了', '潮食尚世界網紅在台北', '台北', '美食', '比結婚那套還Over']"
15,2019-11-03 12:15:40,"怕.jpg
-
#日本撞轎祈福 
#台北溫泉季 #台北 #柯文哲",38304,205,"['台北', '柯文哲', '台北溫泉季', '日本撞轎祈福']"
16,2019-10-29 21:27:58,"下次要牙起來喊之前，先跟我說一聲⋯
-
#中山北松山何景榮
#柯文哲 #台北 #台灣民眾黨",29864,268,"['台北', '柯文哲', '台灣民眾黨', '中山北松山何景榮']"
17,2019-10-26 14:32:37,"市長我來當，保衛地球的工作就交給你們了。
-
#超人力霸王 
#搞什麼鬼萬聖節嘉年華
-
-
天母「搞什麼鬼萬聖節嘉年華」
今天（10/26）登場！
地點：天母運動公園
#福利熊熱氣球 
#踩街遊行
#天母市集
#250家店家討糖活動
#超人力霸王見面會",50481,377,"['搞什麼鬼萬聖節嘉年華', '天母市集', '250家店家討糖活動', '踩街遊行', '超人力霸王', '福利熊熱氣球', '超人力霸王見面會']"
18,2019-10-13 16:48:21,"昨天走紅毯，我都來不及問要穿什麼，就變成這樣。
-
#沒有手機腰掛到底要怎麼看手機
#台北時裝週
#ootd #taipei",98620,1352,"['台北時裝週', '沒有手機腰掛到底要怎麼看手機', 'ootd', 'taipei']"
19,2019-10-10 15:30:25,中華民國生日快樂🇹🇼,58269,552,[]
20,2019-10-06 18:17:15,"台北簽書會的001號書迷。
-
#生死之間
#台北 #柯文哲 #陳佩琪",37410,246,"['台北', '柯文哲', '陳佩琪', '生死之間']"
21,2019-10-05 21:08:35,"我還以為是連體嬰，原來這叫做一分鐘雕塑。
-
#一分鐘就可以了拜託
#今夜我們是藝術家
#白晝之夜 #台北
-
2019 臺北白晝之夜 
Nuit Blanche Taipei
10/5 Sat. 18:00 - 10/6 Sun. 6:00
大直－內湖 
捷運大直站－捷運西湖站
#請務必搭乘大眾運輸工具",31529,253,"['白晝之夜', '請務必搭乘大眾運輸工具', '今夜我們是藝術家', '台北', '一分鐘就可以了拜託']"
22,2019-09-29 22:34:23,"那個，颱風天，不用上班上課的不要隨便出門，否則風大雨大就像這樣。
-
#也不要叫外賣
#仍然要外出上班的請小心安全
#偶明天照常嗡嗡嗡
-
#台北 #停班停課 #颱風",65622,725,"['也不要叫外賣', '仍然要外出上班的請小心安全', '颱風', '停班停課', '台北', '偶明天照常嗡嗡嗡']"
23,2019-09-29 12:34:49,"下雨天，非常適合來一杯咖啡。
快來台北國際咖啡節，今天最後一天！
-
台北國際咖啡節「黑香」戶外咖啡市集
日期｜9/28 - 29（六 - 日）
時間｜10:00 - 18:00 
地點｜國立台灣大學 - 舟山路
（捷運公館站 2 號出口，銘傳國小旁）
-
#台北 #咖啡 #柯文哲",30706,210,"['台北', '柯文哲', '咖啡']"
24,2019-09-23 22:33:56,"你的看起來比較好吃。
-
#乖乖吃飯不要玩食物
#國中小一週一餐有機蔬菜
#柯文哲 #台北 #營養午餐
-
攝影：潘俊霖",66953,488,"['台北', '柯文哲', '國中小一週一餐有機蔬菜', '乖乖吃飯不要玩食物', '營養午餐']"
25,2019-09-21 16:35:06,"欸你也住連江嗎？
-
#網美景點 
#芹壁聚落
#馬祖 #🐱",59596,372,"['芹壁聚落', '網美景點', '馬祖']"
26,2019-09-21 12:58:27,"我已經被灌三杯
-
#馬祖的阿公身體都很健康
#馬祖 #柯文哲
#飲酒過量有害健康",36899,330,"['柯文哲', '馬祖的阿公身體都很健康', '馬祖', '飲酒過量有害健康']"
27,2019-09-15 17:40:26,"餵奶這件事情，還是交給小兒科專業的來。
-
#四方牧場 #苗栗
-
外縣市行程第一手消息
請上 @kofansclub 柯粉俱樂部專頁",43592,143,"['四方牧場', '苗栗']"
28,2019-09-15 14:32:27,"中秋節首播的大甲媽紀錄片，又讓我想到當時在彰化南瑤宮休息時，全身痠痛貼滿藥布的景象。
-
攝影：潘俊霖
-
#完整版影片請上我的Youtube頻道
#大甲媽",41023,219,"['完整版影片請上我的Youtube頻道', '大甲媽']"
29,2019-09-13 18:35:58,"好啦盡量啦。
-
#中秋節快樂
#鹽巴吃太多會得高血壓
#失言是幕僚會得高血壓",49845,447,"['中秋節快樂', '失言是幕僚會得高血壓', '鹽巴吃太多會得高血壓']"
30,2019-09-12 15:20:58,"台北市政府推動居家醫療，就是希望讓臥病在床、行動不便的老人，也有同等的醫療機會，讓醫師走出白色巨塔、走進社區服務。
-
原本以為這項政策大概做3天就會收起來，不知不覺，我和聯合醫院黃勝堅總院長已經做了將近5年，作為醫師，這是我們最驕傲的政策之一。
-
#居家醫療 #柯文哲 #台北 #Taipei #Mayor #Politics #Taiwan",40932,358,"['柯文哲', 'Politics', '居家醫療', 'Mayor', 'Taiwan', '台北', 'Taipei']"
31,2019-09-11 09:06:23,🍜👍,98215,2036,[]
32,2019-08-25 17:49:03,"那個小牛你有事情可以做了。
-
#幫我出一本柯P米其林
#有吃過都好吃
#台北 #新北 #深坑老街",38008,329,"['深坑老街', '幫我出一本柯P米其林', '台北', '有吃過都好吃', '新北']"
33,2019-08-24 15:17:21,"我自己是沒看過航海王這本漫畫啦，但裡面有句話我覺得還不錯。
-
「一起航向偉大的航道吧！」
-
#帶著海洋子民的勇氣與決心
#勇敢的航向全世界
#OnePiece #台北 #航海王",67457,664,"['航海王', 'OnePiece', '勇敢的航向全世界', '帶著海洋子民的勇氣與決心', '台北']"
34,2019-08-08 17:13:55,"以後有當護理師的潛力。
-
#父親節快樂
#大家要記得防颱
-
攝影：潘俊霖",62834,471,"['大家要記得防颱', '父親節快樂']"
35,2019-08-03 22:26:21,"祝福大家情人節快樂，也要跟在煙火現場協助的台北市政府的同仁說一聲辛苦了。
-
#大稻埕情人節
#謝謝陳佩琪",93616,767,"['謝謝陳佩琪', '大稻埕情人節']"
36,2019-07-16 23:10:23,"不用高興太早，這件雨衣貴鬆鬆，以後下雨天也要給我領五百上班。
-
#盧我也沒用
#去問那個大熊
#河岸童樂會
#熊讚水樂園
-
吉祥物大賽，唯一支持熊讚 @bravo_taipei ！快到我的限時動態，點連結進入第一屆吉祥物大賽官網投票，讓熊讚出國比賽！",57366,359,"['熊讚水樂園', '河岸童樂會', '去問那個大熊', '盧我也沒用']"
37,2019-07-15 19:28:54,"我常常告訴我們的團隊：要當牛，不要怕沒有田可以犁。

意思是如果想做事，會發現事情一堆根本做不完，所以與其每天擔心一些不確定的事情，不如做多少算多少，把眼前的事情做好再說。

就像我們的教育局剛拿到亞太區智慧城市大獎，成為全台灣唯一得獎的城市，一個獎背後，都是我們多年的努力。

我相信在9月開學後，不只孩子有感，家長也會感受到台北市智慧教育上的先進。然而，一個智慧化教育的政策，背後需要多少時間與努力，才能達成現在的規模。

這不是喊喊口號，所有東西就會從天上掉下來。沒有制定穩健的計畫，再親自盯著完成，口號終究只是口號。

我們需要嚴謹的國家治理，高效率的精實管理，而不是只有喊口號治國，這也是我們台北市政府每天努力的目標。

#國家治理 
#精實管理
#進步價值光榮城市
#KPQuotations",52486,495,"['進步價值光榮城市', '精實管理', 'KPQuotations', '國家治理']"
38,2019-07-10 19:11:53,"收到一盒邊緣人的喜氣，除了恭喜還是恭喜！
-
#送一句遲來的小叮嚀
#家是講愛的地方
#不是講道理的地方
#講道理要去議會",56251,234,"['送一句遲來的小叮嚀', '家是講愛的地方', '不是講道理的地方', '講道理要去議會']"
39,2019-07-08 15:21:38,"精實管理是一種文化，也是一種態度。
-
把小問題解決就沒有大問題，在解決小問題的過程中，能力就會愈來愈大，因為在處理當中對問題就愈來清楚，
-
我一直很嚮往日本的「達人文化」，要做到臺北市政府從市長一直到掃地的歐巴桑，每天都在想一個問題：如果重來一遍，怎麼做會比較好？在過程之中，這個團隊就會愈來愈好。
-
所以我還是堅持a>1，a的n次方就會無限大；倒過來，若a<1，a在0跟1之間，a的n次方就會趨近於0，每天進步一點，大家一起進步一點點，力量就會變很大，累積起來，整個國家就會愈來愈好。
-
#KPQuotations",83332,831,['KPQuotations']
40,2019-06-29 15:00:47,"買書回來研究研究。
-
#明治維新
#一本四百
#我的通告費快沒了
#勝利新村
-
晚上我會到墾丁，外縣市行程第一手資訊，請上柯粉俱樂部 @kofansclub 粉絲專頁。",34995,223,"['我的通告費快沒了', '勝利新村', '一本四百', '明治維新']"
41,2019-06-22 17:32:40,"三十年前來台東，都是陳佩琪開車載我出去玩，我就是負責睡覺就好，這一次再來，還是一樣，覺得這裡的空氣和景色很好。
-
每次大家都問我，我其實不太會講什麼肉麻的話，但如果要比喻的話，她其實就像陽光、空氣、水，平時不覺得有什麼，但突然需要時，就會發現不可或缺。
-
#KPQuotations
#真的太肉麻
#台東 #花蓮 #熱氣球",93886,900,"['真的太肉麻', '台東', 'KPQuotations', '花蓮', '熱氣球']"
42,2019-06-21 10:51:29,"吼，呷架厚，要運動啦。
-
#偶在台東
-
外縣市行程第一手資訊，請上 @kofansclub 柯粉俱樂部。",70081,478,['偶在台東']
43,2019-06-17 17:48:53,"大家上Youtube看過「這就是科學」第一集了嗎？
-
#apoptosis
#這個P是不發音的
#這就是科學 #ItsScience
#kpquotations
-
全新企劃【這就是科學 It's Science】
每週三晚間十點
柯文哲官方Youtube頻道，獨家首播",34292,289,"['ItsScience', '這就是科學', 'kpquotations', 'apoptosis', '這個P是不發音的']"
44,2019-06-10 15:44:02,"世間萬物運行的一切準則，都是科學！
-
全新企劃【這就是科學 It's Science】
6月12日，晚間十點，柯文哲官方Youtube頻道，獨家首播
-
馬上訂閱我的Youtube頻道 
https://bit.ly/2VO1IWm",65836,399,[]
45,2019-06-08 20:36:40,"畢業季到了，最近常常去學校演講，到最後都會勉勵同學這一句話：
-
You are what you do. 你一生做了哪些事，合起來就代表你，你的所作所為，使你的名字有意義，而不是你是誰，叫做什麼名字，或是你的穿著打扮。
-
就像如果叫某個人「柯文哲」，他也不會真的變成柯文哲，是因為我做了大家所知的這些事情，才讓柯文哲這個名字有意義。
-
所以，就勇敢的做自己吧！
-
#KPQuotations",76197,333,['KPQuotations']
46,2019-06-02 18:41:33,"溫泉水種的蕹菜，很脆很好吃。
-
#我在宜蘭
-
外縣市行程第一手資訊
請上 @kofansclub 柯粉俱樂部ig",60723,261,['我在宜蘭']
47,2019-05-28 09:57:48,"我參觀完日本的火力發電廠，你在廠外一看，沒聽到噪音，沒看到廢氣，不說還不知道這是一座發電廠。
-
我的心得是，「不是煤炭乾不乾淨的問題，而是人乾不乾淨的問題」
-
同樣的技術，同樣的SOP，在日本可以執行的非常徹底，但在台灣都會打折，最後政府不受到民眾信任的情況下，簡單的科學問題，都會變成政治問題。
-
#KPQuotations",88965,674,['KPQuotations']
48,2019-05-26 09:24:45,"三年前訪日的翻譯，三年後還是同一個。
-
#有鯊魚在我先走了",47325,320,['有鯊魚在我先走了']
49,2019-05-25 10:23:42,"日本文化中，有兩個非常值得得台灣來學習，一個叫做「奉公」，一個是「達人文化」。
-
奉公的意思，就是努力求進步，日本人拿薪俸，會比較自己有沒有跟旁人一樣努力，如果沒有，他們還會覺得很可恥。
-
奉公是一種文化，一個國家的國民如果都有奉公的精神，接下來再講求平等，這個社會就會進步的比較快，反之，如果大家只強調平等，卻缺乏奉公精神，就會阻礙這個社會的進步。
-
#KPQuotations",76495,766,['KPQuotations']
50,2019-05-23 14:53:51,"這就是傳說中的日本的鐵路便當。
-
#一樣六分半鐘搞定
#新幹線
#準備前進富山",92702,533,"['準備前進富山', '一樣六分半鐘搞定', '新幹線']"
51,2019-05-21 17:11:18,"我常常會碎碎念，也不知道自己講了什麼。但是罵別人自己也不會變好啦，下次我會盡力忍住。
-
#KPQuotations",98971,1041,['KPQuotations']
52,2019-05-19 12:59:08,"午餐吃什麼（X）
里長的問題該怎麼處理（O）
-
#tag給有選擇困難的朋友
#今天偶在高雄",56861,367,"['tag給有選擇困難的朋友', '今天偶在高雄']"
53,2019-05-19 10:35:36,"隨著科技發展，未來的世界實在是太難預測了。
-
我最近遇到一個大師，談「人生的修行」，大師說，我們常常老是自以為自己是對的，如果可以把這個毛病改掉的話，最後一定會進步的更快。
-
所以從生活中，可以從「我可能是錯的」這一點開始思考，這是一個蠻有趣的概念。
-
#KPQuotations",98412,551,['KPQuotations']
54,2019-05-05 10:29:24,"不知道幾百年沒寫母親節卡片了。
-
#祝全天下的媽媽母親節快樂
#我覺得打字好看一點
#貓空封茶祭",56361,229,"['貓空封茶祭', '祝全天下的媽媽母親節快樂', '我覺得打字好看一點']"
55,2019-04-25 19:14:18,"我公務太忙，很少有機會看電影，更別提大家在討論很紅的那一部，所以什麼劇情跟人物都不要來問我，我完全看不懂。
-
不過，小編說要跟我借一句柯語錄來描述這部電影，啊這部片有這麼勵志嗎？
-
#KPQuotations
#萬用柯語錄
-
(照片拍攝於2015年10月「灣生回家」紀錄片首映現場)",72511,238,"['萬用柯語錄', 'KPQuotations']"
56,2019-04-19 15:54:47,"聽說我太太跟好幾個幕僚們都是支持這一隊的。
-
#有個胖子每天都穿球衣上班
#等等六點天母棒球場見
#中華職棒天母首戰",100202,845,"['中華職棒天母首戰', '有個胖子每天都穿球衣上班', '等等六點天母棒球場見']"
57,2019-04-18 18:42:54,"這個齁，地震來的時候不要再忙著打卡了，記得照我這樣做。
-
#趴下掩護穩住
#防震三步驟
-
(圖片節錄自我的臉書：「柯Ｐ便當會#8：防災大英雄」直播影片)",104353,576,"['防震三步驟', '8', '趴下掩護穩住']"
58,2019-04-15 22:36:48,"五年前遶境，我寫下四個字：「找回良心」；五年後，我再補上四個字：「莫忘初衷」
-
帶著媽祖的護佑，我們充飽電，回去還是要繼續努力。
-
#明早一樣七點半見
#比我晚到就是遲到",66119,301,"['明早一樣七點半見', '比我晚到就是遲到']"
59,2019-04-15 09:25:22,"我沒有政黨，但我有你們。
-
謝謝大家這幾天下來的陪伴與幫忙，今天是我們參與遶境行程的最後一天，最後一哩路，我們一起完成。
-
#KPQuotations
#嗯我的自拍技術進步很多",107355,648,"['嗯我的自拍技術進步很多', 'KPQuotations']"
60,2019-04-12 17:30:38,"小朋友好！
-
#大甲媽祖遶境 
#握完趕快回去上課",51152,437,"['大甲媽祖遶境', '握完趕快回去上課']"
61,2019-04-12 09:02:18,"還願之旅還有一半，我們繼續前進。
-
#KPQuotations",70083,303,['KPQuotations']
62,2019-04-09 15:03:13,"快60歲了，這個身體我看是有點難準時走到嘉義。
-
不能走完，也要騎完，下午2點，我們出發！
-
#大甲媽祖遶境",85874,928,['大甲媽祖遶境']
63,2019-04-08 22:23:18,"不管是一日雙城、一日雙塔、還是爬玉山、參加媽祖遶境，從來就不是一開始就知道會成功的事，
-
很多人之所以常常失敗，就是因為總想著「等一下」再做，但機會不會等你，就像我常說我想去聽鳳飛飛演唱會，但總想著工作太忙下次還有機會，但不幸的她辭世了，再也沒有下一次。
-
Chance favors the prepared mind，做好準備，然後想到就去做，「做就對了」，這是這次走大甲媽遶境的初衷，也是我給每一位年輕人的忠告。
-
#KPQuotations",104342,621,['KPQuotations']
64,2019-04-08 12:25:03,"一夜長征後換成高溫日曬，我們終於抵達彰化。
-
身體開始有些狀況，不確定行不行，總之還是先讓我好好睡一覺，下午再說。
-
#大甲媽祖遶境",87453,713,['大甲媽祖遶境']
65,2019-04-08 06:48:42,"一個晚上，走了25公里的路，真的累了，連小編也累到柯語錄罷工。
-
#但還沒有超越一日雙塔的疲累度
#騎到後面腦袋一片空白",123389,727,"['但還沒有超越一日雙塔的疲累度', '騎到後面腦袋一片空白']"
66,2019-04-07 23:27:22,"入定，準備70公里長征。
-
#大甲媽祖遶境
#0時準時出發",71784,512,"['大甲媽祖遶境', '0時準時出發']"
67,2019-03-31 21:45:21,"4月1日一樣要上班工作，沒在跟你開玩笑，所以大家還是早點睡吧！
-
#KPQuotations",87203,400,['KPQuotations']
68,2019-03-29 12:32:43,"海芋季開始了，來喔！
-
#不要開車上來
#搭公車賞花方便又環保",133159,1772,"['搭公車賞花方便又環保', '不要開車上來']"
69,2019-03-22 11:48:19,"大家去查我以前出過的柯語錄，裡面應該會有一句話：
-
「柯文哲一生中最討厭的三樣東西：蚊子、蒼蠅、國民黨。」
-
我是一個228家族，所以我20幾歲還在唸台大醫學院的時候，我的願望就是推翻國民黨。可是當我到了美國明尼蘇達大學唸書之後，思想開始有些改變。
-
現在我認為，不管是推翻、打倒，這種負面的力量，其實他不會讓一個社會更好，也不會讓一個國家強大。
-
我們終究還是要建立一個文明的台灣社會。
-
#KPQuotations
#出自美國紐約大學演說",61312,497,"['出自美國紐約大學演說', 'KPQuotations']"
70,2019-03-18 10:18:46,"到此一遊。
拍好沒，拍好就上工了。
-
#南街海港
#布魯克林大橋 
#newyork #NY",65819,221,"['NY', '南街海港', 'newyork', '布魯克林大橋']"
71,2019-03-18 00:37:28,"每次出國參訪，都有類似的感受。
-
#KPQuotations",88493,785,['KPQuotations']
72,2019-03-14 22:13:34,"第一次看到這麼喜歡被打的熊 @bravo_taipei
-
#買熊讚可以附槌子
#我要去建議觀傳局",59245,600,"['買熊讚可以附槌子', '我要去建議觀傳局']"
73,2019-03-11 18:53:46,"侯友宜市長見到我第一句就說：「你的幕僚很多都住在新北市，北市府裡面也有很多新北市民，你要好好照顧他們。」
-
坦白說，我跟侯市長以前就見過很多次，對於雙北合作的議題，基本上我們都有共識，「只要是為人民好，不用計較太多」。
-
所以在淡北道路的議題上，我說一切尊重專業，只要通過環評審定，台北市這邊該出多少錢就出多少，不會斤斤計較，沒必要的爭論少一些，市政就可更快一點。
-
同時，我也感謝侯市長，今天拋出雙北垃圾袋價格一致的問題，未來兩邊的垃圾袋可以通用互收。這個問題對每天跨河通勤上班的人來說，應該非常有感。
-
政治不用那麼多口水，不用每天喊口號，解決人民的問題比較重要。
-
#KPQuotations",93082,501,['KPQuotations']
74,2019-03-10 19:25:52,"祝湖大家都可以在台北幸湖。
-
#2019聯合婚禮
#帥
#我是說我旁邊的局長",66474,347,"['我是說我旁邊的局長', '2019聯合婚禮', '帥']"
75,2019-03-09 22:52:35,"每天都有人問我要不要選總統，民調贏誰輸誰，我的答案只有一個，把每天該做的事情做好就好，想那麼多幹什麼？
-
就像從四年前上任第一天開始，每天早上七點半的會議，我們還是繼續處理那些幾十年沒有人想解決的市政問題。
-
只有一天搭公車、準時上班，叫作秀，四年下來每天都這樣做，叫做行動藝術。
-
我們沒有任何懈怠的空間，我們會繼續努力。
-
#KPQuotations
#柯語錄重新復活",145456,1302,"['KPQuotations', '柯語錄重新復活']"
76,2019-03-01 21:50:56,"燈會很厲害，無人機也很厲害。
-
#2019台灣燈會在屏東",123780,685,['2019台灣燈會在屏東']
77,2019-03-01 18:16:26,"我認為，在這個特別的日子，台灣可以走出悲傷跟仇恨，我們可以用一種更正面的態度，更樂觀，更智慧的處理我們所面對的問題。
-
我深深體會一句話：如果要走的快的話，一個人走；如果要走的遠的話，那就要大家一起向前。
-
謝謝大家，我們繼續認真的過每一天。
-
#KPQuotations",69168,279,['KPQuotations']
78,2019-02-28 19:43:30,"偶出發了。
-
#228一日雙城挑戰
#台南的民眾好熱情
#快上我的臉書看直播",73929,414,"['228一日雙城挑戰', '台南的民眾好熱情', '快上我的臉書看直播']"
79,2019-02-27 18:40:06,"孝敬夫人的伴手禮來了，應該可以跟社會大眾交代了吧。
-
#死海泥面膜
#死海泥護手霜
#椰棗
#感謝駐以色列代表處幫忙張羅",67587,508,"['感謝駐以色列代表處幫忙張羅', '椰棗', '死海泥護手霜', '死海泥面膜']"
80,2019-02-26 22:22:26,"地中海的夕陽這麼漂亮，真的不能叫偶自拍，因為一定拍得很爛。
-
#自拍照幕後
#伴手禮會送啦",70823,494,"['自拍照幕後', '伴手禮會送啦']"
81,2019-02-26 16:13:29,"在地中海旁邊用早餐，心情是：
-
#😳
#不要管我的表情",101481,683,['不要管我的表情']
82,2019-02-25 21:56:24,"人在以色列，自己的病自己醫，不過以前都只看急重症，這種小咳嗽怎麼醫都醫不好，真的傷腦筋。
-
#Dr陳都幫我準備好了
#安眠藥
#高血壓藥
#抗生素
#胃藥
#止咳藥
#要什麼藥有什麼藥",72628,532,"['高血壓藥', 'Dr陳都幫我準備好了', '止咳藥', '抗生素', '要什麼藥有什麼藥', '安眠藥', '胃藥']"
83,2019-02-25 14:48:32,"來這裡感受宗教信仰的力量。
-
#israel 
#jerusalem 
#westernwall",80676,628,"['jerusalem', 'israel', 'westernwall']"
84,2019-02-25 00:22:20,"初次見面，笑就對了！
-
#全球市長大會
#israel #jerusalem #internationalmayorsconference",67849,258,"['全球市長大會', 'jerusalem', 'internationalmayorsconference', 'israel']"
85,2019-02-24 19:22:02,"以色列的自動駕駛系統真的很先進啦！
-
#試過就知道
#人衝出來也會閃
#不要管我的表情
#Mobileye",118609,577,"['人衝出來也會閃', '試過就知道', 'Mobileye', '不要管我的表情']"
86,2019-02-24 16:15:09,"到了，是個大晴天🇮🇱
-
#israel
#隨時會開直播
#請鎖定偶的臉書",55045,124,"['請鎖定偶的臉書', '隨時會開直播', 'israel']"
87,2019-02-23 20:49:29,"啊，滑到沒電了
-
#借充一下
#準備前往以色列🇮🇱
#等等9點我會在臉書開直播",80247,356,"['等等9點我會在臉書開直播', '準備前往以色列', '借充一下']"
88,2019-02-23 10:23:33,"看海，看鯊魚。
-
#雙北論壇",76612,403,['雙北論壇']
89,2019-02-14 22:59:42,"發現哪裡怪怪的嗎🤨
-
#2019台北燈節",55502,353,['2019台北燈節']
90,2019-02-13 19:34:44,今天出庭真的謝謝，辛苦了。,90132,443,[]
91,2019-02-11 18:04:38,"上工了。
-
#認真工作才是我們的核心價值",132183,530,['認真工作才是我們的核心價值']
92,2019-02-09 14:16:27,"???
-
#福袋原來長這樣
#完整影片請上千千進食中Youtube頻道
-
千千進食中《地獄料理 ft. 柯P》
播出時間：大年初四 2/8（五）17:00
播出平台：千千進食中 Youtube頻道",63494,133,"['完整影片請上千千進食中Youtube頻道', '福袋原來長這樣']"
93,2019-02-08 21:01:45,"筋太硬了。
-
#雙城計畫訓練中
#臉書有直播",38605,224,"['臉書有直播', '雙城計畫訓練中']"
94,2019-02-07 18:40:38,"現在這時候來我公司前面，有很漂亮的光雕秀，走一趟不用再花錢出國看！
-
#2019台北光之饗宴 
#我拍照技術不好
#借一下產業局的照片
-
2019台北光之饗宴Luminarie光雕展

展出時間：2/5-2/19
假日／18時30分至22時
平日／19時至22時

地點：市府前廣場／仁愛路4段（逸仙路至光復南路段）",63242,302,"['2019台北光之饗宴', '我拍照技術不好', '借一下產業局的照片']"
95,2019-02-06 14:21:34,"我愛How哥，How哥No.1
-
#幕僚叫我打的
#這蝦米碗糕
#算了過年不要罵人
#完整影片請上HowHow的Youtube頻道
-
HowFun 如何爽《台北市腦力大亂鬥》
播出時間：大年初二 2/6（三）14:00
播出平台：HowFun 如何爽 Youtube頻道",139115,609,"['幕僚叫我打的', '完整影片請上HowHow的Youtube頻道', '這蝦米碗糕', '算了過年不要罵人']"
96,2019-02-06 10:58:46,"哇！
-
#鐵人賀年行程
#祝福大家闔家平安",39965,166,"['鐵人賀年行程', '祝福大家闔家平安']"
97,2019-02-05 12:50:15,"這不是那個土耳其人的動作嗎。
-
#網友P圖我都有看
#灑個鹽巴而已笑成這樣
#完整影片請去老天鵝娛樂臉書看
-
老天鵝娛樂《柯P教你做年菜》
播出時間：大年初一 2/5（二）12:00
播出平台：老天鵝娛樂臉書專頁／Youtube頻道",114622,1308,"['完整影片請去老天鵝娛樂臉書看', '灑個鹽巴而已笑成這樣', '網友P圖我都有看']"
98,2019-02-05 10:45:36,"大年初一，謝謝大家的熱情，祝福大家都有個平安的一年。
-
#平安就是福",90372,333,['平安就是福']
99,2019-02-04 14:44:24,"我只有一句話：
「愚人的問題，智者無法回答」
-
#考這個偶真的沒辦法
#答案請看今天晚上的眼球中央電視台
-
眼球中央電視台《春節聯歡晚會》
播出時間：除夕 2/4（一）21:57
播出平台：眼球中央電視台臉書專頁／Youtube頻道
-
圖：眼球中央電視台提供",66330,261,"['考這個偶真的沒辦法', '答案請看今天晚上的眼球中央電視台']"
100,2019-01-24 19:01:50,"當市長太久，你們都忘記我以前是台大教授。
-
#今年農曆年正式開課
#用科學看政治
#請鎖定49頻道壹電視新聞台",82633,295,"['請鎖定49頻道壹電視新聞台', '今年農曆年正式開課', '用科學看政治']"
101,2019-01-22 20:35:07,"欸這錢是真的假的。
-
#明天晚上8點
#我在壹電視49台
#年代向錢看
#上節目貼補家用
#幕僚又要高血壓",65391,303,"['明天晚上8點', '年代向錢看', '上節目貼補家用', '幕僚又要高血壓', '我在壹電視49台']"
102,2019-01-17 23:11:42,"不要再說我像肉票，人家有五間店，是個成功的企業家好嗎！
-
#感謝館長
#也感謝大家
#因為唉機粉絲突破87萬了
#可以再高",97143,401,"['感謝館長', '可以再高', '也感謝大家', '因為唉機粉絲突破87萬了']"
103,2019-01-14 19:16:30,"狗年要過了，但毛小孩還是要繼續照顧。
-
#有本事養就不要亂丟
#領養不棄養",136232,688,"['領養不棄養', '有本事養就不要亂丟']"
104,2019-01-13 19:29:38,"要一網打盡寧夏夜市的美食，來吃寧夏千歲宴就對了。
-
#滷肉飯
#蚵仔煎
#臭豆腐
#牛肉湯
#生炒魷魚
#燒麻糬
#楊桃汁",79158,293,"['生炒魷魚', '楊桃汁', '蚵仔煎', '滷肉飯', '牛肉湯', '臭豆腐', '燒麻糬']"
105,2019-01-10 19:09:18,"欸，這個要按哪個鍵啊？
-
#醫師看到血才會醒過來
#所以我很快就醒了
#讓電競前進世界舞台",140138,1391,"['讓電競前進世界舞台', '醫師看到血才會醒過來', '所以我很快就醒了']"
106,2019-01-08 19:58:19,"演什麼都行，演國中生也可以。
-
#認真是一種習慣",137949,958,['認真是一種習慣']
107,2019-01-01 01:03:14,"2019的第一抱，被一隻熊搶走。
-
#大家新年快樂",122654,754,['大家新年快樂']
108,2019-01-01 00:08:22,嗯，要倒數了。,124531,838,[]
109,2018-12-31 13:50:28,"新年新氣象，不變的是還是要彈 @bravo_taipei 的鼻子。
-
這隻熊要破18萬粉絲才能上台表演，今天是最後一天，大家就看他可憐，幫忙他一下，去他臉書按讚訂閱加分享。
-
#晚上1030我的臉書有直播
#快上我的限時動態來許願",71694,204,"['晚上1030我的臉書有直播', '快上我的限時動態來許願']"
110,2018-12-25 12:06:41,"各位同仁，那上工了，我們開始工作吧，就這樣。
-
#超極簡風",155927,1494,['超極簡風']
111,2018-12-21 20:04:13,"聖誕節不是在工作就是在開會，所以除了窩在辦公室之外也不太知道要做什麼，尊重專業，還是讓我們的思宇局長來告訴大家今年歲末有多好玩吧。
-
#等等八點半鎖定我的臉書直播",104413,412,['等等八點半鎖定我的臉書直播']
112,2018-12-18 09:50:51,"好啦謝謝 @youtube 啦。
-
#不會拿去當柴燒
#不會變現
#請幕僚去研究一下怎麼破百萬",168349,1066,"['請幕僚去研究一下怎麼破百萬', '不會變現', '不會拿去當柴燒']"
113,2018-12-17 18:09:43,"#傳說中的鯊魚餵食盛況
-
今天晚上九點，我會在我的臉書上直播，跟大家見面，也要說聲感謝。
-
另外，雖然通常每天都有固定的鯊魚餵食時間，但幕僚說，Youtube頻道訂閱數幾天前突破30萬，作為一個Youtuber，都會開放給粉絲們QA，所以今天的直播，我們也開放了一些問題給大家，想提問的人，歡迎上我的IG限時動態，等你來問！
-
#改變4週年
#繼續再4年
#路會繼續走下去
-
路會繼續走下去 KEEP GOING
柯文哲就職四週年紀錄片 
12/25 全台首播
請鎖定柯文哲官方臉書／Youtube 頻道",59891,180,"['路會繼續走下去', '改變4週年', '傳說中的鯊魚餵食盛況', '繼續再4年']"
114,2018-12-09 11:14:30,"沒有要跑，但暖身還是要做好。
-
#台北馬拉松2018",115386,525,['台北馬拉松2018']
115,2018-12-03 13:30:24,"第一次來到3萬人的大包廂，謝謝今天曬太陽辛苦排隊的大家。
-
#堅定的心伴阮向前走
#請你會記著阮的名
#今天繼續拼",109699,501,"['堅定的心伴阮向前走', '今天繼續拼', '請你會記著阮的名']"
116,2018-11-30 14:57:54,"禮拜日，市府前廣場，唱好唱滿，拍好拍滿！
-
#這個只是示意圖
#好啦就這樣
#偶先去工作了
-
④ 柯文哲 感恩簽唱園遊會
日期：12月2日（日）
時間：園遊會 14:00-21:00 
地點：市府前廣場",186247,3229,"['好啦就這樣', '偶先去工作了', '這個只是示意圖']"
117,2018-11-28 16:19:05,"謝謝你們的支持❤️，我們繼續上工。
-
#DoTheRightThings
#DoThingsRight",242250,4012,"['DoThingsRight', 'DoTheRightThings']"
118,2018-11-25 09:30:58,"「超越藍綠不是為了消滅藍綠，而是讓臺灣成為一個和諧共融的社會。」
-
記得我在正式請假、開始競選活動的前一晚，我留下一張字條給我的秘書，除了感謝她四年來的幫忙，我也告訴她，阿北一定會回來！
-
阿北回來了！
-
而且明天，還是一如往常，繼續工作！
-
#感謝580820位人民的付託",307349,9713,['感謝580820位人民的付託']
119,2018-11-24 14:58:10,"天氣很好，我投完票了！
-
#等待一定是值得的
#四點前去排都來得及",182734,4782,"['等待一定是值得的', '四點前去排都來得及']"
120,2018-11-23 23:05:31,"柯文哲沒有朋友，但是有你們。
-
再過幾個小時就要投票了，我要呼籲支持我的朋友，拜託你們一定要出來投票。
-　
出來投票，投給堅持改革的政治信念。
出來投票，投給公開透明的政治文化。
出來投票，投給可長可久的銀髮照護系統。
出來投票，投給讓青年可以安身立命的公共住宅。
出來投票，讓軸線翻轉的門戶計畫可以實現。
出來投票，投給決不債留子孫，永續經營的市政理念。
-　
不但要自己要投票，還要繼續幫柯文哲催票，把白色力量這4年來的努力說給爸爸媽媽聽、說給你的阿公阿嬤聽，說給你的親朋好友聽，然後明天走進投票所，把手中的那張選票投給4號柯文哲，我們要給下一代一個乾淨、進步的未來。
-　
給台北一個機會，台灣才有機會。台北能夠脫離藍綠惡鬥，台灣才有機會向前走。
-
#出來投票
#1124投給4
#改變成真持續發生",204558,3847,"['出來投票', '1124投給4', '改變成真持續發生']"
121,2018-11-23 20:59:50,"革命是艱苦的工作，要維持理想，還是活得蠻辛苦的。
-
我們都是光陰百代的過客，我們終有一天都會離開，但是只要我們夠努力，最後留下的，是信念跟價值。
-
我們會贏，一定要贏，一定要回來，再為大家服務④年。
-
我是④柯文哲，改變已經成真，我們要讓它持續發生，11月24日，就是明天，一起到投票所，許下下一個④年的承諾。
-
#teamKP
#改變成真持續發生",135179,2238,"['teamKP', '改變成真持續發生']"
122,2018-11-23 10:12:21,"#跟你們獻上最敬禮
-
第一次自己的車隊掃街，天氣冷，但內心很溫暖，因為看見大家熱情的支持。
-
今天下午一點到六點，我們還會有一場車隊掃街活動，再拜託大家多多給我們支持與鼓勵。
-
【今日車隊掃街預計時間與路線】
-
（時間隨車程與進度會有所變化，實際時間及位置請參考市長臉書掃街實況直播）
-
13：30 南港區公所
13：50 向陽路
14：00 忠孝東路五段四段
14：20 敦化南路一段
14：25 敦化北路
14：40 世大運台北田徑場
14：50 南京東路四段
15：00 八德路三段
15：10 復興南路二段
15：20 和平東路三段二段
15：35 羅斯福路三段-六段
15：55 景中街
16：05 興隆路一段
16：10 羅斯福路五段
16：15 基隆路四段
16：30 信義路五段
16：35 莊敬路
16：40 四四南村
18：00 選前之夜一起來！",110168,1587,['跟你們獻上最敬禮']
123,2018-11-22 13:08:28,"4年下來，謝謝每一位幕僚每天起大早，一起迎接這座城市每天的挑戰。
-
拜託大家，再給我們4年，讓我們繼續為大家服務，讓這種勤勞做實事的新政治可以延續。
-
#選一群人民的公僕
#選一個人民的公僕
#teamKP",95755,1067,"['teamKP', '選一個人民的公僕', '選一群人民的公僕']"
124,2018-11-21 10:14:55,"如果我們沒有每天早上七點半準時開會，親自列管追蹤這些案件，加上市府公務員一步步的努力實踐，忠孝橋引道拆除計畫，現在還躺在台北市政府的抽屜，北門也不可能重現，台北車站的交通還是跟以前一樣亂。
-
支持我每天早起工作的，是你們對改變成真的期待。
-
11月24日，這次，真的需要大家繼續支持④，讓這些美好的改變可以持續發生。
-
#teamKP
#改變成真持續發生
-
④ 柯文哲 選前之夜
日期：11月23日（五）
時間：園遊會 16:00 晚會 18:00 
地點：四四南村旁停車場（101捷運站2號出口）",110830,1117,"['teamKP', '改變成真持續發生']"
125,2018-11-20 20:32:53,"沒有政黨、沒有財團、沒有組織，在藍綠夾殺的情況下，這一次，我們真的選的非常辛苦。
-
但好險還有你們，你們是這座城市改變的關鍵，是支撐我不斷工作的動力，這一次，真的也要拜託你們的幫忙。
-
11月24日，支持④，我們會贏，而且一定要贏。
-
請幫我們分享每一篇貼文、每一部影片、每一張圖片給你的親朋好友，雖然我們沒有錢買廣告，但你們是我最堅強的力量。
-
④ 柯文哲 選前之夜
日期：11月23日（五）
時間：園遊會 16:00 晚會 18:00 
地點：四四南村旁停車場（101捷運站2號出口）",112833,1849,[]
126,2018-11-20 07:38:37,"掃街時，很多頭家娘都好有活力，這一次真的要靠你們幫忙了！
-
#一人拉十票
#1124投給4
#改變成真持續發生 
#teamKP
-
④ 柯文哲 選前之夜
日期：11月23日（五）
時間：園遊會 16:00 晚會 18:00 
地點：四四南村旁停車場（101捷運站2號出口）",84287,505,"['teamKP', '1124投給4', '一人拉十票', '改變成真持續發生']"
127,2018-11-19 14:12:43,"改變北門的，不只是我，還有市府同仁的辛苦付出，以及四年前支持改變成真的每一個你們。
-
沒有大家的支持，就沒有美麗的北門、整齊的道路，還有昨天那場美好的晚會。
-
我沒有政黨，沒有組織，我只有你們的支持，11月24日，真的要拜託大家，讓這一切美好的改變，可以繼續發生。
-
#teamKP
#改變成真持續發生
-
-
④ 柯文哲 選前之夜
日期：11月23日（五）
時間：園遊會 16:00 晚會 18:00 
地點：四四南村旁停車場（101捷運站2號出口）",75916,537,"['teamKP', '改變成真持續發生']"
128,2018-11-18 18:58:58,"好啦好啦，我等一下就來了。
-
#1118決戰北門
#就是現在快點來
#聽說現場超過1萬5了",118456,724,"['就是現在快點來', '聽說現場超過1萬5了', '1118決戰北門']"
129,2018-11-18 14:13:20,"#阿北四年忙什麼🤔
010. 翻轉政治文化，對的事做，不對的事不要做
-
「欠債不只要還錢，還要繳利息。」
-
為什麼台北市政府3年半就還了530億元？事實上，單一原因都沒辦法解釋，比方說停訂多餘的報章雜誌、出國只搭經濟艙、辦活動少做運動服、背心，工程結餘不消耗預算等，當用才用、能省則省，積少成多才能做到。
-
此外，現在要追加預算，通通都要進市長室專案報告，不准再低價搶標然後追加。我上任時，市政府一年因為負債要繳29億的利息，現在有在還債，一年的利息只剩7億多。
-
我一再強調財政紀律，因為第一，欠債要還錢。第二，欠債要繳利息，單單利息就足以雪上加霜，讓子孫更難翻身。
-
環南市場改建要55億，第一果菜市場及魚市場改建要140億，大龍市場要13億，其實樣樣要錢，沒有嚴格的財政紀律，就沒有多餘的錢做大規模的建設。
-
今年，財政部頒獎給我們，因為去年促參招商簽約金額299億，六都第一，佔全國30.8%，也打破外界批評招商不力的說法。換言之，只要堅持制度，堅持公開透明，最後大家相信我們是有原則的廉能政府，反而讓招商變得更順利。這個全國招商第一的榮譽，證明我們的努力是值得的。
-
上任3年半還了520億元，促參招商金額全國第一，這就是新的政治文化，這就是進步價值。
-
#teamKP
#改變成真持續發生",40528,272,"['teamKP', '阿北四年忙什麼', '改變成真持續發生']"
130,2018-11-17 18:28:51,"「政治沒那麼困難，就是對的事情做，不對的事情不要做，認真做，這樣就好了。」
-
#我沒有政黨
#但我有你們
#1124拜託大家
#teamKP
#KPQuotations
-
#1118決戰北門
柯文哲行動競選總部園遊會｜光榮城市 
日期：11/18 (日)
時間：園遊會14:00，晚會17:00
地點：北門廣場（捷運北門站 1 號出口）",89791,822,"['1124拜託大家', 'teamKP', '但我有你們', '1118決戰北門', '我沒有政黨', 'KPQuotations']"
131,2018-11-15 16:17:49,"#阿北四年忙什麼🤔
009. 與水共存的海綿城市，讓文山區不怕淹水
-
文山區興隆路二、三段、福興路一帶，只要下大雨就會淹水，多年來一直無法解決，居民們聽到豪雨警報就人心惶惶。
-
如今，在市府工務局同仁的努力下，花費不到三年時間，我們完成了文山區所有防洪工程。起初預估要花23億元，經過計畫修正，最後只用了8億元。
-
這裡，從台北市「易淹水區」的名單中，正式除名。
-
這項工程最核心的部分，就是利用潛盾機在過去是淹水重災區的福興路地底下，挖了一條631公尺的分洪道。此外，我們用軍方無償撥用的辛亥路憲兵營區、文山運動中心北側的空地，興建兩座大型地下滯洪池，總容量達5.2萬立方公尺。
-
我們用「分洪加滯洪」雙管齊下的概念，讓文山區多年來低於標準的防洪能力，提升至與其他行政區同等級（每小時78.8毫米）。
-
文山區防洪工程確實經得起考驗，今年六月初重創北台灣的瞬間強降雨，過去逢雨必淹的興隆路、福興路一段毫髮無傷，不再出現積水災情。
-
防洪建設沒有太多亮點，卻能為市民的生活帶來有感的變化，不過，面對多變的極端氣候，市府團隊不敢掉以輕心，未來，我們還是會以專業、創新的治水概念，讓台北成為一個韌性抗洪的「海綿城市」。
-
#teamKP
#改變成真持續發生",28700,234,"['teamKP', '阿北四年忙什麼', '改變成真持續發生']"
132,2018-11-14 15:45:32,"感謝埔里來的義勇軍一路相挺。
-
#teamKP
#改變成真持續發生
-
-
行動競選總部趴趴Go／前進西門町
謝和弦簽唱專場
時間：11/15（四）19:00-22:00
地點：西門捷運站6號出口旁",65632,397,"['teamKP', '改變成真持續發生']"
133,2018-11-13 23:18:11,"#阿北四年忙什麼🤔
008. 無現金城市，讓生活更加宜居永續
-
未來4年，我們會以智慧支付為基礎，建構未來智慧的商務新模式 。
-
去年啟動的「pay.taipei 智慧支付整合平臺系統」，是目前全臺灣唯一整合各項市政規費的繳費系統。平臺自 2017 年 6 月底開啟至 2018 年 5 月，累積交易筆數超過 113 萬筆，不但讓市民可以隨時隨地繳交自來水費、路邊停車費、罰鍰、稅收等費用，免去繁複流程，過程中節省下來的手續費更共計高達 423 萬元。
-
我也下達行政命令，在公務機關先行導入電子支付服務，由公而私的逐步推動「無現金城市」的願景。像是在我們市政府裡面的公共事務管理中心地下一樓的餐廳和下二樓的生活廣場、學校的福利社、捷運的店家、建國假日花市等等，我們都公布標準的示範契約，讓電子支付能夠在生活的每一天當中落實。
-
去年 12 月，我們在傳統的「臺北市魚類批發市場」正式導入電子支付模式，這是創舉，也獲得市民的好評。過去大家都是大半夜冒險帶著大把鈔票，或者直接開支票進行交易；而現場的工作人員還得花上兩到三天來理清這些複雜的帳務。在我們導入智慧支付的模式之後，不但交易上安全又快速；同時魚商朋友再也不用擔心錢帶不夠的惱人問題。
-
我想四年內，農產、花卉市場很快就可以跟進，讓過去那種需要在短時間內完成支付的交易方式漸漸消失。E 化後的「智慧市場」將串連起產業的上下游，也有能力建立起跨區域、跨市場的共享協作平臺；我們也將持續透過串接產銷管理流程，以及整合資金需求的採購流程，利用演算法規劃最便捷運送路徑，實現智慧市場的新經濟型態。

另外，四年以內「臺北卡」將全面智慧化，除了有虛實合一的手機行動介面，更會將政策福利、生活動線與消費支付整合，成為市民的數位信用存摺。我們的生活離不開支付，因此支付也忠實的記錄著我們的生活，當政府能夠提供一個智慧的平臺，便能讓每個人生活延伸出更多可能性，甚至還能連結商務，創造出新經濟，並且在個人、法人的信用上帶來幫助，帶動整體商業環境的活絡。
-
#teamKP
#改變成真持續發生",34506,314,"['teamKP', '阿北四年忙什麼', '改變成真持續發生']"
134,2018-11-07 17:00:20,"請假競選前的最後一天，依舊有看不完的公文，依舊有開不完的會，依舊苦惱的讓人想抓頭。
-
市民朋友不會因爲選舉而停滯，臺北市政府也是，大家一起努力。
-
#進步價值光榮城市",91562,771,['進步價值光榮城市']
135,2018-11-06 20:55:40,"#阿北四年忙什麼🤔
007. 沒有圍牆的城市博物館，讓歷史就在你身邊
-
以前，我們都是蓋一座博物館，把文物關起來，歷史就封存在一個密閉空間內。現在，我們打破博物館的疆界，把具有歷史意義的建築與街區重新規劃，在臺北市創造城南、城中、北投、艋舺、大稻埕5座沒有圍牆的「城市博物館」。
-
比方說，大稻埕城市博物館，是5大城市博物館中最具國際觀光價值的一座。從當年繁華的「大稻埕碼頭」開始，
到一旁的「永樂市場」體驗百年來不斷創新的傳統布業；
跨越延平北路，至「新芳春茶行」體驗製茶業過去的榮景；探訪全台灣第一間完整保存捐贈的醫生館「仁安醫院」⋯等。
-
古老的歷史建物、充滿風味的老街區，加上各種創新元素，讓大稻埕不只是座熱鬧的舊城區，還是一座活的、充滿生命力、突破空間限制的城市博物館。我們要用這些「沒有圍牆的城市博物館」，讓全世界的遊客，自由自在探索臺北的歷史、人情、美食與創意。
-
#teamKP
#改變成真持續發生",22538,80,"['teamKP', '阿北四年忙什麼', '改變成真持續發生']"
136,2018-11-06 10:30:56,"第一次看陳副包成這樣。
-
#怪怪的
#天冷歡迎來北投泡溫泉
#北投城市博物館",64657,501,"['天冷歡迎來北投泡溫泉', '北投城市博物館', '怪怪的']"
137,2018-11-01 21:44:02,"#阿北四年忙什麼🤔
006. 1280吃到飽，讓更多人愛上大眾運輸
-
過去20年，台北市的機車、小客車一直增加，但是道路面積並沒有增加，唯一可以有效改善交通的方法，就是提高公共運輸的使用率。
-
所以經過兩年的精算，我們推出了1280元吃到飽的大眾運輸定期票，30天只要1280元，就可以無限搭公車、捷運，並享有Youbike前半小時免費。
-
台北市的交通政策基本原則，就是共享、綠能及E化，共享就是共同使用大眾運輸，吃到飽定期票只是第一步，卻是很重要的一大步，只有夠提高公共運輸的使用率，台北市的交通才有希望。
-
#teamKP
#改變成真持續發生",31861,461,"['teamKP', '阿北四年忙什麼', '改變成真持續發生']"
138,2018-10-28 13:21:58,"怪怪的
怪怪的
怪怪的
怪怪的
-
#偶的第一首饒舌歌
#大家給幾分
#快上我的Youtube頻道看MV
-
（今晚8點，記得鎖定我的哀機，跟我一起直播聊嘻哈！）",68134,647,"['大家給幾分', '偶的第一首饒舌歌', '快上我的Youtube頻道看MV']"
139,2018-10-27 21:13:15,"#阿北四年忙什麼🤔
005. 擁抱多元，讓不同孩子都有權利享有同等快樂。
-
以前的公園只有「罐頭式」遊具，好處是便宜，而且為了安全為上，所以設計非常保守。但這樣的遊具，限制了小朋友的想像空間，玩久了身體不會更健康，倒是頭腦會變得更簡單，而且沒有無障礙設計，身障的孩子也沒辦法進去玩。
-
2年前我們開始推動，從大的公園先著手，一步步汰換掉舊的遊具，換上全新的共融式遊戲場。為了讓這些遊戲場更有特色，我們由下而上，找來當地民眾、公民團體開了很多場工作坊來討論，再請優秀的臺灣設計團隊來設計。用公家的預算，來帶動臺灣的設計產業發展。
-
「設計是要花錢的」，我們用這樣的觀念，來推廣智慧財產權的重要。這些共融式遊戲場都有主題，非常有創意，而且大人小孩、甚至身障兒童都可以玩。
-
我們用好的設計，讓民眾慢慢接受這些更有創意的遊具，這是臺北邁向文明城市的一大步。
-
#teamKP
#改變成真持續發生",18607,134,"['teamKP', '阿北四年忙什麼', '改變成真持續發生']"
140,2018-10-20 21:59:36,"今天的北投天氣很棒，大家也很熱情，謝謝你們。
-
#teamKP
#4Taipei4theFuture",43656,209,"['teamKP', '4Taipei4theFuture']"
141,2018-10-20 13:09:53,"#阿北四年忙什麼🤔
004. 建立網路平權，每一個孩子都有平等學習的機會。
-
我們的「一生一平板」計畫是這樣：給所有的孩子們一人一臺行動載具（平板電腦），透過校園E化後的免費光纖網路，把國小、國中、高中所有的課程拍成影片放在網路上免費觀看（臺北酷課雲系統）。
-
我們藉著「網路人權」的建立，確保人人有平等學習的權力。這不只是花錢建立網路、硬體、軟體而已，背後的大戰略是希望透過政府的力量，為貧窮家庭的孩子留下最後的翻身機會。
-
未來兩年，全臺北兩百多所學校會有免費網路、20萬5千多名學生都要有行動載具，完成校園E化的目標。希望三年以內，就能用智慧的教育系統，創造一個平等的學習環境。
-
#teamKP
#改變成真持續發生",17680,78,"['teamKP', '阿北四年忙什麼', '改變成真持續發生']"
142,2018-10-18 08:12:13,"鞋子的部分就不用計較這麼多啦。
-
#大稻埕城市博物館
#一起來這裡穿越時空",66984,484,"['大稻埕城市博物館', '一起來這裡穿越時空']"
143,2018-10-16 21:33:34,"#阿北四年忙什麼🤔
003. 蓋公宅，不只住得起，也能有溫度的住在一起
-
蓋一棟公宅，從土地的取得，到不斷溝通，直到獲得周遭居民的認同，都不是一件簡單的事情。
-
以前的公共住宅，外觀跟火柴盒一樣單調，對社區也缺乏連結與回饋，讓很多居民對公宅有很大的成見，甚至反對。
-
我當市長之後，我要求每棟公宅不只外觀要有設計感，還要導入智慧電網、智慧電錶、智慧水錶、智慧瓦斯錶等科技設備，低樓層更要配置完善的托嬰、托幼、托老、民眾活動中心等社福設施，創造更多高質感、高科技、高機能的新時代公宅。
-
目前，全台北市已經有32處公宅同步興建、規劃發包當中，居住正義不會只是口號而已，我們會努力蓋好，讓大家不只住得起，還能有溫度的住在一起。
-
#teamKP
#改變成真持續發生",17865,137,"['teamKP', '阿北四年忙什麼', '改變成真持續發生']"
144,2018-10-13 14:29:40,"每天都睡眠不足，所以能補眠的時候絕對不能浪費。
-
#直播前先瞇一下",39834,375,['直播前先瞇一下']
145,2018-10-12 21:32:45,"#阿北四年忙什麼🤔
002. 完整銀髮照護，讓臺北與你好好到老
-
4年下來，我們讓老人共餐據點拓增至352處。
-
共餐的意義，並不是單單請長輩們來一起吃飯，而是鼓勵他們走出家門一起聚餐，建立聯絡網，彼此互相關懷、互相照顧，久而久之，哪些長者沒有來用餐，他們還會主動關心，讓銀髮族不再孤單。
-
長者們也可以在這裡學習使用3C電子產品、以及各種才藝技能，當他們與年輕人玩在一起，自然就會感到年輕與快樂。
-
高齡化的速度越來越快，我們更應該建立一個可長可久的長者照護系統，讓他們不只活得長久，還要活得健康、活得快樂，這就是我們不斷努力的目標。
-
#teamKP
#改變成真持續發生",14614,78,"['teamKP', '阿北四年忙什麼', '改變成真持續發生']"
146,2018-10-11 16:24:43,"怎麼有人會發明苦茶來虐待自己！
-
#真的很苦
#幕僚一直笑說可以降火氣
#是皮在癢嗎 
#詳情請上我的臉書看柯P便當會
-
-
大稻埕本草派對
時間：11月3日(六)+11月4(日) 
午場 14:00-17:00 
晚場 18:00-21:00
地點：台北市迪化街永樂廣場
售票請上Accupass活動通網站",61122,338,"['真的很苦', '詳情請上我的臉書看柯P便當會', '是皮在癢嗎', '幕僚一直笑說可以降火氣']"
147,2018-10-09 20:04:58,"#阿北四年忙什麼🤔
001. 打開城市空間，西區門戶重生
-
法國的巴黎有凱旋門，台灣的台北有北門。
-
寬闊的北門廣場、行旅廣場，以及暢通的忠孝西路，不是一、二、三就從天上掉下來。
-
這些20年沒有做到的事情，從我當市長的第一天拆掉閒置8年的公車專用道開始，到用春節期間6天拆除忠孝橋引道，每個動作看似簡單，其實都是我們按部就班、咬緊牙關，一步步完成。
-
接下來，我們會繼續打開城市空間，讓每一個市民都可以看見一座知道自己從何而來、對未來有想像的城市。
-
#teamKP
#改變成真持續發生",19780,164,"['teamKP', '阿北四年忙什麼', '改變成真持續發生']"
148,2018-10-09 12:02:42,"省錢只好順便當model。
-
#第四代嗡嗡包
#明天早上一起來市府升旗領包包
#6點半開始發兌換券
#限量是殘酷的
#啊你們是拍好了沒",83953,1392,"['第四代嗡嗡包', '啊你們是拍好了沒', '限量是殘酷的', '6點半開始發兌換券', '明天早上一起來市府升旗領包包']"
149,2018-10-08 18:22:19,"看一下比抹紅抹黃抹黑還重要的事。
-
#我們的臺北藍圖 
#teamKP
#索取地點可以看偶的臉書",61624,382,"['teamKP', '我們的臺北藍圖', '索取地點可以看偶的臉書']"
150,2018-10-05 08:54:07,"「面對挫折打擊不是最困難的；最困難的是面對各種挫折打擊，卻沒有失去對人世的熱情。」
-
大家一起繼續努力。
-
#改變成真持續發生 
#teamKP
#KPQuotations",72117,1063,"['teamKP', 'KPQuotations', '改變成真持續發生']"
151,2018-09-29 14:38:26,"「偶不在市政府，就是在往市政府的路上。」
-
#但今天可以來臺大喝杯咖啡
#2018臺北國際咖啡節",67112,353,"['但今天可以來臺大喝杯咖啡', '2018臺北國際咖啡節']"
152,2018-09-24 13:10:48,"有像嗎？
-
#祝大家中秋節快樂
-
-
-
-
-
-
-
-
-
-
-
#記得收心
#明天還是要準時上班🐝",65768,330,"['記得收心', '明天還是要準時上班', '祝大家中秋節快樂']"
153,2018-09-22 12:26:42,"啊奇怪，哪一個才是黃瀞瑩？
-
#一個是學姊一個是學妹
@shesingingtw",80144,479,['一個是學姊一個是學妹']
154,2018-09-20 11:19:04,"各位同學早。
-
#今天來高雄上課
#好險沒有人打瞌睡",58564,578,"['好險沒有人打瞌睡', '今天來高雄上課']"
155,2018-09-17 14:27:20,"連一隻熊也可以看VR。
-
#超乎我理解範圍
#你看完可以先下去領錢了
#臺北步道秋季大縱走",39493,139,"['臺北步道秋季大縱走', '超乎我理解範圍', '你看完可以先下去領錢了']"
156,2018-09-15 16:13:17,"天天都在工作，很少穿短褲，難得一次就獻給玩水的小朋友。
-
#下雨天小心地滑
#外縣市請小心颱風",87090,360,"['下雨天小心地滑', '外縣市請小心颱風']"
157,2018-09-01 17:36:29,"還沒開始拍就下大雨，好險等到最後一刻看到彩虹，順便來自拍個幾張。 （要看自拍照在我的臉書） 
#taipeipossible 
#keepitpossible
#臺北無限可能
#改變成真持續發生
#teamKP 
感謝 @instameettaiwan 安排",82223,313,"['臺北無限可能', 'keepitpossible', '改變成真持續發生', 'teamKP', 'taipeipossible']"
158,2018-08-28 22:45:59,"50萬粉絲跟官方認證達成，謝謝大家。
-
#也還好啦
#明天一樣七點半上班
#也可以追一下我的twitter練習英文",95577,656,"['明天一樣七點半上班', '也可以追一下我的twitter練習英文', '也還好啦']"
159,2018-08-28 09:09:40,"我想是這樣啦！
-
#極簡陋風競選辦公室正式成立
#大家不用再流浪了
#teamKP",61117,250,"['teamKP', '極簡陋風競選辦公室正式成立', '大家不用再流浪了']"
160,2018-08-26 17:50:19,"很大咖的第0號書迷。
-
#最後一場新書簽名會
#謝謝每一位書迷",74896,390,"['最後一場新書簽名會', '謝謝每一位書迷']"
161,2018-08-24 08:16:47,"一千萬點閱，感謝每一位網友，感謝麥卡貝團隊。
-
#事實證明刷F5沒辦法增加點閱率
#itsscience",93242,501,"['itsscience', '事實證明刷F5沒辦法增加點閱率']"
162,2018-08-18 17:16:53,"等等六點來聚。
-
#teamKP
#一聚感謝
#憑票入場",37202,85,"['teamKP', '憑票入場', '一聚感謝']"
163,2018-08-17 15:43:07,"之前去eatgether吃飯，幕僚問我以前有沒有這樣跟陌生人吃飯約會過。
-
只好來告訴大家我以前都怎麼跟陳佩琪約會。
-
#談戀愛也要有效率
#大家七夕情人節快樂",50672,334,"['大家七夕情人節快樂', '談戀愛也要有效率']"
164,2018-08-12 18:59:21,"封茶就是在特別的節日，把茶葉跟對朋友的祝福一起封起來。
-
#情侶也可以封下你們的祝福
#怎麼做看我示範
-
感謝 @sunsun_tpe 商業處協助安排。",61044,397,"['怎麼做看我示範', '情侶也可以封下你們的祝福']"
165,2018-08-07 18:31:23,"那個小牛，你家是住哪一站？
-
#好久沒搭捷運
（攝於2018.08.04台南簽書會後）",94735,611,['好久沒搭捷運']
166,2018-08-03 20:00:30,"吃飯也要知道飯怎麼來的。
-
#台北市也有水稻田
#猜猜這在哪",95891,633,"['猜猜這在哪', '台北市也有水稻田']"
167,2018-07-26 13:14:26,"才開第一天就捐到網站母湯，真的謝謝大家，有需要會再把計畫列一列，再請大家幫忙。
-
#先關一下之後再說
#有問題我們會處理
#teamKP",104248,835,"['先關一下之後再說', 'teamKP', '有問題我們會處理']"
168,2018-07-24 21:51:13,"這次被抓來演DJ拍宣傳片，我都有點厭倦我的演藝生涯。
-
#但大家還是可以買票支持一下
#Tomorrowland童話仙境主題電音派對
#我會去
-
活動日期：2018/07/28 (六)～2018/07/29 (日)
活動時間：16:30 ~ 04:00 (隔日)
活動地點：大佳河濱公園
購票請上 @funnow.tw",102411,1546,"['Tomorrowland童話仙境主題電音派對', '我會去', '但大家還是可以買票支持一下']"
169,2018-07-21 21:59:52,"身騎白馬卡三關。
-
#你們沒示範我真的演不下去
#新時代歌仔戲
#黑家店",50989,199,"['你們沒示範我真的演不下去', '黑家店', '新時代歌仔戲']"
170,2018-07-20 22:47:18,"快吃便當，不要再問我學姊有沒有來。
-
#Joe是要對決
#興隆公宅便當會
-
（完整影片請上Joeman的Youtube頻道）",58609,502,"['Joe是要對決', '興隆公宅便當會']"
171,2018-07-19 09:23:58,"哇，我的20號公車趕不上。
-
#下次要早點出門
#AM0700",84686,732,"['AM0700', '下次要早點出門']"
172,2018-07-16 21:12:57,"漫畫可以這麼搞鋼，真的不簡單！
-
#鄭問故宮大展",47889,166,['鄭問故宮大展']
173,2018-07-13 21:55:17,"之前我在台大開的一堂課，「用科學公式及原理解釋人類行為（Understanding Human Behaviors from the Perspective of Science）」，我推薦大家可以上Youtube看一看，不管是愛情還是友情，人類行為其實沒那麼複雜，一切都是科學。
-
政治也是一樣，很多問題其實是科學題，只要建立實事求是的精神，拿出專業數據，尊重專業，其實沒那麼困難。
-
It's science!
-
#KPQuotations",42788,263,['KPQuotations']
174,2018-07-05 18:06:51,"最近新來一個幕僚。
-
#希望他撐得住
#一日市長幕僚
#今晚九點
@muyao4",68453,1121,"['今晚九點', '希望他撐得住', '一日市長幕僚']"
175,2018-07-05 16:04:09,"以前當醫師時常跟學生說：我們對人家好，人家是一定對我們好嗎？答案是不一定，但是99.5%的是。
-
所以有時候不要為了0.5%的人，放棄對99.5%的人好。不管面對誰，一樣「心存善念，盡力而為」。
-
#KPQuotations",66797,286,['KPQuotations']
176,2018-07-01 18:46:11,"連這位小妹妹的器材都比我們小編專業。
-
#謝謝大家昨天來支持
#預購破一萬本",40943,167,"['預購破一萬本', '謝謝大家昨天來支持']"
177,2018-06-30 16:52:41,"你有多久不敢夢想了？
-
「如果有完全把握才去做，那沒有幾件事情可以做」，就像當時挑戰一日雙塔，從富貴角燈塔開始騎的時候，我也沒有十足把握可以成功。
-
剛開始大家還想說會不會半途而廢，直到那個GPS紅點來到台南，才開始想，「這個瘋子真的可能會成功」。
-
那個過程很像電影阿甘正傳，開始只有幾個人陪騎，之後圍觀的人越來越多，聽說還有一百萬人在網路上看那顆GPS紅點在移動，直到隔天早上，我們真的騎到了鵝鑾鼻燈塔。
-
忘記失敗，才有機會成功。
-
#KPQuotations
#光榮城市新書發表會
#今晚六點中山地下書街見",43799,211,"['光榮城市新書發表會', '今晚六點中山地下書街見', 'KPQuotations']"
178,2018-06-27 21:46:28,"去參加 @eatgether_official 的約會活動還要接受大家各種奇怪的挑戰，包括錄抖音。
-
#趕快錄一錄好吃飯
#原來這樣就可以解鎖
#tiktok",70360,2857,"['tiktok', '原來這樣就可以解鎖', '趕快錄一錄好吃飯']"
179,2018-06-27 13:01:59,"每次出事，媒體一定會問我「某某某要不要下台負責」，「要不要撤換某某某」，但其實這是我們國家很大的問題：出了事，一定要找一個女巫來燒死。
-
討伐一個人很簡單，但很多事情是制度面的問題，未來還是有可能會繼續發生，所以部下犯了錯，我會給他修正的機會，反省改進就好。
-
有時候，不究責也是一種文化。
-
#KPQuotations
-
《光榮城市》新書首發簽名會
時間：6/30（六）18:00
地點：中山地下書街第二廣場",56223,512,['KPQuotations']
180,2018-06-24 21:12:39,"貸款後的第一餐，幕僚：「請問這位先生瞬間負債兩千萬的感覺是...？」
-
#只能苦笑
#你們不是當事人才笑得出來
#不要點太多菜拜托",74972,1734,"['你們不是當事人才笑得出來', '只能苦笑', '不要點太多菜拜托']"
181,2018-06-24 14:18:24,"很多人問我，如果可以回到過去，你想改變什麼？
-
這是很難回答的問題，因為人生是單行道，你已經在這邊了，沒有辦法回頭，所以沒有什麼好後悔的，就是做自己、接受現在的自己。
-
做自己還可以，要接受自己其實不容易，以前常常罵學生不努力、不用功，後來想一想罵也沒用，因為每個人本來就有權利去選擇自己想要的生活方式，
-
你要辛辛苦苦追求成功也可以，要沒有壓力過得輕鬆一點也沒關係，只要對自己有合理的期望，這樣就好了。
-
#KPQuotations",60303,344,['KPQuotations']
182,2018-06-23 16:29:00,"蓋下去的瞬間，家中就多了兩千萬的貸款。但我相信，「降低選舉經費」會是改變台灣政治文化的一個重要關鍵。
-
總之，Just do it，年底的選舉就盡力吧！
-
#TEAMKP",87148,2292,['TEAMKP']
183,2018-06-23 13:43:56,"很多人都罵別人「換了位置換了腦袋」，但後來發現這句話是對的。
-
以前我在台大當教授，常常在「最毒辣老師」的排行榜榜上有名，不高興就罵人，但當了市長之後就不能這樣，現在除非有人故意擺爛，不然我已經很少罵人了。
-
因為你要對這個職務負責，不能把自己的想法加在別人身上。
-
人都會與時俱進、都會變，不會變的只有化石而已。
-
#KPQuotations",49123,219,['KPQuotations']
184,2018-06-20 21:32:50,"很久沒寫這麼多字了。
-
#自己的新書自己改
#光榮城市
#倒數10天
-
@readsuncolor",30505,209,"['自己的新書自己改', '倒數10天', '光榮城市']"
185,2018-06-20 18:44:14,"世大運還沒開始前，很多人唱衰，什麼門票賣不好、紀念品滯銷、選手村落漆、投給你的年輕人都腦殘⋯每天都有人在酸，在譙，就是沒有人要來幫忙。
-
世大運後，場館準時完工，沒有追加預算；售票率87%，史上最高；所有選手都可以健康上場，沒有誤點；重點是，台灣的選手表現太好，讓大家與有榮焉。
-
這時候那些酸言酸語都不見了，比賽前幫忙的不多，比賽後又跑出來了。
-
所以我才說，成功了，朋友認識你。失敗了，你認識朋友。
-
但在成功、失敗、又成功、又失敗的過程中⋯其實你認識的是人生。
-
#KPQuotations",80233,817,['KPQuotations']
186,2018-06-19 15:18:36,"吃快一點好上工。
-
#其實小編根本不用快轉
#明天中午有便當會直播",36192,479,"['明天中午有便當會直播', '其實小編根本不用快轉']"
187,2018-06-14 13:37:09,"外科醫師的個性就是實事求是，因為至少病人不會腳痛跟你說頭痛，所以當市長之後，有些人都以為我講話背後有什麼高深的謀略。
-
其實都想太多，我只是看到怪怪的忍不住要舉手而已。
-
#KPQuotations",39368,257,['KPQuotations']
188,2018-06-12 10:48:59,"幕僚問我：有沒有看到人生跑馬燈？
-
#還好啦比劃一下而已
#活得很好
#猛龍過江職業技擊爭霸賽",47030,445,"['活得很好', '還好啦比劃一下而已', '猛龍過江職業技擊爭霸賽']"
189,2018-06-11 17:43:23,"曾經有人問我會不會想念以前當醫師的生活？我說，人生是單行道，沒辦法回頭，所以不管在哪個位置，還是要認真的過每一天；可以的話，就快樂的過每一天。
-
如果真的沒辦法，我的想法是那就「裝得快樂的過每一天」，人生已經是苦海了，與其給大家痛苦，不如盡量讓大家開心、快樂一點，這是我的人生哲學。
-
#KPQuotations",57592,523,['KPQuotations']
190,2018-06-07 18:23:19,"這則唉機真的是我自己寫的。
-
#不到一年30萬追蹤
#謝謝大家
#什麼時候才有藍勾勾",83802,1090,"['謝謝大家', '什麼時候才有藍勾勾', '不到一年30萬追蹤']"
191,2018-06-07 10:26:25,"以前當醫師，面對的是生死，一個失誤可能就是一條人命，所以指令要很明確，而且養成有話直說的習慣。
-
但當市長，如果長官的要求總是太嚴厲、不允許犯錯，到最後大家乾脆不做不錯，連進步的機會都沒有。
-
所以當年上任一百天的時候，記者問我有什麼要反省的。
-
我說：「生氣的時候不要做結論，生氣的時候不要下命令；還有，不要那麼容易生氣。」
-
#KPQuotations",67053,619,['KPQuotations']
192,2018-06-03 15:57:29,"我以為只是比劃一下，結果沒想到整整划了5.5公里。
-
重點是還逆流！
-
#划到一半就想罵人
#但幕僚都在岸上罵也沒用
#只好咬緊牙關繼續划
#反正人生也是逆流而上",50114,1245,"['划到一半就想罵人', '反正人生也是逆流而上', '只好咬緊牙關繼續划', '但幕僚都在岸上罵也沒用']"
193,2018-06-01 20:16:10,"做4年還了520億元，財政局跟我說這是民選首長新紀錄。很多人問我們怎麼辦到的，其實我們只是每天認真工作，該做的做，不該做的不要做，到年底就會發現剩下很多錢。
-
一個負責任的政府，不應該債留子孫，這就是4年下來臺北市政府所秉持的信念。
-
#KPQuotations",54236,723,['KPQuotations']
194,2018-06-01 11:20:12,遇到小小鐵粉。,28867,245,[]
195,2018-05-30 10:46:20,"有一次，世大運開幕的導演突然問我，「市長，你知道世大運開幕為什麼會成功嗎？」
-
我說我不曉得，他說，「因為你都沒有管我們」。
-
我嚇一跳，這也能當作理由？他回答，「對啊，因為你都沒有什麼朋友要照顧，只有跟我們說覺得怎麼做對臺灣最好，就放手去做⋯。」
-
這倒是真的，柯文哲沒有什麼朋友。在外面做生意，如果遇到有人說他是柯文哲的朋友，那他一定是騙子。
-
#KPQuotations",64017,786,['KPQuotations']
196,2018-05-29 19:35:06,"新北市的高中生竟然跑來市議會說要找我。
-
#果然年紀越小滿意度越高
#滿意度最高差不多是小學五年級",50632,1214,"['滿意度最高差不多是小學五年級', '果然年紀越小滿意度越高']"
197,2018-05-28 18:34:45,"「不怕失敗，才有機會成功。成功和失敗唯一的差別，就是意志力而已。」
-
這是一個五十幾歲的阿北爬上玉山、走完媽祖遶境、騎過單車環島、一日雙塔後才有的人生體悟。
-
#KPQuotations",35403,244,['KPQuotations']
198,2018-05-27 16:22:54,"大學生做了一個虛擬實境遊戲請我玩，太像真的，害我快搞不清楚現在是真的還是假的。
-
#第一次坐在輪椅上被遛
#看太久真的會花轟
#登出台北",74326,3596,"['登出台北', '看太久真的會花轟', '第一次坐在輪椅上被遛']"
199,2018-05-26 19:27:08,"到南港拍了一張全家福，但怎麼看都怪怪的。
-
#turnup轉轉南港東區門戶願景展
#30日以前都可以來玩",36748,617,"['turnup轉轉南港東區門戶願景展', '30日以前都可以來玩']"
200,2018-05-22 19:10:48,"好了好了，下去領五百。
-
#你不會炒菜會燒到毛
#觀傳局快拉住他
#環南市場改建上梁",19753,209,"['觀傳局快拉住他', '環南市場改建上梁', '你不會炒菜會燒到毛']"
201,2018-05-19 21:05:36,"我身高172，你這樣應該有180。
-
#什麼原來是190
#幾百年沒投籃所以不準
#公館商圈",26411,172,"['什麼原來是190', '幾百年沒投籃所以不準', '公館商圈']"
202,2018-05-18 21:04:19,"三十年做不到的，我們做到了。
-
#斯文里三期公辦都更開工
#不再是空頭選舉支票
#令人感動",33206,422,"['令人感動', '不再是空頭選舉支票', '斯文里三期公辦都更開工']"
203,2018-05-17 20:29:46,"頭髮剪一剪，神清氣爽。
-
#市府B2理髮部快又方便",30943,263,['市府B2理髮部快又方便']
204,2018-05-16 19:57:02,"最近最常說的一句話：「把每天該做的事情做好就好。」
-
#環保也是一樣
#公德心要靠大家一起養成
-
（完整影片請上台客劇場Youtube頻道）",41514,363,"['環保也是一樣', '公德心要靠大家一起養成']"
205,2018-05-13 11:35:29,"平常很少拿鍋鏟炒菜，因為這些工作都被佩琪幹掉了，不會讓我做，真正下去炒才知道沒那麼簡單。
-
謝謝每一位辛苦的母親們，母親節快樂！
-
#第二張不小心鹽巴撒太多",33855,273,['第二張不小心鹽巴撒太多']
206,2018-05-10 18:45:37,"媽媽的神隊友不是那麼好當啊。
-
#不要變豬隊友就好
#定點臨時托育服務上路",16374,90,"['不要變豬隊友就好', '定點臨時托育服務上路']"
207,2018-05-08 20:30:10,"真的有人會戴這種怪怪的遮陽帽去野餐喔？
-
#真的怪怪的",38625,361,['真的怪怪的']
208,2018-05-06 13:52:12,"醫師不會治機器人，但你們會就很厲害。
-
#考慮來辦個格鬥機器人比賽
#中小學資通訊應用大賽",20181,78,"['考慮來辦個格鬥機器人比賽', '中小學資通訊應用大賽']"
209,2018-05-01 16:01:10,"欸欸，等一下我的麵包做得太醜的話記得幫我。
-
#特教學生職業體驗
#大家要多多支持身障就業者",36838,173,"['大家要多多支持身障就業者', '特教學生職業體驗']"
210,2018-04-21 21:21:47,"啊你這盒子這麼小看得到東西喔，真的假的？
-
#喔喔喔看到了
#行動學習智慧教育
#一生一平板",23226,125,"['一生一平板', '喔喔喔看到了', '行動學習智慧教育']"
211,2018-04-20 20:05:12,"現在連出門上班也要幫忙直播宣傳政策。
-
#4千人上線
#大家都好早起
#週五綠色運輸日",26160,95,"['週五綠色運輸日', '大家都好早起', '4千人上線']"
212,2018-04-19 20:47:29,"嗡嗡嗡遇到嗡嗡嗡。
-
#松山社區大學
#田園城市
#都市養蜂",36028,540,"['田園城市', '都市養蜂', '松山社區大學']"
213,2018-04-17 19:59:04,"我常說，要認識柯文哲，要先認識他的手指。
-
我的右手食指中間有個凹痕，這是每天拿筆認真寫字，不停寫寫寫，寫了40年才有這個痕跡。
-
當醫師也好，當市長也好，不管做什麼，認真才是不二法則，今天你叫我去掃廁所，我也會很認真的把他掃完。
-
#認真
#柯文哲",35551,350,"['柯文哲', '認真']"
214,2018-04-15 13:44:28,"中山站附近的赤峰街是一條充滿驚喜的街道，比如說有很多特色小店，有很多美食...
-
#還有可能遇到我
#你沒有看錯
#城中城市博物館",34315,370,"['你沒有看錯', '城中城市博物館', '還有可能遇到我']"
215,2018-04-13 14:55:22,"我不是網美啦，是要告訴大家花博的玫瑰園都開滿了，要約會的男男女女心動不如馬上行動。
-
#士林官邸也有
#臺北花系列",52946,816,"['臺北花系列', '士林官邸也有']"
216,2018-04-11 19:38:54,"午餐前不小心吃太飽，便當吃不太下，但吳鳳對教育還有行銷臺北的建議不錯，我再來研究研究。
-
#柯P便當會
#完整版在我的臉書",24975,63,"['完整版在我的臉書', '柯P便當會']"
217,2018-04-10 19:31:28,"好啦我跟著Yo就是了。
-
#城南有意思
#文化總會",38422,260,"['城南有意思', '文化總會']"
218,2018-04-09 19:53:16,"街舞手勢其實也沒有那麼難啦
（感謝 HUG Season 提供相片）
-
#就來來來來來這樣
#hugseason
#全國大學嘉年華",35092,227,"['全國大學嘉年華', 'hugseason', '就來來來來來這樣']"
219,2018-04-04 09:49:20,"海芋都開了，可以上山來看，順便拍個美照潑哀機。
-
#記得搭公車來
#2018竹子湖海芋季
#臺北花系列",45517,629,"['記得搭公車來', '2018竹子湖海芋季', '臺北花系列']"
220,2018-04-03 21:30:13,"兒童節小朋友最大，所以大家開心就好。
-
#開心完還是要記得用功
#還有早睡早起",30578,258,"['還有早睡早起', '開心完還是要記得用功']"
221,2018-04-01 13:42:42,"幕僚說今天是愚人節，輕鬆一下。
-
我問：「啊是要多鬆」
-
他就叫我描了這張。
-
#大頭貼給我換一天就好",55412,487,['大頭貼給我換一天就好']
222,2018-03-29 19:52:13,"沒有啦，妳們太熱情了啦！
-
#大家冷靜
#不過是一隻手",35686,351,"['大家冷靜', '不過是一隻手']"
223,2018-03-27 18:44:22,"雖然我愛看書，但還是不太像文青，扮起來也怪怪的。
-
明天（3/28）要請出本府裡面真正的「老文青」跟大家一起吃午餐，中午12點半，記得來我的臉書看直播。
-
#柯P便當會
#北市府老文青來了
#照片是兩年前被抓去演蔣渭水",34185,294,"['柯P便當會', '照片是兩年前被抓去演蔣渭水', '北市府老文青來了']"
224,2018-03-24 15:08:34,"春天是個幸福的季節。
-
#我以為白西裝只有偶像在穿
#穿一穿趕快還人家
#花博結婚購物節
#竹子湖海芋季",34236,318,"['穿一穿趕快還人家', '花博結婚購物節', '竹子湖海芋季', '我以為白西裝只有偶像在穿']"
225,2018-03-22 18:13:54,"實在看不懂這到底在念什麼，反正刷悠遊卡搭公車捷運就對了。
-
#搭5次送1點UUPON
#集點還可以換儲值金
#嗶悠遊抗空汙
-
我的UUPON好友推薦碼：02KL53（輸入我的推薦碼加入UUPON會員就可以獲得10點UUPON點數！）",22483,134,"['嗶悠遊抗空汙', '搭5次送1點UUPON', '集點還可以換儲值金']"
226,2018-03-20 19:04:39,"跑這麼快嚇我一跳，還沒收工啦！
-
#遇到導盲犬一定要記得三不一問
#不餵食
#不干擾
#不拒絕
#主動詢問",30011,361,"['不拒絕', '遇到導盲犬一定要記得三不一問', '不干擾', '不餵食', '主動詢問']"
227,2018-03-15 20:57:52,"今天在一個特別的地方看公文。
-
#今晚九點半",31792,325,['今晚九點半']
228,2018-03-12 18:55:14,"以前便當都自己一個人吃，明天中午十二點半，來我的臉書，歡迎大家一起陪我吃。
-
#柯P便當會
#3月13日中午12點半
#鎖定我的臉書",36855,1150,"['3月13日中午12點半', '柯P便當會', '鎖定我的臉書']"
229,2018-03-12 13:52:00,"如果你跟我一樣每天搭公車捷運，現在有一張每個月1280元吃到飽的All Pass Ticket可以買。
-
我算過，真的很划算。
-
#公車捷運Youbike都可以搭
#明天起各捷運站開始預購
#4月16號正式發行",47294,848,"['公車捷運Youbike都可以搭', '4月16號正式發行', '明天起各捷運站開始預購']"
230,2018-03-09 11:59:48,"借我偷看一下怎麼煎。
-
#有熟就好了
#幫我打包一份
#創新實驗教育",41819,346,"['有熟就好了', '幫我打包一份', '創新實驗教育']"
231,2018-03-03 21:01:32,"啊，被佩琪阻止了。
-
#好吧放你一熊
#2018台北燈節
#明天最後一天",27467,206,"['好吧放你一熊', '明天最後一天', '2018台北燈節']"
232,2018-03-03 15:43:34,"今天晚上有遊行、有點燈，一起來玩吧。
-
#我也會去
#2018台北燈節
#最後兩天",21342,70,"['我也會去', '最後兩天', '2018台北燈節']"
233,2018-02-27 11:01:30,"專業問題專業解決，拍照還是交給這群影視音實驗學校厲害的小朋友們就好。
-
#看起來好像沒睡飽",25175,54,['看起來好像沒睡飽']
234,2018-02-24 20:28:40,"完了，這隻不能彈，不知道要做什麼。
-
#只好抓頭
#2018台北燈節
#大家快來燈節抓皮卡丘",33582,202,"['大家快來燈節抓皮卡丘', '只好抓頭', '2018台北燈節']"
235,2018-02-21 18:49:51,"春節假期結束第一天，嗡嗡嗡。
-
#七點半準時上工",28209,120,['七點半準時上工']
236,2018-02-20 20:40:08,"這麼小還是不要知道這句話是什麼意思比較好。
-
#Youtuber來拜年
#妳的春聯是另外一幅啦",34084,325,"['妳的春聯是另外一幅啦', 'Youtuber來拜年']"
237,2018-02-19 19:21:35,"看你這麼開心，但我真的不是漩渦鳴人啦。
-
#開學後要記得用功
#小學生民調果然不錯
#宮廟走春",28255,83,"['小學生民調果然不錯', '宮廟走春', '開學後要記得用功']"
238,2018-02-17 18:33:23,"阿公你要看那邊啦，我不是鏡頭啦！
-
#青山宮為燈節做的花燈有夠讚
#宮廟走春",27145,118,"['青山宮為燈節做的花燈有夠讚', '宮廟走春']"
239,2018-02-15 20:32:44,"每一次幕僚給我的考驗都很不簡單，這一次除夕夜，要來挑戰新住民的家鄉吉祥話。
-
#祝大家醒捻塊熱
#完整版在我的臉書",13540,59,"['祝大家醒捻塊熱', '完整版在我的臉書']"
240,2018-02-14 19:33:29,"今天是情人節，不知道要去哪裡約會的話，來看看內湖美麗的夜櫻吧！
-
#沒情人也可以陪家人一起來",32954,218,['沒情人也可以陪家人一起來']
241,2018-02-14 09:38:50,"摔倒那一次比較像，用演的就怪怪的。
-
#還是搞不懂我為什麼像火影忍者
#台北地下街動漫區",37557,226,"['台北地下街動漫區', '還是搞不懂我為什麼像火影忍者']"
242,2018-02-06 19:27:01,"飛機還要兩小時才起飛，還是把這幾天沒看的公文先看一看吧。
-
#我們回來了
#繼續上工",39858,290,"['繼續上工', '我們回來了']"
243,2018-02-04 21:56:31,常常是人在福中不知福，看到敘利亞孩子連看個醫師、上個學都很困難，就知道我們有多幸福。,26588,64,[]
244,2018-02-03 19:55:42,"聽說台北很冷，今天的華沙也只有-1°C。
-
#冷到身體都縮起來
#準備前往最後一站土耳其",37193,181,"['冷到身體都縮起來', '準備前往最後一站土耳其']"
245,2018-02-02 16:34:27,"五個小時的車程，司機需要休息，我也趁機來逛逛波蘭的超市。
-
#怎麼找不到泡麵",36365,172,['怎麼找不到泡麵']
246,2018-02-01 15:23:42,"準備就緒。
-
#進步價值光榮城市 
#歐洲議會演說",19107,72,"['歐洲議會演說', '進步價值光榮城市']"
247,2018-01-30 18:51:21,"欸欸，這個真的很好騎！
-
#荷蘭公共自行車
#帶一台回去研究一下
#一日雙塔的專業認證",26906,183,"['帶一台回去研究一下', '一日雙塔的專業認證', '荷蘭公共自行車']"
248,2018-01-30 16:00:52,"聽說荷蘭人都這樣吃生鯡魚。
-
#真的很新鮮
#haring #dutchrawherring",31194,159,"['dutchrawherring', '真的很新鮮', 'haring']"
249,2018-01-29 22:32:37,"烏特勒支市政府跟咖啡廳一樣溫馨，沒有半點官僚氣息，或許是我們可以學習的優點。
-
#大家晚安",30885,199,['大家晚安']
250,2018-01-28 21:43:30,"真巧，4年前我也是7號。
-
#荷甲足球聯賽",23247,65,['荷甲足球聯賽']
251,2018-01-27 13:20:13,"搭第一班機場捷運，出發前進荷蘭、比利時、波蘭、土耳其。
-
#我們11天後見",45049,495,['我們11天後見']
252,2018-01-24 12:36:10,"當兵沒什麼，撐過去就是你的人生經歷。
-
#加菜來加大家愛吃的",36067,327,['加菜來加大家愛吃的']
253,2018-01-22 20:11:46,"市場乾淨，東西也衛生，看起來也變好吃了。
-
#而且買菜可以刷悠遊卡了
#士東市場 #中崙市場",26373,71,"['士東市場', '而且買菜可以刷悠遊卡了', '中崙市場']"
254,2018-01-19 20:36:45,"忙了整天，跟我太太抽空看我學生推薦的一部電影，幸福路上。
-
#啊佩琪怎麼還沒來
#感想寫在臉書
#幸福路上",42359,232,"['感想寫在臉書', '幸福路上', '啊佩琪怎麼還沒來']"
255,2018-01-14 22:50:30,"要不是記者提醒，我都忙到差點忘記今天是我跟佩琪的結婚紀念日。
-
抽空來彩虹橋找了找，好險兩年前刻的愛心鎖還鎖在這裡，鎖得很緊！
-
#該說的話回家再來說",54612,720,['該說的話回家再來說']
256,2018-01-12 11:28:50,"哀居開了整整半年，不知不覺已經20萬人，感謝大家願意花時間追蹤一個阿北的日常。
-
#有機會大家直播上見",41507,462,['有機會大家直播上見']
257,2018-01-11 19:13:19,"欸欸欸小朋友，不可以挑食！
-
#台北市二十家公共托嬰新開幕",26942,111,['台北市二十家公共托嬰新開幕']
258,2018-01-05 21:20:58,"傷腦筋，這個是要怎麼抱。
-
#還是叫佩琪來就好
#12行政區走讀",31977,276,"['還是叫佩琪來就好', '12行政區走讀']"
259,2018-01-01 01:09:10,"新的一年，繼續認真快樂的過每一天！
-
#六點升旗典禮見
#2018happynewyear",49582,249,"['2018happynewyear', '六點升旗典禮見']"
260,2017-12-31 23:30:33,"準備上台。
-
#大家新年快樂
#2018台北最high新年城",32373,229,"['大家新年快樂', '2018台北最high新年城']"
261,2017-12-27 12:10:27,"唱了這一句之後，今年跨年應該可以封麥了吧。
（完整版影片在我的臉書）
-
#現在歌詞的邏輯真的越來越難懂
#跨年封麥大考驗
#2018台北最High新年城",23484,860,"['現在歌詞的邏輯真的越來越難懂', '跨年封麥大考驗', '2018台北最High新年城']"
262,2017-12-25 21:28:27,"三年下來，我們每天七點半準時上工，不停的努力工作，就是要建立一個新的政治文化，留給後人一個可長可久的制度。
-
#進步價值光榮城市 
#今天滿三年",34367,345,"['進步價值光榮城市', '今天滿三年']"
263,2017-12-23 19:46:44,"這種衣服還是年輕個30歲再穿好了。
-
#帽子旁邊那一條不是清朝才有嗎
#五分埔cool秀衣術節",64174,1960,"['五分埔cool秀衣術節', '帽子旁邊那一條不是清朝才有嗎']"
264,2017-12-22 12:01:51,"自己玩自己，結果玩兩次死兩次。

吼，比批公文還要累。
-
快來一起跑：https://game.glory.taipei
#原來榮華富貴不過是一坨大便
#奔跑吧台北
#進步價值光榮城市",31311,498,"['原來榮華富貴不過是一坨大便', '進步價值光榮城市', '奔跑吧台北']"
265,2017-12-21 10:28:39,"今天下午三點，鎖定我的FB，「奔跑吧！台北」正式上線開跑！
-
#進步價值光榮城市
#奔跑吧台北",23952,192,"['進步價值光榮城市', '奔跑吧台北']"
266,2017-12-19 08:36:34,"我身騎白馬.........來自拍。
-
#大稻埕戲苑全新改裝
#快來這裡穿越時空",20799,63,"['大稻埕戲苑全新改裝', '快來這裡穿越時空']"
267,2017-12-17 21:26:56,"幕僚說這叫做最萌身高差。
-
#歡迎大家進場為台北達欣加油
#這不是P圖
#SBL",61334,1139,"['歡迎大家進場為台北達欣加油', 'SBL', '這不是P圖']"
268,2017-12-13 20:51:14,"厚，小朋友們拜託跳慢一點，錢已經很難賺了。
-
#喘
#聖誕老人不好當",36656,552,"['聖誕老人不好當', '喘']"
269,2017-12-11 13:20:12,"第一次聽重金屬演唱會，現場很嗨，雖然我還是覺得鳳飛飛比較適合我的年代啦。
-
#艋舺青山祭 
#搖滾開壇",25826,103,"['艋舺青山祭', '搖滾開壇']"
270,2017-12-10 15:13:21,"來貓空放空，順便把新年新希望封在茶葉罐裡帶回家。
-
#還是平安健康最重要
#貓空豐茶祭
感謝台北市商業處 @sunsun_tpe 協助安排",27384,120,"['貓空豐茶祭', '還是平安健康最重要']"
271,2017-12-09 17:00:44,"等等要被鯊魚餵食，你懂的，跟我一樣久了就習慣了。
-
#原來王建民這麼高喔
#北體50週年",20706,118,"['原來王建民這麼高喔', '北體50週年']"
272,2017-12-08 19:02:26,"下課來去吃麵，要吃牛肉拌麵的舉手。
-
#我都可以
#文化大學",20578,135,"['文化大學', '我都可以']"
273,2017-12-05 18:18:35,"前幾天市長室收到一本來自日本的吉他樂譜，幕僚看到後狂笑說「超像」
-
我是沒什麼意見啦，大家覺得像嗎？
-
#岡崎倫典",35766,455,['岡崎倫典']
274,2017-12-02 11:50:26,"謝謝啟明學校孩子們的用心，看我的表情就知道有多滿意。
-
#啟明學校百年校慶",19388,65,['啟明學校百年校慶']
275,2017-12-01 15:07:52,"美術館雖然在整修，但大家還是可以來外頭的「庇護所」竹編藝術走走、拍拍照，感受心靈的祥和。
-
#最近天氣溼冷要記得保暖",20432,60,['最近天氣溼冷要記得保暖']
276,2017-11-26 20:11:10,"今天大家先禮後兵
-
#見熊必彈
#已經變成一種反射動作
#Wirforce2017",20956,111,"['Wirforce2017', '已經變成一種反射動作', '見熊必彈']"
277,2017-11-20 19:37:51,"哎呦，西裝一件三十萬元，還是快點拍一拍還人家。
-
#電腦修圖真的化腐朽為神奇
#GQ2017年度風格男人",29392,340,"['GQ2017年度風格男人', '電腦修圖真的化腐朽為神奇']"
278,2017-11-17 17:54:23,"呼，又Carry了一場。
-
#WirForce2017
#完整影片請上我的臉書",35355,433,"['完整影片請上我的臉書', 'WirForce2017']"
279,2017-11-15 20:56:28,"我吃飯速度很快，你們還小不要勉強。
-
#阿北有練過
#關渡托嬰中心正式開幕",24411,105,"['阿北有練過', '關渡托嬰中心正式開幕']"
280,2017-11-07 22:07:02,"看佩琪穿起來，我的眼光果然還不錯。
-
#實穿照在後面
#艋舺商圈走讀
感謝台北市商業處 @sunsun_tpe 協助安排",30244,281,"['實穿照在後面', '艋舺商圈走讀']"
281,2017-11-03 14:38:03,"傳說中的大眼瞪小眼。
-
#你怎麼還不笑",28394,177,['你怎麼還不笑']
282,2017-11-01 19:46:31,"年輕家庭可以舒舒服服的住公宅真的很幸福，雖然小朋友的表情看起來有點怕我。
-
#三歲開始比較怕生
#這個我問過佩琪
#公共住宅",22211,152,"['這個我問過佩琪', '公共住宅', '三歲開始比較怕生']"
283,2017-10-29 19:38:36,"騎單車練雙腳，划船練雙手，還是要均衡發展才健康。
-
#又學會一項新技能
#鬧熱關渡節",34991,305,"['鬧熱關渡節', '又學會一項新技能']"
284,2017-10-28 21:14:07,"好啦好啦，糖果給你，要乖喔！
-
#天母搞什麼鬼嘉年華
#商圈走讀
感謝台北市商業處 @sunsun_tpe 協助安排",28981,166,"['天母搞什麼鬼嘉年華', '商圈走讀']"
285,2017-10-26 17:37:30,"網紅黑素斯 @noldoazul 問我要不要再開Youtube頻道，我想是這樣啦，為了不要搶大家飯碗，我還是做好市長工作就好了。
-
#世界網紅遊台北
感謝台北市商業處 @sunsun_tpe 協助安排",19579,89,['世界網紅遊台北']
286,2017-10-24 09:15:24,"跟我一起每天搭公車，讓台北市的交通變得更好。
-
#遇到我別緊張
#Taipei #Mayor #KP #Bus",38253,384,"['遇到我別緊張', 'KP', 'Bus', 'Mayor', 'Taipei']"
287,2017-10-22 10:50:57,"看在你手短，擔子就我來挑吧！
-
#2017台北客家義民嘉年華
#挑擔踩街",19147,100,"['挑擔踩街', '2017台北客家義民嘉年華']"
288,2017-10-20 20:01:31,"最近收成好否？
-
#沒人理我也是正常的
#幕僚真的很愛叫我演",21691,224,"['沒人理我也是正常的', '幕僚真的很愛叫我演']"
289,2017-10-19 10:10:37,"大家早安。最近天天下雨，出門前要記得攜帶雨具。
-
#雨天搭大眾運輸通勤最方便",22387,94,['雨天搭大眾運輸通勤最方便']
290,2017-10-15 17:14:18,"不要緊張，真的是我，不是陳雷
-
#大稻埕城市博物館
#歡迎大家來這裡一起穿越時空",47533,758,"['大稻埕城市博物館', '歡迎大家來這裡一起穿越時空']"
291,2017-10-14 11:35:38,"年紀越小，民調越高，看寶寶的反應應該是真的。
-
#Taipei #Mayor #KP",25801,118,"['KP', 'Mayor', 'Taipei']"
292,2017-10-11 15:57:40,"以前都是我太太在帶小朋友讀書，本人我則是直接看成績單，然後感嘆「你的名次怎麼比我六個學期加起來還多」
-
所以今天這場面，就交給佩琪了！
-
#醫起閱讀共享幸福
#後面那隻坐不住",23273,219,"['醫起閱讀共享幸福', '後面那隻坐不住']"
293,2017-10-10 19:52:02,"來來來，這個是見面禮（彈）
-
#來互相傷害啊
#熊讚 #Taipei #Mayor #KP
-
快來「國慶花車主題樂園」找熊讚玩
日期：10/10(二)－10/15(日)
時間：10:00－21:00 (夜間花車燈光秀：18:00－21:00)
地點：南港展覽館旁C3場地 (捷運南港展覽館站1號出口)",18955,105,"['KP', '來互相傷害啊', 'Mayor', '熊讚', 'Taipei']"
294,2017-10-10 13:57:50,"看到這麼多人陪我早起，真的很感動🌈
-
#雙十國慶升旗",26240,100,['雙十國慶升旗']
295,2017-10-09 21:11:18,"這麼好的包包只有三千個，實在是傷腦筋。
-
#只好麻煩大家明天早起來市政府
#六點半開始發放兌換券
#八點憑券換包包
#第三代嗡嗡包",34095,303,"['八點憑券換包包', '六點半開始發放兌換券', '只好麻煩大家明天早起來市政府', '第三代嗡嗡包']"
296,2017-10-07 21:46:35,"剛回國馬上就來踩街，這隻熊真的都不會累耶🤔
-
#人氣比我還高
#好呀大家都不要睡
#2017台北白晝之夜",21268,77,"['2017台北白晝之夜', '好呀大家都不要睡', '人氣比我還高']"
297,2017-10-07 12:53:43,"好呀！大家今晚都不要睡。
-
#今天下午六點到明天早上六點
#來公館一起白晝之夜",25816,88,"['來公館一起白晝之夜', '今天下午六點到明天早上六點']"
298,2017-10-03 18:37:14,"雖然不是很喜歡被打針，但還是要提醒大家記得去注射流感疫苗才健康。
-
#晚一點再輪到我
#不是怕是覺得很奇怪
#65歲以上老人記得多打一劑肺炎鏈球菌疫苗",17787,78,"['不是怕是覺得很奇怪', '晚一點再輪到我', '65歲以上老人記得多打一劑肺炎鏈球菌疫苗']"
299,2017-10-01 11:41:45,"讓長輩更親近年輕世代，自然就會活得更健康更年輕。
-
#來教長輩製作很多長輩的長輩圖
#老人共餐
#數位行動教學車",30978,200,"['來教長輩製作很多長輩的長輩圖', '數位行動教學車', '老人共餐']"
