,time,post_caption,likes,comments,tags
0,2019-12-11 11:50:24,"新世代戰鬥團 成軍！
今天的記者會好不熱鬧！
謝謝來自台灣各地的年輕議員一起加入我們新世代戰鬥團
用年輕、專業、活力為選戰注入滿滿戰力！
突圍反攻 最後一個月全力衝刺！

#新世代戰鬥團
#政論戰將 
#李明賢 #徐巧芯 #鍾沛君  #李柏毅 #江怡臻 #葉元之
#時代青年
#耿葳  #陳偉杰 #宋雨蓁  #朱珍瑤 #黃健豪 #羅廷瑋 #曹嘉豪 
#在地強棒
#洪佳君 #白珮茹 #游顥  #魏嘉彥 #林沛祥 #張淵翔",1026,31,"['政論戰將', '游顥', '葉元之', '宋雨蓁', '陳偉杰', '黃健豪', '李明賢', '李柏毅', '朱珍瑤', '鍾沛君', '徐巧芯', '在地強棒', '白珮茹', '耿葳', '曹嘉豪', '時代青年', '魏嘉彥', '羅廷瑋', '張淵翔', '林沛祥', '新世代戰鬥團', '江怡臻', '洪佳君']"
1,2019-12-08 20:38:22,"#2020團結勝利 #🇹🇼 #中華民國派
剛剛跟大家直播完
也把這陣子的想法與心情跟大家分享了
希望大家繼續支持、繼續幫我們加油
從7/15到現在一樣8個字
「莫忘初衷、團結勝利」

#2020 #win #國民黨加油 #團結勝利 #莫忘初衷",1254,54,"['莫忘初衷', '國民黨加油', '中華民國派', 'win', '2020', '團結勝利', '2020團結勝利']"
2,2019-12-02 11:00:35,"「天冷了，你知道最適合喝什麼嗎？」
「呵護你❤️」
⠀⠀⠀⠀⠀⠀⠀⠀⠀⠀⠀⠀
冷氣團報到！
冷冷的天就是要吃一碗熱熱的豆花😍
⠀⠀⠀⠀⠀⠀⠀⠀⠀⠀⠀⠀
又是新的一週！這週首波大陸冷氣團來襲
住在北部的朋友記得多穿一點、注意保暖哦！
⠀⠀⠀⠀⠀⠀⠀⠀⠀⠀⠀⠀
#朱立倫 #週一 #Monday #撩妹 #撩妹語錄波特王",1033,26,"['週一', 'Monday', '撩妹', '撩妹語錄波特王', '朱立倫']"
3,2019-11-28 10:24:41,"#新北歡樂耶誕城 「耶誕城再美也沒有身旁的你美」

快帶著最愛的另一半一起去耶誕城享受濃濃的聖誕氣息！

#想和你一起撐傘
#漫步雨中
#happythanksgivng #感恩節",1106,21,"['新北歡樂耶誕城', 'happythanksgivng', '漫步雨中', '想和你一起撐傘', '感恩節']"
4,2019-11-26 13:36:26,"「我瞄準的不是標靶，是你的心❤️」
⠀⠀⠀⠀⠀⠀⠀⠀⠀⠀⠀⠀
昨天跟林德福一起到永和體驗漆彈射擊
穿上一身帥氣的軍裝
讓我回想起在成功嶺訓練的日子😊
漆彈又刺激又好玩
還能培養團隊默契與革命情感
想要體驗漆彈射擊的朋友們
都可以去「永和國民運動中心」體驗喔！
⠀⠀⠀⠀⠀⠀⠀⠀⠀⠀⠀⠀
#朱立倫 #林德福 #有梗輔選 #永和 #新北市 #永和國民運動中心 #漆彈 #🇹🇼 #2020立委選舉",812,14,"['永和', '漆彈', '永和國民運動中心', '新北市', '朱立倫', '2020立委選舉', '有梗輔選', '林德福']"
5,2019-11-21 17:34:42,"第二次來苗栗騎railbike 
老舊鐵路結合創新觀光
讓大家能悠閒自在的導覽苗栗風光
這次也特別到龍騰斷橋前拍照
大家覺得如何😎😎 #苗栗 #龍騰斷橋 #railbike",1117,27,"['龍騰斷橋', '苗栗', 'railbike']"
6,2019-11-20 13:02:35,"昨天下午和 @hsiehyifong #謝衣鳳 悠遊漫步在東螺溪台灣欒樹大道
思考如何讓彰化這條美麗的風景加上葡萄酒莊
創造出全新的觀光勝地、知名的網美打卡景點

東螺溪的風景怎麼拍怎麼美
等你們一起來欣賞😊

#有梗輔選 #彰化 #謝衣鳳 #朱立倫 #東螺溪台灣欒樹自然生態步道 #東螺溪 #網美景點 #網美",964,20,"['彰化', '東螺溪台灣欒樹自然生態步道', '東螺溪', '網美景點', '網美', '朱立倫', '謝衣鳳', '有梗輔選']"
7,2019-11-15 14:29:15,"重機初體驗！
「騎重機、聊政績」
今天早上 #陳明義 議員載著我繞了一圈新莊
一起細數新莊的改變 、描繪著新莊的未來
讓我們一起支持明義進入國會，在立法院繼續為新莊、新北爭取更多的建設、為在地發聲！

#不老騎士 #朱立倫 #陳明義 #重機 #新莊 #有梗輔選 #新北市 #今天Uber司機換人當囉",790,23,"['新莊', '重機', '新北市', '朱立倫', '今天Uber司機換人當囉', '有梗輔選', '陳明義', '不老騎士']"
8,2019-11-11 22:29:54,"現在正是曬烏魚子的季節🌞
跟著 #張嘉郡 雲林烏魚子代言人
 一起體驗製成烏魚子的過程
一個個飽滿肥美的烏魚子，濃郁而香醇
用高粱烤三分熟後的外酥內軟口感
更是台灣傳統佳餚美饌

厚切一片配上新鮮的蔥段
嗯～好吃！  #朱立倫 #有梗輔選 #烏魚子 #雲林美食 #雲林 #張嘉郡 #好吃 #😋 #🌞 #台灣美食 #雲林口湖鄉  #海中寶烏魚子",853,18,"['雲林', '雲林美食', '雲林口湖鄉', '張嘉郡', '好吃', '台灣美食', '烏魚子', '朱立倫', '海中寶烏魚子', '有梗輔選']"
9,2019-11-10 19:41:39,"喔～喔喔 你是我的花朵
來到新社的花海
再配上一副帥氣的墨鏡
跟著 #江啟臣 一起帥帥帥翻台中😎😎😎 #江啟臣 #有梗輔選 #新社花海 #你是我的花朵 
#送你一朵小花花",950,24,"['送你一朵小花花', '新社花海', '你是我的花朵', '有梗輔選', '江啟臣']"
10,2019-11-07 14:46:29,"喔耶～雙手舉高高！
今天早上跟 @wanan.chiang  #蔣萬安 委員
一起 #草埔市場 賣公益麵包
還一起唱了《聽海》
萬安不僅的歌聲一百分💯
做事誠懇、負責 是個非常棒的孩子👍
希望大家能多給像萬安這樣的優秀年輕人機會
提升我們國會的年輕戰力，繼續為大家服務！
萬安加油💪",1139,27,"['蔣萬安', '草埔市場']"
11,2019-11-06 22:34:56,"《聽海》完來日月潭立槳！
這是我跟馬文君委員第一次挑戰立槳

其實一開始真的很擔心會跌到水裡
雙腳在板子上顫抖的穩住平衡
勇敢挑戰後發現其實既有趣又好玩
溫暖的太陽和微微的風
腳上偶爾有冰冰涼涼的水流過
配上日月潭的山水美景
日月潭SUP立槳的行程
絕對值得各位排進你的假期中😊

#sup #SUP立槳 #立槳 #馬文君 #日月潭 #南投 #朱立倫 #有梗輔選",886,21,"['南投', '立槳', 'SUP立槳', '朱立倫', 'sup', '日月潭', '馬文君', '有梗輔選']"
12,2019-11-04 12:54:20,"聽 海哭的聲音～🌊🌊🌊
⠀⠀⠀⠀⠀⠀⠀⠀⠀⠀⠀⠀
昨天我跟 #顏寬恒 站在消坡塊上一起唱聽海
首映MV在臉書發布了！
快去我的臉書粉專看😊👍
⠀⠀⠀⠀⠀⠀⠀⠀⠀⠀⠀⠀ #消坡塊 #海景第一排 @顏寬恒  #朱立倫 #聽海 #張惠妹",925,27,"['消坡塊', '聽海', '海景第一排', '朱立倫', '張惠妹', '顏寬恒']"
13,2019-10-31 15:04:06,"恭喜國民隊逆轉勝🏆
本來不知道要戴國民還是太空人？

#華盛頓國民 #washingtonnationals #nationals #mlb #champion #championship #休士頓太空人 #houstonastros",826,26,"['休士頓太空人', 'washingtonnationals', 'nationals', 'championship', 'champion', '華盛頓國民', 'houstonastros', 'mlb']"
14,2019-10-30 17:09:14,"阿倫開箱！失落的古老淘金秘境
#金瓜石三層橋 
三座橋三個年代
帶你重返台灣淘金歲月！

第一層-日治時期運至礦業製煉廠的水圳橋
第三層-最下層的砌石拱橋是提供人行的橋樑
因下層橋樑太矮、老舊，第二層鋼筋水泥的橋樑才因此建成
也因而造就三個年代三座橋樑重疊的美景

曾經是淘金勝地而造就的特殊橋樑景觀，充滿歷史與神秘感
以後到九份金瓜石千萬不要錯過三層橋的美景啦

#金瓜石 #九份 #三層橋 #開箱 #台灣美景",902,18,"['三層橋', '開箱', '台灣美景', '金瓜石', '金瓜石三層橋', '九份']"
15,2019-10-29 17:12:39,"Tea time!
今天下午茶時間吃的是最近很夯的
黑糖珍奶披薩🍕🍕 鹹甜鹹甜的口感意想不到的好吃！
吃起來像蛋塔，麻糬、珍珠QQ軟軟的吃起來也很特別

雖然以我這個年紀來說
有點太甜😝（會被太太罵）
但非常適合喜愛珍奶的珍奶控們！

#珍奶披薩 #達美樂 #黑糖珍奶 #珍珠奶茶",850,41,"['達美樂', '珍珠奶茶', '黑糖珍奶', '珍奶披薩']"
16,2019-10-28 14:04:33,"九份老街，不愧是全台十大觀光景點

今天跟 #李永萍 一起吃我最愛的油蔥粿、芋圓
吃飽喝足還能看山海美景
古色古香的階梯景觀更是最夯的網美打卡景點😍

新北市擁有這麼多的觀光勝地
期待永萍在未來能發揮專業，繼續將在地的觀光旅遊產業發揚光大、推向國際！

#李永萍 #新北市 #汐止 #萬里 #金山 #瑞芳 #平溪 #雙溪 #貢寮 #九份老街 #有梗輔選 #油蔥粿 #阿柑姨芋圓",947,27,"['阿柑姨芋圓', '九份老街', '李永萍', '平溪', '雙溪', '汐止', '新北市', '油蔥粿', '金山', '萬里', '有梗輔選', '瑞芳', '貢寮']"
17,2019-10-27 14:16:11,"大家看得出來我在哪裡嗎😝

#跟我星座一樣的大樓
#第二張照片有濃濃的伊斯蘭風",886,64,"['跟我星座一樣的大樓', '第二張照片有濃濃的伊斯蘭風']"
18,2019-10-24 18:03:41,"#檳城國父孫中山紀念館
#孫中山檳城基地紀念館 
我在馬來西亞
追隨 孫中山先生的足跡來到了檳城

檳城—是個擁有眾多歷史色彩的城市；
更是國父 孫中山海外重要革命基地

第四張照片的裕榮莊，就是促成國父革命成功的重要推手！

我在檳城，重新回顧歷史、追溯根源
並提醒自己勿忘初心

#馬來西亞 #🇲🇾 #國父孫中山",1058,26,"['國父孫中山', '馬來西亞', '孫中山檳城基地紀念館', '檳城國父孫中山紀念館']"
19,2019-10-22 18:02:41,"來喔！來喔！西瓜一顆50元🍉就滴哦！😋
⠀⠀⠀⠀⠀⠀⠀⠀⠀⠀⠀⠀
今天跟黃桂蘭委員一起化身水果攤老闆賣芭樂跟西瓜
水果一掃而空！感謝大家的捧場！
也希望大家多多支持桂蘭，幫她加油💪

#黃桂蘭 #蘆洲區 #立委候選人 #2020 #朱立倫 #有梗輔選 #菜市場 #賣水果 #芭樂 #西瓜",800,17,"['賣水果', '黃桂蘭', '菜市場', '2020', '芭樂', '朱立倫', '立委候選人', '蘆洲區', '有梗輔選', '西瓜']"
20,2019-10-21 20:46:02,"奕華！生日快樂🎉 
左⬅️滑有影片

今天不僅再度化身運將司機
還當了美食外送員
專門跑到台北知名老牌蛋糕店-紅葉蛋糕 買birthday cake 
就是為了要給今天過生日的小學妹、好同事林奕華慶生！

選戰進入倒數，祝福奕華也幫她加油💪

#林奕華 #紅葉蛋糕 #生日快樂 #有梗輔選 #首富蛋糕 #happybirthday #天秤座",775,26,"['紅葉蛋糕', '生日快樂', '天秤座', '首富蛋糕', '林奕華', '有梗輔選', 'happybirthday']"
21,2019-10-19 11:33:21,"愉快的週末，大家午安
今天早上我跟賴士葆委員一起在文山區的 #佳香點心大王 吃早餐
聊聊文山區的現況與未來
文山區是台北市著名的文教區
許多知名的大學、優秀的學生、人才匯集於此
未來若是能將新創產業引入
結合學校教程與在地人才
相信能改變再創文山區的新風貌！
讓我們一起支持最了解選區、基層的賴士葆
讓他繼續為文山區的未來打拚、服務

一起幫賴士葆加油💪

#賴士葆 #文山區 #立委 #輔選",899,29,"['賴士葆', '立委', '佳香點心大王', '文山區', '輔選']"
22,2019-10-18 19:35:50,"昨天跟南港的好女兒、好媽媽、好媳婦 #李彥秀 委員 
一起煮傳統家常美食 #白菜滷 
彥秀不愧是好媽媽、好媳婦
一到廚房熟練的動作、專業的處理食材
彥秀的老公真的太幸福了！

身為阿嬤好幫手的我，也充分發揮二廚的角色
和彥秀合力把好吃的白菜滷煮得入味、好吃！

這麼棒的好媽媽、好女兒、好媳婦
我們也一起幫彥秀加油💪

如果還想看阿倫煮什麼，歡迎留言告訴我們喔！

#李彥秀 #南港 #立委輔選 #廚師阿倫",862,32,"['立委輔選', '李彥秀', '廚師阿倫', '白菜滷', '南港']"
23,2019-10-17 09:04:59,"⬅️滑IG獨家影音

昨天到坪林鬍鬚茶園
跟羅明才委員一起採茶關心農民
這裡不僅風景美、茶更香
跟明才一起喝新北最好的文山包種茶
祝福他包中！為他加油！

你們覺得我們的dress code像誰呢😝
歡迎留言喔

#採茶阿倫跟採茶阿才 #茶農阿倫 #羅明才 #鬍鬚茶園",910,45,"['茶農阿倫', '採茶阿倫跟採茶阿才', '羅明才', '鬍鬚茶園']"
24,2019-10-14 17:07:57,"⠀⠀⠀⠀⠀⠀⠀⠀⠀⠀⠀⠀
祝福永遠不嫌晚
恭喜妳，我的好友小燕
⠀⠀⠀⠀⠀⠀⠀⠀⠀⠀⠀⠀
「只有觀眾不看了，才叫作退休」
⠀⠀⠀⠀⠀⠀⠀⠀⠀⠀⠀⠀
那我會是妳永遠的粉絲

#一人一張小燕姐 #終身成就獎
#最後一張比大愛心給小燕",1245,17,"['一人一張小燕姐', '最後一張比大愛心給小燕', '終身成就獎']"
25,2019-10-11 17:39:23,"中華民國108年生日快樂🇹🇼
昨天到台中參加升旗的感動仍歷歷在目
謝謝盧市長與台中市府團隊
連假第二天，一樣祝福大家假期愉快！

大家看得出來我跟秀燕一起比的手勢是什麼嗎😊
#台中 #國慶 #雙十節 #連假",1083,33,"['連假', '國慶', '雙十節', '台中']"
26,2019-10-10 11:24:13,"今天是國慶日！中華民國生日快樂🎉
早上我到台中與盧秀燕市長一起升旗
升完旗後跟力行國小少棒隊的小朋友一起吃早餐😋
在特別的日子，帶著好天氣、好心情
迎接四天的假期！

#國慶日 #雙十節 #力行國小 #少棒 #台中 #盧秀燕",1020,22,"['力行國小', '國慶日', '少棒', '盧秀燕', '雙十節', '台中']"
27,2019-10-08 12:13:12,"農曆的九月，是九降風的季節
每年九降風吹出新竹的傳統好味道-米粉
今天我跟鄭正鈐一起來體驗參觀製作米粉的過程
也在現場吃了芋頭米粉
「食米粉芋，有好頭路」
幫正鈐加油打氣💪希望他在明年2020找到好頭路
更能在未來幫助新竹產業找到好出路！

#新竹 #新竹美食 #米粉 #2020@#立委候選人 #鄭正鈐 #米粉芋",814,26,"['新竹美食', '新竹', '米粉芋', '2020', '米粉', '立委候選人', '鄭正鈐']"
28,2019-10-07 16:57:07,"我們都說 #家有一老如有一寶
但如果家裡的老寶貝在外迷路了怎麼辦呢？
用QRcode貼紙掃一下，就能找到回家的路了🏠
⠀⠀⠀⠀⠀⠀⠀⠀⠀⠀⠀⠀
#銀光巡寶圖 就是銀光未來創新協會的創意發想
透過科技的創新，打造一個高齡友善的、世代共融的環境
簡單、貼心的的創意，讓長者找到回家的路❤️
⠀⠀⠀⠀⠀⠀⠀⠀⠀⠀⠀⠀
今天是重陽敬老節，有空打個電話給家裡的老寶貝吧❤️
⠀⠀⠀⠀⠀⠀⠀⠀⠀⠀⠀⠀
#重陽節 #敬老 #銀光未來創新協會 #越老越精彩",605,13,"['重陽節', '銀光未來創新協會', '越老越精彩', '敬老', '家有一老如有一寶', '銀光巡寶圖']"
29,2019-10-05 12:22:52,"今天跟立法委員參選人魯明哲 @jackruegg 來到中壢有名的「士校麵」
品嘗眷村美味的同時
也跟大家在直播聊聊天！

我以前當桃園縣長時
「魯蛋」也剛當選桃園縣議員
在議會問政認真又專業
後來當選中壢市長
政績也相當卓越
未來一定會是稱職的立法委員
請中壢的鄉親全力支持魯明哲
注入「國會新能量」！ #魯明哲 #中壢 #桃園 #立法委員 #加油💪",633,10,"['立法委員', '桃園', '魯明哲', '加油', '中壢']"
30,2019-10-04 16:53:14,"秋天到了要幹嘛？當然是來新北吃萬里蟹呀🦀️
9-12月是秋蟹的季節
想到螃蟹，萬里蟹絕對是台灣第一名！
漁民、餐飲業者的努力
再加上品牌的打造
讓新北的萬里蟹成功行銷全台灣！

左滑看影片！⬅️
#吃貨阿倫 #萬里蟹 #新北市",760,20,"['吃貨阿倫', '新北市', '萬里蟹']"
31,2019-10-03 12:51:37,"大家午安！
今天中午跟柯志恩委員一起在板橋騎腳踏車🚲
看到新北圖書總館周邊的環境成長、變化
很高興看到新北市在大家的努力之下變得愈來愈好👍
也祝福志恩高票當選！

#剩100天 #柯志恩 #朱立倫 #輔選列車 #新北市 #板橋 #板橋總圖 #遠東通訊園區",890,15,"['遠東通訊園區', '板橋', '柯志恩', '新北市', '朱立倫', '輔選列車', '板橋總圖', '剩100天']"
32,2019-09-29 17:28:48,"每次來台南都很開心
除了來幫忙好朋友之外
還可以順路吃好吃的美食😋

你最喜歡吃台南什麼小吃呢？
歡迎留言跟我分享

#度小月擔仔麵 #台南美食 #吃貨阿倫 #肉燥飯 #😋",1111,39,"['吃貨阿倫', '台南美食', '度小月擔仔麵', '肉燥飯']"
33,2019-09-28 18:31:54,"祝福各位老師，教師節快樂😊

#阿倫老師 #朱老師 #台大 #NTU",992,16,"['台大', 'NTU', '阿倫老師', '朱老師']"
34,2019-09-27 14:23:57,"叭叭📢 #運將阿倫來 囉🚗

前幾天帶著奕華一起逛大安區
一邊開車一邊聊天、唱歌
還給奕華來個選區隨堂測驗
勤跑基層的她樣樣難不倒！
隨堂測驗都過關！真的非常厲害！

而我第一次當運將的開車技術
奕華又是怎麼給分的呢？
⬅️左滑⬅️看運將阿倫的幕後花絮！ ⠀⠀⠀⠀⠀⠀⠀⠀⠀⠀⠀⠀
#運將阿倫 #林奕華 #大安區 #運將 #happy的運將 ⠀⠀⠀⠀⠀⠀⠀⠀⠀⠀⠀⠀
#完整影片請至官方youtube頻道 
官方Youtube➡️🔍朱立倫I’m Eric",890,38,"['完整影片請至官方youtube頻道', '運將阿倫來', '運將', '運將阿倫', '林奕華', '大安區', 'happy的運將']"
35,2019-09-22 14:12:35,"⬅️左滑有影片
前往台南前
我在辦公室綁辣椒🌶️
要給柱柱姊加油💪
希望柱柱姊能成為真正的小辣椒
比辣台妹還要辣的小辣椒

#柱柱姊加油💪 #小辣椒🌶️ #Hot
在底下留言「🌶️🌶️」讓我們把辣椒留言串起來
替柱柱姊加油💪",1100,67,"['Hot', '小辣椒', '柱柱姊加油']"
36,2019-09-17 16:52:03,"手拿東京超人氣蛋捲
我要去見政壇最殺的姐姐！

#午茶時光 
#姐是小辣椒
#也是黨內溫暖堅定的力量",635,32,"['姐是小辣椒', '午茶時光', '也是黨內溫暖堅定的力量']"
37,2019-09-12 10:12:07,"今天是9月11號，911事件的18週年。

照片中的我在紐約世貿車站 #Oculus
車站外牆白色中空的設計，就像一雙翅膀、展翅的白鴿。

在傷痛歷經18年後，我仍堅信穩定中道的路線，以對話代替衝撞、以尊重取代歧見，這樣的政治路線或許平淡無華，然而在不穩定的世界政治亂流中，才能踩好平衡、守護和平。

#peaceandhope #911 #911memorial #oculus #wewillneverforget",664,21,"['oculus', '911', 'Oculus', '911memorial', 'wewillneverforget', 'peaceandhope']"
38,2019-09-10 13:14:25,"#teamlabborderless 
#東京打卡聖地 
位於台場的Teamlab Borderless數位藝術美術館
據說是世界級的打卡聖地！
這次造訪果然名不虛傳👍
美術館內用光雕投影、光影設計
交織打造出充滿奇幻與創意的驚奇世界
彷彿讓人置身在夢境中一般😍
好玩、好美又好拍！ .
🌟展覽小插曲
在逛展覽時巧遇來自台灣的影像公司 @_visualbeats_ 
謝謝他們幫我拍了美麗的照片😊（圖二）",814,23,"['東京打卡聖地', 'teamlabborderless']"
39,2019-09-07 16:35:28,"大家好！我正在東京搭地鐵🚇

不管是捷運、地鐵、輕軌
完善的大眾運輸系統，是進步發展城市的指標

大家看得出來這幾張圖分別是哪個城市的交通建設嗎？
歡迎在底下留言猜猜看哦😊

#tokyo #japan #mrt",1105,50,"['japan', 'tokyo', 'mrt']"
40,2019-09-06 13:13:12,"#我們都是台灣人 #都熱愛中華民國

我父親是隨軍來台的外省人
母親是桃園大溪梅鶴山莊第七代
而我的童年時光，則是在桃園八德的田野間
跑上跑下、調皮搗蛋的渡過

長大後，認識了道道地地的臺南美女，也就是我的太太

我是哪裡人？我的孩子是哪裡人？

台灣是個多元文化發展而成的國家
我們的血液裡有著各種組合
在二十一世紀的台灣，「沒有人應該討厭什麼人」
我們都是台灣人，都愛中華民國🇹🇼
.
大家有猜出照片中哪一個是我嗎😝
#Taiwan #🇹🇼 #中華民國",1096,60,"['Taiwan', '中華民國', '我們都是台灣人', '都熱愛中華民國']"
41,2019-09-02 11:50:05,"在美國待超過三天
就開始思念台灣的食物了😝
一回台就去菜市場買了好吃的鹼仔粿
結果辦公室的年輕同事竟然都沒吃過！
大家有吃過鹼仔粿嗎？
上面淋楓糖，淡淡的雞蛋香
鹹鹹甜甜的好好吃😋
台灣的傳統美食才是我的最愛😍

#鹼仔粿 #吃貨阿倫 #台灣美食",1307,65,"['吃貨阿倫', '台灣美食', '鹼仔粿']"
42,2019-08-27 16:26:29,"忙碌的午後，如果能來上一片起司蛋糕就完美了😋
當然還是要草莓口味的才行

#草莓控 #🍓 #juniorscheesecake #吃貨阿倫",1064,39,"['吃貨阿倫', 'juniorscheesecake', '草莓控']"
43,2019-08-25 21:23:07,"Morning New York!
早安紐約！
熱騰騰的貝果是我今天的早餐😊🥯
晚安台灣，大家週末早點休息
明天準備迎接新的一週！
#bagle #nyc #morning #吃貨阿倫",655,21,"['bagle', '吃貨阿倫', 'nyc', 'morning']"
44,2019-08-23 12:01:42,"Hello Vessel!
大家知道在我身後的這棟建築是什麼嗎😊
這可是現在紐約最著名的網紅打卡景點
擁有#紐約艾菲爾鐵塔 之稱的公共藝術建築 #Vessel

這個蜂巢形狀又有點像大松果的建築來頭可不小！

由建築鬼才Thomas Heatherwick 一手打造，以2500多級的樓梯、80個平台構成，讓人們可以使用、觸碰、參與其中，也讓繁忙的商業中心哈德遜廣場，如同多出一英里長的城市立體公園，更讓公共藝術落實「人與城市互動」的當代建築理念新指標！

如果台灣也有一個 #Vessel 你希望它建在哪呢？

#ThomasHeatherwick #thevessel #nyc #好像一顆大松果
@thevesselnyc",909,31,"['Vessel', 'ThomasHeatherwick', 'thevessel', '好像一顆大松果', '紐約艾菲爾鐵塔', 'nyc']"
45,2019-08-22 17:05:08,"如果說Oculus車站就像展翅的雀鳥，浴火重生的紐約，象徵希望與和平

而我身後這座四方形瀑布，則象徵著深沈的傷痛與陰影

在世貿雙子星大樓舊址，建立了兩座凹陷黑色形瀑布紀念碑，瀑布旁的平面銅牌上，刻印著罹難者的名字，深不見底的瀑布，代表著傷痛的痕跡，提醒著世人仇恨帶來的悲劇，不該被遺忘、抹去。

擁抱悲傷，才能走出傷痛，譜出新的篇章。

#911memorial #oculus",853,14,"['911memorial', 'oculus']"
46,2019-08-21 12:20:27,"#吃貨阿倫
草莓控到曼哈頓還是草莓控🍓🍓
#harbs🍰 的鮮奶油入口即化搭配草莓酸酸甜甜
在美國的午後來上一片完美的草莓蛋糕
滿足☺️☺️
#manhattan #🍓 #cake #吃貨阿倫",868,30,"['吃貨阿倫', 'cake', 'manhattan', 'harbs']"
47,2019-08-20 16:00:21,"29年前我與指導教授Ronen
歲月改變的是時間與容顏
沒有改變的是臉上的笑容與對彼此的情誼

#其實改變最多的是_______ 
#nyustern #nyu #nyc",1313,46,"['nyu', '其實改變最多的是_______', 'nyc', 'nyustern']"
48,2019-08-17 11:59:10,"哈囉在台灣的好朋友們😊
大家吃午餐了嗎？
每次來美國，都一定要吃漢堡
所以今天我在前往紐約的車上
外帶了一份 #shakeshack 招牌起司漢堡
搭配上濃郁的shack sauce 
真的是經典中的經典😍😍
.
2月份時我也在加州吃了一份當地的著名漢堡 In-N-Out #innoutburger (第三張照片）
兩款分別為美國東西岸著名美食
大家覺得哪一家的比較好吃呢😋
留言告訴我吧！

#好吃的美食豐富每一次的旅程
#幸好我太太沒有IG #吃貨阿倫",1050,53,"['innoutburger', 'shakeshack', '幸好我太太沒有IG', '吃貨阿倫', '好吃的美食豐富每一次的旅程']"
49,2019-08-14 17:55:17,"✈️✈️
出發！
出國見見老友、散散心
紐約的美食！我來了😋

#USA #travel",1187,54,"['USA', 'travel']"
50,2019-08-08 14:29:09,"#父親節快樂 
每天打通電話給在老家的父親，是我的習慣
.
「如果說母親是水，那麽父親就是一座山。
也許有時候我們並不需要很多，也許有時候我們會覺得厭煩，但父親始終會在那裏，靜靜地等我們回家。」
.
今天是父親節，你打電話回家了嗎？
跟爸爸說聲 父親節快樂 吧

#father #love #fatherandson",915,24,"['fatherandson', 'father', 'love', '父親節快樂']"
51,2019-08-07 19:08:23,"#七夕 #情人節 
小小的禮物
小小的甜蜜
情人節快樂

#happyvalentine #chocolate",688,20,"['happyvalentine', '情人節', '七夕', 'chocolate']"
52,2019-08-05 17:30:09,"#魯肉飯 #焢肉飯 #傻傻分不清楚

今天中午在高雄吃了好吃的 #南豐魯肉飯 
也在臉書上發了一篇 #有感而發 的文章
才發現，好多網路上的朋友不知道 #一碗魯肉飯 #南北大不同

雖然這只是一碗簡單的小吃
但也能從中了解，小小的台灣，仍存在許多差異與不了解
唯有溝通與包容，才能豐富台灣的多元文化、創造出許多生活的小趣事

還有什麼南北稱呼不同的美食嗎？
歡迎大家一起留言分享討論喔！
#吃貨阿倫",815,42,"['一碗魯肉飯', '南北大不同', '傻傻分不清楚', '吃貨阿倫', '焢肉飯', '有感而發', '南豐魯肉飯', '魯肉飯']"
53,2019-07-29 10:37:16,"「不放棄、不妥協、不要失去盼望」

林書豪加油💪
Never doubt yourself
We’re rooting for you 
#jeremylin #TheWaitingGame

Photo by Vaughn Ridley/Getty Images",697,30,"['TheWaitingGame', 'jeremylin']"
54,2019-07-27 20:40:05,"從第一場三重眷村的朱隊友見面會，到高雄、再到桃園。

謝謝大家給我一路以來的支持，每一句留言、每一個回覆，都是最好的鼓勵與最溫暖的支持。

今天我們再次跳脫網路相聚，為了是感謝各位最忠誠、最核心、最有戰力、最義氣相挺的好戰友！

20多集的直播談政策、3場政見發表會、3場朱隊友見面會、無數的貼文、行程，都有你們為我們在網路上守候，辯護也好、聲援也好，都是為了我們堅持的理念、為了我們相信的力量。

今晚的小聚，不會是終點，奮戰到底的我們、會再度崛起！

#朱隊友",787,26,['朱隊友']
55,2019-07-25 12:21:23,"#朱隊友出遊
謝謝大家這200多個日子以來的幫忙、努力
大家辛苦了！
美好的回憶讓我們永遠留在心中、友誼永存
未來再一起打拼！

#奮戰到底的我們 #會再度崛起",836,40,"['朱隊友出遊', '會再度崛起', '奮戰到底的我們']"
56,2019-07-15 16:46:30,"#莫忘初衷 #團結勝利
此刻，當然失落，但挫折只會讓我更堅強。

我要向支持朱立倫的朋友致謝：謝謝你們！謝謝！我永遠不會忘記我們的每一次相遇，每一句話，每一個眼神，但是我希望看到大家，是為這片土地付出汗水，而不是流下淚水。

我說過：「 #成功不必在我但成功一定有我」，不計個人榮辱，但求團結打拚台灣前途。謝謝台灣人民對朱立倫的厚愛，讓我有幸在這塊土地上，替大家服務。

我也想和大家分享英國首相邱吉爾的幾句話：
「成功不是結局，失敗也非末日，最重要的是要有堅持面對的勇氣。」 我一路走來，堅持理想，做自己。

#奮戰到底的我們 #會再度崛起！謝謝大家。",1628,110,"['莫忘初衷', '奮戰到底的我們', '團結勝利', '會再度崛起', '成功不必在我但成功一定有我']"
57,2019-07-14 18:47:31,"#民調最後一天
#唯一支持朱立倫

今天是民調最後一天，謝謝所有好朋友們這幾天的支持！
最後一天，讓我們繼續 #顧電話顧手機
最後一天，讓我們繼續為台灣堅守理性中道的力量

一起拚戰到最後！
#國民黨總統初選民調 #我挺正常倫",606,33,"['唯一支持朱立倫', '國民黨總統初選民調', '顧電話顧手機', '我挺正常倫', '民調最後一天']"
58,2019-07-13 11:30:22,"給遲來的幸福一個機會
#tag你的女性朋友

妳是否曾經有過，等待「兩條線」、「一條線」的忐忑？
同樣的場景，在人生的不同階段，會有不同的心情

25歲，人生才剛開始，看到一條線，鬆了一口氣
40歲看到一條線，浮現的卻是，不能重新選擇的遺憾

朱立倫當總統，補助34-38歲的單身女性「凍卵」，34-40歲的已婚夫妻「人工生殖」。
#讓每一位女性都圓滿

#朱立倫 #唯一支持 #民調電話倒數第二天 #凍卵",434,12,"['凍卵', 'tag你的女性朋友', '朱立倫', '唯一支持', '民調電話倒數第二天', '讓每一位女性都圓滿']"
59,2019-07-11 13:09:10,"#金朱報喜
昨天晚上跟王院長 #王金平 一起直播
我們一起吃了宵夜、玩了遊戲，感覺王院長愈來愈年輕，精神跟活力都不輸年輕人！

特別感謝王院長送我的的小豬，今年是豬年，也祝福大家豬勢大吉！

#朱勢也大吉",757,26,"['朱勢也大吉', '王金平', '金朱報喜']"
60,2019-07-09 18:32:41,"#國民黨總統初選民調 
電話民調第二天！
大家已經在家準備好了接電話了嗎？
民調問題好多好複雜
想要支持阿倫卻不知道該怎麼答嗎？
左滑看影片讓阿倫教你們怎麼答😊

#唯一支持朱立倫",445,19,"['唯一支持朱立倫', '國民黨總統初選民調']"
61,2019-07-08 22:55:31,"#航海王 
#出發偉大的航道 
第一天的民調結束，不知道大家有沒有接到電話呢？
如果有接到電話的幸運朋友，真的很恭喜你！
如果有接到電話，並且說出 #唯一支持朱立倫 的朋友，真的很感謝你🙏

民調還有六天！我們繼續在電話前，堅守台灣理性中道的力量👊

在國民黨重返2020前，請讓 朱立倫帶領大家前進 #偉大的航道

#民調 #7月8號到7月14號 #晚上六點到十點 #KMT #航海王 #海賊王 #魯夫",592,20,"['航海王', '唯一支持朱立倫', '7月8號到7月14號', 'KMT', '晚上六點到十點', '出發偉大的航道', '魯夫', '海賊王', '偉大的航道', '民調']"
62,2019-07-07 22:46:05,"#國民黨總統初選民調
#就在明天

7/8-7/14 晚上6-10點
在家等電話，唯一支持朱立倫

#我挺正常倫 #記得要講全名不可以講綽號 #朱立倫",668,36,"['國民黨總統初選民調', '就在明天', '我挺正常倫', '朱立倫', '記得要講全名不可以講綽號']"
63,2019-07-07 16:46:01,"#國旗電動車
Gogoro 國旗電動車上路！
結合環保電動車以及愛台灣🇹🇼的心❤️
讓青天白日滿地紅在路上奔馳吧！

#🇹🇼 #中華民國 #gogoro #電動車 #環保 #♻️",910,44,"['電動車', '國旗電動車', 'gogoro', '環保', '♻️', '中華民國']"
64,2019-07-06 17:10:49,"#台灣更好立倫行腳 
台中東勢區採梨🍐去！
一顆顆香甜清爽又飽滿的水梨
在採收的過程中處處是專業！
#讓專業的來 
#吃貨阿倫
#東勢",447,14,"['吃貨阿倫', '東勢', '讓專業的來', '台灣更好立倫行腳']"
65,2019-07-03 19:56:07,"#國民黨總統初選國政願景發表會 
#最後一場 #全力以赴

今天晚上談 經濟、財政、環境、能源
20點中天52台
歡迎大家一起收看，為我支持加油

#財經專業 #財經總統 #中天 #weshallreturn",596,35,"['全力以赴', '財經專業', '財經總統', 'weshallreturn', '最後一場', '國民黨總統初選國政願景發表會', '中天']"
66,2019-07-01 22:30:19,"指考的第一天結束
天氣炎熱，考生們辛苦了
明天是重要的共同主科考試，大家再加把勁👊

我們都是考生，你們考指考、我考的是初選
當然我也會繼續努力💪一起加油💪

#指考戰士 #指考加油 #國民黨黨內總統初選",664,26,"['國民黨黨內總統初選', '指考戰士', '指考加油']"
67,2019-06-30 16:44:56,"#志祺七七
每週7天，每天7點，每次7分鐘
這次志祺帶著網友的疑問來找我！
讓我來一一接招、破解！

今晚7點鎖定 志祺七七的yt頻道！

#知識型youtuber",564,24,"['知識型youtuber', '志祺七七']"
68,2019-06-29 22:41:55,"#金曲30 
恭喜李宗盛大哥，獲最佳作詞人獎。
在入圍的作品中，李大哥的「新寫的舊歌」其中一句「世代之間要成為知己，不要成為路人甲乙」講的是父子、講的是世代。

我想台灣現在有很多問題，正是來自世代之間的「不理解」，不同的世代有不同的看法。要化解世代之間的問題，不妨從「換位思考」開始做起。

不管是從音樂創作中抒發、展現，或是從政府、政策的角度下去落實，「換位思考、世代融合」正是我們要一起 #讓下一代更好 的努力方向！

#李宗盛 #新寫的舊歌 #恭喜 #最佳作詞人獎",603,28,"['李宗盛', '新寫的舊歌', '金曲30', '讓下一代更好', '恭喜', '最佳作詞人獎']"
69,2019-06-29 14:25:41,"#國民黨總統初選國政願景發表會 
#我挺正常倫
就在今天！
下午3點-5點 台中場 東森51台
請大家幫我加油💪",767,42,"['國民黨總統初選國政願景發表會', '我挺正常倫']"
70,2019-06-28 23:28:30,"#讓專業的來 #財經專業 #阿倫老師
讓專業的來給方向
讓專業的來 #讓下一代過的更好 
#➡️滑看影片 
#幫助青年新創
#whatcanwedo",417,9,"['whatcanwedo', '阿倫老師', '財經專業', '讓下一代過的更好', '幫助青年新創', '滑看影片', '讓專業的來']"
71,2019-06-28 14:44:11,"#i創客 
很高興能跟年輕的創客朋友們一起坐下來分享創業歷程與心得。
在開場時，我就開了個玩笑，我說：「你們可以叫我朱爸爸，或朱叔叔或Uncle Eric 。」
看著他們就像看著自己的孩子。

如何 #讓下一代過的更好 ，一直是我的堅持與理念，聽聽他們面臨的困難、他們的需要，我認為是非常重要的。

在年輕人積極朝夢想邁進時，政府應該扮演什麼角色？
在年輕人為了追求更好的offer而離開家鄉時，我們是不是應該思考，台灣該如何改變才能留住人才？

時代在前進、科技在進步、思維在跳躍，該改變的不僅是法規、環境，有時候更該改變的是我們的思想、是我們的腦袋。

#讓年輕的來 #讓下一代過的更好 #讓我們一起聽聽年輕人的心聲",805,28,"['i創客', '讓我們一起聽聽年輕人的心聲', '讓年輕的來', '讓下一代過的更好']"
72,2019-06-26 01:40:07,"#我挺正常倫
第一場國政願景發表會結束！
可能是因為已經開直播談政策談了27集的關係
今天心情格外輕鬆自在😊
很高興今天能看見黨內同志齊聚一堂
期盼經過一場一場的發表會後
國民黨能團結一致！
2020站在同一陣線，重返執政！
 #WeShallReturn
.
📱更多談政策！請往左滑掃QRcode
🔍或上Youtube 搜尋 I’m Eric 朱立倫

#KMT #國民黨 #國民黨總統初選國政願景發表會
#一結束就先吃東西 #好餓 
#TVBS #我當總統 #台灣更好立倫行腳",784,70,"['KMT', '一結束就先吃東西', 'TVBS', '我當總統', '國民黨', '我挺正常倫', 'WeShallReturn', '好餓', '國民黨總統初選國政願景發表會', '台灣更好立倫行腳']"
73,2019-06-24 22:50:23,"#我挺正常倫
國民黨總統初選，國政願景發表會
第一場高雄場就在明天！
明天晚上我將針對 #憲政 #外交 #國防 #國安 四個議題
提出 #我當總統 的政見

明天晚上8點 TVBS 56台 全程轉播
歡迎大家收看支持💪

#國民黨加油 #KMT #TVBS",634,82,"['憲政', '外交', 'KMT', '國民黨加油', '國安', '我當總統', '我挺正常倫', '國防', 'TVBS']"
74,2019-06-23 22:19:32,"#朱quotations 
在哪裡跌倒，就在哪裡躺一下

#跳高真的好難 #放寬心事事順心 #休息後再出發 
#明天上班上課加油💪 #消極掰 #明德高中 #勵志語錄",910,67,"['明天上班上課加油', '放寬心事事順心', '朱quotations', '消極掰', '勵志語錄', '跳高真的好難', '明德高中', '休息後再出發']"
75,2019-06-22 22:46:43,"#神槍手 #空氣槍射擊 
第一次體驗空氣槍射擊就上手
試了三次成績都還不錯！
可見年輕當兵時練的打靶技巧還沒忘記👍

平穩呼吸、定下心
瞄準目標射擊，就能命中紅心！

#林口高中 #穩健踏實 #命中紅心 #shotgun",777,32,"['空氣槍射擊', '穩健踏實', '林口高中', '命中紅心', '神槍手', 'shotgun']"
76,2019-06-21 18:30:29,"#台灣更好立倫行腳 
一邊騎著八斗子的RailBike
一邊欣賞台灣東北角的風景
你知道透抽、小卷、魷魚的分別嗎？
右滑看阿倫老師講給你聽！😎😎.
.
#深澳 #阿倫老師 #透抽 #小卷 #魷魚 #深澳漁港 #八斗子車站",625,19,"['八斗子車站', '深澳', '透抽', '魷魚', '小卷', '阿倫老師', '深澳漁港', '台灣更好立倫行腳']"
77,2019-06-19 13:30:32,"#台灣更好立倫行腳 
最近又多了一個綽號➡️ #目鏡仔
所以到 #雲林西螺 的百年老店 #目鏡仔麥芽酥 
看到這隻戴眼鏡的花生公仔感覺特別親切呀😂

#大家覺得戴眼鏡好看嗎
#吃貨阿倫",684,14,"['雲林西螺', '目鏡仔麥芽酥', '目鏡仔', '台灣更好立倫行腳', '吃貨阿倫', '大家覺得戴眼鏡好看嗎']"
78,2019-06-18 18:05:25,"#台灣更好立倫行腳 
來雲林，我不造勢，我跟漁民站在一起
一起採收文蛤、一起現吃鮮美的收成😋
吃完好吃的蛤仔，充滿精力繼續努力💪

#努力贏得最後勝利 #雲林 #台西鄉 #蛤仔",652,30,"['雲林', '蛤仔', '台西鄉', '努力贏得最後勝利', '台灣更好立倫行腳']"
79,2019-06-17 08:04:51,"#台灣更好立倫行腳 
大家早安🌞
今天前進雲林展開一系列的美食之旅😋
請持續關注我的IG限時動態
看看我吃了哪些好吃的美食吧✌️✌️ #西螺 #雲林 #福興宮 #老牌魷魚羹 #老邵小籠包 #丸莊醬油觀光工廠 #吃貨阿倫",407,22,"['丸莊醬油觀光工廠', '雲林', '老牌魷魚羹', '福興宮', '老邵小籠包', '吃貨阿倫', '西螺', '台灣更好立倫行腳']"
80,2019-06-16 23:21:43,"#朱Quotations

我一直以來都相信，初選只是過程，在初選結束後，我們都將團結一心，一起面對2020。

不論外面風風雨雨，朱立倫做好事、存好心，一步一腳印繼續穩紮穩打的往前邁進👣

明天又會是新的開始！大家晚安🌙
#勵志語錄 #晚安 #goodnight",698,32,"['勵志語錄', '朱Quotations', '晚安', 'goodnight']"
81,2019-06-16 17:44:54,"#朱隊友見面會 #桃園

其實今天不是什麼見面會
今天是 #家庭聚會
謝謝20多年以來支持我的老朋友、好朋友、新朋友
桃園是我成長、發跡的地方
桃園永遠都是我最溫暖的家鄉

#謝謝桃園 #朱勢上揚 #巨倫飛翔 #謝謝我的國小五年級班導師 #藍秋桂老師 #謝謝大家🙏",752,43,"['巨倫飛翔', '朱隊友見面會', '謝謝桃園', '桃園', '朱勢上揚', '家庭聚會', '謝謝我的國小五年級班導師', '藍秋桂老師', '謝謝大家']"
82,2019-06-16 11:57:42,"#台灣更好立倫行腳 
從民雄坐火車出發，想起中學時每天搭車上學的日子。
為了上學，每天天還沒亮就得出門，那時先騎腳踏車再坐公車轉火車，再走一段路，才能趕在7點到學校。

為了讓孩子不用像我一樣，每天這麼辛苦的上學，所以我在當桃園縣長與新北市長時，大力推動 #在地就學，除此之外， #交通改善也是拉近城鄉距離的一環 。

以前的交通當然不能跟現在的交通相比，交通的革新讓火車捷運化，不僅讓交通更便捷也能縮短城鄉距離，上學、上班、通勤都不必再如此艱辛。

關心完交通，我們到在鹿草鄉下潭村的 #暖暖食堂 #老人共餐，讓附近的長輩都能作伙運動、跳舞、吃飯。  #這一餐飯不只是吃飽 #而是享受陪伴

這也我在新北市府時就極力推動的，期待將來更能推展到台灣各縣市。

從小到老的照護，其實都是 #生活經濟 的一環，我們需要的是貼心、貼近生活的政策，這就是我一直堅持的理念 #台灣更好 
#嘉義 #民雄 #讓下一代過的更好",700,32,"['台灣更好', '而是享受陪伴', '生活經濟', '老人共餐', '暖暖食堂', '這一餐飯不只是吃飽', '嘉義', '在地就學', '民雄', '交通改善也是拉近城鄉距離的一環', '讓下一代過的更好', '台灣更好立倫行腳']"
83,2019-06-14 17:24:47,"#WeTheNorth 
@nba @raptors @warriors 
行腳的路程中也不忘關注關鍵Game6
感謝勇士帶給我們精彩的比賽
也恭喜暴龍拿下隊史首冠🏆

#🏆 #NBA #championsleague #raptors #warriors",749,35,"['warriors', 'NBA', 'raptors', 'championsleague', 'WeTheNorth']"
84,2019-06-14 09:02:33,"#倫老師 #時事小考
最近國內外發生了好多事
這些時事你都follow 到了嗎？
圖片往左滑
來挑戰看看自己有沒有跟上世界的節奏吧！

#小考步驟
➡️左滑
➡️截圖第二張照片
➡️放上限時動態填寫答案
➡️ tag阿倫 @eric_chu0607 讓我告訴你正確答案

也可以分享給朋友，讓大家一起來玩玩看喔！

#news #反送中 #英國首相 #G20 #林志玲 #nba #nbachamps #raptor #warriors",464,33,"['warriors', '倫老師', 'news', '小考步驟', 'nba', '英國首相', '林志玲', 'nbachamps', '反送中', 'raptor', 'G20', '時事小考']"
85,2019-06-13 20:22:39,"#台灣更好立倫行腳
明天前進 #嘉義 ！
滿滿的行程歡迎大家一起來找我say hi👋 
也可以隨時follow我的IG動態
一起來嘉義走透透！

#民雄火車站 #南靖火車站 #光潭活動中心 #東石先宮 #東石魚市場 #刺繡文化館 #故宮南院 #蒜頭糖廠蔗埕文化園區 #捕獲野生阿倫",455,42,"['光潭活動中心', '刺繡文化館', '蒜頭糖廠蔗埕文化園區', '故宮南院', '捕獲野生阿倫', '嘉義', '南靖火車站', '東石魚市場', '民雄火車站', '東石先宮', '台灣更好立倫行腳']"
86,2019-06-12 20:02:17,"《阿倫心內話》
收到粉絲的生日卡片，阿倫超感動！

前陣子生日時，收到幾封粉絲的卡片，內心很是感動，有些話我也想跟大家說..... #有你們真好 #happybirthday #thankful #生日",714,47,"['thankful', 'happybirthday', '有你們真好', '生日']"
87,2019-06-11 15:06:39,"#台灣更好立倫行腳 
上次去行腳的空檔
特別來挑戰 #麗寶國際賽車場 的賽車與風洞 
充滿Guts的飛上去、飆起來！
快去我的IGTV看最新影片！

#賽車 #風洞 #Challenge",462,25,"['風洞', 'Challenge', '麗寶國際賽車場', '賽車', '台灣更好立倫行腳']"
88,2019-06-09 23:03:05,"#台灣更好立倫行腳 
連假最後一天
來 #太平洋自行車博物館 跟一個帥氣的底迪軋車😝

太平洋自行車博物館不僅能看到腳踏車的歷史
更能了解 #台灣之光 對於產品的堅持✊
還是適合全家大小一起來，寓教娛樂的休閒好去處！

#桃園 #端午連假 #準備收假收心 #繼續加油 #只要我引擎催落 #無人可當甲我軋 #在這我最快最趴最大 #看看最後誰贏了😝",639,14,"['台灣之光', '無人可當甲我軋', '桃園', '繼續加油', '準備收假收心', '只要我引擎催落', '在這我最快最趴最大', '太平洋自行車博物館', '看看最後誰贏了', '端午連假', '台灣更好立倫行腳']"
89,2019-06-08 22:00:12,"#說故事的倫
#人生就像是一場球賽
不是一球決勝負，而是整個賽季的認真與努力。

端午連假，跟兒子散散步、聊聊台灣運動，也想起台灣紅葉少棒隊揚名美國威廉波特，大家凌晨準時聚集在電視前看球的時候。

從小就對棒球情有獨鍾，還記得在稻田間的黃昏棒球賽，光著腳踩在泥土上，踩著自製的壘包，有模有樣的模仿著電視上球星的招牌動作，「#成為棒球選手」是我第一個願望。

歷經數十年的成長，小時候發下的宏願，雖沒完成，但棒球的熱血與棒球帶給我的影響，至今成為了我人生的信仰與理念。

運動帶給我們的感動，不僅僅是當下的康慨激昂，更能從揮汗的激情中學習面對人生的課題，而今運動也成為我和兒子獨享的父子時光。

兒子跟我不一樣，他對籃球情有獨鍾，從小他就是一個標準達欣迷，「拼命三郎」張智峰是他的偶像，我則是最支持裕隆納智捷，還記得在兒子還小的時候，我們總會在電視機前收看SBL爭著誰支持的球隊會贏下總冠軍。

然而近期SBL面臨巨大的變動，轉型職籃的過程，難免迎來陣痛期，球迷、球界各有不同的聲音，可見在職業化的轉型過程，絕對不容易。

籃球職業化，若能妥善經營，無論比賽本身或周邊商品，都可帶動運動產業的成長，SBL曾帶給我和兒子美好的親子回憶，我期待職籃的成立，一樣能再次帶給我們父子一場場精彩感動的好球。

話不多說，一起打球吧！
#🏀 #⚾️ #family",618,51,"['⚾️', '成為棒球選手', '說故事的倫', 'family', '人生就像是一場球賽']"
90,2019-06-07 12:02:25,"端午節，祝大家立蛋成功！
鴻運當頭，ㄓㄨ事大吉！
如果你有立蛋，你也可以分享成功的照片！

沒時間立蛋也沒關係，
那就來立倫吧！

#好冷 #立蛋 #端午節",759,28,"['立蛋', '好冷', '端午節']"
91,2019-06-05 16:26:30,"謝謝 @chen_sun_hua 陳孫華老師
在昨天晚上蘋果《名人大平台》
幫我打造時尚又年輕的穿搭風格！
大家最喜歡哪一套呢？

#名人大平台 #陳孫華 #時尚 #fashion 
什麼？你說你沒看到直播通知
趕快加入我的 line@ 
就可以收到我最新直播、行腳訊息！
Line@🔍朱立倫",954,43,"['時尚', '名人大平台', '陳孫華', 'fashion']"
92,2019-06-03 23:41:35,"#說故事的倫
前幾天兒子在吃冰的時候問我戀愛、問我感情方面的問題
雖然我半開玩笑的虧他「跟我一樣傻才交不到女朋友」
但在老爸的心裡，還是希望他能找到一個真正懂他的人
我很幸運，在美國唸書時就遇到了她。

還記得那是我剛去美國的第二年，在紐約認識了我太太，第一次一起吃晚餐，才剛吃飽她就拉著我去吃31冰淇淋，她吃巧克力口味，我吃草莓口味，那時冰淇淋酸酸甜甜的滋味，帶著戀愛萌芽的青澀。

#要抓住一個人的心先抓住他的胃

後來我也靠著一手好廚藝，追求到她，誰知道，那時候在紐約為她包的水餃，一包就包到了現在。

而今我們的孩子也都長大了，小兒子雖然已經成年，但我總感覺他還是個小男孩，那個在立法院大哭的小寶寶。

小男孩正努力成長為一個男人，爸爸希望你能在更好的環境下繼續成長、茁壯，能夠在無憂無愁的環境下建立美好的家庭，#讓下一代過的更好 是爸爸一直在努力的事。

雖然爸爸不是兩性專家、浪漫達人，爸爸只希望你能在年輕時認真追尋、勇敢去愛，然後找到一個懂你、愛你的人，就像我認識你媽媽一樣。

下次帶女朋友跟爸爸一起吃冰吧！

#family",1383,52,"['要抓住一個人的心先抓住他的胃', 'family', '讓下一代過的更好', '說故事的倫']"
93,2019-06-03 10:50:42,"#台灣更好立倫行腳 
就說我其實很常煮飯吧
大家都說我炒的臘肉好吃😋👍 #其實是臘肉本身就很好吃
#屏東歸來 #二師兄臘肉 #牛蒡也很讚",771,26,"['屏東歸來', '二師兄臘肉', '其實是臘肉本身就很好吃', '牛蒡也很讚', '台灣更好立倫行腳']"
94,2019-06-01 18:20:29,"#讓台灣更好💪 
今天早上來到位在新店的國校里 #黃金資收站 擔任志工
🤔什麼是 #黃金資收站 呢？
附近的民眾會在家把垃圾做好分類
每個月兩次可以到黃金資收站給志工秤重集點換東西

鼓勵鄉親把舊物、垃圾整理分類
從92歲的阿公到小學五年級的弟弟
大家一起動起來
一起環保♻️愛地球🌍
讓環境更好、讓台灣更好
從你我開始做起💪",851,18,"['黃金資收站', '讓台灣更好']"
95,2019-05-31 15:26:56,"#台灣更好立倫行腳 
敲響和平的鐘聲🔔
讓戰爭永遠成為歷史
讓下一代能平安快樂的成長
這一直都是我的政治理念
讓 #台灣更好 
我們一起加油💪

#和平臺海 #繁榮永續",813,25,"['台灣更好', '繁榮永續', '和平臺海', '台灣更好立倫行腳']"
96,2019-05-30 23:16:46,"#台灣更好立倫行腳 
先專訪，再行腳👣

明天早上在POP撞新聞接受 #黃暐瀚 專訪
馬不停蹄再飛往 #金門 行腳
歡迎大家call in暐瀚的節目跟我聊天
或在金門找我合照喔😝

#金門 #和平紀念園區 #馬山觀測站 #金城老街 #金門名城有線電視台",516,28,"['金門', '馬山觀測站', '和平紀念園區', '金城老街', '金門名城有線電視台', '黃暐瀚', '台灣更好立倫行腳']"
97,2019-05-28 10:22:08,"先吃飽，才有力氣行腳！
台南的第一站就先來到 #阿憨鹹粥 吃早餐😋
鮮美的虱目魚熬成的鹹粥
配上一條炸的酥脆的油條
美好的一天從美食開始！
吃飽繼續加油💪

#台灣更好立倫行腳 #台南",808,27,"['台南', '阿憨鹹粥', '台灣更好立倫行腳']"
98,2019-05-27 20:02:19,"#台灣更好立倫行腳 
台南我來了！
一整天滿滿的行程
歡迎大家來跟我say hi👋 
#台南 #阿憨鹹粥 #佳里金唐殿  #漳州社區 #黑琵食堂",556,17,"['佳里金唐殿', '台南', '阿憨鹹粥', '黑琵食堂', '漳州社區', '台灣更好立倫行腳']"
99,2019-05-26 14:09:20,"好天氣大家都在做什麼呢？
趕快把握週末
享受與家人相處的時光吧😊

#family #weekend #fatherandson #basketball #恭喜🦖 #raptors",885,29,"['basketball', 'raptors', 'family', 'fatherandson', 'weekend', '恭喜']"
100,2019-05-22 11:40:13,"#Baby倫
小時候的我真的就長這樣😂
勾錐嗎？

#回春 #朱三歲 #snapchat #snapchatfilter #baby",966,107,"['snapchat', '回春', 'snapchatfilter', '朱三歲', 'baby', 'Baby倫']"
101,2019-05-20 22:46:17,"今天是520
除了對老婆說我愛你之外
讓我們也對中華民國說「我愛你」
🇹🇼🇹🇼🇹🇼
#love #來上館長直播 #送國旗蛋糕 #🇹🇼#520",851,48,"['送國旗蛋糕', '520', 'love', '來上館長直播']"
102,2019-05-18 22:44:00,"簡單的菜色，因為有你們變得豐富、美味、溫馨😊
謝謝今天參與見面會的 #朱隊友 
我們繼續空中相見囉✌️
.
#朱隊友見面會 #三重一村 #一起包水餃 #吃貨阿倫",679,25,"['朱隊友見面會', '一起包水餃', '吃貨阿倫', '三重一村', '朱隊友']"
103,2019-05-17 23:26:04,"一樣是2008年，和家人在法國羅浮宮金字塔的美好回憶。

貝聿銘曾說，「最美的建築，應該是建築在時間之上的，時間會給出一切答案。」
.
悼念「現代主義建築大師」貝聿銘

#louvrepyramid #貝聿銘 #rip @voguetaiwan",1400,21,"['貝聿銘', 'rip', 'louvrepyramid']"
104,2019-05-16 22:46:14,"#haveaniceday
你今天好嗎？

在堅持信念的路途中，也許會經歷許多風風雨雨
但我相信腳踏實地的往前行，終究能完成目標、達到終點！

每天正向、擁有好心情也是必須的！
讓我們努力的過每一天、開心的過每一天吧！

#謝謝淡大同學的祝福 #祝福大家都有美好的每天 #晚安",790,34,"['謝謝淡大同學的祝福', '祝福大家都有美好的每天', '晚安', 'haveaniceday']"
105,2019-05-15 20:04:30,"#台灣更好立倫行腳 
吃是一門藝術，更是文化的展現
到苗栗除了體驗客家風情
晚上想要品嚐台灣多元美食文化的話
到英才夜市就對了！

#苗栗英才夜市 真的好吃又好玩😍
#苗栗火車站出站就到 #超方便
#苗栗 #英才夜市",726,32,"['苗栗', '超方便', '台灣更好立倫行腳', '英才夜市', '苗栗英才夜市', '苗栗火車站出站就到']"
106,2019-05-14 21:13:00,"今晚 #台灣更好 直播大家看了嗎？
今天還有神秘客來探班幫忙直播哦😎😎😎
#猜猜看是誰 #台灣更好 #自經區 #賴士葆 #fatherandson",666,23,"['台灣更好', '賴士葆', '自經區', 'fatherandson', '猜猜看是誰']"
107,2019-05-12 20:18:27,"親愛的媽媽，您在天上過得好嗎？
我過得很好，現在每一天都很努力為台灣打拚哦！
您有看到嗎？
在母親節這天只想跟您說聲母親節快樂，還有我很愛您很想念您....
.
祝福所有媽媽，以及父兼母職的爸爸們
母親節快樂❤️
#愛要即時 #快打給媽媽 #給媽媽一個擁抱吧❤️ #母親節快樂 #love #mothersday",1010,19,"['母親節快樂', '快打給媽媽', '愛要即時', 'mothersday', 'love', '❤️']"
108,2019-05-10 16:20:21,"#RailBIke #鐵道自行車
改造舊山線
活化新觀光
鐵道自行車的創意
在苗栗、新北落實、實踐
非常推薦大朋友小朋友一起來觀光體驗👍👍
#勝興車站 #龍騰斷橋 #深奧鐵道自行車",735,13,"['深奧鐵道自行車', '鐵道自行車', '勝興車站', '龍騰斷橋', 'RailBIke']"
109,2019-05-10 09:17:15,"早安☀️
今天 #台灣更好立倫行腳 前往 #苗栗
一整天滿滿的行程，歡迎來與我不期而遇👋

#歡迎捕獲野生阿倫 #苗栗的鄉親在哪裡🙋🙋‍♂️",525,19,"['苗栗的鄉親在哪裡', '歡迎捕獲野生阿倫', '苗栗', '台灣更好立倫行腳']"
110,2019-05-08 15:51:01,"#鼎邊湖
馬祖道地的傳統早餐
#阿妹的店鼎邊糊 
用魚骨、蛤仔、大骨熬製成成的高湯
濃郁鮮甜
加上手工米糊製成的粉皮
Q勁不軟爛
這道鮮美的馬祖鼎邊糊早餐
讓我口齒留香、難以忘懷😋

#馬祖 #台灣更好立倫行腳 #吃貨阿倫",779,21,"['鼎邊湖', '阿妹的店鼎邊糊', '馬祖', '吃貨阿倫', '台灣更好立倫行腳']"
111,2019-05-07 15:28:43,"DJ Eric🎧
今天來POP搶先爆代班主持

從核能、國家安全到母親節、家庭帶來的愛與關懷

謝謝重啟核四公投發起人 @hyuuihuang #黃士修、
模範母親 #馬安琪 以及 長照樂活關懷協會秘書長 #江雯瑩

一起在空中暢聊的這兩小時，真的很開心😃

#pop搶先爆 #popradio",688,13,"['馬安琪', 'pop搶先爆', '黃士修', '江雯瑩', 'popradio']"
112,2019-05-06 15:48:06,"#澎湖天后宮
#全台歷史最悠久的媽祖廟

在媽祖面前祈求
只為平安、只為台灣

#台灣更好立倫行腳 #澎湖",529,15,"['澎湖天后宮', '澎湖', '台灣更好立倫行腳', '全台歷史最悠久的媽祖廟']"
113,2019-05-05 14:28:24,"#有裂痕才入味
#要勇敢熬下去
日月潭的阿伯茶葉蛋
除了香濃、好吃、道地之外
還能從其中悟出人生道理！

#我要吃十個
#好吃到流淚
#吃貨阿倫
#台灣更好立倫行腳  #南投",744,18,"['南投', '好吃到流淚', '有裂痕才入味', '我要吃十個', '要勇敢熬下去', '吃貨阿倫', '台灣更好立倫行腳']"
114,2019-05-04 20:45:18,"#台灣更好 #立倫行腳 
今天與吳主席會面完，繼續打拼，行腳台灣！
明天一早前進全台唯一不靠海的縣市  #南投
✈️後天飛往 #澎湖
各位鄉親好朋友們，走過路過
來跟我說聲嗨吧👋👋👋
.
#台灣更好立倫行腳 公開行程:

5/5 (日) 南投行
11:00-13:00 參訪 #日月潭水社碼頭 及 #遊艇公會 
13:30-15:30 參訪 #妮娜巧克力夢想城堡 ，與民宿業者座談
15:50-16:30 參訪 #良顯堂社會福利基金會
17:00-19:00 埔里「 #好食民宿 」座談會

5/6 (一) 澎湖行
10:10-10:50 參訪 #御品家食品 工廠
11:00-11:20  #天后宮 參拜祈福
14:00-15:00 #澎湖廣播電台「#快樂兩三點」Live專訪
16:50-17:30 #觀音亭 參拜祈福
17:30-18:15 參訪 #帆船訓練中心
18:20-18:30 #城隍廟 參拜祈福",1032,37,"['台灣更好', '南投', '快樂兩三點', '御品家食品', '帆船訓練中心', '城隍廟', '天后宮', '良顯堂社會福利基金會', '澎湖廣播電台', '日月潭水社碼頭', '好食民宿', '遊艇公會', '澎湖', '觀音亭', '立倫行腳', '妮娜巧克力夢想城堡', '台灣更好立倫行腳']"
115,2019-05-02 13:37:23,"小編們辛苦了！
五一勞動節除了讓他們真正的放鬆之外
我也幫他們訂了電影票，讓他們好好享受假期
休息過後，我們再繼續一起努力吧💪

#謝謝小編們 #五一勞動節快樂 #復仇者聯盟4 #拜託小編不要暴雷 #不好意思讓大家擔心了",706,22,"['拜託小編不要暴雷', '復仇者聯盟4', '不好意思讓大家擔心了', '五一勞動節快樂', '謝謝小編們']"
116,2019-04-30 20:11:21,"團結才能向前
找出讓中華民國、讓台灣更好的方法
我們會一起努力！

#堅持談政策
#重振台灣競爭力會議",524,22,"['堅持談政策', '重振台灣競爭力會議']"
117,2019-04-29 10:39:28,"⚾️森林王子張泰山來了！
上週五我跟張泰山一起直播聊台灣體育
今天要把好康的送給大家
快去我的臉書粉專看最新貼文
就有機會拿泰山王子親筆簽名球哦！

#台灣體育向前衝 #張泰山 #泰山王子 #⚾️ @taishan49",621,14,"['台灣體育向前衝', '泰山王子', '張泰山', '⚾️']"
118,2019-04-28 12:40:38,"炎炎烈日
就是要來吃冰涼香甜的西瓜！
許大哥的西瓜清爽消暑
好吃👍👍
#西螺西瓜哥 #西螺西瓜許 #吃貨阿倫",776,24,"['吃貨阿倫', '西螺西瓜哥', '西螺西瓜許']"
119,2019-04-27 12:22:17,"在宜蘭 #穀東俱樂部 有一群認真執著的年輕人，在為家鄉這片土地尋找新方向。

在 #美虹廚房 我們可以坐下來，悠閒自在的吃一頓簡單、美味的在地手作料理。

謝謝賴青松先生以及朱美虹女士
兩位熱情的招待！
這一趟宜蘭行腳之旅，滿足、圓滿！

#台灣更好立倫行腳 #穀東俱樂部 #美虹廚房 #賴青松 #朱美虹",771,13,"['穀東俱樂部', '賴青松', '朱美虹', '美虹廚房', '台灣更好立倫行腳']"
120,2019-04-26 22:30:36,"哇，這群年輕人讓我大開眼界！

他們的年齡和我的小孩差不多，Zoe用五分鐘幫我畫上電影特效傷妝；Jay的設計投影跟他教我的POSE一樣帥！李霽他是台灣植物裝置藝術第一人......
.
這12位青年創作者都在台灣多元開放的環境下生長，也都憑著努力與創意找到自己的舞台，很開心能夠參與這場充滿生命力的創意派對，感謝「時尚教母」馮亞敏女士的邀約，我們一起支持台灣青年創作力！

#CAMPERTIMELESSNESS台灣青年創作展
#campershoes
#camperlab
#campertaiwan
#台灣創作力
#團團文創
#tuantuanup",756,16,"['camperlab', 'tuantuanup', 'campertaiwan', '台灣創作力', '團團文創', 'campershoes', 'CAMPERTIMELESSNESS台灣青年創作展']"
121,2019-04-26 12:09:25,"好久沒有下田了！
田間小徑就是我小時候的遊樂場
重溫兒時回憶
彎下腰插上一把把秧苗、赤腳感受稻田的踏實
最重要的是收割後一定要吃一碗「割稻飯」
真的很懷念那碗辛勞後收成的美味

#稻田 #重溫兒時回憶 #割稻飯",979,33,"['稻田', '割稻飯', '重溫兒時回憶']"
122,2019-04-25 23:20:04,"#台灣更好 #立倫行腳 #前進宜蘭

繼大甲媽繞境進香及花東行，明天我將繼續行腳台灣，前進魚米之鄉宜蘭。

歡迎大家持續關注我的臉書與IG，跟著以下的行程更有機會 #捕獲野生阿倫！

4/26「台灣更好‧立倫行腳」-宜蘭行公開行程

07:50 #南方澳第三拍賣場 關心台日漁權
08:35 蘇澳 #進安宮 參拜
08:55 蘇澳 #南天宮 參拜 
09:50 拜訪 #穀東俱樂部
15:00 品嚐羅東 #林場肉羹
16:00 關心 #三星蔥農 及觀光

#想要拿IG小卡以及和阿倫合照的好朋友 #歡迎來捕獲 #野生阿倫",792,42,"['台灣更好', '野生阿倫', '想要拿IG小卡以及和阿倫合照的好朋友', '穀東俱樂部', '前進宜蘭', '捕獲野生阿倫', '進安宮', '三星蔥農', '歡迎來捕獲', '林場肉羹', '南方澳第三拍賣場', '南天宮', '立倫行腳']"
123,2019-04-25 12:54:15,"有朋自遠方來！
很開心能跟高醫大以及高科大的同學一起聊聊天😊

我也很想要跟大家的合照
歡迎大家私訊合照給我！

#高醫大 #高科大 #heyImEric",696,20,"['高科大', 'heyImEric', '高醫大']"
124,2019-04-24 22:45:56,"隨機播氣象又播台語
#林益如 主播！我的表現不錯吧😝
你們覺得我的錄取率高嗎？

#大家給幾分
#世新校園徵才 #台視新聞 #主播挑戰 #影片要往左滑接著看",347,15,"['大家給幾分', '台視新聞', '主播挑戰', '林益如', '影片要往左滑接著看', '世新校園徵才']"
125,2019-04-24 16:12:23,"尋找事業第二春？
你好！我是主播Eric🎙️
#我世新來的 #heylmEric #台語播報 #氣象主播",664,27,"['氣象主播', '台語播報', '我世新來的', 'heylmEric']"
126,2019-04-23 22:14:55,"獨家》找頭路？ 
朱立倫直奔電視台 扮一日助理導播
#一日FD

我還在找工作，但也一定要幫年輕人找工作！

#林益如 #鄔凱雯  #劉宜函 主播，你覺得我表現如何？

#世新大學 #校園徵才博覽會
#和朱立倫一起應徵工作
👉4/24(三)12:00-13:30
👉活動地點：世新大學言論廣場",336,17,"['劉宜函', '一日FD', '林益如', '和朱立倫一起應徵工作', '世新大學', '鄔凱雯', '校園徵才博覽會']"
127,2019-04-22 23:36:48,"剛從花東回到台北，更能體悟齊柏林眼中，台灣的美。

感謝齊柏林，用生命讓我們看見台灣的美。 -
#齊柏林空間  首展《#見山》
展出日期｜2019/4/24（三）～2020/1/1（三）
開館時間｜週一～週五 10:00～18:00、週六～週日10:00～19:00、每週二休館
展覽地點｜得忌利士洋行後棟（新北市淡水區中正路316-1號）

#世界地球日🌍 #謝謝美青姊的擁抱 #謝謝齊導",563,7,"['謝謝齊導', '見山', '謝謝美青姊的擁抱', '世界地球日', '齊柏林空間']"
128,2019-04-22 07:59:56,"#立倫行腳 在台東的第二天早晨

大家早安🌞
民宿的貓咪真可愛😊

#牠叫胖胖 #已融化 #我的表情是 #oooooh #貓貓",826,31,"['貓貓', '牠叫胖胖', 'oooooh', '已融化', '我的表情是', '立倫行腳']"
129,2019-04-21 09:50:22,"來吃好吃的豆皮
也要來體驗一下如何製作豆皮！
濃郁的黃豆香撲鼻而來
阿嬤也教我
原來豆皮一定要
折長一點，看起來比較大片！

#特色早餐 #大池豆皮",674,18,"['特色早餐', '大池豆皮']"
130,2019-04-20 21:23:05,"與產地零距離
從豆腐、味噌、蜂蜜、南瓜
在地的食材融入創意與巧思
一道道美味的佳餚譜出最難忘的夜晚
謝謝池上在地的青農
用心為這片土地與農產注入年輕的靈魂
活絡當地產業外也滿足了饕客們的味蕾

#我是最滿足的那個😋 #三色豆腐真的好吃 #推薦大家有空一定要來池上發掘新美食",880,23,"['推薦大家有空一定要來池上發掘新美食', '三色豆腐真的好吃', '我是最滿足的那個']"
131,2019-04-20 15:52:07,"來壽豐一定要吃豐春的古早味甘蔗冰
料多實在、甜而不膩😋
小帥哥店員跟我說
紅豆跟芋頭是招牌
剛好都是我的最愛😍

#豐春冰菓店 #聽說要早點來買不然很快會賣完 #單吃甘蔗冰就好好吃 #吃貨阿倫",811,18,"['吃貨阿倫', '豐春冰菓店', '單吃甘蔗冰就好好吃', '聽說要早點來買不然很快會賣完']"
132,2019-04-20 11:20:51,"臺灣更好 立倫行腳
今天開始，花蓮台東之旅啟程！
請各位鎖定我的IG與臉書粉專
繼續追蹤我的行腳足跡
一起讓臺灣更好！

#臺灣更好
#立倫行腳
#花東之旅",705,38,"['立倫行腳', '花東之旅', '臺灣更好']"
133,2019-04-19 14:26:47,"女兒叫我一定要看！
一口氣追完八集~呼！真好看！

究竟什麼是對的? 什麼是錯的? 
眼見真的為憑嗎?

顛覆善惡的成見，就能讓悲劇不再上演嗎?

#我們與惡的距離  #4月21日最終回 #支持正版",718,24,"['支持正版', '我們與惡的距離', '4月21日最終回']"
134,2019-04-18 22:15:24,"2008年，那個還在用底片的年代。

那一年我和家人在巴黎聖母院前的美好回憶。

#TBT #notredame #notredameparis",1277,28,"['notredameparis', 'notredame', 'TBT']"
135,2019-04-11 20:57:06,"#大甲媽祖遶境進香
看過許多美麗的風景
而最能打動我心的，是人。

在西螺大橋，遇見了一位孝順的兒子帶著年邁的老母親，因著信仰而邁步。

多希望我也能牽著您的手，再看看香火冉冉升起，看看臺灣的人間美景。

#母親 #立倫行腳 #與神同行 #跟著媽祖走一段",861,26,"['與神同行', '母親', '大甲媽祖遶境進香', '立倫行腳', '跟著媽祖走一段']"
136,2019-04-11 00:23:36,"#大甲媽祖遶境進香 
#最後一晚

走了四天，有點累了
大家晚安

#立倫行腳 #陪著媽祖走一段 #今晚還有神童保佑 #教師研習義工團",1359,90,"['陪著媽祖走一段', '最後一晚', '教師研習義工團', '大甲媽祖遶境進香', '今晚還有神童保佑', '立倫行腳']"
137,2019-04-10 20:15:37,"#陪著媽祖走一段 
第四天的重頭戲
擇元堂迎媽祖
倰轎腳、抬神轎
用虔誠的心向媽祖祈求
祈求台灣一切平安、順利

#立倫行腳 #大甲媽祖遶境",876,14,"['大甲媽祖遶境', '立倫行腳', '陪著媽祖走一段']"
138,2019-04-09 16:26:36,"謝謝大家的關心
答應的事一定要完成
休息一下，繼續前行！

#立倫行腳 #陪著媽祖走一段 #大甲媽祖遶境",994,33,"['大甲媽祖遶境', '陪著媽祖走一段', '立倫行腳']"
139,2019-04-09 11:27:52,"#跟著媽祖走一段
大甲媽祖遶境進香行程第三天
今天日頭特別大
吃著民眾準備的西瓜、玉米特別甜、特別清涼

準備前往西螺大橋
我們橋上見

#立倫行腳 #陪著媽祖走一段 #與神同行",815,19,"['陪著媽祖走一段', '立倫行腳', '跟著媽祖走一段', '與神同行']"
140,2019-04-08 12:45:38,"#霸氣阿尚

阿尚説要合照，然後...
.
#阿尚很淡定的一直摸一直摸
#然後頭被轉來轉去好像挑水果
#直說阿你ㄟ面架幼",866,28,"['阿尚很淡定的一直摸一直摸', '然後頭被轉來轉去好像挑水果', '霸氣阿尚', '直說阿你ㄟ面架幼']"
141,2019-04-08 08:42:10,"#跟著媽祖走一段
大家早上好！
大甲媽祖遶境之旅來到第二天啦
沿路的饅頭、肉粽、油飯、雞蛋糕真的都好好吃😋
謝謝熱情的民眾提供的美食
讓我能吃飽飽、充滿活力的開始全新的一天

第二天開始！我們路上見囉💪
#大甲媽祖遶境 #與神同行 #立倫行腳",896,20,"['大甲媽祖遶境', '立倫行腳', '跟著媽祖走一段', '與神同行']"
142,2019-04-07 20:50:10,"#跟著媽祖走一段
遶境第一天
有媽祖的保佑
今天順利平安完成第一天的行程
也謝謝 @kevin_lin_ultraman 極地冒險家 林義傑 的陪伴

沿街感受信眾的熱情、信仰的力量以及滿滿的人情味

還有四天！我們路上見囉！

#媽祖遶境 #大甲鎮瀾宮 #慈雲宮 #朝興宮 #與神同行
#立倫行腳",732,14,"['媽祖遶境', '與神同行', '大甲鎮瀾宮', '朝興宮', '立倫行腳', '慈雲宮', '跟著媽祖走一段']"
143,2019-04-07 16:02:20,"今天開始 大甲媽祖遶境
「宗教文化、立倫行腳」正式啟程！
請各位持續鎖定我的IG與FB粉專
讓我們一起 #跟著媽祖走一段

#與神同行
#大甲媽祖遶境",399,9,"['大甲媽祖遶境', '跟著媽祖走一段', '與神同行']"
144,2019-04-04 20:41:13,"這麼美的水舞，不能只有我看見
這麼美的風景，謝謝有妳陪我一起欣賞

#碧潭水舞
#四月底以前每天晚上都有哦
#每天晚上六點到八點半",818,24,"['每天晚上六點到八點半', '四月底以前每天晚上都有哦', '碧潭水舞']"
145,2019-03-30 00:08:41,"晚上來到很有態度的 #台北ㄐ廠 生猛海鮮熱炒店，
與許多很有態度的年輕人一起見面聊天，
體驗一下年輕人的FRIDAY NIGHT 🤟

#台北ㄐ廠生猛海鮮
#熱炒店
#TGIF
#老闆娘25歲生日快樂",620,13,"['熱炒店', 'TGIF', '老闆娘25歲生日快樂', '台北ㄐ廠生猛海鮮', '台北ㄐ廠']"
146,2019-03-28 21:35:18,"身為《龍貓》鐵粉的我，
當然要來參觀 #吉卜力動畫手稿展 ！
除了親身感受龍貓「雍容大度」的體型之外，
還記得《龍貓》動畫裡面，讓我深受感動的台詞：
.
「努力過後，才知道許多事情，堅持堅持，就過來了。」
.
#吉卜力動畫手稿展
#國立中正紀念堂
#展期到4月18日
#擁抱的溫度只有龍貓清楚
#powerup
#keepgoing",584,12,"['powerup', '擁抱的溫度只有龍貓清楚', '展期到4月18日', 'keepgoing', '國立中正紀念堂', '吉卜力動畫手稿展']"
147,2019-03-24 19:56:31,"支持籃球就從進場看球開始！🏀 現在收看FOX體育台，可能會看到我喔！

今天來看UBA大專籃球聯賽總冠軍賽，讓健行科大跟義守大學嗨翻小巨蛋吧💪
#ubafinal #happyuba",612,15,"['ubafinal', 'happyuba']"
148,2019-03-23 21:47:47,"#⚾️
今天在中職三十週年開幕賽認識了一個可愛的妹妹
看著她認真投入在球賽的氣氛中、開心的跳著應援舞
我也和她一起分享好吃的漢堡薯條和炸雞
我想，這就是運動帶給我們最單純的快樂了吧😊

#cpbl #中華職棒三十週年 #baseball",754,23,"['中華職棒三十週年', 'cpbl', '⚾️', 'baseball']"
149,2019-03-21 21:20:53,"比起巧克力，我更喜歡草莓🍓
有誰也是草莓控🙋‍♂️
快去臉書看新影片
有好吃的草莓商品跟大家分享喔😋

#草莓控 #🍓 #阿倫非業配 #吃貨阿倫",561,23,"['吃貨阿倫', '阿倫非業配', '草莓控']"
150,2019-03-20 21:20:03,"今天來找潘若迪老師動ㄘ動
超燃脂三角舞
你試過了嗎？
趕快一起動起來吧

#三角舞 #老師說我有慧根 #潘若迪
#triangledancechallenge",646,33,"['老師說我有慧根', 'triangledancechallenge', '三角舞', '潘若迪']"
151,2019-03-17 14:00:52,"團結則存，分裂則亡！
我們還需要努力💪
加油👊

#poweruptaiwan 
#突破",363,14,"['突破', 'poweruptaiwan']"
152,2019-03-15 21:02:10,"選前最後一夜，拼了！

從台南、彰化、三重到金門
謝謝為了更好的台灣站出來的你們💪
明天是最後關鍵，一定要出門投票
用選票教訓民進黨👊

#金門1號洪麗萍
#彰化1號柯呈枋
#三重2號鄭世維
#台南4號謝龍介

關鍵密碼再現，1124滅東廠！",670,16,"['金門1號洪麗萍', '台南4號謝龍介', '三重2號鄭世維', '彰化1號柯呈枋']"
153,2019-03-15 17:49:17,"來彰化怎麼能不吃肉圓！
來台南怎麼能不吃碗粿！
傳統又在地的美食，果然還是最對味😋

#彰化肉圓 #台南碗粿 #吃貨阿倫 #那些年我們一起追的女孩  #就在阿璋肉圓拍的哦 #阿蘭碗粿",616,9,"['彰化肉圓', '就在阿璋肉圓拍的哦', '台南碗粿', '那些年我們一起追的女孩', '吃貨阿倫', '阿蘭碗粿']"
154,2019-03-13 20:44:35,"來彰化怎麼能忘了吃鹿港老街的小吃呢😝
吃飽才有力氣喊凍蒜啦💪
還有哪裡有好吃的小吃
歡迎大家留言推薦給我！

#王罔麵線糊 #阿振肉包 #香菇肉羹
#鹿港老街 #吃貨阿倫 #臺灣好好吃",750,16,"['阿振肉包', '王罔麵線糊', '臺灣好好吃', '香菇肉羹', '吃貨阿倫', '鹿港老街']"
155,2019-03-13 16:09:06,"今天我只關心燕子！
謝謝好朋友秀燕的熱情款待
還吃了好吃的太陽餅與狀元餅😋
有了好朋友的祝福
「倫子」一定會加快馬力，全力衝刺💪

#台中 #盧秀燕 #太陽餅好好吃 #吃貨阿倫",600,15,"['吃貨阿倫', '太陽餅好好吃', '盧秀燕', '台中']"
156,2019-03-12 10:11:59,"#這柯有力量
週日來到彰化支持年輕好人才 #柯呈枋
呈枋不僅年輕有衝勁
在選戰期間更不畏對手造謠
誓言要拚一場乾淨的選舉

這週六3/16就是立委補選了
懇請大家支持 #1 柯呈枋
給民進黨一個教訓！
#1124全壘打",519,16,"['柯呈枋', '這柯有力量', '1124全壘打', '1']"
157,2019-03-10 15:07:39,"謝謝最專業的金門在地嚮導：楊鎮浯縣長👍

拜城隍、吃鍋貼、買貢糖
金門好吃又好玩😋😋
#鍋貼酸辣湯超讚
#來金門都知道這家
#金門 #金門美食 #成功鍋貼 #吃貨阿倫",415,6,"['金門美食', '金門', '鍋貼酸辣湯超讚', '來金門都知道這家', '吃貨阿倫', '成功鍋貼']"
158,2019-03-09 22:13:54,"昨天是38婦女節
今天來到金門支持 #金門查某囡 洪麗萍
讓麗萍堅強溫柔的力量
能順利進入國會為金門打拚💪

在各地工作、求學、生活的金門人一起站出來！
下週六（3/16）✈️回金門投票吧！
請支持🇹🇼 ① 號洪麗萍！

#金門 #立委補選 #1 #洪麗萍",547,6,"['洪麗萍', '金門', '金門查某囡', '立委補選', '1']"
159,2019-03-07 22:04:53,"今天來見我老婆的偶像
「媳婦界燈塔」宅女小紅

聊了許多育兒辛酸事，不管過去還是現在，為人父母真的不簡單
老婆！我一定會努力不要當廢老公的！

#宅女小紅 #媳婦界燈塔 #老爸 #老公 #人夫",469,15,"['老公', '老爸', '媳婦界燈塔', '人夫', '宅女小紅']"
160,2019-03-06 20:55:20,"穿著21年前首次參選桃園縣立委的戰袍
來給世維支持、鼓勵
也提醒自己永遠不要忘記初衷

#remember #beginning",552,14,"['beginning', 'remember']"
161,2019-03-06 07:33:04,"我在美國唯一不公開的行程
見了最重要的人
就是他

#youroldman #family #likefatherlikeson #趕快帶個女朋友回家給爸爸看吧",562,26,"['family', 'youroldman', 'likefatherlikeson', '趕快帶個女朋友回家給爸爸看吧']"
162,2019-03-05 20:01:27,"很高興見到你！兄弟
🤜🏻🤛🏻
#小眼睛聯盟 #韓國瑜 #高雄 #friendship",1042,51,"['高雄', '小眼睛聯盟', 'friendship', '韓國瑜']"
163,2019-03-02 22:59:48,"台南立委補選，是關鍵的一席！
身為台南女婿的我，一定要站出來，大力推薦#龍介仙 謝龍介！

總是一口流利的台語，與民眾零距離，謝龍介擔任議員，問政專業又犀利，更是衝鋒陷陣的戰將，一定能夠勝任立法委員！

3月16號，請用手中一票，支持④謝龍介！
@hsiehlungchieh 
#台南 #謝龍介 #4 #七股 #佳里 #麻豆 #善化 #大內 #玉井 #楠西 #西港 #安定 #新市 #山上 #新化 #左鎮 #南化 #玉井蔬果市場",587,16,"['大內', '七股', '西港', '玉井蔬果市場', '麻豆', '安定', '善化', '佳里', '玉井', '4', '台南', '謝龍介', '新市', '楠西', '新化', '南化', '左鎮', '龍介仙', '山上']"
164,2019-03-01 16:58:10,"今天一早跟著世維一起來到力行市場，看著世維熟悉熱絡的與民眾、攤販的互動，好似兄弟、好似家人，我相信這樣熱情且了解在地年輕人，絕對是服務三重鄉親的不二人選！

請大家一起多多支持 認真年輕的 #三重賣菜郎 鄭世維

#三重 #力行市場 #賣菜郎 #鄭世維 #懇請支持 #2 #✌️",430,4,"['三重', '三重賣菜郎', '鄭世維', '懇請支持', '2', '✌️', '力行市場', '賣菜郎']"
165,2019-02-28 20:52:48,"恭喜！我的好友唐峰正！
聽到峰正獲得國際的肯定真的很高興😊
謝謝你致力推廣的「通用設計」，打造了更友善的公共空間，幫助許多身體不方便的朋友們。

#通用設計 #唐峰正  #全齡通用設計學院 #UD學院 #恭喜🎉",401,7,"['全齡通用設計學院', '唐峰正', 'UD學院', '通用設計', '恭喜']"
166,2019-02-26 18:45:05,"好久沒上電台接受採訪了
很高興今天能在節目上與好朋友們暢聊！

#POPradio #POP搶先爆 #POP大國民 #黃光芹 #蔡詩萍 #PowerUPTaiwan",414,13,"['黃光芹', 'POP大國民', 'POP搶先爆', 'POPradio', 'PowerUPTaiwan', '蔡詩萍']"
167,2019-02-22 21:02:20,"【PowerUP Taiwan】
漫步在柏克萊大學校區，享受加州溫暖耀眼的陽光，快門隨手一按都是美照，就讓我靜靜的當一回歐巴吧！

#PowerUPTaiwan #✈️ #出國 #旅行 #美國 #加州 #矽谷 #新創產業 #travel #America #California #learn #SiliconValley #Startup #sunshine #歐爸 #oppa #Berkeley #UCB #柏克萊大學",548,18,"['旅行', 'learn', '美國', '✈️', '柏克萊大學', '新創產業', 'California', 'America', 'Startup', 'sunshine', '矽谷', 'Berkeley', 'UCB', 'oppa', '加州', '歐爸', 'travel', '出國', 'PowerUPTaiwan', 'SiliconValley']"
168,2019-02-20 18:15:41,"【PowerUP Taiwan】
任何飛行員，都無法頂著強勁逆風在天空巡航

我提出「三顆引擎」帶動台灣經濟起飛
提升政府效能，讓台灣順風飛翔

#PowerUPTaiwan #✈️ #出國 #旅行 #美國 #加州 #矽谷 #新創產業 #travel #America #California #learn #SiliconValley #Startup #三顆引擎 #起飛 #台灣新經濟 #詳細演講內文在臉書粉專",410,17,"['三顆引擎', '起飛', 'travel', '旅行', '✈️', '出國', 'learn', '矽谷', '新創產業', '詳細演講內文在臉書粉專', 'PowerUPTaiwan', 'California', 'SiliconValley', 'America', '美國', 'Startup', '台灣新經濟', '加州']"
169,2019-02-19 22:54:07,"【矽谷的元宵節】

外國的月亮沒有比較圓，想家的元宵節，好險在最後一刻吃到湯圓了。

感謝圓滿順利的一天，祝大家元宵節快樂！

#PowerUPTaiwan #✈️ #出國 #旅行 #美國 #加州 #矽谷 #新創產業 #travel #America #California #learn #SiliconValley #Startup #元宵節 #吃湯圓 #元宵節快樂 #吃貨阿倫",517,15,"['travel', '旅行', '✈️', '出國', 'learn', '矽谷', '新創產業', '吃湯圓', 'PowerUPTaiwan', '元宵節快樂', 'California', 'SiliconValley', '元宵節', '吃貨阿倫', 'America', '美國', 'Startup', '加州']"
170,2019-02-17 15:16:48,"【PowerUP Taiwan 】
勇敢跌倒、勇敢夢

今天和矽谷這群年輕人的座談帶給我滿滿的正能量💪

收穫滿滿！

#PowerUPTaiwan #✈️ #出國 #旅行 #美國 #加州 #矽谷 #新創產業 #travel #America #California #learn #SiliconValley #Startup #youngpower 
#再巧遇新北板橋女孩 #之前還是凱渥模特",475,10,"['travel', '旅行', '之前還是凱渥模特', '✈️', '出國', 'learn', '矽谷', '新創產業', '再巧遇新北板橋女孩', 'PowerUPTaiwan', 'California', 'SiliconValley', 'youngpower', 'America', '美國', 'Startup', '加州']"
171,2019-02-16 21:00:31,"【PowerUP Taiwan 】

來看看我在美國的第一天，都去了哪些地方吧！

#PowerUPTaiwan #✈️ #出國 #旅行 #美國 #加州 #矽谷 #新創產業 #travel #America #California #learn #SiliconValley #Startup #Apple #Tesla #NVIDIA #Youtube #陳士駿",321,13,"['Apple', '旅行', 'learn', '陳士駿', '美國', '✈️', '新創產業', 'California', 'America', 'Startup', 'Youtube', '矽谷', 'NVIDIA', '加州', 'travel', 'Tesla', '出國', 'PowerUPTaiwan', 'SiliconValley']"
172,2019-02-15 13:29:36,"【PowerUP Taiwan】

終於到美國啦✌️
一下飛機馬上就來吃In-N-Out漢堡😋😋🍔🍔
我選了最基本款的二號餐
不敢點熱量最高的animal style
畢竟這個哎居老婆還是會看的😝

#PowerUPTaiwan #✈️ #出國 #旅行 #美國 #加州 #矽谷 #新創產業 #travel #America #California #learn #SiliconValley #Startup #🍔 #hamburger #yummy #innout #burger 
#還遇到熱情的美國朋友來找我們自拍🤳",564,15,"['burger', '旅行', 'learn', '美國', '✈️', 'yummy', '新創產業', 'innout', 'California', 'America', 'Startup', '矽谷', '還遇到熱情的美國朋友來找我們自拍', '加州', 'hamburger', 'travel', '出國', 'PowerUPTaiwan', 'SiliconValley']"
173,2019-02-14 23:52:46,"【PowerUP Taiwan】
準備要出發美國囉✈️✈️✈️
期待這一趟「新創產業學習之旅」能帶著滿滿的收穫回台灣😊

大家有沒有推薦什麼加州必吃美食呢？
在下面留言跟我分享吧😋

#PowerUPTaiwan #✈️ #出國 #旅行 #美國 #加州 #矽谷 #新創產業 #travel #America #California #learn #SiliconValley #Startup  #Tesla #MinervaSchool
#Stanford #Palantir #Airbnb #Twitch #情人節快樂 #Valentinesday",643,32,"['旅行', 'MinervaSchool', 'learn', '美國', 'Palantir', '✈️', '新創產業', 'California', 'America', 'Startup', '矽谷', 'Airbnb', 'Valentinesday', '情人節快樂', '加州', 'Stanford', 'travel', 'Tesla', 'Twitch', '出國', 'PowerUPTaiwan', 'SiliconValley']"
174,2019-02-13 22:48:38,"能一起牽手，是情人
能一起買菜，是家人
別忘了說聲
#情人節快樂
#valentinesday #love #husbandandwife #together #❤️ #🌹",402,8,"['husbandandwife', 'valentinesday', 'together', '情人節快樂', '❤️', 'love']"
175,2019-02-12 19:16:18,"Coffee？Tea？or me？

#coffee #TeSA #iDrip #華山文創園區 
#咖啡 #手沖咖啡
#iDrip智能手沖咖啡機
#誰說世界上不存在一杯完美的咖啡
#10位世界冠軍咖啡師手藝 #一次擁有",456,12,"['iDrip智能手沖咖啡機', 'iDrip', '誰說世界上不存在一杯完美的咖啡', 'coffee', '手沖咖啡', '華山文創園區', 'TeSA', '10位世界冠軍咖啡師手藝', '一次擁有', '咖啡']"
176,2019-02-09 09:54:24,"現摘現吃的橘子，真的讓人想一口接一口。

#峨眉鄉桶柑
#走春 #吃貨阿倫",544,13,"['吃貨阿倫', '走春', '峨眉鄉桶柑']"
177,2019-02-01 19:21:12,"「姓朱或屬豬的免費喝一杯」
一定要來捧場的！

#買一杯送一杯
#好久沒被看證件 #mrwish  #吃貨阿倫",473,14,"['吃貨阿倫', '買一杯送一杯', 'mrwish', '好久沒被看證件']"
178,2019-01-31 14:52:17,"哥上次挑桿已經多久了？
我算一下............... #太久了#三桿找回手感
#後面同學笑的很開心",406,17,"['太久了', '三桿找回手感', '後面同學笑的很開心']"
179,2019-01-26 19:10:50,"拿到飲料，這麼興奮？
因為我排了20分鐘啊啊啊啊！！ .
#嘉義#御香屋
#紅鑽葡萄柚綠茶  #吃貨阿倫",526,11,"['吃貨阿倫', '御香屋', '紅鑽葡萄柚綠茶', '嘉義']"
180,2019-01-20 20:33:07,"熊熊發現，
今天在夜市吃的都是「柯p系列」？ #吃貨阿倫",334,7,['吃貨阿倫']
181,2019-01-19 19:21:51,小熊好像在跟我說：別滑手機了,382,17,[]
182,2019-01-17 17:55:34,"十年之前，我不認識你（生髮水）
十年之後，你不屬於我（髮量）
音樂下🎵

#10yearchallenge
#沒有麥克風只好拿可樂擋一下",610,26,"['10yearchallenge', '沒有麥克風只好拿可樂擋一下']"
183,2019-01-01 09:35:15,"2019新年快樂
走！吃早餐囉！

#燒餅油條#鹹豆漿 #吃貨阿倫",315,26,"['吃貨阿倫', '燒餅油條', '鹹豆漿']"
184,2018-12-10 18:25:34,"最近很紅的app，我也來試試看
上傳照片就會自動模擬出你的公仔娃娃

奇怪？這軟體怎麼知道我20年前的髮量？

#甘有像#怎麼會變浪漫捲
#ZEPETO#蘋果肌開最大",362,26,"['ZEPETO', '甘有像', '蘋果肌開最大', '怎麼會變浪漫捲']"
185,2018-11-24 21:54:02,兄弟，恭喜！,393,16,[]
186,2018-10-31 18:18:12,"不給糖，就搗蛋！

#萬聖節快樂
#app一秒變殭屍",229,5,"['app一秒變殭屍', '萬聖節快樂']"
187,2018-10-07 08:27:57,"平常趕上班，沒時間好好吃早餐？
星期天，和家人一起好好吃一頓吧！

#新北必吃早點
#周杰倫套餐
#阿給加魚丸湯我的最愛 #吃貨阿倫",187,16,"['吃貨阿倫', '新北必吃早點', '周杰倫套餐', '阿給加魚丸湯我的最愛']"
188,2018-09-30 19:25:44,"你說佩佩豬不會飛！？
.
.
.
她會！！！～ .
#北海岸國際風箏節
#美國超人台灣粽子日本皮卡丘埃及艷后好多好多",123,9,"['美國超人台灣粽子日本皮卡丘埃及艷后好多好多', '北海岸國際風箏節']"
189,2018-09-12 18:18:01,"哥吃的不是剉冰，是回憶。

#45年老店#板橋紅心冰飲中心#黃石市場
#禮拜天最後一天#感桑
#吃了8年的好味道 #吃貨阿倫",202,5,"['黃石市場', '45年老店', '吃了8年的好味道', '吃貨阿倫', '板橋紅心冰飲中心', '感桑', '禮拜天最後一天']"
190,2018-09-01 12:47:50,".
誰也阻擋不了我們自拍的決心！！ .
#板橋運動中心
#新北運動中心全國最多",113,2,"['新北運動中心全國最多', '板橋運動中心']"
191,2018-09-01 12:45:22,"導覽人員：「那邊在打球我們就不過去介紹了！」
我：「我偷看一下就好...」 .
#板橋運動中心
#新北運動中心全國最多",90,2,"['新北運動中心全國最多', '板橋運動中心']"
192,2018-08-29 15:02:32,"10箱！20箱！50箱！
姐姐們的消費能力真是驚人
謝謝支持新北農產
要挺就要挺甜的！

#八里柚#送禮自用兩相宜
#挺甜的#挺香的#挺好吃的",91,1,"['挺香的', '送禮自用兩相宜', '挺好吃的', '挺甜的', '八里柚']"
193,2018-08-18 13:57:20,"左：「為什麼你有豆干？」
中：「不然你滷蛋跟我換啊！」
右：「奇怪，別人的卡好吃，前面還有那麼多...」 .

#一起吃才好吃#老人共餐
#當我們老在一起#泰山大科社區",92,1,"['當我們老在一起', '一起吃才好吃', '老人共餐', '泰山大科社區']"
194,2018-08-08 13:54:03,"我在台上說：
別忘了跟爸爸說聲父親節快樂，
不然爸爸會很失落的，像我一樣 ...
然後大家都笑了。

#有沒有同情心
#父親節快樂#付清節也可以
#新北模聯#NTCMUN",114,6,"['有沒有同情心', '新北模聯', '父親節快樂', 'NTCMUN', '付清節也可以']"
195,2018-07-31 15:55:57,"我跟小朋友說：恐龍來了要趕快跑喔
小朋友：在你後面啊

#新北市兒童藝術節
#不怕你不玩怕你玩不完",87,3,"['新北市兒童藝術節', '不怕你不玩怕你玩不完']"
196,2018-07-30 14:24:41,"這個穿著「地表最強」的傢伙
一秒把我撞飛
我猜他應該已經計畫很久了
有誰想接他的位子嗎？

#民政局長#強字有點變形
#原來這就是人肉飛彈
#表情是驚恐還是大笑我看不出來",107,8,"['強字有點變形', '民政局長', '原來這就是人肉飛彈', '表情是驚恐還是大笑我看不出來']"
197,2018-07-22 15:02:52,"我不會撩妹，
只會撩小朋友……",89,2,[]
198,2018-07-19 12:10:03,"隔行如隔山，製香師傅教我「鋪香」八次後，我一樣還是沒有出師…… #新順發香舖
#製香達人#阿文師",82,2,"['阿文師', '新順發香舖', '製香達人']"
199,2018-07-06 15:15:36,"美食當前，我竟還得先乖乖地排排坐「被拍」

#瑞芳美食廣場翻轉新開幕#不怕你不吃怕你吃不完
#我的好朋友愛吃阿倫來囉喔喔喔喔喔喔喔喔喔#食X玩家",85,1,"['食X玩家', '我的好朋友愛吃阿倫來囉喔喔喔喔喔喔喔喔喔', '不怕你不吃怕你吃不完', '瑞芳美食廣場翻轉新開幕']"
200,2018-07-05 14:25:45,"這裡不是IKEA，是李宗賢里長的辦公室。

#新北里長臥虎藏龍
#到底是唸IKEA還是IKEA反正我都唸IKEA",68,2,"['到底是唸IKEA還是IKEA反正我都唸IKEA', '新北里長臥虎藏龍']"
201,2018-07-01 12:55:39,"幕僚說，我穿上騎馬裝，整個人都瘦了，也挺拔了⋯⋯ 我說：「怎麼樣？那沒穿前怎麼樣？」
#新北土城也能騎馬
#大地馬術俱樂部",83,6,"['新北土城也能騎馬', '大地馬術俱樂部']"
202,2018-06-27 15:02:21,"合照的時候，
我都會抱起後面
被擋住的小朋友
這次
.
.
.
稍微吃力

#吃有機頭好壯壯
#有機午餐#感謝全台契作農友
#永吉國小#一日小農夫",62,1,"['感謝全台契作農友', '一日小農夫', '吃有機頭好壯壯', '永吉國小', '有機午餐']"
203,2018-06-25 18:38:14,"最近的午後雷陣雨快又急
大家出門雨具別忘了 
#嘩啦啦啦啦下雨了#看見大家都在跑
#這首歌會透露年齡嗎#年輕人也會唱",62,2,"['這首歌會透露年齡嗎', '看見大家都在跑', '年輕人也會唱', '嘩啦啦啦啦下雨了']"
204,2018-06-24 16:06:38,"小朋友：市長帶我回家
我：可是瑞凡 你是假人ㄟ

#貢寮街有機書店
#把書店開進偏鄉#貢寮人回家
#無獨有偶工作室劇團",58,0,"['貢寮街有機書店', '無獨有偶工作室劇團', '把書店開進偏鄉', '貢寮人回家']"
205,2018-06-21 13:25:13,"好東西就是要跟好朋友分享！

#中和區錦盛里#自己的饅頭自己做
#老人共餐好所在#牛軋糖#橫鹿咖啡",57,1,"['中和區錦盛里', '自己的饅頭自己做', '牛軋糖', '橫鹿咖啡', '老人共餐好所在']"
206,2018-06-13 18:27:30,"自拍棒真是拉近彼此的最好發明。

#新北青年講座
#瑞芳高工",80,1,"['新北青年講座', '瑞芳高工']"
207,2018-06-11 07:26:40,"我手上這把「墨鎚」可不輸索爾的雷神之鎚，創造力+9。

#三重墨莊陳嘉德大師",61,1,['三重墨莊陳嘉德大師']
208,2018-06-03 10:05:35,"吃起來簡單，砍下來要練一下

#自己的香蕉自己砍
#泰山區可食地景",56,1,"['泰山區可食地景', '自己的香蕉自己砍']"
209,2018-06-01 07:27:51,"你們慢聊，我先吃囉...
#吃飯皇帝大
#豆漿油條#芝麻燒餅",59,5,"['芝麻燒餅', '豆漿油條', '吃飯皇帝大']"
210,2018-05-29 14:09:38,"你們開心，我就開心

#新北公園革命ING
#共融性遊具",35,1,"['共融性遊具', '新北公園革命ING']"
211,2018-05-27 12:24:22,"八里天氣熱，從高雄永安來的鄉親，熱情更熱。

#熱情如火#體感溫度37度
#出門記得要防曬",55,1,"['體感溫度37度', '出門記得要防曬', '熱情如火']"
212,2018-05-26 12:39:25,"我們勞工局補導的店家，當然要來捧場一下～

#icezero#艾斯利歐義式手工冰淇淋#金莎榛果巧克力
#黑后葡萄#哈密瓜#貴妃玉荷包#奇異果kiwi
#檸檬多多#綜合莓果#核桃花生香蕉巧克力豆
#鳳梨啤酒#牛奶威士忌#香橙巧克力#檸檬香柚
#選不出來怎麼辦#冰櫃前站十分鐘",59,0,"['鳳梨啤酒', '奇異果kiwi', '核桃花生香蕉巧克力豆', '艾斯利歐義式手工冰淇淋', 'icezero', '香橙巧克力', '選不出來怎麼辦', '檸檬香柚', '牛奶威士忌', '冰櫃前站十分鐘', '哈密瓜', '黑后葡萄', '貴妃玉荷包', '檸檬多多', '綜合莓果', '金莎榛果巧克力']"
213,2018-05-25 14:10:34,"教練，我想打球... #鋒砲炸裂#球來就打
#這球就像變了心的女朋友回不來啦
#HASTALAVISTABABY
#富邦悍將#球是圓的
#加油",56,1,"['這球就像變了心的女朋友回不來啦', '球是圓的', '球來就打', '鋒砲炸裂', 'HASTALAVISTABABY', '加油', '富邦悍將']"
214,2018-05-24 15:22:04,同事說，我背影比較帥(是頭髮？） #萬里野柳漁港,23,0,['萬里野柳漁港']
215,2018-05-24 15:21:57,同事說，我背影比較帥(是頭髮？）#萬里野柳漁港,21,0,['萬里野柳漁港']
216,2018-05-24 15:21:49,同事說，我背影比較帥(是頭髮？）#萬里野柳漁港,22,0,['萬里野柳漁港']
217,2018-05-24 15:21:29,同事說，我背影比較帥(是頭髮？）#萬里野柳漁港,24,0,['萬里野柳漁港']
218,2018-05-24 15:21:21,同事說，我背影比較帥(是頭髮？）#萬里野柳漁港,24,0,['萬里野柳漁港']
219,2018-05-24 15:21:09,同事說，我背影比較帥(是頭髮？）#萬里野柳漁港,41,2,['萬里野柳漁港']
220,2018-05-24 15:20:53,同事說，我背影比較帥(是頭髮？）#萬里野柳漁港,26,0,['萬里野柳漁港']
221,2018-05-24 15:20:43,同事說，我背影比較帥(是頭髮？）#萬里野柳漁港,29,0,['萬里野柳漁港']
222,2018-05-24 15:20:34,同事說，我背影比較帥(是頭髮？）#萬里野柳漁港,48,2,['萬里野柳漁港']
