,time,post_caption,likes,comments,tags
0,2019-12-16 10:31:29,"蔡英文！【台灣大凱旋】總 統 降 臨 ！！ 仁者無敵辣台妹、叱吒悍馬破敵陣
萬人凱道齊同心、護國大業守眾生 
2020 台灣要贏 🗓12月21日 18:00⏰
閃　靈【台灣大凱旋】演唱會
林昶佐【凱道大造勢】總動員

團結總動員，迎接大凱旋
—
🎙金曲唱將：閃靈 ft.大型交響樂團+何欣穗+余天+滅火器 ⚔️登場戰將：蔡英文、吳怡農、陳柏惟、洪慈庸、賴品妤、林昶佐 —

追蹤活動頁面－臉書搜尋：閃靈【台灣大凱旋】凱道演唱會

@蔡英文 #蔡英文 #台灣大凱旋 #凱道大造勢 #chthonic #chthonic閃靈 #閃靈 #凱道 #凱達格蘭大道 #林昶佐 #freddylim  #台北 #中正區 #萬華區 #Taipei #zhongzheng #zhongzhengdistrict #wanhua #wanhuadistrict",392,2,"['zhongzhengdistrict', 'freddylim', '凱達格蘭大道', '凱道', 'chthonic閃靈', '閃靈', '凱道大造勢', 'wanhua', 'wanhuadistrict', '林昶佐', '中正區', '萬華區', '台北', '蔡英文', 'zhongzheng', '台灣大凱旋', 'Taipei', 'chthonic']"
1,2019-12-14 21:18:24,"Let me stand up like a Taiwanese !
台灣大凱旋 滅火器 Fire EX. 凱道登台確認！
Fire Ex. is going to open on Dec 21.

四年前，滅火器和閃靈一起鎮魂護國！
今年12.21，滅火器和閃靈上凱道，迎接大凱旋！ --- 閃靈【台灣大凱旋】凱道演唱會 倒數九天！

2019.12.21 Ketagalan Boulevard
18:00【自由入場 Free Admission】 —

追蹤活動頁面－臉書搜尋：閃靈【台灣大凱旋】凱道演唱會

#滅火器 #台灣大凱旋 #凱道大造勢 #chthonic #chthonic閃靈 #閃靈 #凱道 #凱達格蘭大道 #林昶佐 #freddylim  #台北 #中正區 #萬華區 #Taipei #zhongzheng #zhongzhengdistrict #wanhua #wanhuadistrict",1563,14,"['zhongzhengdistrict', 'freddylim', '凱達格蘭大道', '凱道', 'chthonic閃靈', '閃靈', '凱道大造勢', 'wanhua', 'wanhuadistrict', '林昶佐', 'chthonic', '中正區', '萬華區', '台北', 'zhongzheng', '台灣大凱旋', 'Taipei', '滅火器']"
2,2019-12-13 10:47:43,"閃靈Freddy與火星仙子賴總一的師徒大合體！？提醒大家，12.21凱道什麼事情都可能發生！ 🗓12月21日 18:00⏰
閃　靈【台灣大凱旋】演唱會
林昶佐【凱道大造勢】總動員

團結總動員，迎接大凱旋
—
🎙金曲唱將：閃靈 ft.大型交響樂團+何欣穗+余天+滅火器
⚔️登場戰將：吳怡農、陳柏惟、洪慈庸、賴品妤、林昶佐

更多重量級戰將陸續公佈！ —

追蹤活動頁面－臉書搜尋：閃靈【台灣大凱旋】凱道演唱會

#賴品妤 #台灣大凱旋 #凱道大造勢 #chthonic #chthonic閃靈 #閃靈 #凱道 #凱達格蘭大道 #林昶佐 #freddylim  #台北 #中正區 #萬華區 #Taipei #zhongzheng #zhongzhengdistrict #wanhua #wanhuadistrict",1951,12,"['zhongzhengdistrict', 'freddylim', '凱達格蘭大道', '凱道', 'chthonic閃靈', '閃靈', '凱道大造勢', 'wanhua', 'wanhuadistrict', '林昶佐', '中正區', '萬華區', '台北', 'zhongzheng', '賴品妤', '台灣大凱旋', 'Taipei', 'chthonic']"
3,2019-12-12 15:44:41,"【大義賣！閃靈戰服！】 12/21【台灣大凱旋】演唱會
全方位的閃靈戰服，最強大召集！
終極限量，僅只一組！
義賣收入，加持昶佐迎向勝利！ ✦ Freddy
✦ 小黑
✦ Doris
✦ 丹尼
✦ CJ

閃靈五人一次搜集！
當日的演出外衣，表演結束後即刻封箱！
保證原汁原味，產地直送！

絕對限量，只有1組！只有1組！只有1組！
特別感謝 CHTHONIC 閃靈 獻贈！

義賣收入全數捐助昶佐政治獻金，大力加持，迎向勝利！ ❖搶標方式
請私訊索取購買表單，將有專人與您聯絡！",1193,8,[]
4,2019-12-11 13:29:55,"ciacia 何欣穗重返舞台，大凱旋尬閃靈確認！
ciacia Ho will guest CHTHONIC live on Dec.21st!

12.21，凱道呈現最獨有的演出，
好久不見的好朋友 Rock DJ ciacia {何欣穗} 再度回到舞台
烏牛欄大護法，台灣擔綱
凱道集結，迎接大凱旋！ --- 閃靈【台灣大凱旋】凱道演唱會
2019.12.21 Ketagalan Boulevard
18:00【自由入場 Free Admission】

活動詳情－臉書搜尋：閃靈【台灣大凱旋】凱道演唱會

#何欣穗 #台灣大凱旋 #凱道大造勢 #chthonic #chthonic閃靈 #閃靈 #凱道 #凱達格蘭大道 #林昶佐 #freddylim  #台北 #中正區 #萬華區 #Taipei #zhongzheng #zhongzhengdistrict #wanhua #wanhuadistrict",845,6,"['zhongzhengdistrict', '何欣穗', '凱達格蘭大道', 'freddylim', '凱道', 'chthonic閃靈', '閃靈', '凱道大造勢', 'wanhua', 'wanhuadistrict', '林昶佐', '中正區', '萬華區', '台北', 'zhongzheng', '台灣大凱旋', 'Taipei', 'chthonic']"
5,2019-12-10 10:07:00,"林昶佐！【台灣大凱旋】封 印 解 除 ！ 
魂魄解綑縛 氣勢撼山河
一呼千軍應 萬眾隨我行 
斬斷牽掛 全元戰鬥 迎接凱旋 🗓12月21日 18:00⏰
閃　靈【台灣大凱旋】演唱會
林昶佐【凱道大造勢】總動員

團結總動員，迎接大凱旋
—
🎙金曲唱將：閃靈 ft.大型交響樂團 + 余天
⚔️登場戰將：陳柏惟、洪慈庸、吳怡農、賴品妤、林昶佐

更多重量級戰將陸續公佈！ —

追蹤活動頁面－臉書搜尋：閃靈【台灣大凱旋】凱道演唱會

#台灣大凱旋 #凱道大造勢 #chthonic #chthonic閃靈 #閃靈 #凱道 #凱達格蘭大道 #林昶佐 #freddylim  #台北 #中正區 #萬華區 #Taipei #zhongzheng #zhongzhengdistrict #wanhua #wanhuadistrict",1536,13,"['zhongzhengdistrict', 'freddylim', '凱達格蘭大道', '凱道', '閃靈', 'chthonic閃靈', '凱道大造勢', 'wanhua', 'wanhuadistrict', '林昶佐', '中正區', '萬華區', '台北', 'zhongzheng', '台灣大凱旋', 'Taipei', 'chthonic']"
6,2019-12-09 13:46:34,"賴品妤！【台灣大凱旋】登 場 確 認 ！ 
胸懷理想新世代，各方戰將總集結
衝鋒陷陣不回頭，青春無畏最前線 🗓12月21日 18:00⏰
閃　靈【台灣大凱旋】演唱會
林昶佐【凱道大造勢】總動員

團結總動員，迎接大凱旋
—
🎙金曲唱將：閃靈 ft.大型交響樂團 + 余天
⚔️登場戰將：陳柏惟、洪慈庸、吳怡農、賴品妤

更多重量級戰將陸續公佈！
—
追蹤活動頁面－臉書搜尋：閃靈【台灣大凱旋】凱道演唱會

#賴品妤 #台灣大凱旋 #凱道大造勢 #chthonic #chthonic閃靈 #閃靈 #凱道 #凱達格蘭大道 #林昶佐 #freddylim  #台北 #中正區 #萬華區 #Taipei #zhongzheng #zhongzhengdistrict #wanhua #wanhuadistrict",1622,13,"['zhongzhengdistrict', 'freddylim', '凱達格蘭大道', '凱道', 'chthonic閃靈', '閃靈', '凱道大造勢', 'wanhua', 'wanhuadistrict', '林昶佐', '中正區', '萬華區', '台北', 'zhongzheng', '賴品妤', '台灣大凱旋', 'Taipei', 'chthonic']"
7,2019-12-08 11:14:13,"3Q 陳柏惟！【台灣大凱旋】登 場 確 認 ！

英雄出少年，台中陳柏惟
海風陣陣吹，少年大無畏 
12月21日 18:00
閃　靈【台灣大凱旋】演唱會
林昶佐【凱道大造勢】總動員 
團結總動員，迎接大凱旋
更多重量級戰將陸續公佈 —

追蹤活動頁面－臉書搜尋：閃靈【台灣大凱旋】凱道演唱會

#陳柏惟 #台灣大凱旋 #凱道大造勢 #chthonic #chthonic閃靈 #閃靈 #凱道 #凱達格蘭大道 #林昶佐 #freddylim  #台北 #中正區 #萬華區 #Taipei #zhongzheng #zhongzhengdistrict #wanhua #wanhuadistrict",1322,8,"['陳柏惟', 'zhongzhengdistrict', 'freddylim', '凱達格蘭大道', '凱道', 'chthonic閃靈', '閃靈', '凱道大造勢', 'wanhua', 'wanhuadistrict', '林昶佐', '中正區', '萬華區', '台北', 'zhongzheng', '台灣大凱旋', 'Taipei', 'chthonic']"
8,2019-12-05 14:23:11,"洪慈庸！【台灣大凱旋】登 場 確 認 ！ 
艱難的路上勇敢無懼
勝利的凱旋溫柔堅定 
潭雅神后保平安，團結出力護台灣 🗓12月21日 18:00⏰
閃　靈【台灣大凱旋】演唱會
林昶佐【凱道大造勢】總動員

團結總動員，迎接大凱旋
—
🎙金曲唱將：閃靈ft.大型交響樂團+余天
⚔️登場戰將：陳柏惟、洪慈庸

更多重量級戰將陸續公佈！
—

追蹤活動頁面－臉書搜尋：閃靈【台灣大凱旋】凱道演唱會

#洪慈庸 #台灣大凱旋 #凱道大造勢 #chthonic #chthonic閃靈 #閃靈 #凱道 #凱達格蘭大道 #林昶佐 #freddylim  #台北 #中正區 #萬華區 #Taipei #zhongzheng #zhongzhengdistrict #wanhua #wanhuadistrict",1354,12,"['zhongzhengdistrict', '洪慈庸', '凱達格蘭大道', 'freddylim', '凱道', 'chthonic閃靈', '閃靈', '凱道大造勢', 'wanhua', 'wanhuadistrict', '林昶佐', '中正區', '萬華區', '台北', 'zhongzheng', '台灣大凱旋', 'Taipei', 'chthonic']"
9,2019-12-04 14:01:58,"壯闊台灣 吳怡農！【台灣大凱旋】登 場 確 認 ！ 
天降神兵 最強戰力
勇猛頑強 無懈可擊 
台灣加農砲上陣！ 🗓12月21日 18:00⏰
閃　靈【台灣大凱旋】演唱會
林昶佐【凱道大造勢】總動員

團結總動員，迎接大凱旋
—
🎙金曲唱將：閃靈 ft.大型交響樂團 + 余天
⚔️登場戰將：陳柏惟、洪慈庸、吳怡農

更多重量級戰將陸續公佈！
—

追蹤活動頁面－臉書搜尋：閃靈【台灣大凱旋】凱道演唱會

#吳怡農 #台灣大凱旋 #凱道大造勢 #chthonic #chthonic閃靈 #閃靈 #凱道 #凱達格蘭大道 #林昶佐 #freddylim  #台北 #中正區 #萬華區 #Taipei #zhongzheng #zhongzhengdistrict #wanhua #wanhuadistrict",1831,8,"['吳怡農', 'zhongzhengdistrict', 'freddylim', '凱達格蘭大道', '凱道', 'chthonic閃靈', '閃靈', '凱道大造勢', 'wanhua', 'wanhuadistrict', '林昶佐', '中正區', '萬華區', '台北', 'zhongzheng', '台灣大凱旋', 'Taipei', 'chthonic']"
10,2019-12-03 17:19:14,"余天！【台灣大凱旋】登 場 確 認！

同為立委的歌王，強力助陣勢不可擋
雄壯威風的唱腔，渾厚功力重磅登場 
12月21日 18:00
閃　靈【台灣大凱旋】演唱會
林昶佐【凱道大造勢】總動員 
團結總動員，迎接大凱旋
更多重量級戰將陸續公佈

臉書活動頁面搜尋：閃靈【台灣大凱旋】凱道演唱會

#余天 #台灣大凱旋 #凱道大造勢 #chthonic #chthonic閃靈 #閃靈 #凱道 #凱達格蘭大道 #林昶佐 #freddylim  #台北 #中正區 #萬華區 #Taipei #zhongzheng #zhongzhengdistrict #wanhua #wanhuadistrict",1384,11,"['台北', 'zhongzhengdistrict', 'freddylim', '凱達格蘭大道', '凱道', 'chthonic閃靈', '閃靈', '凱道大造勢', 'wanhua', 'wanhuadistrict', '林昶佐', '中正區', '萬華區', '余天', 'zhongzheng', '台灣大凱旋', 'Taipei', 'chthonic']"
11,2019-11-28 10:24:47,"【龍山寺280歲生日快樂！】 今天是我們艋舺龍山寺建廟280週年，許多在地的好朋友都前來觀禮，連蔡總統都來迎接這場盛事，讓本來就香火鼎盛的龍山寺今天又更熱鬧了！

龍山寺一向都是咱艋舺的信仰中心，廟方今天致贈消防救災器材給雙北市政府，讓寺內眾神「聞聲救苦」的公益慈善形象更是深植人心。除此之外，龍山寺也是外國遊客來到台北的必遊景點，黃書瑋董事長今天更提到，為了順應環保，寺內也不燒金紙、響應減香，讓傳統的寺廟文化符合現代潮流，真的很有心。

今天除了見證這280年的紀念慶典，也祈求我們中正萬華家戶平安，台灣繼續進步，繼續安穩地走向更好的未來！

@Tsai_ingwen #蔡英文 #總統 #蔡英文總統 #台北 #中正區 #萬華區 #艋舺 #龍山寺 #日常 #合照 #繞境 #Taipei #zhongzheng #zhongzhengdistrict #wanhuadistrict #daily #groupshot #林昶佐 #freddylim",2101,8,"['zhongzhengdistrict', 'freddylim', '龍山寺', '繞境', '林昶佐', '艋舺', '蔡英文', '合照', 'groupshot', '總統', 'zhongzheng', 'Taipei', 'daily', '中正區', '萬華區', '蔡英文總統', '日常', 'wanhuadistrict', '台北']"
12,2019-11-26 11:56:54,"朋友傳來這張2013年的照片，感覺很應景！硬頸！

#香港 #香港加油 #香港人加油 #反送中 #反逃犯條例 #五大訴求 #光復香港 #時代革命 #願榮光歸香港 #hongkong #freedomhk  #freehongkong #FreedomHKG #hkprotest #hongkongprotests #savehk #freehk #chthonic #chthonic閃靈 #閃靈",3012,13,"['五大訴求', 'hkprotest', '願榮光歸香港', 'freedomhk', '反送中', 'hongkongprotests', '時代革命', 'savehk', '反逃犯條例', '香港加油', '閃靈', 'freehk', '香港人加油', 'chthonic', 'freehongkong', '光復香港', 'FreedomHKG', '香港', 'chthonic閃靈', 'hongkong']"
13,2019-11-25 14:42:32,"上週末每天都是從早上五點就開始趕行程，趕完十幾個重要行程後晚上衝去火球季，演出結束再衝回台北隔天早上五點繼續拚，真的是假日不多還累個滿足😵

#chthonic #閃靈 #日常 #工作日常 #火球祭
#火球祭fireball @fireball_fest #桃園",2658,25,"['火球祭', '火球祭fireball', '日常', '桃園', '閃靈', '工作日常', 'chthonic']"
14,2019-11-21 16:28:50,最近常靠電動機車趕行程，電動車騎起來很安靜，在我們中正萬華的巷弄中也不會吵到人，但還是提醒大家就是因為太安靜了，更要小心騎、慢慢騎，才不會嚇到人喔！😊 #台北 #日常 #工作日常 #機車 #Taipei #scooter #scooters #kymco #commute #commuter,2125,15,"['kymco', 'commuter', '日常', '工作日常', '機車', 'scooter', 'commute', 'scooters', '台北', 'Taipei']"
15,2019-11-19 11:54:06,"蔡英文總統曾在六月時來參拜我們艋舺青山宮，並許下願望，今天她特地選在青山王遶境正日這天回來還願，並為人民祈福。

我們也一定要努力，明年繼續守護人民的福祉！

@Tsai_ingwen #蔡英文 #總統 #蔡英文總統 #台北 #中正區 #萬華區 #艋舺 #艋舺青山宮 #日常 #合照 #繞境 #Taipei #zhongzheng #zhongzhengdistrict #wanhuadistrict #daily #groupshot #林昶佐 #freddylim",1818,9,"['zhongzhengdistrict', 'freddylim', '繞境', '林昶佐', '艋舺', '蔡英文', '合照', 'groupshot', '總統', 'zhongzheng', 'Taipei', 'daily', '中正區', '萬華區', '蔡英文總統', '日常', '艋舺青山宮', 'wanhuadistrict', '台北']"
16,2019-11-15 15:54:33,"萬華車站前方兩側「廣一、廣二地下停車場新建工程」施工多時，康定路段圍籬也影響了周圍的交通。我特別請交通部長林佳龍來現地會勘，交通部也承諾除了停車場工程加速後續發包流程外，並針對周邊民眾與商家提出最希望能解決的問題，即刻啟動緊急招標與相關工作、立即處理，讓農曆年前就能解決包括康定路截彎取直等重要項目。

#林佳龍 @dragonforpeople #台北 #萬華區 #萬華車站 #萬華火車站 #日常 #工作日常 #Taipei  #wanhua #wanhuadistrict #daily #林昶佐 #freddylim",1321,5,"['萬華車站', 'freddylim', '日常', '林佳龍', 'wanhua', '萬華火車站', 'wanhuadistrict', 'Taipei', '林昶佐', 'daily', '台北', '工作日常', '萬華區']"
17,2019-11-11 18:43:13,好久沒有跟米魯去喝下午茶約會了，只能看照片想她。😢 #女兒 #女兒日常 #親子 #奶爸日常 #奶爸人生 #約會,2247,19,"['奶爸日常', '親子', '奶爸人生', '女兒日常', '約會', '女兒']"
18,2019-10-30 13:39:37,自從品妤投入選舉後，我大概只能偶爾在公開場合見到她。不過，品妤離開辦公室已經超過一個月，辦公桌完全原封不動沒有整理就算了，今天竟然還有他的包裹寄來辦公室，這......可能因此我一直都覺得還是很常見到品妤吧..😅 @souichi_lai #2020 #DPP #賴品妤 #新北市第十二選區 #汐止金山萬里瑞芳平溪雙溪貢寮 #品妤for2020 #speech #speechies,1695,7,"['品妤for2020', 'DPP', '2020', 'speech', '汐止金山萬里瑞芳平溪雙溪貢寮', '新北市第十二選區', 'speechies', '賴品妤']"
19,2019-10-28 11:21:04,昨天帶小英總統來我們南萬華廣照宮參拜，吃了這裡最知名的家香味滷肉飯。(其實主要是要介紹鎮店之喵「元寶」妹給總統～😻) @Tsai_ingwen #蔡英文 #總統 #蔡英文總統 #台灣 #台北 #萬華 #萬華美食 #taiwan #cat #cats #kitty #kittykitty #kitten #kittens #catsofinstagram #president,2362,14,"['kittens', '蔡英文總統', 'kitty', 'taiwan', 'kitten', 'cats', '總統', 'cat', 'kittykitty', 'catsofinstagram', '萬華', 'president', '台北', '蔡英文', '萬華美食', '台灣']"
20,2019-10-27 23:32:12,深夜工事🎤🎧 #閃靈 #Chthonic #recording #blackfrequencystudio #vocal #vocals #vocalisit #vocalrecording,698,11,"['vocals', 'Chthonic', 'vocalisit', '閃靈', 'blackfrequencystudio', 'vocalrecording', 'vocal', 'recording']"
21,2019-10-24 14:25:51,"上週末，Tizzy Bac惠婷來到華山文化園區，我們選區來到這位獨立天后，當然我一定要作陪暢飲。雖然說是暢飲但我整天行程滿檔因此只能試飲...聯名啤酒真的很好喝，不會太重，但還是要提醒大家小酌就好，而且酒後不開車喔😃

#台北 #中正區 #華山文創園區 #Taipei #zhongzhengdistrict #tizzybac #friend #friends #friendship #friendships #beer #台虎 #台虎精釀",1160,2,"['zhongzhengdistrict', 'beer', 'friends', 'friend', '台虎精釀', 'friendships', '華山文創園區', '台虎', 'friendship', '台北', '中正區', 'Taipei', 'tizzybac']"
22,2019-10-22 14:12:29,我們萬華除了好吃好玩的夜市，更有許多宮廟值得大家來巡禮，欣賞這些傳統文化藝術喔🤗 #日常 #工作日常 #台北 #台北市 #萬華 #萬華區 #daily #Taipei #Wanhua #WanhuaDistrict,856,3,"['日常', 'Wanhua', '台北市', 'WanhuaDistrict', '萬華', 'Taipei', 'daily', '台北', '工作日常', '萬華區']"
23,2019-10-15 11:19:59,艋舺質感最高！也許有一天不只是來掃街串門子，而是來拍MV，應該蠻不錯的吧。🤔 #日常 #工作日常 #台北 #台北市 #萬華 #萬華區 #daily #Taipei #Wanhua #WanhuaDistrict,1381,9,"['日常', 'Wanhua', '台北市', 'WanhuaDistrict', '萬華', 'Taipei', 'daily', '台北', '工作日常', '萬華區']"
24,2019-10-09 14:56:21,"來參加頒獎典禮結果在電梯中被一群舞者要求合照，然後我就被淹沒了想說真的有拍到我嗎？結果放大看以後還真的有拍到耶😂

#棚拍 #攝影 ##groupshoot #groupshoots #photography #dancer #dancers #happy #happytime",1303,12,"['棚拍', 'photography', 'groupshoot', 'dancer', 'groupshoots', 'happytime', 'happy', '攝影', 'dancers']"
25,2019-10-07 17:18:00,"從以前做音樂到現在做政治工作，棚拍無數次，再複雜的造型和服裝，難度都比不上打領帶的部分😅

#棚拍 #攝影 #groupshoot #groupshoots #photography #businesssuit #businesssuits #Fashion #MensFashion #MensSuits",1453,7,"['businesssuit', '棚拍', 'photography', 'Fashion', 'MensFashion', 'MensSuits', 'groupshoot', 'businesssuits', 'groupshoots', '攝影']"
26,2019-10-01 18:46:51,今天接受奧地利電視台的專訪，要我談談我的故事與心路歷程。我特別請他們移駕到我們艋舺青山宮外拍。畢竟聽我嘴巴講，不如直接看看我們艋舺在地的歷史文化。不過稍早先開了幾個全中文會議，再出席在地活動用全台語跟鄉親聊天，正式錄影又要全英文，訪問同時還要邊訪問邊用手機辦公，頭好痛啊！不過奧地利人說我回答得很棒，艋舺也很漂亮，這是當然的啊！😎 #台北 #台北市 #萬華 #萬華區 #艋舺 #艋舺青山宮 #觀光 #旅遊 #日常 #工作日常 #Taipei #Wanhua,1769,14,"['觀光', '旅遊', '日常', 'Wanhua', '艋舺青山宮', '台北市', '萬華', '艋舺', 'Taipei', '台北', '工作日常', '萬華區']"
27,2019-09-28 16:43:27,"【真歹勢！】 這個禮拜的雨下個不停，雖然我可以雨中掃街，但可不能讓大家明天一邊淋雨一邊聽音樂啊！ 
唉，本來都已經邀好紅人榜的志豪跟孟宗，要和大家一起在柳鄉里唱唱歌、聊聊天逗鬧熱，沒想到雨下到現在還是沒有要停的樣子，我們的在地音樂會只好延期，過幾天再跟大家見面了。

柳鄉里音樂會預計順延一週，大家下週末見，一定要來喔！😚 10/6 14:00-15:30 @ 環河福德宮前廣場",698,2,[]
28,2019-09-23 18:34:25,采婕難得說要幫我準備午餐，結果...喂！下次可以來點正常的不要是這種黑暗料理嗎？（但也有同事說好吃就是了😅 #日常 #工作日常 #披薩 #臭豆腐 #臭豆腐披薩 #pizza #stinkytofu #stinkytofupizza #lunch #lunchtime,1088,21,"['lunch', 'stinkytofu', '日常', 'stinkytofupizza', 'lunchtime', 'pizza', '披薩', '臭豆腐', '臭豆腐披薩', '工作日常']"
29,2019-09-12 16:42:35,"【飛踢神算台語台又擱來囉！】 真歹勢！這支影片其實七月就拍好，但後續發生太多事加上人力有限，因此現在才推出續集。喜歡台語系列的朋友，如果有什麼想學習的內容也可以留言告訴我，還有繼續鎖定【公視台語台】喔！

事隔快兩個月再看一次影片，發現影片中我竟然說出了先知般的神預言？！ #anime #台語 #青春豬頭少年不會夢到兔女郎學姊 #青春ブタ野郎  #為美好的世界獻上祝福 #この素晴らしい世界に祝福を#不起眼女主角培育法 #冴えない彼女の育てかた #re0 #ケロロ軍曹",963,10,"['ケロロ軍曹', '冴えない彼女の育てかた', '為美好的世界獻上祝福', '台語', 're0', '不起眼女主角培育法', '青春豬頭少年不會夢到兔女郎學姊', 'anime', 'この素晴らしい世界に祝福を', '青春ブタ野郎']"
30,2019-09-10 16:46:37,明晚九點(9/11)我會在雞排妹的17直播節目【學姊受不了】跟大家聊聊喔！希望雞排妹這次稍微手下留情，話題不要太辛辣把我的秘辛都挖出來啦😱 #17直播 #雞排妹,700,3,"['17直播', '雞排妹']"
31,2019-09-07 09:15:17,昶辦同仁下班後有時還會留在辦公室一陣子，因為常常要用特別的方式給委員加油。例如前陣子委員去美國出差兩週，怕他時差嚴重還在累，準備點小驚喜等他回國嚇醒他，讓他認真一點 by 小編😎 #日常 #工作日常,1703,50,"['日常', '工作日常']"
32,2019-09-06 11:42:27,老闆最近好像沒空更新IG我來幫他貼個漂撇七逃人好了 by 小編🤗　#日常 #工作日常 #台北 #台北市 #萬華 #萬華區 #daily #Taipei #Wanhua #WanhuaDistrict #沈文程,1703,50,"['沈文程', '日常', 'Wanhua', '台北市', 'WanhuaDistrict', '萬華', 'Taipei', 'daily', '台北', '工作日常', '萬華區']"
33,2019-08-29 11:59:17,來美國這幾天都是超緊湊的行程，趁空檔去熱情紐約台灣鄉親家放鬆一下，順便練習切圖ㄎㄎ  #日常 #工作日常 #NewYork #busy #friend #freinds #visitsnewyork,840,3,"['日常', 'freinds', 'busy', 'visitsnewyork', 'friend', 'NewYork', '工作日常']"
34,2019-08-28 14:06:50,跟黃捷來西雅圖演講，一到機場就看到接機拿著這牌子.... ​  #日常 #工作日常 #黃捷 #seattle #illustration #illustrations #visitseattle #speech,2811,21,"['seattle', '黃捷', 'illustrations', 'visitseattle', '日常', 'speech', 'illustration', '工作日常']"
35,2019-08-12 20:36:55,阿母視角👀 #漫博 #漫畫博覽會 #衝吧烈子 #新手爸媽 #baby #daughter #daughters,2430,17,"['daughters', '衝吧烈子', 'daughter', '漫畫博覽會', '漫博', 'baby', '新手爸媽']"
36,2019-08-03 22:05:28,今日工事👘 #台北 #台北市 #大同區 #台北地下街 #浴衣 #林亮君,1914,11,"['大同區', '台北地下街', '林亮君', '台北市', '浴衣', '台北']"
37,2019-07-26 22:52:22,林昶佐 2000，不知道該 # 什麼，這是被朋友叫蕭亞軒的時期，總不能 # elva吧。,3749,72,[]
38,2019-07-21 13:03:28,這幾年閃靈表演開始出現新的週邊，例如扇子... 😅 #閃靈 #chthonic #暴雨 #扇子 #林昶佐 #中正萬華,953,5,"['扇子', '閃靈', '暴雨', '中正萬華', '林昶佐', 'chthonic']"
39,2019-07-18 22:00:04,助理這樣亂玩我照片是要我再拚個十屆嗎... #faceapp #faceappchallenge #40yearschallenge #oldchallenge,2345,66,"['oldchallenge', 'faceappchallenge', 'faceapp', '40yearschallenge']"
40,2019-07-18 14:46:35,#日常 #工作日常 #法王 #達賴喇嘛 #dalailama,1108,7,"['法王', '日常', '達賴喇嘛', 'dalailama', '工作日常']"
41,2019-07-17 15:41:35,這個中正區巷內的空地荒廢了十幾年之久，不但孳生蚊蟲雜草又被亂丟垃圾，我的團隊和周威佑議員來會勘了解後，了解這裡也有停車位不足的問題，經過協調終於順利促成髒亂閒置地活用，成為停車場，給民眾一個乾淨便利的生活空間。😊 #台北 #中正區 #日常 #工作日常 #Taipei #zhongzheng #zhongzhengdistrict #daily #groupshot #林昶佐 #freddylim #周威佑,858,4,"['groupshot', 'zhongzhengdistrict', 'freddylim', '周威佑', '日常', '工作日常', '林昶佐', 'daily', '台北', 'zhongzheng', '中正區', 'Taipei']"
42,2019-07-14 17:40:06,米魯來找朋友 #女兒 #女兒日常 #親子 #奶爸日常 #奶爸人生 #柯基 #corgi,2205,13,"['奶爸日常', '親子', '奶爸人生', 'corgi', '女兒日常', '女兒', '柯基']"
43,2019-07-12 15:35:29,【電視定頻14，講台語有意思喔～】無碼高清版請在YouTube觀賞🤗	#台語 #福音戰士 #新世紀福音戰士 #新世紀エヴァンゲリオン #偶像星願 #idolish7 #初音ミク #初音未來 #hatsunemiku #林昶佐 #freddylim #daily,615,13,"['初音未來', '福音戰士', 'freddylim', '偶像星願', '台語', '新世紀エヴァンゲリオン', '新世紀福音戰士', '林昶佐', 'daily', '初音ミク', 'idolish7', 'hatsunemiku']"
44,2019-07-11 17:14:39,上週末被七月半招募成為新主唱啦！我綽號鬼王當七月半主唱應該算剛好，請七月半看到這篇後再告訴我練團時間喔（但我通常不會去….等七月半再來去好了）😎 #威卡 #覺醒音樂祭 #閃靈 #chthonic #嘉義 #chiayi #七月半 #七胖 @sevenfatofficial,1838,13,"['七胖', 'chiayi', '七月半', '覺醒音樂祭', '閃靈', '嘉義', '威卡', 'chthonic']"
45,2019-07-10 18:47:15,一家三口😌 #baby #cute #daughter #daughters #dad #dadlife #親子 #日常#育兒 #育兒日常 #育兒日記 #新手爸媽 #爸爸 #女兒,1832,16,"['daughters', '育兒', 'daughter', '日常', 'dadlife', '爸爸', '女兒', 'dad', '親子', 'baby', '育兒日常', '育兒日記', '新手爸媽', 'cute']"
46,2019-07-09 22:19:30,"練習貼組圖
#暴雨 #覺醒 #威卡 #閃靈 #chthonic 
Photo by @sanada @dearizam",1405,6,"['覺醒', '閃靈', '暴雨', '威卡', 'chthonic']"
47,2019-07-08 23:03:46,"#握拳 #金曲樂團吼吼吼 #閃靈 #chthonic
#威卡十年

photo by @wakeupfest.tw",878,2,"['握拳', '威卡十年', '閃靈', '金曲樂團吼吼吼', 'chthonic']"
48,2019-07-07 21:27:11,"#威卡 #覺醒音樂祭 #閃靈 #chthonic #嘉義 #chiayi

Photo by @handerson_yau",1905,15,"['chiayi', '覺醒音樂祭', '閃靈', '嘉義', '威卡', 'chthonic']"
49,2019-07-06 21:38:57,"嘉義上台前暖身一下。
#bottlecapchallenge #chthonic #閃靈 #閃靈樂團
#嘉義 #覺醒音樂祭 #暖身",2355,41,"['閃靈樂團', '覺醒音樂祭', '閃靈', '嘉義', 'bottlecapchallenge', '暖身', 'chthonic']"
50,2019-07-03 15:02:22,今天與慈庸一起宣布參選連任了，發言全文請看臉書喔👀	#中正萬華 #台北 #中正區 #萬華區 #日常 #工作日常 #時代力量 #daily #林昶佐 #freddylim  #洪慈庸 #全力支持  #Taipei #zhongzheng #zhongzhengdistrict #wanhuadistrict,1105,7,"['zhongzhengdistrict', 'freddylim', '洪慈庸', '日常', '全力支持', '時代力量', '中正萬華', 'wanhuadistrict', '林昶佐', 'Taipei', 'daily', '台北', 'zhongzheng', '中正區', '工作日常', '萬華區']"
51,2019-07-02 17:23:11,金曲獎過後收到許多親朋好友的祝賀，謝謝大家，除了閃靈之外，我也會在我的崗位繼續打拼💪🏼 #閃靈 #閃靈樂團  #chthonic閃靈 #chthonic #金曲獎 #謝謝 #金曲獎 #金曲30 #thankyou #musicawards #musicawards #hocc #taiwanmusic	#閃靈 #閃靈樂團  #chthonic閃靈 #chthonic #金曲獎 #謝謝 #金曲獎 #金曲30 #thankyou #musicawards #musicawards #hocc #taiwanmusic,2251,33,"['hocc', '金曲獎', '閃靈樂團', 'taiwanmusic', 'chthonic閃靈', '閃靈', '謝謝', '金曲30', 'musicawards', 'thankyou', 'chthonic']"
52,2019-06-30 00:39:28,"感謝阿菇何韻詩來跟閃靈一起出席金曲獎。香港加油，台灣萬歲！

入圍六項，奪得我最期待的最佳樂團，感謝！

#何韻詩 #hocc #香港加油 #金曲獎",3622,45,"['hocc', '香港加油', '何韻詩', '金曲獎']"
53,2019-06-29 00:21:48,"整理老照片找到
#短髮 #林昶佐 #不知道要標什麼
#時代的眼淚",2040,57,"['時代的眼淚', '不知道要標什麼', '林昶佐', '短髮']"
54,2019-06-28 18:13:56,築起珍珠防線！台灣不能退😤😤😤 #麻婆珍珠是假貨 #這些人吃披薩一定也加鳳梨 #台北 #日常 #工作日常 #珍珠奶茶 #黑糖珍珠鮮奶 #珍奶 #Taipad #daily #bubbletea,1185,17,"['麻婆珍珠是假貨', '日常', '珍珠奶茶', '珍奶', 'bubbletea', '黑糖珍珠鮮奶', '這些人吃披薩一定也加鳳梨', 'daily', '台北', 'Taipad', '工作日常']"
55,2019-06-26 18:39:04,上次出席社區活動看阿妹仔表演，跟我合照居然指定要我比這個手勢…..我現在是林昶佐，不是Freddy欸…..🤨 #台北 #中正區 #萬華區 #日常 #合照 #工作日常 #Taipei #zhongzheng #zhongzhengdistrict #wanhuadistrict #daily #groupshot #林昶佐 #freddylim,1073,14,"['合照', 'groupshot', 'zhongzhengdistrict', 'freddylim', '日常', 'wanhuadistrict', 'Taipei', '林昶佐', 'daily', '台北', 'zhongzheng', '中正區', '工作日常', '萬華區']"
56,2019-06-22 16:05:48,透早行程就排滿滿，跟采婕來延平南路吃德增早餐大吃一頓補充體力繼續拚！（其實我也都只吃一個蛋餅一杯豆漿啦😋 	#台北 #中正區 #台北早餐 #早餐 #早餐很重要 #breakfast #breakfasttime #breakfastlover #Taipei #zhongzheng #zhongzhengdistrict,802,3,"['zhongzhengdistrict', 'breakfasttime', 'breakfastlover', '早餐很重要', 'breakfast', '台北早餐', '早餐', '台北', 'zhongzheng', '中正區', 'Taipei']"
57,2019-06-19 22:46:42,"某次出差。米魯看起來比阿爸還忙。
#baby #cute #daughter #daughters #dad #dadlife #親子 #日常#育兒 #育兒日常 #育兒日記 #新手爸媽 #爸爸 #女兒 #女兒日常",2056,15,"['daughters', '育兒', 'daughter', '日常', 'dadlife', '爸爸', '女兒', 'dad', '親子', 'baby', '育兒日常', '育兒日記', '新手爸媽', '女兒日常', 'cute']"
58,2019-06-18 20:35:24,采婕每次跟我參加活動都馬上融入長輩們，混傳統市場的果然有差！🤩 #台北 #中正區 #萬華區 #日常 #工作日常 #采婕 #演講 #speech #Taipei #zhongzheng #zhongzhengdistrict #wanhuadistrict #daily #林昶佐 #freddylim,837,1,"['zhongzhengdistrict', 'freddylim', '日常', '采婕', 'speech', 'wanhuadistrict', '演講', 'Taipei', '林昶佐', 'daily', '台北', 'zhongzheng', '中正區', '工作日常', '萬華區']"
59,2019-06-15 18:29:02,米魯每次都秒交友 ❤️👧🏻 #baby #cute #daughter #daughters #dad #dadlife #親子 #日常#育兒 #育兒日常 #育兒日記 #新手爸媽 #爸爸 #女兒 #女兒日常,748,3,"['daughters', '育兒', 'daughter', '日常', 'dadlife', '爸爸', '女兒', 'dad', '親子', 'baby', '育兒日常', '育兒日記', '新手爸媽', '女兒日常', 'cute']"
60,2019-06-14 15:55:28,前幾天在朋友婚禮突然撞到我的兩個怪助理在放閃…..譴責！🤬	#台北 #日常 #婚禮 #Taipei #wedding #weddingday #daily #林昶佐 #freddylim,1108,4,"['weddingday', 'freddylim', '日常', '婚禮', 'wedding', '林昶佐', 'daily', '台北', 'Taipei']"
61,2019-06-10 19:04:51,"上次比賽包粽我藉由冥想領悟了包粽的奧義，同時還捕捉了品妤切肉的珍貴畫面，不知道是什麼奧義的趕快補看影片喔！YouTube搜尋🔎：limfreddy 
#日常 #工作日常 #端午節 #粽子 #包粽子 #Taipei #zhongzheng #daily #林昶佐 #freddylim",1059,3,"['粽子', 'freddylim', '日常', '端午節', 'Taipei', '包粽子', '林昶佐', 'daily', 'zhongzheng', '工作日常']"
62,2019-06-08 19:53:53,當時我在講什麼啊？完全想不起來...但是感覺快被威佑跟沛憶逼死了…..😱	#台北 #中正區 #萬華區 #日常 #工作日常 #Taipei #zhongzheng #zhongzhengdistrict #wanhuadistrict #daily #林昶佐 #freddylim #吳沛憶,748,1,"['zhongzhengdistrict', 'freddylim', '日常', '吳沛憶', 'wanhuadistrict', 'Taipei', '林昶佐', 'daily', '台北', 'zhongzheng', '中正區', '工作日常', '萬華區']"
63,2019-06-05 13:44:34,休會沒得休息，中正萬華行程全塞滿！采婕最近也都來幫忙，跟網美一起跑攤還是有點不習慣，會害羞耶😊 	#台北 #中正區 #萬華區 #日常 #工作日常 #Taipei #zhongzheng #zhongzhengdistrict #wanhuadistrict #daily #林昶佐 #freddylim,1144,5,"['zhongzhengdistrict', 'freddylim', '日常', 'wanhuadistrict', 'Taipei', '林昶佐', 'daily', '台北', 'zhongzheng', '中正區', '工作日常', '萬華區']"
64,2019-06-02 21:12:46,"人生第一次當證婚人就哭，哭屁啊我！小黑小圓，幸福！一定！

#吉他英雄神界之王者婚禮 #chthonic #閃靈  #劉笙彙 #jesseliu #metalwedding #青青草原 #青青時尚花園會館 #林昶佐 #freddylim",2020,5,"['metalwedding', 'freddylim', '青青時尚花園會館', '閃靈', '劉笙彙', '青青草原', '林昶佐', '吉他英雄神界之王者婚禮', 'jesseliu', 'chthonic']"
65,2019-06-01 15:34:49,很多閃靈歌迷每次表演時總是出現在搖滾區最前排，連時代力量志工大會也不會缺席，真的非常感謝啦！🙏🏼 #台北 #時代力量 #閃靈 #chthonic #chthonic閃靈 #日常 #工作日常 #fans #newpowerparty #speech,864,1,"['日常', 'fans', 'newpowerparty', 'chthonic閃靈', '閃靈', '時代力量', 'speech', '台北', '工作日常', 'chthonic']"
66,2019-05-30 16:40:31,今天有位朋友做了這個餅乾送我，我的助理們都說做得很像，但也有人說像吳崢或是丹尼，我自己看好像不太準...大家有覺得像嗎？🤔 #餅乾 #手工餅乾 #日常 #工作日常 #cookie #cookies #gift #gifts #friends #friendship #friendships,1102,26,"['cookies', '餅乾', '日常', 'cookie', 'friends', 'friendships', 'friendship', '手工餅乾', 'gift', 'gifts', '工作日常']"
67,2019-05-29 19:08:45,那天跟黃捷和雨凡直播，我忙到沒時間吃飯只好邊直播邊吃，還是我以後乾脆都直播吃飯給大家看好了...會有人想看嗎？😅 #日常 #工作日常 #台北 #直播 #晚餐 #dinner #dinner_time #livestream #livestreams #Taipei  #office,1200,30,"['livestreams', 'livestream', '日常', 'dinner_time', '直播', 'dinner', 'office', 'Taipei', '台北', '晚餐', '工作日常']"
68,2019-05-27 16:17:51,上次去演講有位阿妹仔突然拿一台超大平板給我，我想說我又不是來高雄市議會備詢不需要這種東西吧！結果他是要跟我要簽名，年輕人就是先進，連簽個名都要無紙化真的很環保👍🏼♻️ #台北 #日常 #演講  #工作日常 #簽名 #平板電腦 #autograph #Taipei #daily #speech,1761,18,"['autograph', '日常', '平板電腦', 'speech', '簽名', '演講', 'Taipei', 'daily', '台北', '工作日常']"
69,2019-05-25 22:47:04,❤️👧🏻 #baby #cute #daughter #daughters #dad #dadlife #親子 #日常#育兒 #育兒日常 #育兒日記 #新手爸媽 #爸爸 #女兒,840,7,"['daughters', '育兒', 'daughter', '日常', 'dadlife', '爸爸', '女兒', 'dad', '親子', 'baby', '育兒日常', '育兒日記', '新手爸媽', 'cute']"
70,2019-05-22 13:55:05,推薦大家可以念這本繪本給小朋友聽喔，大人自己也要多注意，不要看到小朋友就以為可以隨便親，像我每天看到米魯也都很想親下去，但都要先問她好不好，要不然就會被米魯她媽揍...😥 #繪本 #親子 #故事書 #不要親我 #育兒 #育兒日常 #育兒日記 #新手爸媽 #story #storybook #storybooks #fathership #,1159,7,"['story', '不要親我', '故事書', '育兒', 'storybook', '繪本', '親子', '育兒日常', '育兒日記', 'storybooks', '新手爸媽', 'fathership']"
71,2019-05-21 17:47:23,朋友最近便宜賣我們團隊一台廿年老車，給我們跑行程搬運物資用，我說讓我先開看看，怎麼大家就搶著下車啊.....😅 #台北 #中正區 #萬華區 #日常 #工作日常 #Taipei #zhongzheng #zhongzhengdistrict #wanhuadistrict #driving #daily #mitisubishi,1539,14,"['zhongzhengdistrict', '日常', 'driving', 'mitisubishi', 'wanhuadistrict', 'Taipei', 'daily', '台北', 'zhongzheng', '中正區', '工作日常', '萬華區']"
72,2019-05-19 20:19:57,最近行程較滿，常為了機動性考量用機車代步，但其實比起給別人載我還是習慣自己騎，不然每次坐後面都被以為是助理載個妹耶😅 #台北 #日常 #工作日常 #機車 #Taipei #scooter #scooters #kymco #commute #commuter,1526,20,"['kymco', 'commuter', '日常', '工作日常', '機車', 'scooter', 'commute', 'scooters', '台北', 'Taipei']"
73,2019-05-17 18:33:32,"三讀通過，預祝大家新婚愉快！🏳️‍🌈 院長、各位委員，還要場外所有的朋友們！還有更多沒辦法到場，在線上關注的大家，首先先恭喜大家，我們一起做到了！台灣成為亞洲第一個同性婚姻合法化的國家，這是令人驕傲的一刻！另外，身為立法委員，我也要向同志朋友們說一聲抱歉，讓大家受委屈了，讓大家久等了！

這幾天，有許多朋友們來給我鼓勵和感謝。其實，是我要感謝大家，感謝大家一路以來的不放棄，感謝大家對於婚姻與家庭的嚮往，讓我這個已婚18年、兩歲小女孩的爸爸，還能夠抱持著跟各位一樣的憧憬，來為大家努力。我很榮幸，能夠參與這一刻。

但是，我們不能忘記，過去有許多受到壓迫的朋友們，沒能等到這一刻。從祁家威先生花了三十年爭取所面對的困境，甚至從去年公投讓大家難過的結果，一直到今天！到剛剛！都還有許多委員的發言，仍然在壓迫、歧視同志朋友。婚姻平權這麼基本的權利與自由，一直到今天二讀三讀，卻仍是那麼的艱辛。

但我要請所有的同志朋友，過了今天，請大家放心、開開心心的去結婚！

身為區域立委，我跟很多的立委同事一樣面對壓力，甚至是各種抹黑扭曲的指控，但我請同志朋友們安心去結婚吧，和社會溝通、讓台灣不再有歧視，是我們立法委員的責任，同時也還有許多這次未能同時完成保障的事項，這都讓我們來繼續努力。我相信不久之後，包括反同的人也會發現他們的生活沒有收到任何傷害，甚至還能感受到社會充滿了更多幸福。

最後，預祝大家新婚愉快！

2019.05.17　林昶佐

#lgbt #loveislove #rainbow #instalove #love #lovewins #marriageequality #婚姻平權",3421,54,"['rainbow', 'instalove', 'marriageequality', 'lgbt', '婚姻平權', 'loveislove', 'lovewins', 'love']"
74,2019-05-17 18:28:05,,2423,52,[]
75,2019-05-15 16:27:51,印太安全對話🎤 #台北 #外交 #diplomatic #speech #Taipei #indopacific #englishspeech #englishspeaking #englishconversation,475,2,"['外交', 'englishconversation', 'englishspeaking', 'indopacific', 'speech', 'diplomatic', '台北', 'englishspeech', 'Taipei']"
76,2019-05-13 22:00:56,"大家再不來，我先喝囉

#環南市場 #石敢當 #餐會 #一個人 #辦桌 
後面是 #噴桶 ？",898,12,"['石敢當', '環南市場', '餐會', '噴桶', '一個人', '辦桌']"
77,2019-05-13 17:42:46,"休息300
住宿700
一起加油👍🏼 #休息 #住宿 #加油 #一起加油 #旅館 #hotel #hotellife #street #streetart #streetphotography",965,33,"['streetart', '住宿', 'streetphotography', '一起加油', 'hotellife', '加油', '休息', 'hotel', 'street', '旅館']"
78,2019-05-12 18:44:39,昶佐和雨凡祝全天下的媽媽們母親節快樂喔❤️🌷 #台北 #台北市 #萬華區 #母親節 #母親節快樂 #母親節快樂💕 #母親節快樂🌹#mother #mother #mothersday,649,1,"['母親節', '母親節快樂', 'mother', '台北市', 'mothersday', '台北', '萬華區']"
79,2019-05-10 18:16:22,😌🙏🏼 #台北 #台北市 #萬華區 #龍山寺 #mother #mothersday #prayer #prayers #prayers🙏 #pray #taipei #wanhuadistrict,682,0,"['pray', '龍山寺', 'prayers', 'taipei', 'mother', '台北市', 'wanhuadistrict', 'mothersday', 'prayer', '台北', '萬華區']"
80,2019-05-07 19:32:09,來參加母親節活動捐助了學校家長會，但其實我也是看上贈品是米魯最愛的蜘蛛人氣球啦！🕷🕸🎈 #台北 #台北市 #萬華區 #母親節 #母親節快樂 #母親節快樂💕 #母親節快樂 #氣球 #蜘蛛人 #佩佩豬 #粉紅豬小妹 #baloon #baloons #baloons🎈 #spiderman #peppapig🌹#mother #mother #mothersday,489,3,"['母親節', '粉紅豬小妹', '母親節快樂', '蜘蛛人', 'peppapig', '氣球', '佩佩豬', 'mother', 'spiderman', '台北市', 'mothersday', '台北', 'baloon', 'baloons', '萬華區']"
81,2019-05-04 19:57:13,艋舺社區大學成果發表，這地方媽媽的太鼓團氣勢不輸閃靈的鼓欸😳 #台北 #台北市 #萬華區 #合照 #地方媽媽  #太鼓 #taiko #taikodrums #dancinggroup #fan #mother #mothersday #groupphotoshoot #taipei #wanhuadistrict,469,1,"['合照', '地方媽媽', 'groupphotoshoot', 'taiko', 'taipei', 'mother', '台北市', 'fan', 'wanhuadistrict', 'dancinggroup', 'mothersday', '太鼓', '台北', 'taikodrums', '萬華區']"
82,2019-05-01 15:19:39,某次上節目我親手做的年菜「金三角腐皮捲」，超好吃可惜我忘記怎麼做了😅 #灶神在家 #年菜 #廚藝  #美食 #下廚 #料理 #煮飯 #煮飯仔 #homecooking #homemadefood #fooddaily #foodpornography  #groupphotoshoot,508,2,"['年菜', '廚藝', '煮飯', '下廚', 'foodpornography', 'fooddaily', 'groupphotoshoot', '料理', 'homemadefood', 'homecooking', '美食', '煮飯仔', '灶神在家']"
83,2019-04-30 21:29:28,"#平成最後の晚餐

#萬華美食 #艋舺 #艋舺美食 #拿坡里
#烤雞翅 #平成 #平成最後 #平成最後の夕食 #平成最後の夕飯 #西園路",1050,4,"['平成最後の晚餐', '拿坡里', '平成', '平成最後の夕食', '西園路', '艋舺美食', '烤雞翅', '平成最後の夕飯', '艋舺', '平成最後', '萬華美食']"
84,2019-04-30 18:01:03,吳崢目前在林亮君議員辦公室擔任特助，聽說每天都超拼命的工作，真期待他之後的表現😎 #林亮君 #中山區 #大同區 #台北市議會 #市議員 #台北市議員 #時代力量 #美女,504,4,"['大同區', '市議員', '林亮君', '時代力量', '美女', '中山區', '台北市議員', '台北市議會']"
85,2019-04-29 17:58:28,最近買玩具都是買給米魯，買了一尊筋肉人雖然不算玩具，但總算是是買給自己的了😅 #玩具 #收藏 #筋肉人 #金肉人#キン肉マン #企鵝家族 #pingu #哆啦A夢 #ドラえもん #collection #collections #toy #toys,854,5,"['toy', '筋肉人', 'collections', 'ドラえもん', 'toys', '哆啦A夢', '企鵝家族', 'キン肉マン', 'collection', 'pingu', '金肉人', '玩具', '收藏']"
86,2019-04-28 20:53:12,雪山獅子旗🗻🦁 #西藏 #自由西藏  #國旗 #雪山獅子旗 #街頭攝影 #街拍 #flag #Free Tibet #street #streetart #streetphotography #photography #photographys,632,3,"['flag', 'streetart', 'photography', 'photographys', 'Free', 'streetphotography', '國旗', '街拍', '街頭攝影', '雪山獅子旗', '西藏', 'street', '自由西藏']"
87,2019-04-27 19:57:12,我這兩個助理整天在辦公室放閃，來參加西藏抗暴60週年遊行也要放閃，你們到底夠了沒啊 🤬 #西藏抗暴60週年 #自由西藏 #街頭攝影 #街拍 #boyfriend #girlfriend #couple #Free Tibet #love #relationship #street #sweet #sweets #streetart #streetphotography,828,26,"['couple', 'streetart', 'boyfriend', 'sweet', 'girlfriend', 'Free', 'streetphotography', 'street', 'sweets', '街拍', 'relationship', '街頭攝影', 'love', '西藏抗暴60週年', '自由西藏']"
88,2019-04-26 17:00:17,我的工作好夥伴總一，上班太認真到不小心太累睡著，真的是辛苦了耶嗚嗚 😭😂 #上班 #午睡 #午休 #初音未來 #初音ミク #凌波零 #綾波レイ #大耳狗 #偶像星願 #福音戰士 #新世紀福音戰士 #cosplay #HatsuneMiku #office #sleep #sleeping #sleepingbeauty,1021,7,"['初音未來', '福音戰士', 'sleep', '凌波零', 'cosplay', 'sleepingbeauty', '偶像星願', '上班', '大耳狗', '新世紀福音戰士', 'office', '午睡', '綾波レイ', 'sleeping', '初音ミク', 'HatsuneMiku', '午休']"
89,2019-04-25 20:44:49,一個長年來被髒亂隱藏的台北車站出入口，即將重整，即將重見天日 ☀️ #台北車站 #中正區 #Taipei #Zhongzhengdistrict #Taipeimainstation #Taipeimetro,470,3,"['台北車站', 'Taipeimainstation', 'Zhongzhengdistrict', 'Taipeimetro', '中正區', 'Taipei']"
90,2019-04-24 17:40:55,隱藏在西門町鬧區的這個廢墟，未來將成為西門町遊客資訊中心 😎 #萬華區 #西門町 #漢中街 #街頭攝影 #街拍 #Taipei #Wanhuadistrict #Ximending #street #streetart #streetphotography,456,2,"['Wanhuadistrict', 'streetart', 'streetphotography', '漢中街', 'street', '街拍', 'Ximending', '街頭攝影', '西門町', 'Taipei', '萬華區']"
91,2019-04-23 18:30:48,不離不棄是我兄弟！ 😎🏆 #中華職棒 #兄弟象 #CPBL #baseball #exhibition #sport #sports,368,4,"['中華職棒', 'sport', '兄弟象', 'baseball', 'exhibition', 'sports', 'CPBL']"
92,2019-04-22 16:57:04,叛徒啦～叛徒！欸不是...我愛HOW哥，HOW哥No.1！👍🏼 #howhow #howfun #howhowhasfriends #friend #friends #friendship #friendships,1799,26,"['howhow', 'friends', 'friend', 'friendships', 'friendship', 'howfun', 'howhowhasfriends']"
93,2019-04-21 18:25:03,一代「獅王神轎」🦁⚾️ #中華職棒 #統一獅 #師王神轎 #CPBL #baseball #exhibition #sport #sports,487,1,"['中華職棒', 'sport', 'baseball', '統一獅', 'exhibition', 'sports', 'CPBL', '師王神轎']"
94,2019-04-19 23:27:55,今天小捲帶兒子來找米魯跟麵龜，就變成這樣了。#baby #daddy #daughter #kids #cat #catandbaby #catandkid #親子 #奶爸 #奶爸日常 #奶爸人生 #女兒 #女鵝 #女鵝日常 #貓 #貓咪 #貓與小孩 #小孩與貓,1060,9,"['奶爸日常', '貓', '小孩與貓', '女鵝日常', 'kids', 'daughter', 'catandbaby', 'catandkid', '奶爸', '女鵝', 'cat', 'baby', 'daddy', '親子', '奶爸人生', '貓與小孩', '貓咪', '女兒']"
95,2019-04-17 15:59:07,神明沒有託夢給我，我只是在這裡為大家祈福🙏 #台北 #萬華 #萬華區 #遶境 #加蚋保儀大夫聖誕遶境 #Taipei #Wanhua #Traditions,1250,12,"['Traditions', 'Wanhua', '遶境', '萬華', 'Taipei', '台北', '加蚋保儀大夫聖誕遶境', '萬華區']"
96,2019-04-12 17:24:18,市議會開議啦～難得有前後任昶辦組頭同框，這兩個的臉一看就是認真魔人 😍💘 #林穎孟 #大安區 #文山區 #台北市議會 #市議員  #台北市議員 #時代力量 #美女,423,3,"['市議員', '時代力量', '文山區', '美女', '大安區', '台北市議員', '林穎孟', '台北市議會']"
97,2019-04-11 15:51:25,開議啦！來看議會裡認真工作的OL，啊不對，是市議員林亮君啦！😘 #林亮君 #中山區 #大同區 #台北市議會 #市議員 #台北市議員 #時代力量 #美女,416,2,"['大同區', '市議員', '林亮君', '時代力量', '美女', '中山區', '台北市議員', '台北市議會']"
98,2019-04-11 15:45:48,台北市議會開議囉，時代台北的議員們拴緊！郁芬我覺得你已經比花還美，講話的時候不需要拿著花了～😍 #黃郁芬 #士林區 #北投區 #台北市議會 #市議員 #台北市議員 #時代力量 #美女,337,0,"['市議員', '時代力量', '美女', '台北市議員', '士林區', '台北市議會', '北投區', '黃郁芬']"
99,2019-04-10 10:56:01,美女議員林亮君😍不過為何桌上要放一張鳳梨的畫呢？？？ #林亮君 #中山區 #大同區 #台北市議會 #市議員 #台北市議員 #時代力量 #美女,422,6,"['大同區', '市議員', '林亮君', '時代力量', '美女', '中山區', '台北市議員', '台北市議會']"
100,2019-04-09 15:20:37,就是今天，台北市議會開議了！三位美女會如何翻轉台北市請各位拭目以待喔🤩 #黃郁芬 #林穎孟 #林亮君 #大安區 #文山區 #中山區 #大同區 #士林區 #北投區 #台北市議會 #市議員 #台北市議員 #時代力量 #美女,437,7,"['大同區', '市議員', '林亮君', '時代力量', '文山區', '美女', '中山區', '大安區', '士林區', '台北市議員', '林穎孟', '台北市議會', '北投區', '黃郁芬']"
101,2019-04-08 19:08:55,可愛又兼具成熟氣息的美女議員！黃郁芬🥰 #黃郁芬 #士林區 #北投區 #台北市議會 #市議員 #台北市議員 #時代力量 #美女,358,1,"['市議員', '時代力量', '美女', '台北市議員', '士林區', '台北市議會', '北投區', '黃郁芬']"
102,2019-04-07 13:18:53,小時候的昶辦組頭林穎孟，現在已經長大成市議員了🤗 #林穎孟 #大安區 #文山區 #台北市議會 #市議員  #台北市議員 #時代力量 #美女,960,6,"['市議員', '時代力量', '文山區', '美女', '大安區', '台北市議員', '林穎孟', '台北市議會']"
103,2019-04-06 12:07:05,下次讓我來當亮君的司機吧～為議員服務😍 #林亮君 #中山區 #大同區 #台北市議會 #市議員 #台北市議員 #時代力量 #美女,496,0,"['大同區', '市議員', '林亮君', '時代力量', '美女', '中山區', '台北市議員', '台北市議會']"
104,2019-04-05 11:19:47,從昶辦組頭，成為市議會美女議員，到鏡週刊封面人物，穎孟 😍 #林穎孟 #大安區 #文山區 #台北市議會 #市議員  #台北市議員 #時代力量 #美女,734,5,"['市議員', '時代力量', '文山區', '美女', '大安區', '台北市議員', '林穎孟', '台北市議會']"
105,2019-04-04 18:13:49,那天帶米魯去動物園看獅子，他看了說也想養一隻 #baby #lion #zoo #cute #daughter #daughters #dad #dadlife #親子 #日常#育兒 #育兒日常 #育兒日記 #新手爸媽 #爸爸 #女兒 #動物園,676,7,"['daughters', '育兒', 'lion', 'daughter', '動物園', '日常', 'dadlife', 'zoo', '爸爸', '女兒', 'dad', '親子', 'baby', '育兒日常', '育兒日記', '新手爸媽', 'cute']"
106,2019-04-03 19:17:42,米魯第一次吃蝦味先，吃到不准別人碰，一人吃光光 #女兒 #蝦味先 #不給別人吃 #吃光光 #baby #daughter #daughters #dad #新手爸爸 #dadlife #新手爸媽 #日常 #育兒 #育兒日常 #育兒日記 #爸爸 #親子,614,5,"['吃光光', 'daughters', '育兒', '蝦味先', 'daughter', '日常', 'dadlife', '爸爸', 'dad', '育兒日常', 'baby', '親子', '育兒日記', '不給別人吃', '新手爸媽', '新手爸爸', '女兒']"
107,2019-04-02 15:01:11,帶米魯玩沙看他玩得好開心，我也好開心，結果回家被米魯的媽罰洗衣服 #baby #cute #daughter #daughters #sand #dad #dadlife #親子 #日常#育兒 #育兒日常 #育兒日記 #新手爸媽 #爸爸 #女兒,736,5,"['daughters', '育兒', 'daughter', '日常', 'dadlife', '爸爸', '女兒', 'dad', '親子', 'baby', '育兒日常', '育兒日記', '新手爸媽', 'sand', 'cute']"
108,2019-04-01 16:10:29,明明是要坐著滑但米魯都喜歡用來跑的，該不會是長大後想玩極限運動或跑酷吧 #baby #cute #daughter #daughters #dadlife #parkour #slide #weekend #dad #dadlife #親子 #日常#育兒 #育兒日常 #育兒日記 #新手爸媽 #爸爸 #女兒 #滑梯 #跑酷 #週末,638,1,"['daughters', 'daughter', 'slide', '滑梯', '新手爸媽', 'dad', '親子', 'baby', 'weekend', '育兒', '週末', 'dadlife', '育兒日常', '育兒日記', '女兒', 'cute', '日常', '爸爸', '跑酷', 'parkour']"
109,2019-03-31 15:42:21,摸狗其實是有技巧的，米魯非常有這方面天分，下次請米魯拍個摸狗教學影片跟大家分享好了 #baby #cute #daughter #daughters #dog #日常#育兒 #育兒日常 #育兒日記 #新手爸媽 #爸爸 #女兒 #狗 #摸狗 #汪星人 #,718,2,"['daughters', '育兒', 'daughter', '日常', '摸狗', '爸爸', '女兒', '育兒日常', 'baby', '狗', 'dog', '育兒日記', '汪星人', '新手爸媽', 'cute']"
110,2019-03-30 10:11:49,米魯很喜歡來公園玩，好險這點沒有遺傳到喜歡宅在家的我 #baby #park #cute #daughter #dad #daughters #dadlife #親子 #日常#育兒 #育兒日常 #育兒日記 #新手爸媽 #爸爸 #女兒 #公園,700,3,"['daughters', '育兒', '公園', 'daughter', 'park', '日常', 'dadlife', '爸爸', '女兒', 'dad', '親子', 'baby', '育兒日常', '育兒日記', '新手爸媽', 'cute']"
111,2019-03-28 22:16:09,明明才兩歲的米魯，為什麼背影看起來好像經歷了數十年的人生歷練 #baby #cute #daughter #daughters #dad #dadlife #親子 #日常#育兒 #育兒日常 #育兒日記 #新手爸媽 #爸爸 #女兒,892,7,"['daughters', '育兒', 'daughter', '日常', 'dadlife', '爸爸', '女兒', 'dad', '親子', 'baby', '育兒日常', '育兒日記', '新手爸媽', 'cute']"
112,2019-03-27 18:27:10,噢嗚阿公：米魯，袂使提別人的物件！ （Chicken Attack的影片故事是阻擋別人搶劫，所以我都用Chicken Attack來提醒米魯不能拿別人的東西！） #石井健雄 #雞雞攻擊 #chickenattack #takeoischi #台語 #taiwanese #台灣話 #阿公 #白髮 #雞攻擊の術 #雞攻擊之術,676,8,"['石井健雄', '阿公', '台語', '雞攻擊の術', 'taiwanese', '雞雞攻擊', '白髮', '台灣話', '雞攻擊之術', 'takeoischi', 'chickenattack']"
113,2019-03-27 18:26:22,"噢嗚阿公跟米魯打招呼

#石井健雄 #雞雞攻擊 #chickenattack #takeoischi #台語 #taiwanese #台灣話 #阿公 #白髮 #雞攻擊の術 #雞攻擊之術",1228,21,"['石井健雄', '阿公', '台語', '雞攻擊の術', 'taiwanese', '雞雞攻擊', '白髮', '台灣話', '雞攻擊之術', 'takeoischi', 'chickenattack']"
114,2019-03-27 17:14:27,喂米魯！你穿成這樣是要嚇死誰啦 #baby #cosplay #cute #daughter #daughters #cockroach #日常#育兒 #育兒日常 #育兒日記 #新手爸媽 #爸爸 #女兒 #蟲 #昆蟲,906,17,"['daughters', '育兒', 'cosplay', 'daughter', '日常', '爸爸', '女兒', '昆蟲', '育兒日常', 'baby', '蟲', '育兒日記', '新手爸媽', 'cockroach', 'cute']"
115,2019-03-26 20:22:02,以前看到喜歡的扭蛋都捨不得花錢，現在讓米魯玩扭蛋，他開心我也開心一舉兩得 #baby #cute #daughter #daughters #dad #dadlife #親子 #日常#育兒 #育兒日常 #育兒日記 #新手爸媽 #爸爸 #女兒 #扭蛋,776,6,"['daughters', '育兒', 'daughter', '日常', 'dadlife', '爸爸', '女兒', 'dad', '親子', 'baby', '育兒日常', '育兒日記', '扭蛋', '新手爸媽', 'cute']"
116,2019-03-25 16:32:37,#呂代表佳恩 #大港開唱 #大港開唱2019 #megaport #megaportfestival #GoToMegaport #去你的大港,536,1,"['megaport', 'GoToMegaport', 'megaportfestival', '大港開唱', '去你的大港', '大港開唱2019', '呂代表佳恩']"
117,2019-03-24 22:37:04,#大港開唱 #大港開唱2019 #megaport #megaportfestival #GoToMegaport #去你的大港,584,0,"['megaport', 'GoToMegaport', 'megaportfestival', '大港開唱', '去你的大港', '大港開唱2019']"
118,2019-03-24 21:19:34,#大港開唱 #大港開唱2019 #megaport #megaportfestival #GoToMegaport #去你的大港,253,0,"['megaport', 'GoToMegaport', 'megaportfestival', '大港開唱', '去你的大港', '大港開唱2019']"
119,2019-03-24 20:49:41,#大港開唱 #大港開唱2019 #megaport #megaportfestival #GoToMegaport #去你的大港,341,0,"['megaport', 'GoToMegaport', 'megaportfestival', '大港開唱', '去你的大港', '大港開唱2019']"
120,2019-03-24 19:59:49,#大港開唱 #大港開唱2019 #megaport #megaportfestival #GoToMegaport #去你的大港,1129,2,"['megaport', 'GoToMegaport', 'megaportfestival', '大港開唱', '去你的大港', '大港開唱2019']"
121,2019-03-24 16:36:34,#大港開唱 #大港開唱2019 #megaport #megaportfestival #GoToMegaport #去你的大港,531,1,"['megaport', 'GoToMegaport', 'megaportfestival', '大港開唱', '去你的大港', '大港開唱2019']"
122,2019-03-24 14:05:23,#大港開唱 #大港開唱2019 #megaport #megaportfestival #GoToMegaport #去你的大港,445,1,"['megaport', 'GoToMegaport', 'megaportfestival', '大港開唱', '去你的大港', '大港開唱2019']"
123,2019-03-24 12:10:47,#大港開唱 #大港開唱2019 #megaport #megaportfestival #GoToMegaport #去你的大港,347,0,"['megaport', 'GoToMegaport', 'megaportfestival', '大港開唱', '去你的大港', '大港開唱2019']"
124,2019-03-24 09:37:54,#大港開唱 #大港開唱2019 #megaport #megaportfestival #GoToMegaport #去你的大港,942,0,"['megaport', 'GoToMegaport', 'megaportfestival', '大港開唱', '去你的大港', '大港開唱2019']"
125,2019-03-23 22:59:36,#大港開唱 #大港開唱2019 #megaport #megaportfestival #GoToMegaport #去你的大港,1479,6,"['megaport', 'GoToMegaport', 'megaportfestival', '大港開唱', '去你的大港', '大港開唱2019']"
126,2019-03-23 20:44:19,#大港開唱 #大港開唱2019 #megaport #megaportfestival #GoToMegaport #去你的大港,658,0,"['megaport', 'GoToMegaport', 'megaportfestival', '大港開唱', '去你的大港', '大港開唱2019']"
127,2019-03-23 19:25:11,#大港開唱 #大港開唱2019 #megaport #megaportfestival #GoToMegaport #去你的大港,1090,2,"['megaport', 'GoToMegaport', 'megaportfestival', '大港開唱', '去你的大港', '大港開唱2019']"
128,2019-03-22 20:25:25,"米魯明明沒有在上網，是從哪學會吸貓這種事呀 
#baby #cat #cute #daughter #dad #daughters #dadlife #pet #pets #親子 #日常#育兒 #育兒日常 #育兒日記 #新手爸媽 #爸爸 #女兒 #貓",1044,15,"['daughters', '貓', '育兒', 'daughter', '日常', 'dadlife', '爸爸', '女兒', 'dad', 'cat', 'baby', '親子', 'pets', '育兒日常', '育兒日記', '新手爸媽', 'pet', 'cute']"
129,2019-03-21 16:39:14,米魯說：咱攏是捷客啦 #baby #taipei #metrotaipei #cute #daughter #daughters #台北捷運 #捷運 #捷客 #捷客劇場 #日常#育兒 #育兒日常 #育兒日記 #新手爸媽 #爸爸 #女兒 #巧虎 #可愛巧虎島 #小花 #親子,803,9,"['daughters', 'daughter', '巧虎', '捷客劇場', '可愛巧虎島', '新手爸媽', '小花', '親子', 'baby', '捷客', 'metrotaipei', '育兒', '捷運', 'taipei', '育兒日常', '育兒日記', '女兒', 'cute', '日常', '爸爸', '台北捷運']"
130,2019-03-20 18:02:22,"米魯說她要當凸凸樂的老闆，凸一次五元，結果她自己把洞都凸完了@@"" #baby #line #hellokitty #moon #cute #daughter #daughters #洞洞樂 #戳戳樂 #古早童玩 #日常#育兒 #育兒日常 #育兒日記 #新手爸媽 #爸爸 #女兒 #哈姆太郎 #洛克人 #饅頭人 #親子",897,16,"['daughters', 'daughter', '饅頭人', '洛克人', '新手爸媽', 'moon', '戳戳樂', '親子', 'baby', '洞洞樂', '育兒', '育兒日常', '古早童玩', '育兒日記', 'hellokitty', '女兒', 'cute', '日常', '爸爸', 'line', '哈姆太郎']"
131,2018-12-09 14:27:26,"#鹿野
#天空
#草地",264,4,"['草地', '鹿野', '天空']"
132,2018-12-09 11:36:41,"#鹿野 
#窗外 
#天空 
#山 
#溪 
#田",628,7,"['山', '田', '鹿野', '窗外', '溪', '天空']"
133,2018-11-07 21:20:36,"闊別十幾年再次與珊妮同台，那天在台大體育館。

#閃靈 #chthonic #chthonic閃靈 #重金屬 #搖滾 #金音獎 #陳珊妮 #台大 #台大體育館 #獨立音樂 #樂團",1001,5,"['獨立音樂', '樂團', '重金屬', 'chthonic閃靈', '閃靈', '台大', '台大體育館', '搖滾', '金音獎', '陳珊妮', 'chthonic']"
134,2018-10-28 23:35:03,"胡列底老師說

#chthonic #閃靈 #chthonic閃靈 #金音獎 #林昶佐 #立法委員 #重金屬 #makeup #化妝",913,5,"['立法委員', '重金屬', 'chthonic閃靈', '閃靈', '化妝', '林昶佐', 'makeup', '金音獎', 'chthonic']"
135,2018-09-17 17:09:36,"今天好像適合貼這張兩年多前的照片

#人夫
#瑪麗居里",1274,9,"['瑪麗居里', '人夫']"
136,2018-09-10 18:26:03,,421,1,[]
137,2018-08-08 03:41:30,#紐約 #受訪 #結膜炎,378,2,"['受訪', '紐約', '結膜炎']"
138,2018-08-05 07:19:38,"MDFK!
來米國領獎，結膜炎給我變超嚴重，這是在幹嘛啦！",876,13,[]
139,2018-07-24 02:20:43,"在歐洲吃亞洲料理一定要有這個。

#實神活愛家音大 #好詩好詩 #亞洲料理  #wok #gothenburg",330,4,"['gothenburg', '好詩好詩', '亞洲料理', '實神活愛家音大', 'wok']"
140,2018-07-21 22:15:02,東柏林,244,3,[]
141,2018-07-21 18:17:21,漢堡去柏林,267,0,[]
142,2018-07-19 20:54:14,"再會，最可愛的大眼妹。

#十年前的米芳",731,8,['十年前的米芳']
143,2018-07-17 21:50:50,"準備出差行李有夠麻煩，突然想到我有加分袋可以整裝一些零散的東西！剛剛好欸！

#時代力量
#黃郁芬
#士林北投加分
@voteyufen",353,1,"['黃郁芬', '士林北投加分', '時代力量']"
144,2018-07-14 18:14:11,"#內湖 #內湖南港 #金湖路 #成功路 #時代力量 #蕭新晟 #林昶佐
#洪慈庸 @hsiaoataipei",380,3,"['洪慈庸', '內湖南港', '金湖路', '時代力量', '林昶佐', '內湖', '蕭新晟', '成功路']"
145,2018-07-13 16:33:42,#立法院 #群賢樓 #天空,298,2,"['群賢樓', '天空', '立法院']"
146,2018-07-10 11:18:15,#越南料理 #越共美食 #pho #vietnam #vietnamesefood #中共美食在哪,339,5,"['越共美食', 'pho', 'vietnam', '越南料理', 'vietnamesefood', '中共美食在哪']"
147,2018-07-05 21:51:24,跟米魯玩水被拍之後，這幾天在立院都被問身材怎麼維持的。真不知道該怎麼回答。看看這張2015照片，現在的我根本廢掉了，哪有維持。嗚嗚，還我青春啊！ #林昶佐 #時代力量 #立法委員 #閃靈樂團 #chthonic,974,11,"['立法委員', '閃靈樂團', '時代力量', '林昶佐', 'chthonic']"
148,2018-06-29 23:57:17,"來紋身博覽會遇到一堆老朋友、又拉著我去介紹新朋友。想到前陣子有人要訪問我關於政治人物的同溫層太厚的問題，我覺得很難回答所以婉拒了。因為像今天這就我的同溫層，我不太知道這有什麼問題.... #林昶佐
#世界紋身菁英博覽會
#玄子 #刺青 #紋身 #tattoo
#花博爭艷館",883,5,"['紋身', 'tattoo', '林昶佐', '玄子', '花博爭艷館', '世界紋身菁英博覽會', '刺青']"
149,2018-06-28 16:56:36,"有個歌迷之前畫的。可是我右手不會那樣放吧。

#閃靈 #chthonic #林昶佐",403,3,"['林昶佐', '閃靈', 'chthonic']"
150,2018-06-27 16:41:35,"我的同仁她每天不一樣

#賴品妤 #賴總一 #台獨妖女",542,3,"['台獨妖女', '賴品妤', '賴總一']"
151,2018-06-27 14:05:26,"以前都在演唱會後台回AI的公務信。

#閃靈 #chthonic #閃靈樂團 #林昶佐 #國際特赦組織",568,2,"['閃靈樂團', '國際特赦組織', '閃靈', '林昶佐', 'chthonic']"
152,2018-06-26 17:37:39,"大概是兩三年前吧？

#林昶佐 #Freddylim #時代力量",795,25,"['Freddylim', '林昶佐', '時代力量']"
153,2018-06-24 22:44:13,#林昶佐 #FreddyLim #25歲不就是三年前嗎,961,28,"['林昶佐', '25歲不就是三年前嗎', 'FreddyLim']"
154,2018-06-23 17:53:16,"右手臂
#chthonic #chthonic閃靈 #林昶佐 #freddylim #時代力量",397,1,"['freddylim', 'chthonic閃靈', '時代力量', '林昶佐', 'chthonic']"
155,2018-06-22 20:59:02,#賀一航 #鄭進一,530,9,"['鄭進一', '賀一航']"
156,2018-06-21 16:23:48,"我有這個

#林昶佐 #大港開唱 #謝金燕",837,10,"['謝金燕', '大港開唱', '林昶佐']"
157,2018-06-20 23:53:22,以前不知道在哪裡拍到的，滿讚的。,507,6,[]
158,2018-06-20 19:27:39,2012吧,726,7,[]
159,2018-06-19 19:29:16,"我與溫嵐，唱什麼有點忘了

#林昶佐 #溫嵐 #金音獎 #閃靈",584,18,"['金音獎', '林昶佐', '溫嵐', '閃靈']"
160,2018-06-18 22:45:41,#豬哥亮 #林昶佐,383,3,"['豬哥亮', '林昶佐']"
161,2018-06-18 17:32:07,2013,337,0,[]
162,2018-06-18 10:13:39,,378,2,[]
163,2018-06-17 21:48:33,"2009
Credit: 易瑾",418,3,[]
164,2018-06-17 12:41:14,"好啊自拍都不揪的

#時代力量",462,6,['時代力量']
165,2018-06-17 08:23:09,阿嘶....,875,8,[]
166,2018-06-16 21:50:39,"2009
Photo credit: 易瑾

#閃靈樂團 #chthonic #閃靈 #時代力量 #林昶佐 #FreddyLim",574,2,"['閃靈樂團', '閃靈', '時代力量', '林昶佐', 'FreddyLim', 'chthonic']"
167,2018-06-16 18:22:43,"2009.
Photo credit: 易瑾

#閃靈樂團 #chthonic #閃靈 #時代力量 #林昶佐 #FreddyLim",908,8,"['閃靈樂團', '閃靈', '時代力量', '林昶佐', 'FreddyLim', 'chthonic']"
168,2018-06-16 16:32:20,"2009
Photo by 易瑾

#閃靈樂團 #chthonic #閃靈 #時代力量 #林昶佐 #FreddyLim #二胡 #立法委員",845,14,"['立法委員', '閃靈樂團', '閃靈', '時代力量', '林昶佐', 'FreddyLim', '二胡', 'chthonic']"
169,2018-06-06 21:21:11,,407,3,[]
170,2018-06-06 20:43:55,四年不見，你是不是搬家了？,192,0,[]
171,2018-06-05 20:12:14,謝謝讓我安靜做點事,309,0,[]
172,2018-06-02 20:45:26,跟郁芬在北投市場拜票，鄉親一直問她成年了沒，我只好一直爆出這女孩子的年紀……選舉真的好殘酷…… #黃郁芬,558,3,['黃郁芬']
173,2018-05-19 14:54:42,初次見面！,318,6,[]
174,2018-05-18 20:38:08,White Rabbit,219,2,[]
175,2018-05-15 17:03:01,"信義區

#林穎孟 #林昶佐",690,9,"['林穎孟', '林昶佐']"
176,2018-05-12 13:00:20,今天陪我們內湖南港的候選人蕭新晟到湖光市場拜票，結束後發現他攝影志工怎麼長得很像我朋友...該不會是妳吧？ ► 內湖南港 @hsiaoataipei 蕭新晟,486,7,[]
177,2018-05-11 11:14:01,"【郁芬、新晟、穎孟、亮君、吳崢！時代台北，五席全上！】 從2015組成時代力量到現在三年多，不斷面臨各種挑戰與嶄新的成長。而我心中最重要的動力與使命，便是鼓舞更多厲害的優秀年輕人，一起來參與政治，改變政治。也正因為有這些厲害的人持續加入這個推動台灣進步的行列，甚至願意站出來參選，讓我對台灣的未來一直都能抱持著正面樂觀的信心。

士林北投的黃郁芬。2014年太陽花學運的時候，她身為發言人面對媒體，能夠理性冷靜、成熟穩健地表達理念，分析局勢。當年她才24歲，我感到非常驚艷。之後郁芬離開學校後，進入立法院擔任幕僚，也到黨產會擔任研究員，繼續在不同的角落為理想打拚。這幾年來，我只是遠遠憧憬郁芬而不認識她，直到去年才鼓起勇氣邀請她加入時代力量投入年底的大選。幾個月的遊說，終於讓她改變人生計畫，加入我們。 
內湖南港的蕭新晟。我2015年認識了他這位旅居紐約的新創科技公司的工程師。這幾年來他串連了許多台灣留學生們用各種方式支持著台灣新政治的行動，更與國內的新創者合作開發了「國家寶藏」線上計畫，用新科技與行動力將國際間許多不為人知的台灣歷史檔案拼湊出動人的故事。這樣有國際觀與台灣心的新創科技高手，讓我一直想把他挖回台灣。終於在去年他答應舉家搬回台北，加入時代力量投入大選。

找到郁芬跟新晟，湊齊了最後兩塊拼圖，讓台北市團隊更加的完整、全面。時代力量台北團隊，這五位候選人，我有十足的信心向各位市民朋友拍胸脯掛保證！

回想這兩年多來蒐集五位夥伴的過程，其實可以說是很離奇。我想如果讓五位候選人講起我，應該都是吐槽比較多。有被我帶一群助理衝到機場堵人，也有情人節夜晚我毫不體貼地奪命連環叩去打擾對方，還有鍥而不捨派出我剛滿一歲的女兒來動之以情。不過正因為這樣，今天，我很驕傲，也很珍惜，這絕對是台北市最強團隊！吳崢、穎孟、亮君、新晟、郁芬，這五位優秀的年輕人，都是各個區域最獨一無二的選擇！

我要邀請所有的年輕朋友、台北市民們，準備跟我們一起經歷一場不一樣的選戰，再次見證台灣政治的改變！

2018，來吧！台北新世代！ ► 士林北投 黃郁芬@voteyufen ► 內湖南港 蕭新晟@hsiaoaaa ► 中山大同 林亮君@sabrinalin1225 ► 大安文山 林穎孟@linyingmeng ► 松山信義 吳崢@votewucheng1124

#時代力量 #林昶佐 #2018選舉 #2018台北市選舉 #吳崢 #林穎孟 #林亮君 #蕭新晟 #黃郁芬",578,15,"['吳崢', '林亮君', '時代力量', '2018選舉', '林昶佐', '2018台北市選舉', '蕭新晟', '林穎孟', '黃郁芬']"
178,2018-05-06 17:20:55,換我當順風耳了啦！,345,1,[]
179,2018-05-05 22:19:57,風舞台2018,462,0,[]
180,2018-05-01 08:27:52,幫米魯謝謝達賴喇嘛。,416,1,[]
181,2018-04-24 13:51:29,【新同事入陣：賴品妤！】 隨著多位同事加入市議員選戰團隊作戰，昶辦也陸續補入生力軍！照片中與退輔會討論預算解凍案的女子，是昶辦新任法案助理賴品妤，也就是人稱台獨妖女的賴總一，我想我們應該會合得來。,419,0,[]
182,2018-04-20 14:43:27,"【讓我們祝福紅毯上的伴侶吧！】 從昨天清晨到今天上午，我們時代力量在議場外排班排隊，就為了今天要在院會提案增列婚姻平權法案，但執政黨卻要求「僅列」他們提出的議案，形同婚姻平權法案又被阻擋了。

前天中選會宣佈反同團體的公投成案，引起關心婚姻平權大家的高度關注💢。去年5月大法官釋憲，明確指出應給予同性如同異性一般的婚姻保障，如今快一年，婚姻平權的修法卻沒有任何新的進展。這麼多相愛的人們願意許諾婚姻為彼此負責，我們身為國會議員，不能再這樣不負責任拖延下去！",662,5,[]
183,2018-04-20 14:40:47,台灣台北阿明哥！,229,0,[]
184,2018-04-19 23:27:39,"「祝福所有相愛的人們！」 為了能將婚姻平權法案列入明天院會議程，時代力量的立委自今天清晨開始在議場門外排班排隊，我的班是傍晚守到今天午夜。

結婚十七年，我們儘管曾遇過瓶頸、面對過挫折，但仍深深覺得相愛的伴侶願意走上紅毯、互相許諾扶持，是很浪漫的事。讓相愛的人不分同性異性都有權結婚，不只是我的理想，更是我的祝福。立法院真的別再拖下去了！

#謝謝團長在附近應酬完來陪我餵蚊子
#快回去顧米魯吧妳",1186,7,"['快回去顧米魯吧妳', '謝謝團長在附近應酬完來陪我餵蚊子']"
185,2018-04-10 07:51:23,當年根本一看就知道是你們。,449,7,[]
186,2018-04-09 11:50:27,達賴喇嘛3號,441,1,[]
187,2018-04-08 21:08:23,謝謝天公伯賜給我這幾個小時。,339,1,[]
188,2018-04-08 16:54:33,一個人放風沒多久決定來找另一個人。,368,1,[]
189,2018-04-08 15:47:28,連假最終日，一人的享受，泡麵！！！,327,0,[]
190,2018-04-08 14:05:03,連假最後一天，終於有幾小時空檔。看到天氣晴朗，決定關到練團室把這兩年幾個愛團的作品放超大聲來聽看看有沒有他媽的驚喜。,375,2,[]
191,2018-04-06 17:39:37,最近只要我躺著用手機，妳就來坐到我臉上。搞屁啊妳，不能呼吸了啦！,578,10,[]
192,2018-03-24 16:33:03,又贏了。,415,10,[]
193,2018-03-24 16:08:09,贏了,557,11,[]
194,2018-03-22 18:56:36,哲毓，大港見！,696,1,[]
195,2018-03-14 15:03:55,發現我還有這張海報。,269,1,[]
196,2018-03-10 15:07:15,,195,0,[]
197,2018-03-08 10:14:18,大港見,791,4,[]
198,2018-03-03 23:59:05,剛在哲毓追思會遇到不少朋友問我兩個問題。一、哲毓公祭我給的輓聯是「壯志未酬」是故意逼大家哭嗎？ㄜ，不是，我是今天才知道輓聯上寫什麼，是我辦公室太猛。二、我請小韓代念的追思文很感人，可以PO上來嗎？ㄜ，就不了吧，就留在我跟哲毓之間吧。,481,3,[]
199,2018-02-23 22:10:25,米魯前幾天發現家裡還有這張，未拆封的。,268,2,[]
200,2018-02-18 11:04:41,老地方都一樣,212,5,[]
201,2018-02-17 16:29:36,老地方不一樣,288,3,[]
202,2018-02-11 02:17:36,逃生門迎夢,234,4,[]
203,2018-02-10 02:59:17,馬特拉不拉,241,5,[]
204,2018-02-10 02:14:38,吳崢前進華府,279,0,[]
205,2018-02-05 23:43:54,,178,0,[]
206,2018-02-05 03:51:18,灣區電視台專訪,274,1,[]
207,2018-02-05 01:29:53,西雅圖迎夢,300,4,[]
208,2018-02-04 08:46:40,在美國某地上網，語言選單長這樣。,442,11,[]
209,2018-02-03 08:20:28,,165,0,[]
210,2018-02-02 22:24:26,吳崢前進登機門,305,1,[]
211,2018-01-30 15:15:33,立法委員議員,333,1,[]
212,2018-01-24 22:01:35,掃街,244,3,[]
213,2018-01-23 21:26:58,我這種不相信來世的人，真的很慘,245,6,[]
214,2018-01-20 18:24:59,打領帶比哄米魯還令人焦躁,328,1,[]
215,2018-01-19 19:53:30,田中達之特展,191,0,[]
216,2018-01-16 11:33:33,發,516,5,[]
217,2018-01-14 13:59:45,空,200,3,[]
218,2018-01-14 13:47:15,漁,238,3,[]
219,2018-01-12 12:11:52,Go Fight!!,256,0,[]
220,2018-01-05 23:09:26,,287,4,[]
221,2018-01-05 16:58:28,,321,1,[]
222,2018-01-04 11:16:11,,298,4,[]
223,2018-01-04 10:12:54,,220,15,[]
224,2018-01-03 23:07:14,兩三年前的事情，好像是上輩子。,657,8,[]
225,2017-12-31 20:52:45,2017，有家人離開，也有新兒誕生。可能心情起伏大，所以寫了不少歌。休會的時候，在Halmstad的圖書館想了很多，政治這條路，雖還沒像吳崢想得那麼簡單明瞭，但清晰許多。幾年前殺青的電影《衝組》因為我參選而延宕，感謝鄭文堂導演與電影團隊的用心，交出這部令人開心的好作品，讓我們在2017年總算實現了跟歌迷朋友的約定。圖片是《衝組》片中我與吳朋奉熱血互嗆的畫面，被剪掉了，但記憶是剪不掉的。生命中曾經相遇的人，感動過的事，都是真實存在的，感謝你們。,654,1,[]
226,2017-11-22 20:28:24,陪伴我們四十多年的幸安市場B1傳統市場，這幾天變成家樂福了。,285,2,[]
227,2017-09-11 22:00:34,呆,207,0,[]
228,2017-09-11 02:21:16,市政府,332,2,[]
229,2017-09-10 20:55:21,,254,1,[]
230,2017-09-06 22:22:33,呆,202,1,[]
231,2017-09-03 01:29:11,傻瓜，雖然我跟你不同方向，但阿爾胡斯我可熟得很。,215,3,[]
232,2017-07-03 23:30:29,到貨。,244,7,[]
233,2017-05-09 19:14:25,媽媽手。,269,3,[]
234,2017-03-29 15:44:10,,579,20,[]
235,2017-02-11 07:14:26,起床倒水，放在桌上，等下要喝，結果,368,6,[]
236,2017-02-10 18:49:26,,225,5,[]
237,2016-12-16 22:57:36,米芳不用呼吸,288,4,[]
238,2016-12-11 16:52:40,差點忘了我有IG,409,12,[]
239,2016-10-16 13:22:37,窗外的大黑天,196,7,[]
240,2015-04-26 23:13:08,好久沒用instagram，貼一張在菲律賓的看看,396,12,[]
241,2015-01-23 21:43:26,路邊喝個湯都看到我們家大港的藝人,78,1,[]
242,2014-12-28 17:55:04,新武器好漂亮,100,1,[]
243,2014-11-20 09:49:43,更！我發現我有一張麻油雞小時候的照片！,76,2,[]
244,2014-10-29 16:06:33,回到幸安市場附近，發現從國小開始一整個學生時代都在吃的便當店兼鹽酥雞老闆娘衝出來選里長了。,73,1,[]
245,2014-09-27 13:44:08,我的田,185,15,[]
246,2014-09-20 15:28:49,宿霧人講代誌,47,0,[]
247,2014-09-19 20:01:03,宿霧巷子,38,0,[]
248,2014-09-18 16:06:17,Cebu,45,0,[]
249,2014-09-13 11:35:51,七點起床準備上工,46,0,[]
250,2014-09-04 19:16:12,"高雄也獨立。
@",69,0,[]
251,2014-09-03 21:03:02,今晚我的朋友好獨立,40,0,[]
252,2014-09-03 19:44:44,這幾天每晚都獨立,50,1,[]
253,2014-09-02 19:57:18,獨立，一試成主顧。,154,5,[]
254,2014-08-29 22:56:23,在桃園演講，北台灣麥酒老闆雄雄送一箱尚未上市的閃靈獨立啤酒來。台上台下開喝的結果就是我QA無止盡，錯過回程車次，只好坐區間車回台北。,76,1,[]
255,2014-08-07 18:56:29,辦在軍事碉堡古蹟的捷克音樂祭一隅。會場隨著碉堡的奇特形狀切割不同區塊，延伸出幾個舞臺、BAR區、簽名會場...,43,1,[]
256,2014-08-07 01:15:28,走過這個坑道，就是舉辦在二戰碉堡古蹟，有廿年歷史的捷克音樂祭 Brutal Assault了。閃靈今晚八點黃金時段，主舞臺。,45,0,[]
257,2014-08-06 20:40:03,三年後的小捲,40,0,[]
258,2014-08-06 19:46:02,大老遠跑來捷克小鎮吃個亞洲菜還遇到個蔣經國老闆一直說我台灣人也是中國人,33,2,[]
259,2014-08-06 18:50:56,布拉格伯朗咖啡,53,1,[]
260,2014-08-05 04:35:35,"放在博物館裡面的樂團：宇宙塑膠人
（今天去了捷克共產博物館）",43,4,[]
261,2014-08-05 03:26:27,布拉格,54,2,[]
