,time,post_caption,likes,comments,tags
0,2019-12-06 15:38:12,"你要的是左邊的銀聖誕卡，還是右邊的金聖誕卡呢？⁣
⁣⁣
⁣12月24日，信義區街頭發送，限量五百張。⁣
⁣⁣
⁣附帶一提，我要控訴那個印刷廠，銀聖誕卡是故意做了白邊、故意把字切掉，但是印刷廠居然幫我們修正了這些排版上的錯誤！到底懂不懂非常好色美學啊！？！？！傻眼。",22999,437,[]
1,2019-12-02 21:15:17,"地球只有一個，但是⁣
⁣⁣
⁣沒，叫你記得票投吳怡農啦⁣
⁣⁣
⁣#呱吉日常⁣
⁣#第一次選舉站台演說",28231,167,"['呱吉日常', '第一次選舉站台演說']"
2,2019-11-30 13:56:32,"我是大藝術家

#呱吉日常
#鐵達尼
#寶寶
#愛的故事",9337,194,"['呱吉日常', '鐵達尼', '寶寶', '愛的故事']"
3,2019-11-29 12:57:38,"我說今年不發春聯，改去街頭發聖誕卡，我的助理用非常好色做了一張

怎麼那麼優秀",23887,426,[]
4,2019-11-23 21:41:39,週末到了，同事怕我迷路，幫我做了掛牌,34600,188,[]
5,2019-11-18 14:03:35,"在歡樂無法黨創黨大會後台練習卡祖笛，練習完以後心情變很好⁣
⁣⁣
⁣#呱吉日常⁣
⁣#真的是卡祖笛",28637,288,"['呱吉日常', '真的是卡祖笛']"
6,2019-11-18 12:09:48,"關於昨天有人質疑我為何中社路就一條還可以迷路，本席在這裡針對昨天發言做出澄清。⁣
⁣⁣
⁣昨日晚上五點，臨時起意跳上單車，決定來個久違的復健。於是選了最簡單的劍南->中社路線，來測試自己的基礎體力。⁣
⁣⁣
⁣但因為半年以上沒騎車，車頭燈在劍南路上就沒電了，手機架年久失修，半路就噴出去。⁣
⁣⁣
⁣我把手機暫放在單車包內，心想沒導航也沒關係吧，中社路就一條而已。我自信滿滿地繼續騎車前進。⁣
⁣⁣
⁣回程時，一路下滑，不想走原路。我記得仰德大道底端有個通往河濱的入口。但不知道為何我怎樣都找不到。越騎越遠，等我回過神時，我已經看到中山北路五段的麥當勞。⁣
⁣⁣
⁣我出發時在自己的地盤松山區，我原本以為會在高嘉瑜的管區折返，但是最後我竟然發現自己出現在黃郁芬的領域。我感覺自己像是一隻迷路的小狗，原本只想回家，但卻越走越遠。⁣
⁣⁣
⁣晚上八點騎經士林夜市，到處都是歡鬧的人群。一個半小時前老婆還在電話上問我人在哪裡，但我該如何合理解釋自己莫名其妙的行蹤。⁣
⁣⁣
⁣為了安慰自己，經過林亮君地盤的女王漢堡時，決定吃個炸雞漢堡。為了減脂我很忍耐，我沒有點巧克力奶昔。⁣
⁣⁣
⁣#呱吉日常",19619,204,['呱吉日常']
7,2019-11-17 18:43:41,拍完這張照片的10分鐘後迷路，現在還沒回家幹,30431,226,[]
8,2019-11-15 21:01:22,"2x歲時客串電影惡女列傳，男主角是鍾漢良，朋友偶然看見截圖給我。⁣
⁣⁣
⁣真騷。",27496,299,[]
9,2019-11-08 18:16:13,We will rock you!,10396,112,[]
10,2019-11-07 16:10:53,"呱吉的台語練習第二集⁣
⁣⁣
⁣#呱吉日常⁣
⁣#東燁的奶奶還在世⁣
⁣#東燁最近常常請假說要看奶奶⁣
⁣#我都質疑你去看的高雄奶奶是不是那個奶奶",15535,165,"['呱吉日常', '東燁的奶奶還在世', '東燁最近常常請假說要看奶奶', '我都質疑你去看的高雄奶奶是不是那個奶奶']"
11,2019-11-05 16:49:37,"各位小朋友要學好台語喔⁣
⁣⁣
⁣#呱吉日常",13526,201,['呱吉日常']
12,2019-10-28 20:10:52,聽說柴犬是狗界的貓 （謝謝Allen 的側拍）,24831,19,[]
13,2019-10-28 19:08:22,"誰說本體是眼鏡，是手才對吧⁣
⁣⁣
⁣#呱吉日常⁣
⁣#寶寶⁣
⁣#小花⁣
⁣#Didi",9942,62,"['呱吉日常', 'Didi', '寶寶', '小花']"
14,2019-10-22 22:37:55,"今天和美國鳳凰城市長與代表們一起吃飯，我忍不住問了這個困擾多年的問題⁣
⁣⁣
⁣看不懂不是你的錯，也不是我的，是時間太過匆匆⁣
⁣⁣
⁣#呱吉日常⁣
⁣#Phoenix⁣
⁣#MacGyver",25846,138,"['呱吉日常', 'MacGyver', 'Phoenix']"
15,2019-10-19 23:00:09,"什麼？我得到第一屆走鐘獎最佳顏值獎？！我不希望大家只關注我膚淺的皮相與肉體啊！

蛤？要辦第二屆了！？這次不能再頒獎給我，要頒給所有台灣的優秀創作者？太扯，就算範圍變成台灣，我還是有資格得獎的啊。

總之，我們要辦第二屆了，這次這個獎是屬於大家的。",36034,124,[]
16,2019-10-15 19:31:43,人面失身,20449,162,[]
17,2019-10-04 16:44:19,"為什麼公司的記憶卡一直不見，是有老鼠會吃記憶卡嗎？⁣
⁣⁣
⁣#呱吉日常⁣
⁣#記憶卡⁣
⁣#高速的",27818,432,"['呱吉日常', '記憶卡', '高速的']"
18,2019-09-29 20:01:22,"前往遊行的路上，謝謝旁邊的路人幫我很多忙

#撐香港",34339,159,['撐香港']
19,2019-09-20 18:03:05,"被罵到模糊⁣
⁣⁣
⁣#呱吉日常⁣
⁣請訂閱 @hola_havana",25622,566,['呱吉日常']
20,2019-09-18 16:38:07,"我當爸爸了⁣
⁣⁣
⁣#呱吉日常⁣
⁣#寶寶",21662,375,"['呱吉日常', '寶寶']"
21,2019-09-14 17:39:52,"原本Life周記的葡萄牙迷你高爾夫應該是這個企劃才對⁣
⁣⁣
⁣#呱吉日常⁣
⁣#里斯本⁣
⁣#葡萄牙⁣
⁣#Portugal⁣
⁣#lisbon",15062,102,"['呱吉日常', 'lisbon', '里斯本', 'Portugal', '葡萄牙']"
22,2019-09-13 17:34:43,"跟著月亮走，烤肉不操搭⁣
⁣⁣
⁣中秋節快樂，敬請期待下週二上班不要看周記的潮流新片",17122,51,[]
23,2019-09-12 16:27:24,"30秒殺柚子，小蛋糕一塊⁣
⁣⁣
⁣#呱吉日常⁣
⁣#中秋節⁣
⁣#柚子",18521,297,"['呱吉日常', '中秋節', '柚子']"
24,2019-09-06 21:01:28,"在酒吧裡看見香菜沙拉這道菜

真的都是香菜",19360,462,[]
25,2019-09-05 17:14:35,"「每週都給我剪一支有趣的短影片出來，」已經懶得自己剪IG影片的呱吉這樣要求東燁。⁣
⁣⁣
⁣「沒問題，我想了一個全新型態的IG影片呢！」少年興奮地說。⁣
⁣⁣
⁣嗯，嗯，嗯，嗯？⁣
⁣⁣
⁣#這種影片好像在哪裡看過⁣
⁣#如果世界上只剩下這種音樂不如一槍打死我",13137,112,"['這種影片好像在哪裡看過', '如果世界上只剩下這種音樂不如一槍打死我']"
26,2019-08-30 20:44:02,"每年都要拍幾次假掰照⁣
⁣⁣
⁣謝謝 @GQtaiwan @Voguetaiwan 的超自然攝影技術
⁣⁣
⁣#社群風格名人獎⁣
⁣#voguetaiwan",33910,403,"['社群風格名人獎', 'voguetaiwan']"
27,2019-08-23 19:55:04,"說什麼情談什麼愛，父親節一副老闆就是我的天，等我真的回國了就變成這樣蛤⁣
⁣⁣
⁣#呱吉日常⁣
⁣#一回國就拿相機拍了我半小時我就知道沒好事",19890,193,"['呱吉日常', '一回國就拿相機拍了我半小時我就知道沒好事']"
28,2019-08-22 18:33:01,"父親節那一天我在葡萄牙收到這個影片⁣
⁣⁣
⁣三小朋友？",22290,233,[]
29,2019-08-15 21:22:06,"快去給我看上班不要看的爆尿公社EP2，這集真的超狂，蔡哥Respect辣⁣
⁣⁣
⁣#上班不要看⁣
⁣#呱吉日常⁣
⁣#Portugal⁣
⁣#Porto",16965,137,"['上班不要看', 'Portugal', '呱吉日常', 'Porto']"
30,2019-08-14 19:20:20,"看到這些照片的人，會瘦的吧

#portugal #porto #lisbon",20311,255,"['portugal', 'porto', 'lisbon']"
31,2019-08-12 00:49:04,I am fine. Thank you. And you?,39576,451,[]
32,2019-08-02 20:28:52,"今天有夠累

#黑貓
#很多隻黑貓",26312,157,"['很多隻黑貓', '黑貓']"
33,2019-07-31 23:21:35,巧遇可愛的 @bibiyeh330 幫我拍了這張,30267,146,[]
34,2019-07-26 23:28:32,"我是個認真的男人

#呱吉日常
#愛情雨
#9m88",18497,187,"['呱吉日常', '9m88', '愛情雨']"
35,2019-07-22 16:03:53,"哈囉大家好，有個不太好意思的事情想跟你們說，要做不做隨便你們啦，我只是…⁣
⁣⁣
⁣就是，那個，我打開我個人Youtube頻道的會員功能了，一個月75塊。但我要強調，不論有會員沒會員，都不會對任何觀眾做差別待遇，所有的影片一樣是免費公開。⁣
⁣⁣
⁣只是會員有一些特殊功能：⁣
⁣1.呱吉直播、首播影片聊天室特殊顏色ID、顯示特殊會員徽章以及會員專屬聊天室貼圖，讓你在直播裡的留言顯得特別，對，就你最特別啦。⁣
⁣⁣
⁣2.只要會員突破1000人，呱吉將另外開設podcast頻道，呱吉電台變成廣播節目，讓你可以隨時隨地收聽；會員突破2000人的話，我們將開放會員才能夠參加的呱吉現場直播，大家將可以看我平時是如何直播，也許現場會有一些有趣的即時互動～⁣
⁣⁣
⁣真的…就…看你啦，我沒有要勉強。只是呱吉頻道不做業配，真的比較…沒有啦，我亂講的，還好啦。",17704,227,[]
36,2019-07-15 20:01:09,"我不需要喝苦茶，因為人生已經很苦⁣
⁣⁣
⁣#呱吉日常⁣
⁣#冰箱裡窮到只剩下苦瓜",24181,194,"['冰箱裡窮到只剩下苦瓜', '呱吉日常']"
37,2019-07-07 23:26:38,"我在現場親眼目睹黃金12猛漢在沼澤裡蕉流

#呱吉日常
#根本肉體交纏ㄌ
#覺醒音樂祭
#火燒島",14523,112,"['呱吉日常', '覺醒音樂祭', '火燒島', '根本肉體交纏ㄌ']"
38,2019-07-07 19:13:15,"10年前

撞色的時尚搭配，和帶有一點殺馬特味道的憂鬱

#懷舊星期四
#腳踩不到地其實",39497,481,"['懷舊星期四', '腳踩不到地其實']"
39,2019-07-01 20:49:17,"被曹小歐無情否決的老闆視角⁣
⁣⁣
⁣還沒看上週上班不要帆船賽得大獎影片的趕快去看辣⁣
⁣⁣
⁣#呱吉日常⁣
⁣#語無倫次⁣
⁣#老人症頭",15148,100,"['語無倫次', '呱吉日常', '老人症頭']"
40,2019-06-28 18:17:42,為蛇魔女生很愛拍這種照片？,29018,852,[]
41,2019-06-27 17:07:41,正式說明灰色的鞋,19146,624,[]
42,2019-06-26 17:35:28,"不見不傘⁣
⁣⁣
⁣#呱吉日常⁣
⁣#戰鬥力超過9000",21519,188,"['呱吉日常', '戰鬥力超過9000']"
43,2019-06-25 13:52:29,"今天很累，所以請戴上耳機，休息50秒⁣
⁣⁣
⁣#呱吉日常",15500,135,['呱吉日常']
44,2019-06-17 20:00:11,"海闊天空⁣
⁣⁣
⁣#反送中⁣
⁣#立法院",32657,244,"['反送中', '立法院']"
45,2019-06-11 21:09:51,覺醒音樂祭倒數26天,18151,112,[]
46,2019-06-03 19:12:10,"都給我華起來！

被邀請去客串國際橋牌社 1992年中韓斷交時的愛國青年

台詞就一句「韓國人滾出去」，就是個跑龍套的。",36656,269,[]
47,2019-06-02 22:30:06,"你覺得蘿蔔糕加蛋是加什麼蛋？⁣
⁣⁣
⁣為什麼大家的答案是不一樣的？！震驚了！！！⁣
⁣⁣
⁣#呱吉日常⁣
#先講我荷包蛋派
⁣#上班不要看⁣
⁣#Life週記可以去看一波",23485,847,"['上班不要看', '呱吉日常', '先講我荷包蛋派', 'Life週記可以去看一波']"
48,2019-05-25 19:13:21,"我要解釋一下，後面那個，是因為同事想教我怎麼講正港南部風格的民俗俚語....⁣
⁣⁣
⁣#呱吉日常⁣
⁣#人生晚長",16158,164,"['人生晚長', '呱吉日常']"
49,2019-05-25 00:30:42,2019年5月24日，台灣成為亞洲第一個可以讓同志合法婚姻的國家，我在台北市信義區區公所這裡觀看20位新人的聯合婚禮,23543,84,[]
50,2019-05-24 15:18:34,"可以結婚了⁣
⁣⁣
⁣#吳崢⁣
⁣#林亮君⁣
⁣#同志⁣
⁣#婚姻平權",25374,97,"['林亮君', '同志', '吳崢', '婚姻平權']"
51,2019-05-18 19:08:33,"還沒看猜歌大賽最終回的快去看辣⁣
⁣⁣
⁣#猜歌大賽我最愛⁣
⁣#上班不要看",13840,352,"['上班不要看', '猜歌大賽我最愛']"
52,2019-05-14 22:25:15,"我們還在馬拉松的半路上⁣
⁣⁣
⁣#同志婚姻⁣
⁣#同志遊行",26928,147,"['同志遊行', '同志婚姻']"
53,2019-05-14 19:44:30,最近觀眾和同事都嫌我這件格子襯衫讓我顯黑變醜，好啊那我換一件格子可以吧,36435,345,[]
54,2019-05-13 00:52:06,"話說今天騎單車時路過象鼻岩，嗯⁣
⁣⁣
⁣#呱吉日常⁣
⁣#紅衣服是 @lindalovescycling ⁣#白衣服是 @weicutey",12174,90,"['紅衣服是', '呱吉日常', '白衣服是']"
55,2019-05-12 21:39:56,"今天和 @weicutey 與 @lindalovescycling 一起為了女孩初走計畫衝了一段北海岸，骨頭差點散掉，但是平安抵達終點基隆了。

#初走計畫",24119,120,['初走計畫']
56,2019-05-10 17:36:13,市議員體恤市民，親繫拉鍊,28908,777,[]
57,2019-05-05 16:34:12,"辦公室裡的性騷擾真的很可怕，我們譴責呱吉的同時，也希望大家支持30年來不斷在家暴、反性侵等社會議題上努力的勵馨基金會

#不是呱吉的日常
#真的不是
#如果是我就",15053,114,"['不是呱吉的日常', '如果是我就', '真的不是']"
58,2019-04-28 22:12:48,"只想要吃得飽飽的滿足感⁣
⁣⁣
⁣#呱吉日常⁣
⁣#孤獨的美食廢人Light",18689,160,"['孤獨的美食廢人Light', '呱吉日常']"
59,2019-04-19 16:44:57,"為什麼要剪這種讓我下地獄的影片？

#呱吉日常
#兔子
#性淫蕩",15739,156,"['兔子', '呱吉日常', '性淫蕩']"
60,2019-04-14 15:52:40,"我當你是兄弟

#本片並沒有任何兄弟受到傷害
#如果有那是因為你是我兄弟",22703,458,"['如果有那是因為你是我兄弟', '本片並沒有任何兄弟受到傷害']"
61,2019-04-12 17:26:22,"真的是剛開始搞，什麼都不懂，一早去了議會才發現

菜到那個辦公室裡養的兔子都想一口吃掉我的那種菜",18704,169,[]
62,2019-04-02 14:44:10,愚人節已經過了，要跟市議會學長去跑馬拉松了嗚嗚,23769,149,[]
63,2019-03-28 17:38:05,"我好想死，殺了我

#呱吉日常
#大港開唱
#皮卡皮卡",16922,184,"['皮卡皮卡', '呱吉日常', '大港開唱']"
64,2019-03-27 23:22:25,"在小林海產吃了晚餐後，順路經過這裡，老闆主動打了招呼，問我要不要喝一杯康寶藍

天氣好的時候就是要散步

#呱吉日常
#咖啡
#一席",14250,115,"['咖啡', '呱吉日常', '一席']"
65,2019-03-25 19:46:29,"據說這張照片裡面有一個很帥的人

#大港開唱
#是我嗎
#一定是我",31178,269,"['是我嗎', '大港開唱', '一定是我']"
66,2019-03-23 22:15:40,"誰摸我的蛋蛋

大港開唱的演出真的很爽，我要回家陪老婆了，謝謝你各位啊

照片由 @megaportfest 攝影師拍攝

#大港開唱",31043,263,['大港開唱']
67,2019-03-22 20:05:00,"我真的很愛吃

#呱吉日常
#汁液型男",14653,148,"['呱吉日常', '汁液型男']"
68,2019-03-21 20:25:21,"給你們看看我身為熟男的魅力

#呱吉日常
#藍正龍
#Suitwalk2019",29496,451,"['呱吉日常', 'Suitwalk2019', '藍正龍']"
69,2019-03-15 18:06:36,"瓊搖，一種新的態度

3/23，高雄大港開唱女神龍舞台 ft. The Ball

#呱吉日常
#大港開唱
#湯瑪士是外省人",10349,102,"['呱吉日常', '大港開唱', '湯瑪士是外省人']"
70,2019-03-09 15:52:16,"他說他有空會回來吃飯

#suitwalk2019
#holandandsherry 
#凱恩洋服",34119,323,"['凱恩洋服', 'holandandsherry', 'suitwalk2019']"
71,2019-03-08 21:05:26,我覺得唱的很棒，去聽大港的人有福了，硬拼夜貓組,17253,100,[]
72,2019-03-02 23:35:26,"再見高雄，月底再來

#呱吉日常
#旗鼓祭
#嘴開開",16295,214,"['呱吉日常', '嘴開開', '旗鼓祭']"
73,2019-03-01 23:07:10,"臨時抱佛腳中

#呱吉日常
#旗鼓祭
#烙賽預備",11307,124,"['呱吉日常', '烙賽預備', '旗鼓祭']"
74,2019-02-27 22:38:27,"3/8 再度參戰GQ Suit Walk

#凱恩洋服
#GQ
#Suitwalk2019",23297,330,"['GQ', 'Suitwalk2019', '凱恩洋服']"
75,2019-02-24 23:48:32,"我覺得只是聲音比較低，還是上揚了啊幹

#呱吉日常
#諾基
#上班不要看",13889,79,"['上班不要看', '呱吉日常', '諾基']"
76,2019-02-22 20:55:09,下班參加最廢Cosplay比賽，我的題目是「上完廁所裙子被內褲吃掉的女生」,26787,424,[]
77,2019-02-21 14:10:01,"我都按照網路上教的步驟做了！

苦味雜味那麼多，我對不起賣我咖啡的老闆

#呱吉日常
#咖啡
#手沖咖啡",12815,252,"['咖啡', '呱吉日常', '手沖咖啡']"
78,2019-02-17 22:11:30,"今天是結婚紀念日，依照慣例，每年都是只有我記得

#呱吉日常
#咖哩",31397,414,"['呱吉日常', '咖哩']"
79,2019-02-16 11:01:04,"聽說右邊那個是我

台南的女孩紙真可愛

Credit to @love_mangoxox_pdddc",16401,92,[]
80,2019-02-14 13:54:44,"拍Elle雜誌時
我隱約覺得有個東西快要爆了

#呱吉日常
#Elle",19322,331,"['呱吉日常', 'Elle']"
81,2019-02-10 16:15:17,"看起只是一次普通的顏射，但其實射了我三次才完成

如果你還沒看過安安邊緣子的新歌，快點上Youtube搜尋「大麻煩」，真的滿好聽的啦。

#安安邊緣子
#阿民
#阿憲
#大麻煩",19811,270,"['安安邊緣子', '大麻煩', '阿憲', '阿民']"
82,2019-02-04 18:31:42,"新年快樂

今晚凌晨不知道幾點，我回到台北自宅臨時搭建直播台前時，就開直播守歲啦！",22959,153,[]
83,2019-02-03 00:49:09,"這是唱Ｋ不是拉Ｋ  #呱吉日常
#KTV",12401,104,"['KTV', '呱吉日常']"
84,2019-02-01 19:24:49,"有時候我們只是在等待一個秒針與一個時針相遇的機會

#上班不要看",17800,156,['上班不要看']
85,2019-01-31 13:24:47,"浪貓回頭

#寶寶
#呱吉日常",11968,103,"['呱吉日常', '寶寶']"
86,2019-01-30 16:10:06,"上班前幫新聞媒體的過年節目拍一個賣豆花的動作

#呱吉日常
#民生社區
#豆花伯",18105,174,"['呱吉日常', '民生社區', '豆花伯']"
87,2019-01-29 14:40:55,"聽說我小時候的約會私密點竟然要乾涸了，趕快來勘查一下

喔對了，這是我的議員夾克啦，如果你沒看過，現在給你看一下",31394,177,[]
88,2019-01-24 14:47:47,"正在非洲連發地獄梗的采翎喜歡走水路

整個傻眼捏現在的年輕人",12665,102,[]
89,2019-01-18 17:46:42,"昨天直播時說「男生的第一套西裝最好要買藍色的」

有些人不是很了解原因，覺得黑色一樣很正式，灰色好像也不錯。這裡讓我解釋一下。

第一套西裝一定是以泛用性最高為目標。黑色在很多場合都過於嚴肅和正經，灰色或其他顏色又可能太休閒。藍色幾乎是所有場合最安全的選擇。

想要不落俗套，可以在布料與紋理、配件、與藍色的類型上做一些巧思。第二套就可以選黑色或灰色。

不過很多時候也要看你的行業。如果是台灣的遊戲業、軟體業，其實西裝就算了啦，你的老闆可能是穿拖鞋來上班的。",26574,259,[]
90,2019-01-17 19:53:48,"這十年，不是白白走過

今晚九點半一樣準時開播",23585,244,[]
91,2019-01-15 14:14:13,"本來想拍呱吉吃大便當：市長的便當

但是不給拍嗚嗚",28026,139,[]
92,2019-01-08 20:14:39,這根本不科學！我今天的運動量絕對有幾千大卡啊！？ #呱吉日常,27452,1020,['呱吉日常']
93,2019-01-07 19:59:44,"拍本本的那天到底受到了什麼折磨？

#呱吉日常
#上班不要看",18984,427,"['上班不要看', '呱吉日常']"
94,2019-01-07 12:46:03,"為什麼要逼我....上台..... #呱吉日常
#dustgirl",36617,718,"['呱吉日常', 'dustgirl']"
95,2018-12-31 18:13:06,"我只是想陪小孩玩

#呱吉日常
#貓
#小花",15786,501,"['貓', '呱吉日常', '小花']"
96,2018-12-28 19:02:36,"拜託，不要超過65公斤

#呱吉日常
#台南
#美食",19540,410,"['呱吉日常', '美食', '台南']"
97,2018-12-26 23:46:51,"被火了、清空辦公桌後

#民主開箱
#上班不要看
#呱吉日常",25232,146,"['上班不要看', '呱吉日常', '民主開箱']"
98,2018-12-25 17:48:10,市議會行程結束，被廠商招待到女高中生主題的酒店休息,28202,123,[]
99,2018-12-25 11:32:53,議長選舉中，會議主持人提示過請勿開手機或將手機轉為靜音，但手機鈴聲還是此起彼落，比台灣電影院裡的市民素質還優秀呢,56659,634,[]
100,2018-12-24 20:40:08,"就職前呱吉辦公室一起吃火鍋，dress code是依照彩虹顏色抽籤，特殊色是肉色、彩虹（我）、土色、與粉紅。

呱吉辦公室現在有11人，7個人負責政治相關事務，由佳佳領軍。4人負責攝影側拍與內容製作。別再說他們不務正業啦。",18304,75,[]
101,2018-12-24 00:36:05,謝謝大家，我們又一起辦到了一件難以想像的任務，讓我們可以繼續相信，做為一個人的可能是無限的。我們永遠都有機會戰勝自己。 （謝謝房東太太的朋友幫我們側拍的照片）,29421,139,[]
102,2018-12-21 15:17:02,大家今天快樂嗎？快去看麻希和我的聖誕禮物交換影片喔，不然我只能放更多照片咯。,39198,3956,[]
103,2018-12-21 02:18:25,走完了兩遍我先收工吃晚餐,22757,110,[]
104,2018-12-14 18:37:19,"三刀流  #上班不要看
#呱吉日常
#湯瑪士的部分",14358,159,"['上班不要看', '湯瑪士的部分', '呱吉日常']"
105,2018-12-11 23:35:41,"新企劃喔？

攝影師 @hellohenryboy",17822,135,[]
106,2018-12-11 14:50:03,"整個呱吉辦公室都沒人聽過這首歌是怎麼回事？

原來麵包的世界很大
塞了中國都還覺得空虛
原來麵包的世界很小
講了九二共識就變廢墟

#麵包師
#呱吉日常",13668,148,"['呱吉日常', '麵包師']"
107,2018-12-08 16:26:53,"最近的茶店都好狂

#呱吉日常
#喝茶
#沒有吃魚",13917,105,"['呱吉日常', '沒有吃魚', '喝茶']"
108,2018-12-05 23:44:39,在朋友的酒吧小酌，地點剛好在林森北路口的地下室，剛剛在四周都是酒店招牌的地方、滿臉通紅地搭上計程車，司機興奮地說「是新科議員耶！」 希望司機沒有誤會什麼。,18737,123,[]
109,2018-12-04 16:05:08,謝謝大家的生日禮物，不要以為我不敢拿來當精精桶喔,23212,129,[]
110,2018-12-01 17:15:51,"對於時尚，老婆有自己的哲學

#呱吉日常
#賣老婆
#mammuttaiwan",21458,431,"['呱吉日常', 'mammuttaiwan', '賣老婆']"
111,2018-11-30 22:55:56,"蔡哥今天晚上錄完七月半頻道的影片後

#呱吉日常
#蔡哥
#小歐
#上班不要看",12464,107,"['上班不要看', '呱吉日常', '蔡哥', '小歐']"
112,2018-11-30 19:35:22,新名片，職稱是本人,35573,165,[]
113,2018-11-24 13:09:17,今天吃漢爸尬,19477,553,[]
114,2018-11-23 12:55:10,"我只是在洗手間待了比較久的時間

#呱吉日常
#清水休息站",15355,165,"['呱吉日常', '清水休息站']"
115,2018-11-20 23:58:31,"還有兩週才是我的生日辣

還有小花你是不是愛爸爸那個味？",27158,420,[]
116,2018-11-19 22:23:11,"松信合戰開打前，我真的很焦慮

#民主開箱
#呱吉日常",13626,215,"['呱吉日常', '民主開箱']"
117,2018-11-10 19:13:44,選舉倒數兩周，年輕人11/24都給我投起來！,14111,250,[]
118,2018-11-06 18:34:25,本來想和他去坐性愛摩天輪的...,11873,78,[]
119,2018-11-04 21:40:27,非法移民辦完活動，快活地回家了,8250,36,[]
120,2018-11-03 18:54:19,一位實踐服裝設計系的學生為我訂製了一套民主開箱的戰袍,17323,109,[]
121,2018-11-02 12:33:41,呱吉頻道新到職的企劃采翎隨時隨地都會發出非常魔性的笑聲，下次不要再搶我麥克風了好嗎,10099,94,[]
122,2018-11-01 16:49:28,和住在24樓的高雄陳先生與改變中華民國歷史的光頭韓先生請教從政經驗，獲益良多,17577,175,[]
123,2018-10-27 18:16:10,"人生晚長EP59提到的遊戲轉校生推出了我的專屬角色，活動期間可以免費取得。但是有玩家回報錯誤訊息，竟然會和 @howhowhasfriends 的角色在浴室出現合體狀態。

請大家支持婚姻平權公投，10、11、12投不同意，14、15同意喔。",13827,165,[]
124,2018-10-27 15:56:12,綠線行進中,15979,61,[]
125,2018-10-26 21:17:36,捕撈海參寶,20000,189,[]
126,2018-10-18 10:39:03,上次誰說要跟我比字醜的？但我覺得我畫的熊啤還不錯。,12483,103,[]
127,2018-10-15 22:06:44,"月光光心慌慌這個恐怖電影有幾個小知識：

1) 他是史上第一個殺不死的殺人魔系列
2) 第一集的女主角潔美李寇蒂斯被稱作尖叫皇后，謠傳她出生時是雙性人
3) 這個主角邁爾斯的40週年紀念面具，全台限量八個，一個在我手上ㄏㄏ

#Halloween
#月光光心慌慌",9816,120,"['Halloween', '月光光心慌慌']"
128,2018-10-15 19:34:58,上班不要看夏季服飾，超涼爽帽T正式開賣囉，快去我們的官方粉專找購買連結啦！,13498,84,[]
129,2018-10-12 12:26:39,"這樣的讚美，應該算是人生高峰了

其實每次遇到新的造型設計師，都會被讚美一次，已經無話可說了

#呱吉日常",15185,255,['呱吉日常']
130,2018-10-09 23:46:26,"對網紅上班不要看團隊的包莖影片提出嚴正回應，本人在十歲已割除包皮，絕無私藏包皮此等不法情事。

不排除提告！",14375,537,[]
131,2018-10-09 11:02:40,"今天早上在傾盆大雨中體驗首次的路口揮手，給我不少衝擊，原來陌生的路人真的會回頭致意，在0.5秒的時間與人產生連結的感覺很奇妙。

謝謝到場幫忙的志工，還有，我們的募資達標了。",18880,172,[]
132,2018-10-07 19:57:25,"週末吃午餐的時候，我有個小習慣

#呱吉日常
#情侶裝",10684,109,"['呱吉日常', '情侶裝']"
133,2018-10-07 13:48:51,到高雄了，看VR電影前先吃冰淇淋壓壓精,12299,99,[]
134,2018-10-07 00:07:13,"今天 GQ城市野營活動裡 最美的風景是人
但是我的風景和諾基的風景為什麼差這麼多呢？（思考）

拿到小女孩棉花糖的是新認識的朋友 @kit_fang 啦

#呱吉日常
#城市野營嘉年華",7134,72,"['城市野營嘉年華', '呱吉日常']"
135,2018-10-06 15:08:36,"快點上阿樂的頻道去看關關阿民蜆編咪妃跳Mr. Chu啦

#呱吉日常
#Mr.Chu",11325,189,"['呱吉日常', 'Mr']"
136,2018-10-05 12:29:19,"上午在松煙參加「貧窮人的台北」記者會，負責扮演做為對照的人生勝利組。

凌晨四點的台北你有看過嗎？這是孤獨的美食廢人EP16。

#4AM
#貧窮人的台北",13184,45,"['4AM', '貧窮人的台北']"
137,2018-10-04 11:12:33,"開始跑地面行程，犯的第一個大錯就是：「阿姨早安」

講完，助理們立刻都鐵青著臉。

#誰阿姨你才阿姨你全家都阿姨
#民主開箱
#未來城市",20148,361,"['誰阿姨你才阿姨你全家都阿姨', '未來城市', '民主開箱']"
138,2018-10-03 23:41:15,晚上行程跑完，戴著老虎別針去和生日的老婆吃飯，根據她的設定，老虎是種田的農夫，叫做壺助。,10081,104,[]
139,2018-09-28 14:37:26,"準備上街去

量產版本背心，據說還有我的專屬裝備還沒做好

#未來城市
#民主開箱",22005,244,"['未來城市', '民主開箱']"
140,2018-09-26 22:09:28,競選總部今天正式成立，還有我的團隊與志工們,23584,300,[]
141,2018-09-25 22:39:15,剛剛蔡哥到中央大學聽我演講,12990,149,[]
142,2018-09-22 14:19:56,每個週末都在同一個街道散步,10071,160,[]
143,2018-09-21 19:23:12,不可崇拜芻像,11976,170,[]
144,2018-09-20 18:32:51,第一個競選小物，哈哈哈，竟然要開始上街啦我好害羞啊,22076,360,[]
145,2018-09-17 15:36:18,"日本の政治

辦一場街頭政見發表會好像很酷",6775,88,[]
146,2018-09-14 11:21:06,啊~嘶 勾乙內~歐巴桑,8262,101,[]
147,2018-09-12 20:46:15,"在百年和紙店鳩居堂閒逛時，原本覺得無聊啥都不想買時，卻在離開時看到這把井上雄彥繪製的武藏紙扇。

這個不能不買啊可惡！",8305,80,[]
148,2018-09-11 23:26:20,米其林一星的和牛壽喜燒，好吃到想要報復社會,9528,233,[]
149,2018-09-10 00:31:54,"每年的9或10月，我都會和老婆出國旅遊半個月，例如去年的德國、前年的義大利。因為參選的關係，老婆問： 「所以今年沒辦法出國了嗎？」 「嗯，對，我覺得不行。」 老婆一臉失望的樣子，我只好說：那挑個近一點的地方好嗎？不用花那麼多時間的選項就好。 「日本可以嗎？」老婆露出了一點開心的表情。 「只要你訂好機票我就去。」 我想日本頂多花個三五天就行了，但我看到機票預定時間時嚇了一跳。 「一整個禮拜！？」 「不可以嗎？」老婆又露出了不開心的表情。

所以現在我在日本，為了不讓接下來的選舉活動空轉，預錄好了兩集影片，帶了兩支在路上剪。競選團隊也在籌備競選總部與其他活動。

不論選舉結果如何，如果影響到我的家庭生活就表示一切得不償失，所以這幾天我就先請個假了。

週四的直播會照常進行，一週後我回到台灣，我的競選就會全面啟動了！",12665,175,[]
150,2018-09-09 18:19:04,臨時起意出門喝杯酒,8480,45,[]
151,2018-09-08 22:58:36,"大黑直播上有人問：老闆真的會騎檔車嗎？

嗯這是我大學時代的照片",12327,142,[]
152,2018-09-08 20:15:47,如果這是赤木...晴子的模仿賽，我贏了,14257,152,[]
153,2018-09-06 16:48:11,兩年前還沒有開始拍孤獨的美食廢人的我，晚餐喝了點酒回到家的樣子,8693,222,[]
154,2018-09-05 15:29:42,三立電視台大廳的裝置藝術到底是三小？,13734,148,[]
155,2018-08-31 21:20:30,趕在關店前15分鐘吃到,8179,38,[]
156,2018-08-30 12:58:31,"競選公報照片不能用電子檔，只能用傳統兩寸照片。

最後我用了這張。 「婆媽票都要掉光了。」我的競選助理說。

#民主開箱
#台北市議員
#選舉",21570,415,"['選舉', '台北市議員', '民主開箱']"
157,2018-08-28 13:23:53,昨天Dcard第一次抽卡失敗，沒有被搭理，果然是自我介紹寫的不夠吸引人嗎？,15240,249,[]
158,2018-08-27 17:58:28,"偶然翻到20年前老婆的照片，就是一個聽團文青妹的樣子。

那時候我們第一次一起出國旅行，這裡應該是東京鐵塔，那時候晴空塔還不知道在哪裡。",13841,113,[]
159,2018-08-27 14:00:53,"DCard竟然提供我這個中年人VIP帳號，這下子不抽個卡怎麼行？

網紅渣男這個稱號絕不能讓給小歐R！

#dcard
#呱吉日常
#渣男",7843,123,"['呱吉日常', 'dcard', '渣男']"
160,2018-08-26 17:17:53,"我會在這裡工作到七點，如果你還沒交婚姻平權公投連署就來這裡找我懺悔！

人家愛家反同婚公投都超過三十五萬份了，一定是因為你還在家裡睡！！ 如果你住的太遠，參考下面這個連結去交你的連署書吧

https://www.facebook.com/Vote4LGBT/photos/a.361291597709975.1073741830.360009331171535/424458144726653/?type=3",13344,87,[]
161,2018-08-25 19:47:31,上班不要看的隱藏鐵粉 @asyan1217_art 常常在網路上畫我們的角色，每次貼文都會按讚，今天趁晚餐前的空檔到她在花博的手繪攤位突襲一下，她畫的寶寶很可愛,10286,50,[]
162,2018-08-23 12:30:25,"少女的奶頭....？ #雨田家
#呱吉日常
#寶寶",7738,81,"['呱吉日常', '雨田家', '寶寶']"
163,2018-08-20 20:43:18,"J個是...企鵝直播間嗎？英文也太好聽了吧。

半小時後上她的Twitch台踏取看看",14346,202,[]
164,2018-08-19 17:28:42,Babadok 兩年前就很想要這張板，以經典恐怖片為原型的一張平地跨下坡板。可以在平地玩招，也可以克服下坡地形的多功能板。真的好帥哦。,8703,56,[]
165,2018-08-16 14:48:47,"硬派宣言：我就餓死，也絕對不吃女粉的讚美

#真香
#呱吉日常",9266,192,"['真香', '呱吉日常']"
166,2018-08-15 08:20:24,"距離飛機起飛還有七八個小時，一個人到瑪惱斯的街上晃晃，順便買了一個超可動

#eugooglemanaus",9778,75,['eugooglemanaus']
167,2018-08-15 01:51:44,"硬碟不夠，清理門戶

先說一下為什麼用我的記憶卡拍這個辣 @yjpodcast",5109,56,[]
168,2018-08-14 09:13:33,"早安你好，亞馬遜雨林把我弄好濕

這種地方竟有如此豪華的劇院 ，那是19世紀橡膠時代的幽靈，在馬來西亞取代以前，這裡曾因橡膠而十分富有

#eugooglemanaus",11840,110,['eugooglemanaus']
169,2018-08-13 23:00:22,"幹在亞馬遜河上三天沒刮鬍子，不知道哪裡可以買

哦對了謝謝Google邀請我

#eugooglemanaus",12486,123,['eugooglemanaus']
170,2018-08-13 11:07:43,"巴西拉麵女孩

#呱吉日常
#亞馬遜",5181,54,"['亞馬遜', '呱吉日常']"
171,2018-08-10 23:32:46,在不孤獨的美食廢人特別篇：星戰米其林一星西麻布的La Bombance裡有一個採訪星戰演員與導演的橋段。其實在能夠採訪以前，我做了這支影片給迪士尼官方看。,5353,52,[]
172,2018-08-08 23:05:16,"完了完了要變腦粉了

#甜約翰
#活屋十講",9815,60,"['甜約翰', '活屋十講']"
173,2018-08-08 11:51:55,"大概不會剪出來的影片第二彈：宜蘭交通警察學姊的哨子  #呱吉日常
#交通警察真的很辛苦",11326,160,"['呱吉日常', '交通警察真的很辛苦']"
174,2018-08-07 22:19:51,"洛聖都大冒險...300GB不會剪出來的檔案，要銷毀了嗎

感謝大蟒鈺的協力！

#呱吉日常
#洛杉磯
#洛聖都",7487,171,"['呱吉日常', '洛杉磯', '洛聖都']"
175,2018-08-04 18:51:22,終於走到這一步，先來幹個搖滾歌手嗎,10448,76,[]
176,2018-08-03 11:09:58,今天晚上 W Hotel 來喝我的草莓百分百辣,12782,136,[]
177,2018-08-01 21:23:05,"8/4 來 The Wall 一起粗大Band

這樣講真的好嗎？

#呱吉日常
#粗大Band",6504,112,"['粗大Band', '呱吉日常']"
178,2018-07-31 22:13:12,"剛剛有人問我下午是不是在馬偕醫院，跟你講

#呱吉日常
#液禽病棟",7020,81,"['呱吉日常', '液禽病棟']"
179,2018-07-31 21:02:23,"這是一支草莓百分百的調酒，週五晚上來W Hotel找我喝啦

#Barsurfing2018
#Closet
#呱吉日常",5926,113,"['Barsurfing2018', 'Closet', '呱吉日常']"
180,2018-07-30 21:10:38,快去小歐的頻道看直播辣,6356,67,[]
181,2018-07-28 23:53:13,花拳繡腿,4307,37,[]
182,2018-07-28 23:46:46,"週五參加松菸夏日攝影祭，我到底拍了什麼啊

#呱吉日常
#LARP道具屋",9853,92,"['呱吉日常', 'LARP道具屋']"
183,2018-07-26 18:20:45,"各位小小朋友們，大家都記記起來了嗎？

要去上班不要看看的頻道看片喔",11624,1349,[]
184,2018-07-25 23:31:45,人若有愛，貓咪自來,12851,114,[]
185,2018-07-24 14:37:41,本來要溜滑板去西伐羅吃韓國菜，中途遇到暴雨，就隨性挑了路邊的陌生烤肉飯避雨兼用餐，比預期地好吃，這就是食運吧,9691,91,[]
186,2018-07-23 19:34:44,整理舊影片素材竟然發現蔡哥的部分,10483,325,[]
187,2018-07-22 20:10:56,"再度遇到建中學弟，是學弟本人R

#呱吉日常
#呱吉吃大便當
#建中",9538,170,"['呱吉吃大便當', '呱吉日常', '建中']"
188,2018-07-20 18:04:00,"八月三日，對戰選手據說是Fabio

旁邊是我的調酒師傅與夥伴蓓蓓（from Closet）

#barsurfing 
#Barsurfing2018",6333,99,"['Barsurfing2018', 'barsurfing']"
189,2018-07-20 12:18:20,我們一起去火葬場吧,12821,174,[]
190,2018-07-18 17:55:46,和台灣吧陳妍希拍照,8087,45,[]
191,2018-07-17 21:17:21,中華冷麵可以吃了,6596,45,[]
192,2018-07-17 14:20:43,"這個場景一定不是拿來拍A片的

#呱吉日常
#日本
#休息室",6219,98,"['呱吉日常', '休息室', '日本']"
193,2018-07-14 16:54:10,和神探阿槿是朋友還要跟你說嗎,10154,72,[]
194,2018-07-13 22:23:31,週五晚上就是要喝點娘砲的,7591,78,[]
195,2018-07-13 15:05:08,"昨天直播從「志明與春嬌」接到「想你」本來應該是這樣的

#呱吉日常
#我要當DJ
#五月天
#Beyond",5715,84,"['呱吉日常', '我要當DJ', 'Beyond', '五月天']"
196,2018-07-12 15:36:25,最討厭什麼合作企劃了，才不是為了阿公拍的呢,14441,187,[]
197,2018-07-04 00:33:45,"我的老婆是迷妹啊

#WWE
#danielbryan",9328,222,"['WWE', 'danielbryan']"
198,2018-06-29 22:25:03,幹明年我要開自己的DJ趴,6666,168,[]
199,2018-06-29 15:03:42,"覺醒了...嗎？

今天在覺醒擔任不專業DJ，今天主題是：Back to the Future，歌會越放越老，一路放到我小時候。

#呱吉日常
#覺醒音樂祭
#Wakeup",7435,236,"['呱吉日常', '覺醒音樂祭', 'Wakeup']"
200,2018-06-26 20:46:13,新挑戰,6721,60,[]
201,2018-06-24 01:38:16,"謝謝阿山、林貓王帶我這個菜鳥，今晚好像沒那麼烙賽

#呱吉日常
#華語金曲之夜
#四分衛",5719,64,"['華語金曲之夜', '呱吉日常', '四分衛']"
202,2018-06-23 21:19:13,今天晚上在華語金曲之夜客串DJ，我有烙賽的預感,8118,181,[]
203,2018-06-18 00:32:33,把拔在工作啊,6809,40,[]
204,2018-06-16 01:00:23,為什麼喝酒送小黃瓜,6860,96,[]
205,2018-06-14 10:00:54,"阿蝠教我的

#呱吉日常
#大都",4584,92,"['呱吉日常', '大都']"
206,2018-06-13 10:46:01,"地球又再度恢復和平，謝謝貓咪超人

#呱吉日常
#貓
#小花",7973,206,"['貓', '呱吉日常', '小花']"
207,2018-06-09 15:09:11,J個襯衫,5347,72,[]
208,2018-06-09 13:54:49,"嘗試拍網美影片時我真的覺得好恥，比臉上畫老二還恥。而且覺得拍的很糟糕。

沒多久幾個漂亮女孩走過來自拍，動作又美又自然，這果然還是要看才華啊。

去看孤獨的美食廢人EP14啦

#sonyxperia
#xperiaxz2",6219,76,"['xperiaxz2', 'sonyxperia']"
209,2018-06-07 18:45:00,今日野外露出設備升級，根本就是GP03吧,8538,95,[]
210,2018-06-07 14:12:01,"什麼小藍，我們都看Wes Anderson啦

#呱吉日常
#犬之島
#福斯電影",4473,58,"['犬之島', '呱吉日常', '福斯電影']"
211,2018-06-05 01:19:36,"蝦皮超人送東西給我，一定是希望我感到驕傲 （自從我說支持婚姻平權之後，很多商家送東西給我哈哈哈）

#驕傲
#蝦皮
#蝦子脫皮",6901,65,"['蝦子脫皮', '蝦皮', '驕傲']"
212,2018-06-03 23:13:04,"我覺得我具備某種天賦

#無法帥起來的天賦
#呱吉日常
#TED",6554,136,"['TED', '呱吉日常', '無法帥起來的天賦']"
213,2018-06-03 18:15:12,"竟然讓我拍到了一張低賤的合照，我最討厭搖滾樂了

#呱吉日常
#顯然樂隊
#TED",5910,109,"['TED', '呱吉日常', '顯然樂隊']"
214,2018-06-01 14:40:48,"右邊的日籍空姐本人很可愛，到底自拍要怎麼拍啊，救救老殘窮

#airasia",9142,71,['airasia']
215,2018-05-29 13:00:53,奇跡美照，鼻鼻，你們看新片了沒辣,10846,228,[]
216,2018-05-27 23:40:08,"真的有人想夾嗎？

#不是我的台
#聽說在西門町
#大便這種hashtag有人會看嗎
#大便",8707,150,"['聽說在西門町', '大便', '不是我的台', '大便這種hashtag有人會看嗎']"
217,2018-05-26 17:57:57,"對不起，我不該玩別人的狗

#呱吉日常
#狗狗
#可愛",5796,86,"['可愛', '呱吉日常', '狗狗']"
218,2018-05-25 19:21:01,"這次去日本拍片，真的是圓夢了

#SonyXperiaXZ2
#超慢速攝影有點厲害RRRR
#但是我不會爆雷的",6180,88,"['超慢速攝影有點厲害RRRR', 'SonyXperiaXZ2', '但是我不會爆雷的']"
219,2018-05-24 16:57:07,今天晚上九點半人生晚長日本特別版，在IG直播，歡迎call in跟我FAQ啦,5335,143,[]
220,2018-05-22 22:39:28,"上班不要看的UCCU影片裡有說過寶寶是武術指導，不是唬爛的

#寶寶
#貓
#呱吉日常",5615,65,"['貓', '呱吉日常', '寶寶']"
221,2018-05-21 23:16:02,"老闆並不胖的胖仔麵店，萬華青山宮旁

#呱吉日常
#美食
#豬油拌飯",6478,102,"['呱吉日常', '美食', '豬油拌飯']"
222,2018-05-20 22:44:02,"我想吃基隆的碳烤三明治

#呱吉日常
#美食
#碳烤三明治",7473,211,"['呱吉日常', '美食', '碳烤三明治']"
223,2018-05-17 10:38:22,烙賽拍片現場，瀉藥吃不停耶,9940,107,[]
224,2018-05-12 16:21:03,"時光無法逆流

#tbt
#懷舊星期四",10204,211,"['tbt', '懷舊星期四']"
225,2018-05-12 00:26:53,"是有多愛我的筆電！？
你們就是搞壞我直播的小精靈吧！！！！ #貓
#小花
#didi
#寶寶
#呱吉日常",6946,105,"['貓', '寶寶', '呱吉日常', '小花', 'didi']"
226,2018-05-11 11:49:17,"有一種病叫做異食癖，就是喜歡吃不能吃的東西

#貓
#小花
#呱吉日常",4662,39,"['貓', '呱吉日常', '小花']"
227,2018-05-09 12:43:27,謝謝 @mogod 送禮物給我們啦,3976,66,[]
228,2018-05-08 18:12:50,"快tag你身邊叫做Ryan的朋友

#呱吉日常
#杯緣子",4547,243,"['呱吉日常', '杯緣子']"
229,2018-05-08 10:25:59,"早安，今天也是戰鬥的日子

#呱吉日常
#9Soulution",5339,77,"['呱吉日常', '9Soulution']"
230,2018-05-07 14:18:43,"上班不要看首度參戰路跑活動 Wings for Life

敬請期待主頻道正片 
#呱吉日常
#路跑
#WingsforLife",6076,62,"['呱吉日常', '路跑', 'WingsforLife']"
231,2018-05-04 13:14:42,"世界原力日

#原力
#Starwars
#呱吉日常",4782,55,"['呱吉日常', 'Starwars', '原力']"
232,2018-05-01 23:15:41,"你憑什麼你講

#蔡哥
#呱吉日常",6448,121,"['呱吉日常', '蔡哥']"
233,2018-05-01 01:32:44,"貴人暖身趴讚讚的

#呱吉日常
#音樂
#演唱會",3792,49,"['呱吉日常', '演唱會', '音樂']"
234,2018-04-29 22:25:41,"今天參加素還真的生日趴

#呱吉日常
#霹靂
#布袋戲",5068,48,"['呱吉日常', '霹靂', '布袋戲']"
235,2018-04-29 15:22:50,"霹靂蓮華誕

野台的原點，新世代的語言，現場演出真的很可愛",3314,23,[]
236,2018-04-28 16:58:38,"那魯吼抖那魯吼抖 @tsaibrother

#上班不要看
#蔡哥
#呱吉日常",4407,80,"['上班不要看', '蔡哥', '呱吉日常']"
237,2018-04-27 14:21:43,自肥可惡,8641,137,[]
238,2018-04-24 12:41:48,台灣吧為上班不要看特製的卡牌好可愛啊,7678,45,[]
239,2018-04-21 22:42:50,今晚脫口秀表演現場竟然有觀眾求婚,5043,35,[]
240,2018-04-19 00:03:36,"我們一起打臉那些傢伙，參與支持婚姻平權的公投連署

https://goo.gl/iHwNUd",6688,96,[]
241,2018-04-18 13:06:36,穴貓,4139,39,[]
242,2018-04-17 21:00:46,"深夜吃冰，舒服

#呱吉日常
#美食",5383,96,"['呱吉日常', '美食']"
243,2018-04-17 12:17:56,開完會來吃很久沒來的史記,6579,60,[]
244,2018-04-16 15:58:30,自從咚瓜事件後逐漸母湯的小歐,4084,39,[]
245,2018-04-14 21:57:11,好吃,5205,110,[]
246,2018-04-13 20:39:22,稻米的一生,5497,51,[]
247,2018-04-06 12:50:43,相機很怪，老是對不到正確的焦,6200,150,[]
248,2018-04-05 17:08:28,"下午兩點去放蕩了一下

#呱吉日常
#邱議員
#放蕩主義",6598,48,"['放蕩主義', '呱吉日常', '邱議員']"
249,2018-04-03 19:26:33,"一位上班不要看的觀眾寄了他手工製作的芒果青來給我們 
這就是夏天的味道！

#芒果
#呱吉日常",5315,49,"['呱吉日常', '芒果']"
250,2018-04-03 15:31:06,老爸事前不知道改名，來打屁股,11600,256,[]
251,2018-04-02 20:56:21,"還是覺得剪自己的影片比較開心

#呱吉日常
#邱議員",5130,60,"['呱吉日常', '邱議員']"
252,2018-03-30 12:31:20,"名字只是一個符號，只有我的行為能定義我，但是過去的行為也不能決定我，只有現在的我才是我。而未來的我還未蓋棺論定中。
30歲以前沒上過班，但我在35歲的時候證明我也可以在企業裡擔任重要職務。40歲以前沒拍過片，但我用兩年的時間證明我也可以創作觀眾喜愛的內容。
覺得自己做不到，幫不上忙，是台灣青年普遍的困境。我想用我與上班不要看的全體證明，所有事情都是有可能的。
現在是再次挑戰新目標的時刻，對於我要做什麼，將要怎麼做，我會在未來逐一公布。
但有一件事情是不變的，呱吉的人生晚長和孤獨的美食廢人會繼續，上班不要看也不會改變我們原有的態度。四月的企劃還是滿滿的麻煩味喔",12243,379,[]
253,2018-03-27 22:26:07,"每次搭高鐵去演講都要自我安慰一下

#泡芙
#呱吉日常",4552,102,"['呱吉日常', '泡芙']"
254,2018-03-25 13:33:45,關關問號,8249,145,[]
255,2018-03-25 12:23:57,"常常有人傳照片跟我說：「我覺得我的朋友我的老師我的OOＯ跟你長得很像。」 我每次都笑笑，覺得像個大頭鬼。

但這次連我都驚呆了...我什麼時候去當直播主啦？

#直播
#呱吉",10085,440,"['呱吉', '直播']"
256,2018-03-24 10:11:03,"終於可以

#檳城
#Pinang
#孤獨的美食廢人特別篇：Happy Hour",3853,55,"['Pinang', '檳城', '孤獨的美食廢人特別篇']"
257,2018-03-23 13:44:19,挫屎,5542,56,[]
258,2018-03-23 00:28:58,"有沒有要讓我拍啦幹

#呱吉日常
#檳城
#pinang",6127,182,"['呱吉日常', '檳城', 'pinang']"
259,2018-03-22 12:44:18,母湯哦,6780,92,[]
260,2018-03-22 02:50:53,"凌晨隨便吃個

本來想吃的是Mi Goreng，但麵條沒了，只好吃它的表兄弟",3697,45,[]
261,2018-03-21 20:47:57,我來了,3851,74,[]
262,2018-03-20 14:46:24,"書獃子真相

是不是很呆？真的很呆呢。",5472,61,[]
263,2018-03-17 20:03:10,原來呱吉,3176,41,[]
264,2018-03-16 16:09:50,"剛剛收到台灣吧的快遞

#台灣吧
#呱吉日常
#寶寶",4831,107,"['呱吉日常', '寶寶', '台灣吧']"
265,2018-03-16 11:27:15,昨天直播不小心把黑啤講成熊啤，但是我不是憨吉啊阿阿阿啊。去台灣吧的限時動態幫我投個 QQ,6282,116,[]
266,2018-03-12 16:07:03,"在海鮮盒裡的貓，無法被觀測的狀態下，究竟是活的還是死的？

#貓
#寶寶
#呱吉日常",3394,42,"['貓', '呱吉日常', '寶寶']"
267,2018-03-10 19:38:35,"速一波西裝走路

#suitwalk2018
#suitwalktaipei
#呱吉日常",5019,153,"['呱吉日常', 'suitwalktaipei', 'suitwalk2018']"
268,2018-03-10 02:10:52,"今天申裝一下

#Suit
#suitwalk2018 
#呱吉日常",4248,56,"['Suit', '呱吉日常', 'suitwalk2018']"
269,2018-03-06 13:16:04,台南的同學太神啦,7958,102,[]
270,2018-03-06 08:34:31,,5162,134,[]
271,2018-03-04 11:41:30,孤獨的美食廢人EP13，史上最艱難的美食,8129,91,[]
272,2018-02-28 14:03:19,"昨天是早上8點58分，今天是早上9點02分

到底是什麼樣神奇的生理時鐘

#呱吉日常
#貓
#cat",4723,104,"['貓', '呱吉日常', 'cat']"
273,2018-02-25 22:36:59,"提攜後進

#呱吉日常",4730,40,['呱吉日常']
274,2018-02-23 15:43:45,"還沒去看孤獨的美食廢人EP12的趕快給我去看

#沒收錢不算業配",4452,137,['沒收錢不算業配']
275,2018-02-17 13:50:25,"春節早餐快遞

#呱吉日常
#幹錢包掉了",4504,73,"['呱吉日常', '幹錢包掉了']"
276,2018-02-16 02:14:36,"最後一曬

#呱吉日常
#噁男呱吉",5316,131,"['呱吉日常', '噁男呱吉']"
277,2018-02-15 19:18:44,"有看到呱吉的外甥女嗎？如果沒有，現在給你看看

#新年快樂
#除夕
#年夜飯",4975,159,"['除夕', '年夜飯', '新年快樂']"
278,2018-02-14 15:48:59,新年快樂,4721,63,[]
279,2018-02-13 17:36:35,謝謝電獺少女的月曆,5564,62,[]
280,2018-02-10 19:46:56,"晚餐愉快

#上班不要看",5643,364,['上班不要看']
281,2018-02-07 23:28:16,要孝敬父母啊各位,7609,133,[]
282,2018-02-05 12:30:36,"拍片真的很難

#呱吉日常
#上班不要看",5064,87,"['上班不要看', '呱吉日常']"
283,2018-01-26 15:56:37,今天和一群兔子在一起,4092,73,[]
284,2018-01-23 21:18:56,"和律師開會，來不及見到安編

左下是安編畫的青蛙，右上是我畫的

#呱吉日常
#搞什麼玩
#安編",5142,32,"['呱吉日常', '安編', '搞什麼玩']"
285,2018-01-20 18:12:59,"常常在吳興街上吃飯時遇到這隻貓，應該是里長伯吧

#呱吉日常
#吳興街
#貓
#關關",4941,126,"['貓', '呱吉日常', '吳興街', '關關']"
286,2018-01-19 16:51:19,"我去日本時是這樣打招呼的

#呱吉日常
#日本
#我的雞雞",4939,279,"['呱吉日常', '我的雞雞', '日本']"
287,2018-01-18 12:47:33,"無人知曉的冬日清晨

#寶寶
#上班不要看",4572,53,"['上班不要看', '寶寶']"
288,2018-01-14 18:39:11,"日幣一百元可以抓到幾隻小雞雞？

#呱吉日常
#日本
#抓娃娃",3336,46,"['呱吉日常', '抓娃娃', '日本']"
289,2018-01-13 11:34:43,"夫人在看

#呱吉日常
#上班不要看
#關關",4090,131,"['上班不要看', '呱吉日常', '關關']"
290,2018-01-11 00:18:20,"安比雪場第一天，昨天只睡了一小時啊啊啊

#呱吉日常
#滑雪
#snowboarding",2907,41,"['呱吉日常', 'snowboarding', '滑雪']"
291,2018-01-10 00:53:31,"大老遠來雪場，凌晨兩點卻還在剪片，我到底在幹嘛

#呱吉日常
#滑雪
#安比
#日本",3879,97,"['呱吉日常', '安比', '滑雪', '日本']"
292,2018-01-07 16:50:04,"在日本看到的星際大戰宣傳圖，浮世繪加上漢字「魁路蓮、麗、沃克天空步行士」，中二感爆棚啊。

記得上Youtube頻道看不孤獨的美食廢人特別篇：星戰 米其林一星 西麻布的La Bombance

#星際大戰
#Star Wars
#孤獨的美食廢人",4244,20,"['Star', '星際大戰', '孤獨的美食廢人']"
293,2018-01-05 23:52:47,"喜歡克修

#貓
#寶寶
#呱吉日常",2756,47,"['貓', '呱吉日常', '寶寶']"
294,2018-01-04 00:08:40,"愛要怎麼做 （意外翻到考古文物，好爽）

#湯瑪士
#上班不要看",3938,67,"['上班不要看', '湯瑪士']"
295,2018-01-03 20:33:27,"螳螂捕蟬黃雀在後

#呱吉日常
#吳興街
#廉傑克曼",4900,183,"['呱吉日常', '吳興街', '廉傑克曼']"
296,2018-01-03 12:51:21,新地方，老位置,5360,60,[]
297,2018-01-02 23:46:38,"從今天開始，就不是在富錦街了

上班不要看頻道即將開箱新工作室

#呱吉日常
#孤獨的美食廢人
#上班不要看",4121,87,"['上班不要看', '呱吉日常', '孤獨的美食廢人']"
298,2018-01-01 20:57:26,2018年的第一個蛋糕,3397,31,[]
299,2018-01-01 13:26:34,"孤獨的美食廢人和美食廢人是不一樣的系列，前者還是會繼續，而且現在也正在製作中啦

#美食
#宜蘭
#孤獨的美食廢人",3517,137,"['美食', '孤獨的美食廢人', '宜蘭']"
