,time,post_caption,likes,comments,tags
0,2019-12-16 09:42:35,"掃夜市忍不住邊掃邊吃🤤

@yuhsien.liao.npp 
@npptw.yilan 
#時代力量雲林縣議員廖郁賢
#時代力量宜蘭黨部
#感謝宜蘭鄉親招待",1777,9,"['時代力量宜蘭黨部', '感謝宜蘭鄉親招待', '時代力量雲林縣議員廖郁賢']"
1,2019-11-24 14:08:41,"歡騰過後仍要回到崗位上繼續奮鬥，享受自由同時為香港祈福

#十年同遊你好嗎 
#2019高雄同志大遊行 
#香港加油",9789,58,"['2019高雄同志大遊行', '香港加油', '十年同遊你好嗎']"
2,2019-11-22 23:10:33,"邀請到專家教我什麼是戀愛的感覺（嗯？） #愛不分異同
#獻給大家
#酸酸知道
#博恩夜夜秀 
@acidcomedy 
@str_network 
https://youtu.be/lVHpvprLVF8",9569,158,"['獻給大家', '博恩夜夜秀', '酸酸知道', '愛不分異同']"
3,2019-11-19 21:35:02,"謝謝我們鳳山年輕有才華的藝文工作者邀請我欣賞充滿溫度和濃郁氣味（？）的作品

#回家的河
#吳有容創作展",4682,38,"['吳有容創作展', '回家的河']"
4,2019-11-14 15:53:39,"#我是救星
#港湖女神高嘉瑜
#南松山信義女神許淑華",5472,80,"['南松山信義女神許淑華', '我是救星', '港湖女神高嘉瑜']"
5,2019-11-07 21:01:11,"與 #雄中生 談國家認同。但題目為何有飲料日收幾杯飲料？？？ #你們都是未來台灣的希望🥺
#好棒的公民作業",4149,36,"['好棒的公民作業', '你們都是未來台灣的希望', '雄中生']"
6,2019-10-31 20:03:15,"市長連預算說明都不願意來，真的愧對市民！

#激烈的萬聖節🎃
#溜之大吉酸",6802,190,"['激烈的萬聖節', '溜之大吉酸']"
7,2019-10-26 15:47:11,"🌈🌈🌈一起幸福 
#同志好厝邊
#同婚元年
#2019臺灣同志遊行

感謝 @taiwan_wedding_photo_studio 合作！",10376,143,"['同婚元年', '同志好厝邊', '2019臺灣同志遊行']"
8,2019-10-25 21:05:55,"為了慶祝 #同婚元年，明天我會穿上婚紗出席 #2019台灣同志遊行 ，跟大家一起歡慶這個令人感動又興奮的年度盛會！

邀請大家明天一同驕傲上街挺平權，也歡迎大家來捕捉野生的我唷😊

#支持同志友善店家
#大家明天見",10076,174,"['支持同志友善店家', '同婚元年', '2019台灣同志遊行', '大家明天見']"
9,2019-10-24 22:53:53,"這位同學要求簽筆電好瘋😂

#中山大學性別友善社
#女性參政點滴分享
#性別平等教育不能等",6459,51,"['中山大學性別友善社', '性別平等教育不能等', '女性參政點滴分享']"
10,2019-10-19 09:12:03,"感謝母校的邀請也感謝很吵很熱情很捧場的雄女學妹們😂希望大家都成為美好的民主種子🌱

#這個尖叫聲果然是雄女style 
#雄女高一高二週會演講",8639,139,"['這個尖叫聲果然是雄女style', '雄女高一高二週會演講']"
11,2019-10-16 14:50:35,"一件件處理，改善用路人安全💪

#日常會勘
#人本交通",4421,60,"['日常會勘', '人本交通']"
12,2019-10-15 12:54:20,"感謝 #中國醫藥大學 #公衛系學會 的邀請☺️感受到大家的青春熱情 
#一日公衛人終身公衛人
#看到野口石了XD",4992,46,"['一日公衛人終身公衛人', '看到野口石了XD', '中國醫藥大學', '公衛系學會']"
13,2019-10-14 15:14:15,"行程空檔來捐血💉

#一起貢獻健康熱血
#捐血一袋救人一命
#定期定量捐血",7359,77,"['定期定量捐血', '一起貢獻健康熱血', '捐血一袋救人一命']"
14,2019-10-12 11:36:40,連假大家去哪玩呢？我去了衛武營、高美館和駁二，還是覺得高雄好美☺️,8964,170,[]
15,2019-10-09 16:20:30,雙十連假來了～以孫文、國旗和雙麥克風預祝大家假期愉快🌤,10451,202,[]
16,2019-10-08 10:43:56,"跑攤一定會被要求😂

#平安宴趕場
#收到滿滿的溫暖
#發現大家都很會翻白眼",8353,156,"['平安宴趕場', '收到滿滿的溫暖', '發現大家都很會翻白眼']"
17,2019-10-05 10:24:09,"把人行道還給行人不容易，需要商家和汽機車駕駛一起努力💪

#人本交通
#日常會勘
#人行道改善",5128,65,"['人行道改善', '日常會勘', '人本交通']"
18,2019-10-02 12:10:29,#願榮光歸香港,9210,195,['願榮光歸香港']
19,2019-10-01 22:45:06,"我跟 @chienyu1006 好像長得更像姐妹👭

#人生好難之愛呀真麻煩 
#龍龍個人秀ep2 
#龍龍的沒梗人生",4207,43,"['龍龍的沒梗人生', '人生好難之愛呀真麻煩', '龍龍個人秀ep2']"
20,2019-09-29 18:32:02,#撐香港,4669,373,['撐香港']
21,2019-09-23 19:57:44,"高雄廢棄物處理考察💪廢棄物減量才是真正的解決之道啊！！！ #路竹飛灰掩埋場
#南區焚化爐
#岡山掩埋場預定地
#底渣再利用
#議會氣候變遷小組",3956,94,"['議會氣候變遷小組', '底渣再利用', '南區焚化爐', '岡山掩埋場預定地', '路竹飛灰掩埋場']"
22,2019-09-22 23:05:26,"後天要開議一路開到12月中了💪 希望市長能全程出席接受質詢😓

#猜猜哪個市場
#還沒閒下來又要開議了",5591,132,"['還沒閒下來又要開議了', '猜猜哪個市場']"
23,2019-09-21 14:05:42,鎮南宮仙公廟祭孔大典暨獎學金頒獎典禮,2942,22,[]
24,2019-09-19 22:38:55,"誠摯邀請大家來#黃埔新村 玩，現在這裡有吃有玩有住，讓全台第一個眷村重新有了靈魂更有溫度🥰

#小人物玩食堂親子烘焙
#曼曼甜點manmandessert 
#鳳山79號背包客
#靜織坊
#Soho工房
#思念人之屋眷村民宿",2560,10,"['小人物玩食堂親子烘焙', 'Soho工房', '黃埔新村', '鳳山79號背包客', '曼曼甜點manmandessert', '思念人之屋眷村民宿', '靜織坊']"
25,2019-09-15 10:40:54,"中秋連假最後一天，收心&還月餅債囉🥮

#送上玉兔一隻🐰",5134,60,['送上玉兔一隻']
26,2019-09-14 00:05:46,中秋快樂🥮🥓🎑🌝,5202,69,[]
27,2019-09-11 23:52:28,中秋活動滿滿🎑祝福大家平安快樂🥮,4284,51,[]
28,2019-09-08 23:40:14,"#台灣同志諮詢熱線協會 
#南部辦公室2019募款感恩會
#一起走下去
#我們不孤單",3439,25,"['南部辦公室2019募款感恩會', '我們不孤單', '一起走下去', '台灣同志諮詢熱線協會']"
29,2019-09-08 13:12:36,"#臺灣世衛外交協會 成立大會 
#健康權不容政治力綁架
#掙脫中國壓迫走出國際社會
#好多年輕人一起努力更有希望",4014,29,"['健康權不容政治力綁架', '掙脫中國壓迫走出國際社會', '好多年輕人一起努力更有希望', '臺灣世衛外交協會']"
30,2019-08-31 16:19:43,"Together
we are stronger 
#港台同心
#持續關注香港
#為香港祈禱
#香港加油啊",3875,65,"['香港加油啊', '港台同心', '為香港祈禱', '持續關注香港']"
31,2019-08-30 09:43:50,去美國一趟回來瘋狂還債😂調時差的時間也沒有⏰ #行程滿滿滿 #忙起來,4186,37,"['行程滿滿滿', '忙起來']"
32,2019-08-28 17:26:17,"邀請大家把握最後時間來看非常有意義的 #那些愛滋感染者的故事展 ！

導覽員會非常耐心溫柔的分享每個真實也令人心疼的故事，聽了雖然不捨，但我相信這樣溫柔的傳播力量也會逐漸發酵，感謝台灣有 #愛滋感染者權益促進會 一路以來的努力！",4263,39,"['那些愛滋感染者的故事展', '愛滋感染者權益促進會']"
33,2019-08-23 08:55:15,"美西行順利結束✅在美國和許多 #支持台灣 #熱愛台灣 的鄉親交流，並參訪了美國地方府會及部門，收穫滿滿也感受到海外鄉親對台灣年輕的政治工作者寄與厚望，肩上的責任沈甸甸的，但也更有信心面對接下來的挑戰💪

#洛杉磯
#舊金山
#西雅圖
#溫哥華
誠摯感謝#北美台灣人教授協會 邀請我演講以及 @freddylimtt 邀我一起走訪美西💓",10462,171,"['北美台灣人教授協會', '西雅圖', '溫哥華', '支持台灣', '熱愛台灣', '舊金山', '洛杉磯']"
34,2019-08-15 16:45:26,感謝 #青平台 的邀請讓我有機會跟年輕學子們分享 #從街頭到議會 #如何公共參與 😊,3691,133,"['如何公共參與', '從街頭到議會', '青平台']"
35,2019-08-10 14:33:25,"為台灣祈求風調雨順、國泰民安🙏

#中元普渡
#一切平安",5472,175,"['一切平安', '中元普渡']"
36,2019-08-07 17:16:41,"穿 #rainbowpride 的衣服祝大家不分性別都有 #快樂情人節

#單身也快樂唷
#非常謝謝大家最近踴躍的關心",11962,340,"['非常謝謝大家最近踴躍的關心', 'rainbowpride', '快樂情人節', '單身也快樂唷']"
37,2019-08-06 15:51:04,"又爭取到了開放兩個 #不強制兩段式左轉  的路口💪

#但是拜託遵守交通規則是大前提呀
#好的交通習慣需要大家一起努力
#守規則安全至上
#爭取機車路權",5464,82,"['但是拜託遵守交通規則是大前提呀', '爭取機車路權', '好的交通習慣需要大家一起努力', '不強制兩段式左轉', '守規則安全至上']"
38,2019-08-02 12:58:18,"只能繼續走下去

#永遠的戰友",8311,144,['永遠的戰友']
39,2019-07-28 14:15:30,"歡迎大家響應可愛的 #警世碗 募資，一起支持 #罷韓30行動 ʕ •ᴥ•ʔ

#wecare 
#尹立
#毋通食碗內看碗外 
#釣客食堂",4695,57,"['尹立', '毋通食碗內看碗外', '罷韓30行動', '警世碗', '釣客食堂', 'wecare']"
40,2019-07-28 07:04:50,"#樂生生活節
#樂生療養院 
#樂生保留自救會
#抗汙名反強拆",4631,28,"['樂生療養院', '樂生保留自救會', '樂生生活節', '抗汙名反強拆']"
41,2019-07-19 19:23:11,"感謝 #台灣紅絲帶基金會 邀請對談 
#去除愛滋污名
#hivpositive
#性平教育不能等",3421,99,"['hivpositive', '去除愛滋污名', '性平教育不能等', '台灣紅絲帶基金會']"
42,2019-07-19 12:53:29,"#2019天主教台灣青年日
#議員工作分享會
#張豐藤",3521,22,"['議員工作分享會', '2019天主教台灣青年日', '張豐藤']"
43,2019-07-18 13:04:13,"在母校旁邊會勘 
#塗銷禁行機車標線
#簡煥宗議員服務處聯合會勘",4087,47,"['簡煥宗議員服務處聯合會勘', '塗銷禁行機車標線']"
44,2019-07-17 23:56:59,"#學姊受不了 
#17直播
#雞排妹
#鄭家純
#許淑華議員 
@ili.cheng 
@shua0522",4539,53,"['雞排妹', '許淑華議員', '鄭家純', '17直播', '學姊受不了']"
45,2019-07-17 15:42:20,謝謝最閃的 @fufuknows 來介紹鳳山美食☺️ #愛最大🌈,4156,25,['愛最大']
46,2019-07-14 00:55:34,"緊張到破音嗚嗚💔

#2019時代力量高雄黨部募款餐會
#無人熟識
#欠一個勇敢
#拍賣吉他",6377,174,"['拍賣吉他', '欠一個勇敢', '2019時代力量高雄黨部募款餐會', '無人熟識']"
47,2019-07-09 22:15:44,"#時力渣水表
#新竹市立委參選人高鈺婷
#新竹林志玲
#代班主持初體驗
#驚險過關
#玩很開的兩人😂",3618,54,"['新竹林志玲', '代班主持初體驗', '新竹市立委參選人高鈺婷', '驚險過關', '時力渣水表', '玩很開的兩人']"
48,2019-07-08 16:24:45,"#94要客訴
#顏若芳
#蔡宜芳
#李柏毅",3377,35,"['李柏毅', '蔡宜芳', '顏若芳', '94要客訴']"
49,2019-07-04 22:23:43,"遇到很久不見的 @votetzumeng ☺️ #美國在台協會高雄分處 
#美國國慶酒會",3869,31,"['美國在台協會高雄分處', '美國國慶酒會']"
50,2019-06-28 12:37:51,"持續拆除兩段式左轉號誌及塗銷待轉區🚦

#爭取機車路權
#但還是要請大家遵守交通規則啊
#高雄人的交通習慣真的有待加強😅
#不要闖紅燈停紅線高雄式左轉🤚
#降低肇事率需要你我共同留意",5417,212,"['爭取機車路權', '但還是要請大家遵守交通規則啊', '不要闖紅燈停紅線高雄式左轉', '高雄人的交通習慣真的有待加強', '降低肇事率需要你我共同留意']"
51,2019-06-27 11:30:30,"#沖繩戰爭交流記憶
#姬百合紀念館
#對馬丸記念館 
#南風原陸軍病院壕 
#平和紀念資料館 
#台灣轉型正義協會
#關懷台籍老兵文化協會",4548,36,"['關懷台籍老兵文化協會', '姬百合紀念館', '對馬丸記念館', '南風原陸軍病院壕', '平和紀念資料館', '沖繩戰爭交流記憶', '台灣轉型正義協會']"
52,2019-06-19 11:35:29,"要為行人爭取一條人行道真的不容易😢

#繼續努力
#突破限制
#打造以人為本的城市
#日常會勘
#人行道劃設",4023,73,"['繼續努力', '突破限制', '打造以人為本的城市', '人行道劃設', '日常會勘']"
53,2019-06-15 20:10:20,感謝 #高科大 #工業工程與管理系在職專班 邀請我去分享議會生活😊,4068,33,"['高科大', '工業工程與管理系在職專班']"
54,2019-06-14 12:12:39,"受邀和 #高師大UBA 分享從政心得🏀也希望高雄體育環境越來越好💪

#和大家站在一起真的是小矮人😂",3853,30,"['高師大UBA', '和大家站在一起真的是小矮人']"
55,2019-06-11 13:15:33,"#2019時代力量高雄黨部募款餐會 來了！歡迎大家火速購入 #餐券 及 #周邊小物 ，用行動給予時力肯定，停下來挑看選看～

在此預告，募款餐會上，我和于凱會唱歌跳舞，想看我們表演的千萬不要錯過😂 
餐會資訊：
■時間：2019年7月13日（六）晚間 6點入場、6點30分正式開始
■地點：海寶國際大飯店
（高雄市前金區自強二路171號，捷運橘線市議會站2號出口）
■入場方式：一人一券，憑券入場 👉餐券支持： 友情支持 2,000元｜大力支持 5,000元（送布章）｜熱情贊助 10,000元（送帆布包） ⭐募款餐會活動網址：https://reurl.cc/mAMQj ⭐線上購票：https://reurl.cc/glvAb ⭐現場購票：時代力量高雄黨部／市議員林于凱服務處／市議員黃捷服務處（黃捷 鳳山捷伴同行）

如有任何問題，歡迎來電或私訊粉專，時代力量高雄黨部：07-3809099

本次推出小物共四款，分別是布章兩款及衣服兩款，可先填寫表單預購，黨部人員會先幫您備好小物，餐會當天付款取貨唷！也可先行預購，之後再至高雄黨部或議員服務處取貨付款！ 
小物預購連結：https://npptw.org/kZXruK 【布章】閃電款：
讓低調的帥氣感成為我們相遇時確認彼此的暗號！
閃電款的ＮＰＰ分別取自時代力量英文黨名ＮewＰｏｗｅｒＰａｒｔｙ的三個字頭，最下面的Ｐ同時融合黨徽「力」的設計概念，ＫＨ則是高雄的縮寫，低調展現支持時代力量的熱情。
大小：51mm*80mm
背膠材質：熱熔燙膠
產地：台灣
售價：＄２５０元 【布章】港都新時代款：
滿版刺繡設計硬挺有型，用高雄人的海派與驕傲打造屬於我們的新時代！
在這關鍵的時代裡，浪潮一波波席捲而來，心中的民主燈塔堅定我們的信心與信念，高雄人就是要驕傲，就是堅持走自己的路，就是堅持肩負責任開創出自己的時代與未來。
大小：60mm*80mm
背膠材質：熱熔燙膠
產地：台灣
售價：＄３００元 【布章組合】閃電款＋港都新時代款
不同場合不同搭配，我身上是既低調又驕傲的高雄魂！
組合價：＄５００元 【衣服】高雄霸氣破框款：
帶著理想在時代的大船上乘風破浪，我就是掌舵的水手，未來要去哪裡由我決定！
用高雄兩字霸氣破框，拒絕活在既定的框架內，堅信必須藉著理想突破現狀去開創全新的局面。
嘿，夥伴，別等了，上船吧！
尺寸：XS/S/M/L/XL/2L/3L
材質：純棉
產地：台灣
售價：７００元 【衣服】ＴＡＫＡＯ領航款：
把ＴＡＫＡＯ放在心中，並築起防禦圍牆保護家鄉，用理想帶著家鄉航向新的方向！
高雄舊名打狗，最早以前源自於馬卡道族「莿竹（馬卡道語：ＴＡＫＡＵ）」，當時的馬卡道人在周圍種植莿竹作為防禦的圍牆。在這混亂的時局中，我們必須有所防禦，也必須無畏向前，穿起ＴＡＫＡＯ，走出來吧！
尺寸：XS/S/M/L/XL/2L/3L
材質：純棉
產地：台灣
售價：７００元",4452,68,"['餐券', '2019時代力量高雄黨部募款餐會', '周邊小物']"
56,2019-06-10 21:30:25,"祝福鳳山區 #鳳甲國中 #忠孝國中 #五甲國小 #曹公國小 #正義國小 #中崙國小 #中正國小 #母校文德國小 #鎮北國小 #新甲國小 #文山國小 #鳳西國小 #南成國小 今天畢業的孩子未來一切順利😊

#趕場人生
#畢業季",4732,70,"['曹公國小', '五甲國小', '中正國小', '南成國小', '正義國小', '鳳甲國中', '新甲國小', '鳳西國小', '趕場人生', '母校文德國小', '中崙國小', '畢業季', '忠孝國中', '鎮北國小', '文山國小']"
57,2019-06-07 17:17:15,"端午佳節愉快🎉

#年代向錢看 
@ntufish",6871,113,['年代向錢看']
58,2019-06-06 10:13:07,"祝福友校 #雄中 還有 #文山高中 #福誠高中 #中正高中 的畢業生有精彩的未來😊

#畢業季
#趕場趕不完",5441,70,"['中正高中', '趕場趕不完', '雄中', '畢業季', '文山高中', '福誠高中']"
59,2019-06-05 15:14:09,"端午節快樂🐲

#寒士慶端午
#人安基金會
#鳳山平安站",2567,30,"['鳳山平安站', '寒士慶端午', '人安基金會']"
60,2019-06-04 17:39:50,"今天到 #雄中 分享生命經驗，希望你們未來都能成為社會上美好的種子🌱

#從大家眼中看見炙熱的光
#公民意識培力
#一起努力💪",4038,47,"['一起努力', '雄中', '從大家眼中看見炙熱的光', '公民意識培力']"
61,2019-06-04 11:54:09,"祝福 #鳳山商工 和 #鳳新高中 的畢業生有美好的未來😊

#大家都對我好熱情啊太感謝了
#畢業快樂🎓 
#我跟大家像平輩哈哈哈",5533,80,"['畢業快樂', '鳳新高中', '大家都對我好熱情啊太感謝了', '鳳山商工', '我跟大家像平輩哈哈哈']"
62,2019-06-02 17:23:22,"收到唯一正統官媒 #眼球中央電視台 的邀訪實在太榮幸了！敬請期待！

#近期講最多次中華的時刻
#央視會客廳 
#視網膜
#動眼神經
#臥蠶
#巧芯巧芯得第一 
#眼球運動",4619,51,"['央視會客廳', '眼球運動', '眼球中央電視台', '視網膜', '近期講最多次中華的時刻', '巧芯巧芯得第一', '臥蠶', '動眼神經']"
63,2019-06-01 12:31:14,"鳳山美食推薦

#李家肉圓😋
#十顆肉圓配一碗魚貢丸湯只要75元
#CP值超高💯",7348,140,"['十顆肉圓配一碗魚貢丸湯只要75元', 'CP值超高', '李家肉圓']"
64,2019-05-31 22:19:12,"今天擔任#性別說故事大賽 講者，和大家分享很多很個人的性別感受和成長經驗，微害羞(˶‾᷄ ⁻̫ ‾᷅˵) #高雄市女性權益促進會 
#高雄市女性史料室
#性別論文擂台賽",2965,20,"['性別說故事大賽', '高雄市女性史料室', '高雄市女性權益促進會', '性別論文擂台賽']"
65,2019-05-30 18:05:23,"第一次參加龍舟點睛儀式，很新鮮☺️ #龍舟藝術🎨
#端午節🐲 
#教育委員會活動全勤4我",5176,73,"['教育委員會活動全勤4我', '龍舟藝術', '端午節']"
66,2019-05-29 13:34:26,"教育委員會考察心得：小孩都超活潑ಠ_ಠ

#七賢國小
#雙語實驗課程 
#鳳儀書院
#黃埔新村
#以住代護
#眷村創生
#眷村築夢
@house_of_missing_you",4607,51,"['以住代護', '黃埔新村', '眷村築夢', '鳳儀書院', '雙語實驗課程', '眷村創生', '七賢國小']"
67,2019-05-27 11:44:42,"感謝昨天 #台灣公務革新力量聯盟 邀請我去座談☺️ #捍衛公務員勞動權益
#府會溝通
#行政減量
#公部門改革",3843,27,"['捍衛公務員勞動權益', '公部門改革', '府會溝通', '行政減量', '台灣公務革新力量聯盟']"
68,2019-05-26 12:04:25,"愛最大🥰

#凱道同婚宴
#伴侶盟愛最大 
#時力挺平權
@tapcpr",2467,23,"['伴侶盟愛最大', '凱道同婚宴', '時力挺平權']"
69,2019-05-25 17:12:43,"🌈讓平權遍地開花🌈

#跑遍全台挺平權
#性別平等不能等
#宜蘭驕傲大遊行",4780,46,"['性別平等不能等', '宜蘭驕傲大遊行', '跑遍全台挺平權']"
70,2019-05-23 21:10:10,"祝大家明天順利登記ㄛ👨‍❤️‍👨👩‍❤️‍👩 @emmy_on_earth 
#同婚合法 
#524同婚愉快
#財經網美",3634,38,"['財經網美', '同婚合法', '524同婚愉快']"
71,2019-05-21 14:55:12,"這種表情，僅此一次下不為例😂

#和港湖女神首度同台
#眼球運動
#都屬猴
#台大學姊學妹
#我要當選",8034,191,"['眼球運動', '我要當選', '和港湖女神首度同台', '台大學姊學妹', '都屬猴']"
72,2019-05-21 10:47:38,昨天在 #新台灣加油 和 #廖筱君 對談以及 #ettoday東森新聞雲 直播專訪🎥,2717,39,"['廖筱君', 'ettoday東森新聞雲', '新台灣加油']"
73,2019-05-19 17:58:20,"戰爭造成的傷痛，越沈重越要勇敢正視。

#許昭榮先生逝世十一週年追思會
#歷史不能遺忘 
#台籍老兵關懷協會
#台灣無名戰士紀念碑",3317,19,"['歷史不能遺忘', '台籍老兵關懷協會', '台灣無名戰士紀念碑', '許昭榮先生逝世十一週年追思會']"
74,2019-05-18 18:47:20,"今天ptt最暖作家 @littlelifer1206 來我的服務處發雞排😋 以及上下午參加兩場時力高雄巡迴座談還有學生作業訪談。

#每天都非常充實啊💪
#加油加油
#黑眼圈又更深了😂",3067,28,"['黑眼圈又更深了', '加油加油', '每天都非常充實啊']"
75,2019-05-17 18:05:01,"下午匆匆趕回鳳山會勘，無法近身和大家一起感受歷史性的一刻，但還是好感動好激動😭😭😭 #台灣囍事 
#亞洲第一個同性婚姻合法國家 
#gaymarriageintaiwan",4095,60,"['gaymarriageintaiwan', '台灣囍事', '亞洲第一個同性婚姻合法國家']"
76,2019-05-17 11:57:13,"總之退無可退。我們一起度過這天。

#平權的那一天
#同志人權歷史時刻",5460,57,"['平權的那一天', '同志人權歷史時刻']"
77,2019-05-16 15:54:58,"中午日頭赤炎炎💦，我跟 #鎮南宮仙公廟 一起在鳳山祈福踩街發🍑壽桃 
#吃乎甜甜💕 
#平安順利🙏",5323,77,"['鎮南宮仙公廟', '平安順利', '吃乎甜甜']"
78,2019-05-12 17:48:17,"母親節快樂🎉

等等20:00 我會和#林昶佐freddy 一起上 #台視17Q ，歡迎收看👉http://bit.ly/2UXl5vV",2144,14,"['林昶佐freddy', '台視17Q']"
79,2019-05-11 21:26:46,"溫馨快樂的同溫層🥰

#苗栗愛轉來平權遊行 
#曾玟學
#宋國鼎 
#廖子齊
#連郁婷
#林彥甫
#邱顯智
#唐聖捷
#黃益中",4039,34,"['苗栗愛轉來平權遊行', '林彥甫', '宋國鼎', '連郁婷', '曾玟學', '廖子齊', '唐聖捷', '黃益中', '邱顯智']"
80,2019-05-09 22:42:13,"火鍋直播聚會(｡･ω･｡)ﾉ

#林穎孟 
#黃郁芬",2582,69,"['林穎孟', '黃郁芬']"
81,2019-05-09 22:22:07,#新聞大解讀 #胡忠信 #戴瑋姍,2263,23,"['新聞大解讀', '胡忠信', '戴瑋姍']"
82,2019-05-08 19:02:37,"遇到經濟部長#沈榮津 財金文化董事長#謝金河 
今天在 #年代向錢看 & #突發琪想 分享自經區及韓粉話題📺",2089,21,"['突發琪想', '謝金河', '年代向錢看', '沈榮津']"
83,2019-05-07 18:41:37,今晚 #鄭知道了 #關鍵時刻 #辣新聞152 有我🎬,2196,37,"['鄭知道了', '關鍵時刻', '辣新聞152']"
84,2019-05-07 00:46:49,"今日工事：委員會提案審查+四個平面專訪+五個節目連線+神秘網路節目錄影

#批評鼓勵都感謝
#平常心繼續加油
#楊大正
#陳柏惟",2351,43,"['批評鼓勵都感謝', '陳柏惟', '平常心繼續加油', '楊大正']"
85,2019-05-05 23:42:21,"其實我的質詢只是反映大家最真實的心情，真的不需要造神也不是所謂逢韓必反，就是理性討論釐清問題而已不是嗎？大家冷靜啊⋯

#突破同溫層啦
#不必激化
#不要激動
#我與我的傻眼貓咪🐱",4579,212,"['突破同溫層啦', '不必激化', '不要激動', '我與我的傻眼貓咪']"
86,2019-04-28 21:15:40,"我在東京同遊天氣晴🌞🌞🌞 #tokyorainbowpride2019 
#楽しい 
#pinkeconomy",1677,72,"['pinkeconomy', 'tokyorainbowpride2019', '楽しい']"
87,2019-04-28 10:48:14,"日本有這麼多公開出櫃卻能選上的議員實在不可思議，在台灣絕對是阻力⋯

#台日lgbt友善議員交流會 
#上川あや 
#石坂涉
#細田智也
#小原明大 
#大野知意
#高月真名
#石川大我",1163,11,"['上川あや', '台日lgbt友善議員交流會', '小原明大', '細田智也', '大野知意', '石坂涉', '高月真名', '石川大我']"
88,2019-04-26 15:39:36,"🌈與日本LGBT倡議團體交流

#Rebit
#伴侶盟",765,5,"['Rebit', '伴侶盟']"
89,2019-04-24 19:49:01,"今天連錄兩個節目，在林口度過一天 
1900-1930 #台灣學堂ya力引爆 
2000-2200 #台灣最前線 
#政論苦手😂
#比較喜歡用寫的",744,20,"['台灣學堂ya力引爆', '台灣最前線', '比較喜歡用寫的', '政論苦手']"
90,2019-04-24 09:01:37,"感謝中山大學政治學研究所的邀請🥰

#中山大學
#代議民主的未來",703,7,"['中山大學', '代議民主的未來']"
91,2019-04-23 11:48:12,"幫全中運高雄選手加油💪💪💪 #高雄加油
#各方面都要加油
#全國中學運動會
#鯨寶
#珊娃",464,4,"['全國中學運動會', '高雄加油', '鯨寶', '珊娃', '各方面都要加油']"
92,2019-04-22 20:43:29,"希望就在雲背後

#我們與電線桿的距離
#會勘日常
#電纜地下化",464,24,"['我們與電線桿的距離', '電纜地下化', '會勘日常']"
93,2019-04-21 20:37:09,"忘記穿跟穎孟一樣的外套相認了XD

#大安文山林穎孟
#人渣文本周偉航
#三民林于凱
#新竹東區蔡惠婷
#時代力量第一屆黨代表大會",581,12,"['三民林于凱', '時代力量第一屆黨代表大會', '大安文山林穎孟', '新竹東區蔡惠婷', '人渣文本周偉航']"
94,2019-04-20 18:12:54,"媽祖保佑，今天遶境天氣爆好🌞

#走半天就夠累了信眾們走十小時太勇猛
#四年一科龍成宮媽祖遶境",591,12,"['走半天就夠累了信眾們走十小時太勇猛', '四年一科龍成宮媽祖遶境']"
95,2019-04-18 23:08:40,"請問，我長得像韓冰嗎？

#今天被說像之後就開始照鏡子自我懷疑
#高雄人問號❓❓❓",866,128,"['❓', '今天被說像之後就開始照鏡子自我懷疑']"
96,2019-04-17 23:51:28,把#台南彩虹遊行 的布條拿回來裝飾(˶‾᷄ ⁻̫ ‾᷅˵),923,22,['台南彩虹遊行']
97,2019-04-15 19:21:07,"主席台紀念照😂

#當主席的好處是麥克風都不會被消音",601,18,['當主席的好處是麥克風都不會被消音']
98,2019-04-13 16:55:15,台南好棒🥰🌈🤘 #台南同志遊行,444,6,['台南同志遊行']
99,2019-04-10 13:24:59,"\讀起來/

#讀貓
#知己知彼
#臺灣的嚴肅時刻",387,9,"['知己知彼', '臺灣的嚴肅時刻', '讀貓']"
100,2019-04-08 13:03:42,"半天密集的考察行程

#漯底山自然公園 
#典寶溪滯洪池 
#岡山水塔
#五甲尾滯洪池
#邱志偉
#高閔琳",249,3,"['五甲尾滯洪池', '漯底山自然公園', '典寶溪滯洪池', '岡山水塔', '高閔琳', '邱志偉']"
101,2019-04-07 14:12:34,"拒絕一國兩制，打造臺灣新國家

#大家一起上街
#天氣很好快來喔",716,18,"['大家一起上街', '天氣很好快來喔']"
102,2019-04-04 01:04:23,"跟環保局約半夜十二點稽查。 
聊一聊才知道他們每次輪大夜班都是晚上六點值勤到隔天早上八點... #公務員過勞啊啊
#拯救公務員計畫",385,24,"['公務員過勞啊啊', '拯救公務員計畫']"
103,2019-04-01 23:25:09,"今天質詢自認為談了很重要的東西結果媒體都沒報😢 
#太冷靜理性的風格媒體不愛
#會表演還是重要的",714,36,"['會表演還是重要的', '太冷靜理性的風格媒體不愛']"
104,2019-03-31 22:48:58,"兩位前記者互相幫拿麥XD

#議會好夥伴
#懷念的新聞工作",366,12,"['懷念的新聞工作', '議會好夥伴']"
105,2019-03-30 15:26:17,"希望盡快還給站務人員和乘客健康無害的通勤環境

#台鐵地下化柴油廢氣考察again
#暴露評估做起來
#空污防制做起來",315,6,"['空污防制做起來', '台鐵地下化柴油廢氣考察again', '暴露評估做起來']"
106,2019-03-29 19:52:19,"今晚2250-0000，54台三立電視台《54新觀點》有我ㄛ，歡迎看我跟玉米吵架

#54新觀點
#主持人黃倩萍 
#國民黨立委王育敏
#資深媒體人王瑞德 
#資深媒體人黃創夏
#國民黨議員黃紹庭
#每家電視台的服化組風格都不一樣XD",612,18,"['主持人黃倩萍', '資深媒體人王瑞德', '54新觀點', '國民黨立委王育敏', '每家電視台的服化組風格都不一樣XD', '國民黨議員黃紹庭', '資深媒體人黃創夏']"
107,2019-03-27 22:09:58,"局長，比讚不用那麼用力⋯

#社會局長葉壽山
#strongarms",309,4,"['strongarms', '社會局長葉壽山']"
108,2019-03-26 15:54:56,"今晚十點，🌶🌶🌶民視辣新聞152談韓國瑜中國行

#辣新聞152
#寇寇姐
#黃守達",316,9,"['黃守達', '寇寇姐', '辣新聞152']"
109,2019-03-24 17:09:24,"👨‍🎤遇到閃靈主唱 
#2019大港開唱 
#希望明年還聽的到🤘",420,9,"['希望明年還聽的到', '2019大港開唱']"
110,2019-03-22 23:39:04,"為好空氣努力的一天

#爭取乾式煉焦爐
#大社工業區降編
#空污影像紀錄座談
#獲得一本好書和康乃馨",237,8,"['獲得一本好書和康乃馨', '空污影像紀錄座談', '大社工業區降編', '爭取乾式煉焦爐']"
111,2019-03-19 18:45:56,#鳳邑代天宮的小禮物,197,4,['鳳邑代天宮的小禮物']
112,2019-03-19 13:44:57,"看完了～很好看！感謝有人動筆寫下鳳山人的共同記憶📝

#親像鳳梨心
#鳳山代誌
#歡迎來服務處閱讀",267,1,"['鳳山代誌', '歡迎來服務處閱讀', '親像鳳梨心']"
113,2019-03-17 13:25:26,"3/30一起關燈愛地球，短片上映再跟大家分享！
ft.不需要開燈的貓",232,5,[]
114,2019-03-16 14:04:05,"有人知道這是什麼東西嗎？（笑） 
等等路權公聽會就要開始了！來現場一起討論吧",93,3,[]
115,2019-03-15 23:58:37,"謝謝 @hotlinesouth 熱線南辦上週給我一個美好（同溫）的夜晚🌈 
#取暖好所在
#同志社群與政治連線
#議員聊天會",193,0,"['同志社群與政治連線', '議員聊天會', '取暖好所在']"
116,2019-03-14 20:34:00,"🐱情人節快樂🐱

#曬一波情人
#圓周率節快樂",489,12,"['圓周率節快樂', '曬一波情人']"
117,2019-03-14 11:12:08,"四月播出🎙

#高雄廣播電台 
#fm943",246,4,"['fm943', '高雄廣播電台']"
118,2019-03-09 16:58:57,關心鐵路地下化柴油廢氣排放管制措施,194,1,[]
119,2019-03-06 12:00:10,"參與17個性平及婦權團體的會議，與關心性平議題的夥伴們一起努力💪

photo by 台灣南方社會力聯盟

#sheforshe #heforshe",212,2,"['sheforshe', 'heforshe']"
120,2019-03-04 22:39:34,"坐在我手上的猴🐒

#台灣獼猴吱吱黨 
#歡迎預約導覽解說團
#人猴共生",333,7,"['人猴共生', '歡迎預約導覽解說團', '台灣獼猴吱吱黨']"
121,2019-03-01 15:08:25,"議員日常

#跑攤人生 
#政策研究
#會勘協調
#大小會議
#質詢時間反而短（！",203,3,"['會勘協調', '政策研究', '質詢時間反而短', '大小會議', '跑攤人生']"
122,2019-02-28 10:17:31,"沒有真相就沒有和解。

#228和平追思會",247,3,['228和平追思會']
123,2019-02-23 10:39:25,"臺灣的語言真的好好聽好美麗，千萬別讓她消失👂

#uninang 
#221世界母語日
#母語都是國家語言",232,2,"['母語都是國家語言', '221世界母語日', 'uninang']"
124,2019-02-20 18:26:34,希望關心環境、注重氣候變遷和循環產業的議員越來越多💪,235,4,[]
125,2019-02-12 11:28:05,"送大家入伍的時候聽到熟悉的名字，竟然遇到幫忙選舉的前同事！

謝謝所有為國家付出的你們！",272,7,[]
126,2019-01-29 18:15:33,"跨黨派議員一起豬你幸福🐷
#高雄現場
#黃文益
#李雅芬
#慶聯港都有線電視",115,2,"['慶聯港都有線電視', '黃文益', '高雄現場', '李雅芬']"
127,2019-01-22 11:45:12,（滾動）,222,10,[]
128,2019-01-19 13:50:54,"生日願望
之一：
時力明年立委破十席！
之二：
五月專法不會過，釋憲結果自動生效！

謝謝大家的祝福和建議，一定會努力再努力的💪
#朋友祝我黑眼圈消失太實在ㄌ",208,12,['朋友祝我黑眼圈消失太實在ㄌ']
129,2019-01-18 15:25:05,"獲得韓市長的10吋生日蛋糕⋯
#他堅持要送
#明天就26歲啦
#25歲是強迫長大的一年
#未來要承擔更多責任了",350,40,"['未來要承擔更多責任了', '他堅持要送', '25歲是強迫長大的一年', '明天就26歲啦']"
130,2019-01-17 21:14:49,"質詢初登板，其實很緊張😓 一定要更努力為民喉舌、強力監督市政，為公平正義發聲💪 
#晚上接著跑兩個活動場
#忙忙忙",200,5,"['晚上接著跑兩個活動場', '忙忙忙']"
131,2019-01-11 20:50:11,"簽了無數張春聯，手痠。
#諸事順利🐷 #豬年大吉 #歡迎來拿",155,13,"['豬年大吉', '歡迎來拿', '諸事順利']"
132,2019-01-10 22:06:37,"今日工事
#高雄觀光不能等
#北號誌樓
#文資保存
#在地鐵道文化更值得觀光發揚啊
#不如找我們代言（？",325,10,"['文資保存', '高雄觀光不能等', '北號誌樓', '不如找我們代言', '在地鐵道文化更值得觀光發揚啊']"
133,2019-01-07 15:30:30,"參加個說明會臉那麼臭幹嘛
#自強陸橋拆除說明會
#等很久了 
#行程滿滿的一天",206,1,"['行程滿滿的一天', '等很久了', '自強陸橋拆除說明會']"
134,2019-01-05 00:27:33,"猜猜在哪裡～
#會勘日常 #護欄與停車格需求了解中 #交通是觀光的命脈啊",166,6,"['交通是觀光的命脈啊', '護欄與停車格需求了解中', '會勘日常']"
135,2019-01-01 12:57:05,購入2019#台灣獨曆 。一起了解#台灣歷史上的今天 📆,167,9,"['台灣獨曆', '台灣歷史上的今天']"
136,2018-12-31 20:37:12,"這幾天到市場走走和店家聊天收穫很多，果然傾聽和關心是我最樂意也擅長的事。

2019年度目標很簡單，就是不忘初心、不忘託付，全力實現政見，並創造新人新政治的透明作風。

個人目標是希望台語練到流利，也希望有能力再收養一隻浪浪貓🐱

#2019新年快樂 
#明年見",206,3,"['2019新年快樂', '明年見']"
137,2018-12-29 11:18:47,"亞洲人文主義大會，女性倡議者們相談甚歡！

#feminist #humanist #womenpower #台灣人文煮意麵團",200,2,"['feminist', 'womenpower', '台灣人文煮意麵團', 'humanist']"
138,2018-12-28 00:25:19,"校友回家🏠校園和老師們十年後都沒有變，一起凍齡！

#雄女
#斑城
#想當年當過小紅帽呢😂",276,5,"['想當年當過小紅帽呢', '斑城', '雄女']"
139,2018-12-27 20:15:02,"感謝支持者前來餵食辦公室夥伴💓 支持在地食材、在地店家，美味健康又環保💪

#alife麵包工作室 #台灣小麥 #洋蔥貝果 #蔓越莓鄉村麵包 #超好吃der #除了九二麵包你有更好的選擇",179,3,"['除了九二麵包你有更好的選擇', '台灣小麥', '蔓越莓鄉村麵包', 'alife麵包工作室', '洋蔥貝果', '超好吃der']"
140,2018-12-25 10:34:32,就職典禮，責任正式開始！,410,9,[]
141,2018-12-24 16:57:18,"平安夜傳來這樣的訊息，真的好沈痛。

記者會結束，跟淨瑜輕輕說了聲加油，而她要用重重的氣力和意志，才能面對如此粗暴惡劣的中國政權。

請大家繼續寫信給李明哲，讓中國知道台灣人民都在等待李明哲回家，我們不會放棄捍衛人權。

#釋放李明哲
#言論自由無罪
#人權不能被放棄",147,0,"['釋放李明哲', '人權不能被放棄', '言論自由無罪']"
142,2018-12-24 11:24:56,"親自幫來賓別麥克風的親切主持人💗
#鳳信有線電視
#厝邊來開講
#施月華
#頻道4
#近期播出",213,2,"['厝邊來開講', '施月華', '頻道4', '近期播出', '鳳信有線電視']"
143,2018-12-21 21:26:06,"第一次上三立的政論節目就連錄兩個節目💪把握短暫的發言機會來說理辯分明，還有好多好多話想講啊XD

#鄭知道了
#新台灣加油
#今晚播出",317,10,"['鄭知道了', '今晚播出', '新台灣加油']"
144,2018-12-13 21:51:04,"回母校分享特殊的選戰經驗，和學弟妹聊的很開心還遇到選民😆

#不務正業的反指標學姐
#休學兩次搞政治
#台灣大學環境衛生研究所
#NTUPH",275,4,"['台灣大學環境衛生研究所', 'NTUPH', '不務正業的反指標學姐', '休學兩次搞政治']"
145,2018-12-09 11:59:24,"選後兩週，終於能好好打掃辦公室了，真是神清氣爽！ .
打掃癖在選前實在忍耐的很辛苦，雖然有幾次結束一天行程回到辦公室還是忍不住跑去刷廚房和廁所的牆壁⋯。
.
燒聲和身體狀況在充足的睡眠下逐漸恢復💪接下來兩週辦公室空間和人事重新整頓，辦公室暫不開放，不便之處敬請見諒🙏

祝大家有個美好的年尾，12/25聖誕節再見👋 
#這隻叫咪咪
#菜市場名",388,12,"['這隻叫咪咪', '菜市場名']"
146,2018-12-02 09:37:33,"選前騎腳踏車騎到市場攤販都會問我：「今天怎麼沒騎腳踏車來？」鳳山有機車議員，現在也有腳踏車議員了😂

選後這週開始密集地開會，黨務、議會工作籌備、各方團體會面等等，沒有時間休息，現在更是要上緊發條、把一項項複雜的問題攤開來仔細處理的關鍵時刻💪帶著大家對我的信任，更感責任重大。（依稀記得有人跟我說可以放鬆一週？誰騙我⋯）",325,4,[]
147,2018-12-01 00:14:56,"以特別的身分回母校！文德國小生日快樂🎂
#服務20年的師長們",280,1,['服務20年的師長們']
148,2018-11-26 20:31:16,"昨天參加高雄同遊，很榮幸可以上台給大家打氣，也很高興志明跟易瑩也一起來（于凱因為有事在上台前一秒離開）。
原本開票完還在思考我的支持者都在哪裡，結果在遊行時一直遇到😂😂😂
我們打勾勾，一起參加每年的遊行！
#高雄同志大遊行 #捷伴同行",242,4,"['捷伴同行', '高雄同志大遊行']"
149,2018-11-25 10:55:18,"真的感謝鳳山選民的信任與託付，我會在未來四年擔負起監督市政的責任。
挑戰現在才真正開始，還有很多事等著被解決，期待我們新世代的未來。
即便公投結果不盡人意，但千萬別氣餒。這是一個漫長的戰役，我們一定要堅持走下去。未來在議會，我會堅守支持平權、支持性平教育的立場，為性別友善的城市而努力。今天下午高雄同志大遊行見！
#高雄同遊",433,20,['高雄同遊']
150,2018-11-23 23:45:41,"最後的最後，真的要謝謝每一位在這段時間出現在我生命中的人。
明天請出門投票，無論你支持誰、支持什麼議題。
#捷伴同行 #出門投票",216,6,"['出門投票', '捷伴同行']"
151,2018-11-23 14:19:25,"竟然在短短時間內站路口站了快一百次！
等等五點還是會在路口看到我喔！老地方見❤️
#明天投五號 #捷伴同行",231,3,"['捷伴同行', '明天投五號']"
152,2018-11-22 18:10:23,"吃麥克風（嚼）

倒數一天啦！！！！每天一樣腳踏實地的走，扎扎實實的跟人擊掌！
想到之前還是握手的時候因為手勁太強不小心太大力，民眾嚇到😂😂
（擊掌應該不會把人擊飛吧🤣🤷🏻‍♀️
#捷伴同行 #倒數一天",237,1,"['捷伴同行', '倒數一天']"
153,2018-11-22 00:40:51,"我不是老薑啦～
😂😂
#捷伴同行 #倒數兩天",156,2,"['倒數兩天', '捷伴同行']"
154,2018-11-21 14:01:54,"跟可愛狗狗give me five❤️🐶
自從握手改成擊掌，掃街變得非常歡樂有趣。趕緊加入擊掌隊伍！✋
#捷伴同行 #趕緊加入徒步掃街 #歡迎特地來巧遇❤️",131,0,"['趕緊加入徒步掃街', '捷伴同行', '❤️']"
155,2018-11-20 22:06:52,"感謝11/18在凱道的朋友傳這張照片給我，說在現場一直看到照片在螢幕上🌈❤️
選前一週，雖然實在沒辦法像前幾週一樣到台北參加遊行。但還是一直用自己小小的力量和大家站在一起。
投完九合一選舉一定要主動領取公投票，因為選務人員不會主動詢問，一起讓不可能變成可能。
倒數幾天了，一起提醒身邊的朋友們要記得回家投票，認真了解每個候選人的主張也是我們應該做的，不管是透過選舉公報還是臉書粉絲團，一起朝理性的民主邁進！
#兩好三壞 #捷伴同行 #倒數四天 #婚姻平權大平台",142,0,"['婚姻平權大平台', '兩好三壞', '捷伴同行', '倒數四天']"
156,2018-11-19 22:55:09,"日子越來越接近，越覺得這一切非常不可思。從本來平凡過日子的生活，突然轉變成穿梭在街頭巷尾的公眾人物，謝謝我在臺大雙主修社會系時的老師，也是時代力量秘書長陳惠敏老師給我這個機會，最直接的讓我有機會參選，有機會用我的能力回饋家鄉。
倒數五天了！徒步掃街跟大家擊掌（give me five）的時間已經公佈在臉書，歡迎特地來跟我巧遇😂😂😂😂
#倒數五天 #捷伴同行 #最近比較感性 #謝謝你們聽我囉嗦 #鐵馬掃街",208,0,"['捷伴同行', '謝謝你們聽我囉嗦', '鐵馬掃街', '最近比較感性', '倒數五天']"
157,2018-11-18 12:46:10,"今天早上政見發表會，大家有發現我別上彩虹徽章嗎？ 🌈 
#沒講到公投覺得很懊悔啊啊啊 #好多候選人沒來政見發表會 #從上週就希望早上醒來聲音就好了 #愛最大 #兩好三壞投出幸福未來 #政見發表會 #不要只看到黑眼圈",219,3,"['沒講到公投覺得很懊悔啊啊啊', '政見發表會', '不要只看到黑眼圈', '兩好三壞投出幸福未來', '愛最大', '從上週就希望早上醒來聲音就好了', '好多候選人沒來政見發表會']"
158,2018-11-17 12:43:10,"從一開始一一自我介紹，到現在騎機車停紅燈會被認出來、掃市場時聽到民眾說：「啊妳又來了！」，這段期間我們幾乎不靠密度超高滲入民心的看板，只靠雙腳一步一腳印、支持我的你們口耳相傳，真的感謝。
最後一週了，下週的這個時候已經在投票，雖然緊張但腳步不亂，就像平時的黃捷一樣，堅持做對的事，發現不足便想辦法改善，這也是時代力量一直以來的作風與中心思想，不靠網軍帶風向與惡意抹黑，腳踏實地、永保初衷。
#倒數七天 #捷伴同行 #兩好三壞",200,10,"['捷伴同行', '兩好三壞', '倒數七天']"
159,2018-11-16 15:16:47,"最近臉書突然變得很熱鬧，謝謝每一位來留言的人，也謝謝給我鼓勵的朋友，真的真的都是堅持到最後一刻的動力。
#倒數8天 #最後衝刺 #捷伴同行",137,4,"['捷伴同行', '倒數8天', '最後衝刺']"
160,2018-11-14 14:26:11,"竟然被拍到綁頭髮的瞬間！
投票日快到了，#倒數10天。
不管怎樣一定會扎實的把最後一哩路走完，更加用力、拼、衝，一起讓我與 #時代力量 高雄三位候選人全上 #三民林于凱 #左楠林子盟 。當然其他地區也一起上。
#倒數十天 #鳳山黃捷 #一起加油 #讓平民也能參政 #年輕人回家",189,1,"['三民林于凱', '倒數十天', '一起加油', '倒數10天', '時代力量', '左楠林子盟', '鳳山黃捷', '年輕人回家', '讓平民也能參政']"
161,2018-11-12 23:40:07,"在市場發現某攤認真地幫我宣傳😆老闆太可愛了哈哈哈

#受歡迎的貓狗貼紙 #歡迎索取 #但我不是菊系呀 #五號懇請支持 #倒數12天 #穩扎穩打 #行得正坐得直不怕流言蜚語",161,3,"['但我不是菊系呀', '行得正坐得直不怕流言蜚語', '五號懇請支持', '歡迎索取', '倒數12天', '受歡迎的貓狗貼紙', '穩扎穩打']"
162,2018-11-11 22:39:04,"🏃‍♀️最近瘋有氧，除了沿街健走、腳踏車繞行還有 #垃圾車路跑 。運動顧健康，全民一起來！ .

一位常遇到的大哥問我踏破幾雙鞋？一年前買的二手布鞋五百元，環保又省錢，且至今尚堪用，不得不敬佩感謝我的鞋如此操勞下依舊勇健！

#倒數13天💪",129,1,"['垃圾車路跑', '倒數13天']"
163,2018-11-11 00:05:15,"正式倒數14天，依然每天邁開步伐奮力向前行！
/
明天國昌老師也會到高雄來，敬請關注！
#後面很搶戲 #1124返鄉投票 #鳳山捷伴同行",123,4,"['鳳山捷伴同行', '1124返鄉投票', '後面很搶戲']"
164,2018-11-09 16:09:30,"雖然沒有自己的宣傳車，但一步一腳印，腳踏宣傳車也是很環保安靜也好用！下午騎著我最愛的city bike去街上晃晃和大家打招呼，非常舒服❤️ #倒數15天
#歡迎加入腳踏車行列 
#鳳山捷伴同行 
#citybike",128,1,"['鳳山捷伴同行', '歡迎加入腳踏車行列', '倒數15天', 'citybike']"
165,2018-11-08 07:37:53,"掃街遇到可愛狗狗！！
元氣+100🐶

#鳳山捷伴同行 #倒數16天 #跟我一起加油 #全力衝刺",133,6,"['鳳山捷伴同行', '倒數16天', '跟我一起加油', '全力衝刺']"
166,2018-11-07 00:11:55,"快閃台北兩小時，開了一場沒什麼人關注的記者會。

喊了又喊，依舊沒人在乎。這真的不夠庶民不夠直接影響人民生活嗎？當你我腳踏實地工作賺錢繳稅卻有人拿你的錢享樂且免於刑責，真的沒關係嗎？

近日被攻擊是側翼。實在不明白，那我們在立法院的表現和地方選舉時不論藍綠都敢說敢講敢批評的實際行動算什麼？不怕得罪只求真正的公平正義而已。

#黑眼圈無極限 
#越來越不成人樣啦
#期待投票那天讓我睡滿六小時",111,5,"['越來越不成人樣啦', '黑眼圈無極限', '期待投票那天讓我睡滿六小時']"
167,2018-11-06 07:15:02,"每天都真的真的很努力阿！

外在因素詭譎多變，許多操作時刻在影響選情。但不管結果如何，我都自認沒有偷懶沒有鬆懈，身體和腦袋都時刻在應戰，全力以赴，也正面看待批評和攻擊。即便選舉有很多說不出的無奈，也不會感到遺憾。

#倒數18天
#每天路口站好站滿
#努力💪💪💪",167,7,"['倒數18天', '努力', '每天路口站好站滿']"
168,2018-11-02 21:08:44,"今天晚上公視13台 南部開講
黃捷第一次受邀上節目～
今晚十二點整還有重播，歡迎收看！
#南部開講 #公視 #捷伴同行",99,3,"['南部開講', '捷伴同行', '公視']"
169,2018-11-01 11:02:13,"今日工事，敬請期待！
😇😇😇
#捷伴同行 #鳳山黃捷",112,3,"['捷伴同行', '鳳山黃捷']"
170,2018-10-30 23:11:43,"真的太扯，慶富案沒人敢講話！
#官官相護 #3200萬交保你敢信？ #堅決抗議",102,0,"['堅決抗議', '官官相護', '3200萬交保你敢信']"
171,2018-10-28 15:05:35,"拿著籃球🏀只能拍靜態照。
#一運球就看破手腳
#帥一波 
#sportygirl",256,10,"['帥一波', '一運球就看破手腳', 'sportygirl']"
172,2018-10-27 16:51:01,"與邊緣佛陀一起挺平權！
#新北板橋彭盛韶
#聖哥傳真人版
#宅男的世界我不懂",102,0,"['宅男的世界我不懂', '聖哥傳真人版', '新北板橋彭盛韶']"
173,2018-10-25 09:31:14,"為#富士全錄工會 罷工加油💪

#和勞工站在一起
#正視勞動權益
#保障工作權",88,1,"['富士全錄工會', '和勞工站在一起', '正視勞動權益', '保障工作權']"
174,2018-10-24 14:45:46,"🚫公投這樣投🚫 
10、11、12、16案🙅🏻‍♀️不同意
13、14、15案🙆🏻‍♀️同意 
#18歲即可公投
#全民站出來
#挺主權 #挺平權 #非核家園",181,4,"['非核家園', '挺主權', '全民站出來', '挺平權', '18歲即可公投']"
175,2018-10-22 15:50:42,"願亡者 安心歸去
願生者 平安吉祥
/
祈福普悠瑪。
#請大家分散捐血 #給家屬給病患給醫療單位一些空間 
照片不是今天，因為今天沒有公開活動。",104,0,"['給家屬給病患給醫療單位一些空間', '請大家分散捐血']"
176,2018-10-21 17:45:29,,77,1,[]
177,2018-10-21 17:45:10,,42,0,[]
178,2018-10-21 13:53:38,"國小畢業後第一次相見💕💕💕
#國小老師探親團
#公務員記得上班不要拉票喔
#鳳山5夠力 
#鳳山黃捷",104,2,"['公務員記得上班不要拉票喔', '國小老師探親團', '鳳山黃捷', '鳳山5夠力']"
179,2018-10-21 00:14:31,"謝謝台南黨部的專業攝影🙏難得有好照片💕
#時力高雄 #三席全上 #全民公投反併吞 #兩岸一家親免談 #TaiwanisTaiwan",111,2,"['全民公投反併吞', '三席全上', '兩岸一家親免談', '時力高雄', 'TaiwanisTaiwan']"
180,2018-10-20 16:45:37,#全民公投反併吞 #獨立公投 #我是台灣人 #喜樂島聯盟,79,1,"['全民公投反併吞', '喜樂島聯盟', '我是台灣人', '獨立公投']"
181,2018-10-20 14:12:54,"昨天在抽完政見發表順序（是第4個！）在簽名的時候～
看得出來很怕寫錯嗎😂😂
#鳳山黃捷 #捷伴同行 #鳳山5夠力 #倒數35天 #兩好三壞投出幸福",92,1,"['捷伴同行', '兩好三壞投出幸福', '鳳山5夠力', '倒數35天', '鳳山黃捷']"
182,2018-10-19 12:12:12,"剛剛抽號碼，因為是最後一個所以其實不用抽，但很幸運是5號！
以後拍照都要比5了，不小心要變偶像的拍照姿勢了⋯
#鳳山5夠力 #黃捷5告讚👍 #giveme5 #時力拖鞋 #時力襪",138,3,"['黃捷5告讚', '時力襪', '鳳山5夠力', '時力拖鞋', 'giveme5']"
183,2018-10-18 07:40:16,,52,0,[]
184,2018-10-17 14:34:14,,45,0,[]
185,2018-10-15 11:05:23,"乘風破浪逆流而上💪

#黑夜戰車視角 #倒數40天 #每天都全力以赴 #衝起來衝起來🏃🏻‍♂️",95,3,"['衝起來衝起來', '每天都全力以赴', '黑夜戰車視角', '倒數40天']"
186,2018-10-14 00:45:33,"呈戰鬥姿勢🤺

#神秘的站姿 #九九重陽敬老 #可愛長輩們",87,0,"['九九重陽敬老', '神秘的站姿', '可愛長輩們']"
187,2018-10-13 15:21:59,"🎈要被氣球海淹沒啦🎈

有心人士總有辦法曲解和操作，但黃捷問心無愧更會勇敢面對。衛武營在南部的定位有多重要？藝文發展的美好是我們期待的，而底層弱勢需要的基本生存本就更需要被看見和保護，兩者之間並沒有矛盾呀。

期待未來能在衛武營欣賞到許多劇團來演出，更期待衛武營創造南方將藝術公共化的美學日常💕

#衛武營開幕 #眾人的派對 #鳳山捷伴同行",68,3,"['鳳山捷伴同行', '衛武營開幕', '眾人的派對']"
188,2018-10-12 09:11:25,"最新小物出爐🎈

最近受到的攻擊越來越多，想必是知名度努力打開的成果😌一起打氣加油💪

#衛武營見囉 #幫氣球打氣也幫黃捷打氣 #balloons #鳳山捷伴同行",125,2,"['鳳山捷伴同行', '幫氣球打氣也幫黃捷打氣', 'balloons', '衛武營見囉']"
189,2018-10-11 16:29:31,,67,1,[]
190,2018-10-10 12:57:17,,48,0,[]
191,2018-10-09 12:38:31,,60,2,[]
192,2018-10-08 09:38:49,"#南部低薪

根據勞動部「薪資行情及大專生就業導航」的調查顯示，大學畢業生的平均起薪，在台北可以有30,952元的水準，但在高雄僅有27,354元。「在台北有7萬，回鄉卻開24K」、「台大畢、十年經歷，主管職在南部只領40K」這樣的狀況更是屢見不顯。 高雄對於勞工的保障也不足，工安意外不斷、違反勞基法的實際裁罰金太低、勞檢員不足，都使得高雄的勞動處境低落。

#空氣污染嚴重

高雄長期是全國空氣品質排名倒數的城市，除了工業興盛，鳳山更因人口密集、交通流量大，近幾年都是空氣污染最嚴重的地區。

#老幼誰來顧

鳳山是高雄少數人口成長的地區，更是高雄市人口移入最多的地區，許多人在這置產育兒，新生兒與未滿兩歲兒童數均居高雄市之冠，但也因此公共托育需求大幅增加，卻也導致公托中籤率是全高雄市最低。

高雄邁向高齡化社會，許多青年外流更使得這個城市需要額外的照護人力。2016年市政府選擇鳳山區成立第一個A級社區整合服務中心，以五甲日間照顧中心為主軸來試辦長照2.0，但仍出現中央撥給的預算執行率僅六成、許多人符合申請資格卻還是沒有得到照護的弔詭情形。資源不夠公開、管道不夠清楚，照護人力不足都是目前高雄面臨到的關鍵問題。

#鳳山黃捷 #捷伴同行",56,1,"['捷伴同行', '老幼誰來顧', '空氣污染嚴重', '南部低薪', '鳳山黃捷']"
193,2018-10-07 12:54:46,"接下來會持續發布彩色圖文政策，希望大家可以更了解黃捷！
Drawn by Hua
#捷伴同行 #鳳山黃捷  #圖文",62,0,"['捷伴同行', '圖文', '鳳山黃捷']"
194,2018-10-04 10:25:39,"世界動物日快樂！
一起向獻愛心給人類的動物們致謝！
#白雪黃捷 #鳳山黃捷 #捷伴同行",76,1,"['白雪黃捷', '鳳山黃捷', '捷伴同行']"
195,2018-09-30 21:42:29,"許多黃捷⋯
盯著你看⋯
#人工發文宣的小確幸",72,3,['人工發文宣的小確幸']
196,2018-09-28 06:56:07,"老妹祝各位老師教師節快樂！
#教師節 #叫屍捷 #捷伴同行 #鳳山黃捷
design by monkey",172,7,"['叫屍捷', '捷伴同行', '教師節', '鳳山黃捷']"
197,2018-09-24 08:59:03,"連假最後一天！
中秋有返鄉的人潮1124拜託一定要回來！
沒返鄉的1124也要回來投票！
#中秋趴三
#把握最後連假啊各位
#自己未來自己決定
Design by P",71,3,"['自己未來自己決定', '中秋趴三', '把握最後連假啊各位']"
198,2018-09-23 06:51:05,"早安，現在時間早上六點半。
小心柚子不能跟降血壓壓藥、降血脂藥、鎮靜安眠藥、抗心律不整、抗癲癇藥一起吃，後果不堪設想。
#來找黃捷玩
#今天又有戰車掃街喔
#捷伴同行
#中秋節趴兔
design by P",92,4,"['今天又有戰車掃街喔', '捷伴同行', '來找黃捷玩', '中秋節趴兔']"
199,2018-09-22 10:40:23,"黃捷x嫦娥 最新聯名
祝大家中秋節快樂！
/
等等高雄三位候選人即將會在高鐵左營站跟大家見面！
還會附贈一碗南部鄉親懷念的好味道⋯
#究竟是什麼呢
#是中秋不是中元
#中秋第一發
Design by P",86,2,"['中秋第一發', '究竟是什麼呢', '是中秋不是中元']"
200,2018-09-17 16:22:17,"大學生該面對現實溜
#市議員連假日都沒有喔
#記得回家投票
Draw by Lung",70,1,"['記得回家投票', '市議員連假日都沒有喔']"
201,2018-09-15 21:07:23,"彩虹路上你我同行
#祁家威 #熱線南辦 #鳳山捷伴 #熱線高雄10週年募款晚會",78,0,"['熱線高雄10週年募款晚會', '熱線南辦', '鳳山捷伴', '祁家威']"
202,2018-09-13 08:48:15,"「我真的很驚訝欸！」
這位男子大概說了十次，最後結束在跟黃捷合照⋯？
#都來找我拍照快點
#捷伴同行 
#鳳山黃捷",80,2,"['捷伴同行', '都來找我拍照快點', '鳳山黃捷']"
203,2018-09-10 17:33:48,"為什麼于凱受訪不好好受訪呢⋯⋯
#三民林于凱
#死盯著鏡頭
#不要再下雨了啊啊啊
#讓我見民眾😭",71,1,"['三民林于凱', '死盯著鏡頭', '不要再下雨了啊啊啊', '讓我見民眾']"
204,2018-09-08 10:47:09,"巧遇高中同學的父
#許智傑 #懇請支持🙏  #鳳山捷伴同行 #努力努力再努力",86,1,"['鳳山捷伴同行', '努力努力再努力', '懇請支持', '許智傑']"
205,2018-09-07 23:36:55,"經驗豐富的前輩aka可敬的對手 
#本人是帥勁風格欸
#鳳山捷伴同行
#只有努力再努力",76,2,"['本人是帥勁風格欸', '只有努力再努力', '鳳山捷伴同行']"
206,2018-09-05 08:35:17,"剛剛被問是哪家補習班

#繼力霸房屋之後
#黃黃背心站一起",91,4,"['黃黃背心站一起', '繼力霸房屋之後']"
207,2018-09-03 22:21:55,"文德校友與師長合影
#父女情深
#文德國小
#給校友一個G會啊",74,2,"['文德國小', '給校友一個G會啊', '父女情深']"
208,2018-09-02 18:27:19,"iphone8人像模式很厲害👍
#南部連線一起贏
#時代力量全國大會師
#鳳山捷伴同行",81,2,"['鳳山捷伴同行', '時代力量全國大會師', '南部連線一起贏']"
209,2018-08-31 23:19:14,"真的很慶幸選舉前有重訓習慣：） #選舉時不斷派上用場
#全然重くないよ 
#不管是木箱旗座音響箱水都OK👌
#最有力量的參選人
#真時代力量
#鳳山最給力
#鳳山捷伴同行",92,1,"['不管是木箱旗座音響箱水都OK', '鳳山捷伴同行', '真時代力量', '最有力量的參選人', '全然重くないよ', '鳳山最給力', '選舉時不斷派上用場']"
210,2018-08-30 19:40:02,很榮幸邀到我家寶貝錄廣播節目（整場喵喵叫）🐱🐱🐱 #堅定的貓派 #民報之聲 #高雄民生電台 #歡迎追蹤 @mimijinx_cat,123,2,"['歡迎追蹤', '高雄民生電台', '民報之聲', '堅定的貓派']"
211,2018-08-30 00:52:45,"選委會鼓勵交黑白照，趕緊在大雨中衝去照相館重拍一張。殊不知，把競選照調成黑白就好了啊⋯⋯。 #第一次洗黑白照片
#即將出現在選舉公報和選票上
#希望選民認得出來
#懇請賜票🙌",94,1,"['第一次洗黑白照片', '希望選民認得出來', '懇請賜票', '即將出現在選舉公報和選票上']"
212,2018-08-25 00:56:26,"這是預計去高雄巨蛋辦公投擺攤時租給于凱穿的衣服，可惜大雨成災取消了。馬上要退租了，不穿白不穿呀！
#達爾 #七龍珠 
#想看于凱穿
#不敢說是cosplay會得罪專業動漫同好 
#公投簽起來呀",148,3,"['不敢說是cosplay會得罪專業動漫同好', '達爾', '公投簽起來呀', '七龍珠', '想看于凱穿']"
213,2018-08-23 01:00:12,"今天有人分享我的直播說是綜藝力量、低能直播、悲劇貨色。

#願意看還分享也是感謝
#有人討論都是好事
#政策還是認真研究
#市場還是認真走訪
#路口還是認真站
#做該做的事💪 
#鳳山捷伴同行",95,6,"['鳳山捷伴同行', '政策還是認真研究', '路口還是認真站', '做該做的事', '願意看還分享也是感謝', '有人討論都是好事', '市場還是認真走訪']"
214,2018-08-20 00:42:14,"撒嬌撒成這樣，確定不是貓？
#貓派 #普渡月趕場月 #狗緣極佳 #鳳山捷伴同行",81,0,"['普渡月趕場月', '貓派', '鳳山捷伴同行', '狗緣極佳']"
215,2018-08-18 01:06:21,"巧遇台語很好、同樣想為家鄉服務的雨蓁，同樣不是政二代、富二代，想改變金權政治、爭取台灣主權的心是一樣的。年輕人一起加油💪💪💪
#鳳山捷伴同行 #鳳山李雨蓁 #東奧正名快來簽呀",93,0,"['鳳山捷伴同行', '鳳山李雨蓁', '東奧正名快來簽呀']"
216,2018-08-16 12:56:00,"握手越來越大力，不小心握痛阿姨了XD
#掃市場人生 #黃捷真正有力 #鳳山捷伴同行",64,0,"['黃捷真正有力', '鳳山捷伴同行', '掃市場人生']"
217,2018-08-14 21:45:39,"厚實蛋餅皮先煎顆蛋再包進蔥蛋、油條和洋蔥醬油，第一次吃到這樣的組合，驚為天人欸！
#高記早點 #油條蛋餅捲 #鳳山美食 #鳳山捷伴同行 #想拍鳳山大胃王",68,1,"['鳳山捷伴同行', '高記早點', '鳳山美食', '油條蛋餅捲', '想拍鳳山大胃王']"
218,2018-08-13 11:49:32,"剛北上開完勞權的記者會，待會要回母校幫詹老師慶生
#高雄前進 #詹師生日快樂 #鳳山捷伴同行 #時代力量",112,1,"['鳳山捷伴同行', '詹師生日快樂', '高雄前進', '時代力量']"
219,2018-08-12 15:46:46,"鳳山好大呀～把握時間跑起來，目標是握到每一雙在地人的手！感謝秘書長陪跑市場，活力會傳染！
#加油加油💪💪💪 #鳳山捷伴同行 #友善鳳山人
#大家假日愉快",83,1,"['鳳山捷伴同行', '加油加油', '友善鳳山人', '大家假日愉快']"
220,2018-08-11 11:39:25,首次見面，#林智鴻 本人很高很帥欸😳😳😳 #師奶殺手 #鳳山要紅林智鴻 #鳳山捷伴同行,88,2,"['林智鴻', '鳳山要紅林智鴻', '鳳山捷伴同行', '師奶殺手']"
221,2018-08-10 23:42:50,"猛地一看以為雙人樂團。

#站路口人生 #天天路口見喔 #來吧新世代 #戰鬥姐妹 #最罩助講員",86,1,"['戰鬥姐妹', '站路口人生', '天天路口見喔', '來吧新世代', '最罩助講員']"
222,2018-08-09 22:47:10,"喊了一週後終於有麥克風惹（感恩讚嘆志工集資贈送），結果還是喊到快燒聲。
#站路口人生 #來吧新世代 #鳳山捷伴同行",75,1,"['鳳山捷伴同行', '來吧新世代', '站路口人生']"
223,2018-08-08 22:14:37,"第一次直播！由衷感謝低調又不善言辭（像到我）（？）的爸爸願意陪我做一些瘋狂的事。
#父親節快樂👨 #又勇敢了一點 #少見爸爸真情流露 #HappyFathersDay",106,1,"['HappyFathersDay', '又勇敢了一點', '少見爸爸真情流露', '父親節快樂']"
224,2018-08-08 00:21:29,"錄音錄了一小時的尷尬獨白後，頓時覺得單口相聲和個人talk show太神。
#民報之聲 #進軍廣播啦 #每週四晚間九點 #高雄FM89.7",73,1,"['高雄FM89', '進軍廣播啦', '每週四晚間九點', '民報之聲']"
225,2018-08-07 12:02:49,"今天早上走訪了兩個里，回一趟文德國小，
發現大家對於時代力量有非常多不同的想法，
那你們是怎麼想的呢～？
（不敢留言也可以私訊告訴我喔💛
#鳳山黃捷 #高雄新政治你我來改變 #粉絲名稱叫捷尼捷尼你們覺得好嗎 #到底在講什麼民眾如此全神貫注",93,2,"['鳳山黃捷', '高雄新政治你我來改變', '到底在講什麼民眾如此全神貫注', '粉絲名稱叫捷尼捷尼你們覺得好嗎']"
226,2018-08-07 02:12:40,"添購競辦用品。發現完全沒有選色障礙呢^_^ 
#超越藍綠 #歡迎來競辦坐坐喔",136,0,"['超越藍綠', '歡迎來競辦坐坐喔']"
227,2018-08-06 10:56:15,"再沒時間也要給自己一杯咖啡的時間
但真的沒時間，等咖啡喝咖啡還是要工作^_^
大家週一加油！
#市議員候選人黃捷 #市議員咖啡自己買 #市議員 #鳳山",85,2,"['鳳山', '市議員候選人黃捷', '市議員咖啡自己買', '市議員']"
228,2018-08-04 20:04:44,"不放過任何重訓的機會。（3rounds*10reps)
#站路口人生 #街頭小木箱 #來吧新世代 #肌肉掉光光啦",93,0,"['肌肉掉光光啦', '來吧新世代', '街頭小木箱', '站路口人生']"
229,2018-08-02 11:15:01,"本以為三個少女並排坐應該挺上相，結果照片看起來從左到右是月經來/沒睡飽/酒喝太多 的感覺。
#托育政策連線記者會 #安心托育 #少子女化",98,5,"['安心托育', '托育政策連線記者會', '少子女化']"
230,2018-08-01 19:54:08,"不得不讚嘆神通廣大效率神高的志工群。

才簽約不到一週的空屋，牆壁冷氣電燈都好了，甚至自製超美木門。到底要對這個黨這個團隊有多大的認同和期待才願意這樣在下班後無償付出呢，很是驚喜驚訝。",74,2,[]
231,2018-07-30 09:33:11,"獲得這件外套時覺得有帽子很可愛，可是，高雄一年四季都是穿短袖的啊。
#私心希望出吊嘎和比基尼
#流汗流到脫水",103,1,"['流汗流到脫水', '私心希望出吊嘎和比基尼']"
232,2018-07-28 20:43:40,"我絕對不會承認五點半起床南下參加座談會第四小時開始眼皮是闔上的。
#托育公共化 #還是有認真做筆記啦 #發言還是好緊髒",82,2,"['還是有認真做筆記啦', '托育公共化', '發言還是好緊髒']"
233,2018-07-27 14:43:01,"昨天提名記者會的照片。

其實是後來補拍的，攝影師叫我隨便講點什麼，我就背起了三字經（人之初性本善的那個）。其實背不太出來。
#高雄新政治你我來改變",217,6,['高雄新政治你我來改變']
