,time,post_caption,likes,comments,tags
0,2019-12-16 10:32:07,"這席要贏回來！✌👍💪 #台中市第三選區
#馬英九
#楊瓊瓔
#有戰力接地氣
#重回立院
#mayingjeou",453,10,"['mayingjeou', '有戰力接地氣', '楊瓊瓔', '重回立院', '台中市第三選區', '馬英九']"
1,2019-12-15 09:53:19,"來唷～好吃的肉羹麵
😋🍜💕 #新莊廟街夜市
#美食
#香菇肉羹
#馬英九
#陳明義
#翻轉新莊
#立院添一席
#mayingjeou",4460,38,"['mayingjeou', '翻轉新莊', '香菇肉羹', '新莊廟街夜市', '立院添一席', '美食', '馬英九', '陳明義']"
2,2019-12-11 11:54:29,"我的BB槍初體驗😄🤭😁 #馬英九
#林郁方
#mayingjeou",5196,69,"['mayingjeou', '林郁方', '馬英九']"
3,2019-12-08 10:24:25,"孩子，我推薦的準沒錯！
👍💯☑⭕🉑㊣👌 #馬英九
#蔣萬安
#mayingjeou",4411,57,"['蔣萬安', '馬英九', 'mayingjeou']"
4,2019-11-28 12:03:19,"大家冷靜！

#熱情的婆婆媽媽
#擠爆
#屏東
#北區市場
#葉壽山
#馬英九
#mayingjeou",5482,100,"['mayingjeou', '屏東', '熱情的婆婆媽媽', '葉壽山', '北區市場', '馬英九', '擠爆']"
5,2019-11-16 10:26:43,"今天來當小花馬😆😆😆😆😆 #中和小學大林小學福民小學
#聯合運動會
#台中
#江啟臣
#馬英九
#mayingjeou",5369,102,"['mayingjeou', '中和小學大林小學福民小學', '聯合運動會', '江啟臣', '馬英九', '台中']"
6,2019-11-10 11:34:27,"投幣許願也要練習😂😂😂 #差點跌倒
#願望太重
#羅馬
#許願池
#馬英九
#Roma 
#fontanaditrevi
#mayingjeou",4868,113,"['mayingjeou', '願望太重', 'fontanaditrevi', 'Roma', '馬英九', '差點跌倒', '羅馬', '許願池']"
7,2019-11-03 13:24:24,"I ❤ MY COUNTRY🇹🇼🇹🇼🇹🇼 #ROC
#TAIWAN
#馬英九
#mayingjeou
#London
#TrafalgarSquare",7442,218,"['mayingjeou', 'TrafalgarSquare', 'London', 'ROC', 'TAIWAN', '馬英九']"
8,2019-11-01 08:00:01,"牛津辯論社演講：十字路口的兩岸關係

#牛津辯論社
#兩岸關係
#馬英九
#mayingjeou
#OxfordUnion",5906,134,"['mayingjeou', 'OxfordUnion', '兩岸關係', '牛津辯論社', '馬英九']"
9,2019-10-29 16:04:42,"忙裡偷閒，羅馬小憩

#羅馬
#金杯咖啡TazzaDoroCoffee
#許願池AcquaVergine
#巧遇臺灣團
#馬英九
#mayingjeou
#Roma",6028,101,"['mayingjeou', '巧遇臺灣團', '許願池AcquaVergine', 'Roma', '金杯咖啡TazzaDoroCoffee', '馬英九', '羅馬']"
10,2019-10-23 11:38:08,"熊震球先生是古寧頭戰役保衛臺灣的英雄，在那場驚天血戰裡，他向來犯共軍擊出第一發砲彈。

古寧頭戰役70週年前夕，我拜訪高齡近90的熊伯伯，再次當面向他致謝，並對所有為保衛臺灣犧牲奉獻的國軍將士們，致上最高敬意。

#古寧頭大捷
#保臺英雄
#熊震球
#馬英九
#mayingjeou",6144,164,"['mayingjeou', '熊震球', '古寧頭大捷', '保臺英雄', '馬英九']"
11,2019-10-19 09:02:41,"70年前，進犯金門古寧頭的共軍，遭遇到孫立人將軍在臺編訓的201師。這批訓練精良的青年軍浴血奮戰，堅守古寧頭海岸線，幫後續援軍爭取到登陸馳援的時間，為這場保衛臺灣第一戰奠定勝基。

古寧頭大捷在當年風雨飄搖、危如壘卵的局面中，扭轉了戰勢，振奮了民心士氣，使國家整體情勢就此轉危為安，確立兩岸隔海分治的歷史格局。

70年後，我透過塵封已久的老照片，凝視這些當年保家衛國戰士們的身影，心中萬分感念。謝謝你們的犧牲奉獻，謝謝你們保衛臺灣，捍衛中華民國！

#古寧頭大捷
#紀念古寧頭大捷70周年影像展
#馬英九
#mayingjeou",5273,272,"['紀念古寧頭大捷70周年影像展', '古寧頭大捷', '馬英九', 'mayingjeou']"
12,2019-10-10 09:17:12,"中華民國生日快樂！
🎂🎂🎂🎆🎆🎆🇹🇼🇹🇼🇹🇼
#中華民國
#馬英九
#mayingjeou",9317,266,"['mayingjeou', '中華民國', '馬英九']"
13,2019-09-28 12:11:42,"今天是大成至聖先師孔子的誕辰，也是教師節，各位在教育崗位上辛勤奉獻的老師們，辛苦了！謝謝您！ 
#教師節
#孔子
#馬英九
#mayingjeou",6944,143,"['孔子', '教師節', 'mayingjeou', '馬英九']"
14,2019-09-25 11:51:52,"開學了～👨‍🏫👨‍🏫👨‍🏫
今天跟同學們談的是「外交危機」，大家都很關心這個題目，聚精會神，討論熱烈！

#東吳大學
#嚴家淦法學講座
#馬英九
#mayingjeou",4159,93,"['mayingjeou', '嚴家淦法學講座', '馬英九', '東吳大學']"
15,2019-09-13 18:10:58,"中秋節快樂！！🌝🌕🌝🌕 #圖文不符
#偽刺青
#馬英九
#mayingjeou",8514,315,"['圖文不符', '偽刺青', 'mayingjeou', '馬英九']"
16,2019-09-08 10:32:51,"選什麼口味好呢？

#水里二坪枝仔冰
#馬英九
#mayingjeou",5305,156,"['水里二坪枝仔冰', '馬英九', 'mayingjeou']"
17,2019-08-30 14:55:09,"這個暑假我們開辦了「大九學堂」，來自各領域的頂尖講師，為學員們講述民主政治、國際關係、兩岸問題、公民運動、青年創業等重要議題。

我們也一起走訪金門，飽覽過去的戰地風光，在昔日的烽火前線，親身感受兩岸關係改善所帶來的和平紅利，見證金門從殺戮戰場，轉變為和平廣場與繁榮商場。

三天兩夜的營隊，非常充實緊湊，大家都收穫滿滿，留下精彩的回憶。這是我們相聚的開始，下次的課程，等你來參與。

大九學堂實錄：https://youtu.be/gX50gj8APbA

#馬英九
#大九學堂
#金門
#mayingjeou",3809,45,"['mayingjeou', '大九學堂', '馬英九', '金門']"
18,2019-08-23 10:15:49,"金門真是好地方，昨天遇到呂前副總統，今天遇到蔡總統。

#八二三
#馬英九
#蔡英文
#雙英會
#大九學堂
#金門
#Kinmen
#mayingjeou",5609,353,"['mayingjeou', '八二三', '金門', '大九學堂', '雙英會', '蔡英文', '馬英九', 'Kinmen']"
19,2019-08-22 19:06:27,"猜猜遇到誰？

#金門
#大九學堂
#八二三砲戰
#呂秀蓮
#馬英九
#Kinmen
#mayingjeou",4214,68,"['mayingjeou', '金門', '八二三砲戰', '呂秀蓮', '大九學堂', '馬英九', 'Kinmen']"
20,2019-08-20 17:26:02,"辦公室來了位朋友

#半神半聖亦半仙
#全儒全道是全賢
#腦中真書藏萬卷
#掌握文武半邊天
#馬英九
#素還真
#全世界攏上霹靂
#Netflix
#mayingjeou",4749,70,"['mayingjeou', '全儒全道是全賢', '掌握文武半邊天', '全世界攏上霹靂', 'Netflix', '腦中真書藏萬卷', '半神半聖亦半仙', '馬英九', '素還真']"
21,2019-08-09 15:40:19,"今天我前往屏東縣霧台鄉，到「八八風災救災英雄紀念」碑獻花致意，追思三位因救災罹難的空勤總隊弟兄；出席霧台鄉運動會時，並與佳暮英雄再聚首，回顧他們當年協助救出全村民眾的壯舉。

十年前的莫拉克颱風在高屏山區造成嚴重災情，路斷橋毀，內政部空中勤務總隊共出動直升機5,578架次救災，創下歷史紀錄。8月11日，空勤總隊一架UH-1H直升機在執行霧台鄉伊拉部落運補任務時，不幸遇難機毀，三位機組員張順發、王宗立及黃鎂智因公殉職，舉國震驚哀悼，重建會特別立碑紀念他們的英勇事蹟。

霧台鄉佳暮村村民因土石流受困，該村的三位青年徐仁輝、徐仁明、賴孟傳，跋山涉水步行7小時回鄉，與部落友人柯信雄徒手鋸樹挖土，帶領村民們開闢臨時停機坪，讓直升機得以降落，135位村民全數平安獲救。他們4人被譽為「佳暮四英雄」。 越在災難之時，越能看見人性耀眼的光芒。當年還有許許多多人奮不顧身投入救災，甚至殉職、殉難，我每次回想起那些救難事蹟，仍覺得驚心動魄，我曾經用「恩同再造」，來形容他們的貢獻。

他們的故事不能被遺忘，我們永遠懷念。

#莫拉克風災十週年
#八八水災
#霧台鄉
#空勤總隊
#佳暮四英雄
#馬英九
#mayingjeou",4071,49,"['mayingjeou', '霧台鄉', '佳暮四英雄', '空勤總隊', '莫拉克風災十週年', '八八水災', '馬英九']"
22,2019-08-08 18:25:59,"八八水災在美麗的臺灣劃下一道深深的傷口，許多人在這場天災中失去家園、失去摯愛的親人，這突如其來的苦難，讓臺灣民眾承受了難以忘卻的傷痛。小林村是臺灣受創最嚴重的地方，整個村子一夕消失。

今天是八八水災十週年，我與前行政院長劉兆玄一同到小林村紀念公園、也就是當年的小林村原址追思獻花，並與村民們共聚一堂，閒話家常。能再次相聚，看到大家的生活都步上軌道，我真的非常高興。雖然已經十年了，我也已經卸任，但我還是再跟大家說一聲抱歉，因為即使是天災，只要民眾遭受苦難，就是執政者的責任。當時政府雖然盡了力，卻還是有做得不夠、做得不好的地方，值得我們檢討。

所幸面對這場災難，我們沒有被擊倒，大家攜手同心一起站了起來，重建了小林村，重拾了家園；也因為這場災難，使得我們彼此緊緊相連。我許下承諾，會持續關心大家，盡我所能盡之力提供協助，希望未來的日子會越來越好！

這些年，大家辛苦了！
我們一起加油!

#莫拉克風災十週年
#八八水災
#小林村
#馬英九
#mayingjeou",4141,59,"['mayingjeou', '莫拉克風災十週年', '小林村', '八八水災', '馬英九']"
23,2019-08-06 11:17:24,"我在澎湖天氣晴

#奎壁山
#摩西分海
#馬英九
#Penghu
#mayingjeou",5884,93,"['mayingjeou', '摩西分海', 'Penghu', '奎壁山', '馬英九']"
24,2019-08-03 16:41:16,"今天我再次造訪曾受八八水災重創的阿里山區，看到大家在重建的家園中歡喜度日，我非常高興與感動！我們共同走過苦難，讓我一起迎向更美麗的未來。

#莫拉克風災十週年
#八八水災
#阿里山
#達娜伊谷
#山美永久屋
#逐鹿社區
#馬英九
#mayingjeou",4760,69,"['阿里山', 'mayingjeou', '莫拉克風災十週年', '逐鹿社區', '達娜伊谷', '山美永久屋', '八八水災', '馬英九']"
25,2019-08-02 17:10:06,"八八水災即將滿十週年，今天我出席《小林村的這些人那些事：不能遺忘的美好村落》新書發表會。作者蔡松諭先生在這場殘酷的天災中失去至親好友，但他毅然放下自己在臺北的事業，回到故鄉從零開始，全心投入重建，努力促成日光小林的誕生

八八水災前，很多人並不知道小林村這個地方；天災，也讓我們來不及認識小林村。松諭在這本書中，以生動的文筆重現當年：刻苦奮鬥的外省少年「阿卿」、雪中送炭的平埔族大哥「多桑」、善良的本省姑娘「阿薯」，還有能滿足村民各種需求的「小林商店」，小林村的這些人、那些事全部躍然紙上，族群融合、無分彼此，大家一起打拼、相互幫忙的小林生活搬到了我們眼前，讓我們感受了小林村的純樸與美好。

小林村重建了，就像松諭所說的，「小林沒有被滅村，小林人又把小林村蓋回來了！」。確實，小林村重生了，動人的故事會繼續說下去，成為所有臺灣人的記憶。

#莫拉克風災十週年
#八八水災
#小林村的這些人那些事
#蔡松諭
#馬英九
#mayingjeou",3046,29,"['mayingjeou', '蔡松諭', '莫拉克風災十週年', '小林村的這些人那些事', '八八水災', '馬英九']"
26,2019-07-29 17:02:57,"你想要幹嘛....😅😅😅 #遇到可愛大狗狗
#漏網鏡頭
#馬英九
#mayingjeou",5045,83,"['mayingjeou', '遇到可愛大狗狗', '馬英九', '漏網鏡頭']"
27,2019-07-19 12:06:31,"不痛…一點都不痛…😭😭😭 #大姐我們無冤無仇
#吳神父腳底按摩
#漏網鏡頭
#經典照回顧
#馬英九
#mayingjeou",5637,151,"['mayingjeou', '吳神父腳底按摩', '經典照回顧', '大姐我們無冤無仇', '馬英九', '漏網鏡頭']"
28,2019-07-11 12:51:48,"「大九學堂」來了！

馬英九基金會舉辦的青年營隊「大九學堂」將於8月21日登場，特邀重磅師資打造黃金課程，透過專題講座及馬前總統親自帶隊的行程參訪，增進學員對民主政治、國際關係、兩岸問題、公民運動、青年創業等重要議題的認識，讓今年的夏天更精彩！

名額有限，報名要快！

報名網址
https://pse.is/J9CBB

#大九學堂
#馬英九
#mayingjeou",1707,47,"['mayingjeou', '大九學堂', '馬英九']"
29,2019-07-09 12:20:30,"我跟馬英九合照🤣🤣🤣 #福友咖啡農場
#馬英九
#mayingjeou",6478,150,"['mayingjeou', '馬英九', '福友咖啡農場']"
30,2019-06-30 10:58:38,"有人拍了這段影片傳給我…
🏸🏸🏸😱😱😱 #請不要再邀我開球了
#前三球是暖身
🇹🇼#台灣選手加油💪
#2019婕斯盃
#馬英九
#mayingjeou",3859,269,"['mayingjeou', '台灣選手加油', '2019婕斯盃', '前三球是暖身', '請不要再邀我開球了', '馬英九']"
31,2019-06-26 12:17:23,"和樹菊阿姨吃超大碗冰！

#海之冰
#這碗吃完超涼
#吃過請舉手
#馬英九
#mayingjeou",9858,234,"['mayingjeou', '海之冰', '吃過請舉手', '這碗吃完超涼', '馬英九']"
32,2019-06-20 17:19:22,"晚風輕拂澎湖灣

#外婆的澎湖灣
#馬英九
#mayingjeou",6834,136,"['mayingjeou', '外婆的澎湖灣', '馬英九']"
33,2019-06-15 11:59:02,"我又游了！！🏊🏊🏊 #2019泳渡澎湖灣
#海泳完成
#馬英九
#mayingjeou",4864,78,"['mayingjeou', '海泳完成', '2019泳渡澎湖灣', '馬英九']"
34,2019-06-07 10:30:41,"後會有期🇸🇬🙌 #簽書破萬在獅城🎊
#八年執政回憶錄✍️
#馬英九
#mayingjeou
#singapore",3665,59,"['mayingjeou', '✍️', 'singapore', '馬英九', '簽書破萬在獅城']"
35,2019-06-06 17:14:54,"舊地重遊～

#肉骨茶
#膠原蛋白去哪了
#馬英九
#新加坡
#mayingjeou
#singapore",5760,94,"['mayingjeou', '膠原蛋白去哪了', '肉骨茶', '新加坡', 'singapore', '馬英九']"
36,2019-06-05 17:47:31,"新加坡，我來了✌🏼 #新加坡
#魚尾獅
#打卡照不容易啊
#馬英九
#mayingjeou
#Singapore",10058,302,"['mayingjeou', '魚尾獅', '打卡照不容易啊', 'Singapore', '新加坡', '馬英九']"
37,2019-06-02 12:07:24,"買了一雙拖鞋😆😆😆 #馬英九
#mayingjeou
#我的卸任日常",4325,71,"['mayingjeou', '馬英九', '我的卸任日常']"
38,2019-05-29 12:33:03,"卸任後，我持續關心臺灣產業的發展，日前再次拜訪台中地區工具機廠商。台中精機是國內精密機械的領導大廠，以母雞帶小雞的模式，帶領1200家協力廠商一起轉型升級、一起成長；鉅茂精密是台中精機的主要協力廠商，工廠規模不大、員工人數也不多，卻是台中精機不可或缺的合作夥伴。

工具機是少數根留臺灣的重點產業，即使這兩年大環境惡化，台中精機與鉅茂精密仍不畏艱難，憑藉自身實力克服挑戰，正是他們這樣的隱形冠軍，在默默支撐臺灣經濟逆勢成長！

#隱形冠軍
#馬英九
#mayingjeou
#我的卸任足跡",4091,55,"['mayingjeou', '隱形冠軍', '馬英九', '我的卸任足跡']"
39,2019-05-25 11:37:36,"一年內第二次挑戰梅花湖鐵人三項！

謝謝沿途為我加油的朋友，成功完賽✌🏼✌🏼✌🏼 #梅花湖
#鐵人三項
#馬英九
#mayingjeou",5733,80,"['mayingjeou', '梅花湖', '馬英九', '鐵人三項']"
40,2019-05-17 17:58:03,"前幾天我三度拜訪拓凱實業，每次來都對他們的成績感到驚艷！

拓凱在39年前以生產網球拍起家，目前年產量達120萬支，已是全球最大的碳纖維網球拍供應商。近年更跨足多元領域，從自行車架、賽車用頭盔，一路做到航太與醫療器材，是碳纖維複合材料產業的隱形冠軍！

#突破困境重振競爭力
#隱形冠軍
#馬英九
#mayingjeou",4178,51,"['mayingjeou', '隱形冠軍', '突破困境重振競爭力', '馬英九']"
41,2019-05-12 10:42:40,"今天是母親節，唱首「愛媽媽歌」給媽媽聽！

祝福全天下的媽媽，母親節快樂～

#母親節快樂
#馬英九
#mayingjeou",4984,74,"['母親節快樂', '馬英九', 'mayingjeou']"
42,2019-05-10 12:31:28,"小時候媽媽會帶著我們一起包餃子，現包、現煮、現吃。
包餃子，勾起了我對她的思念。

這個週末就是母親節了，不一定要到外頭吃大餐，換你下廚做菜給媽媽吃，相信她也會很開心的！

#母親節快樂
#馬英九
#mayingjeou",5019,75,"['母親節快樂', '馬英九', 'mayingjeou']"
43,2019-05-04 15:16:25,"台東我來了！
明天活水湖見～

#酷企鵝航班
#我愛台東
#馬英九
#mayingjeou",7294,108,"['mayingjeou', '酷企鵝航班', '馬英九', '我愛台東']"
44,2019-04-21 09:59:41,"小朋友好，我是馬ㄅㄟㄅㄟ🙋🏻‍♂ #當不成兒童台葛格😆
#當說故事杯杯更酷🤟
#烏來國小 #說故事🗣
#蒲公英希望基金會
#小板凳傳愛故事列車🚂
#馬英九
#mayingjeou",4993,74,"['mayingjeou', '當不成兒童台葛格', '小板凳傳愛故事列車', '烏來國小', '當說故事杯杯更酷', '說故事', '蒲公英希望基金會', '馬英九']"
45,2019-04-19 17:19:09,"最近我到企業參訪，業者與我分享他們成功的經驗，以及當前遭遇的挑戰。

台灣保來得是世界級的粉末冶金大廠，不僅產品市佔率高，總能在逆勢中成長，更不吝幫員工加薪。保來得還直接到大學系所開課，培育專業人才，是產學合作的典範，值得其他企業借鏡。

馬英九基金會將在4月30日舉辦「重振台灣競爭力會議」，邀請你和我一起為台灣未來尋求新解方！

活動專頁：https://reurl.cc/Nxg35

#突破困境重振競爭力
#馬英九
#mayingjeou",3604,59,"['mayingjeou', '突破困境重振競爭力', '馬英九']"
46,2019-04-04 11:29:21,"體驗小朋友喜歡的撈魚遊戲！
魚沒撈到，只好撈烏龜😂

祝福所有小朋友兒童節快樂❤️❤️❤️❤️❤️ #隔壁的弟弟很強
#兒童節快樂
#童心未泯
#馬英九
#mayingjeou",5074,110,"['mayingjeou', '隔壁的弟弟很強', '童心未泯', '兒童節快樂', '馬英九']"
47,2019-03-28 10:04:03,"捐血次數達到200！
大家一起養成定期捐血的好習慣，用熱血幫助有需要的人❤️❤️❤️❤️ #捐血好漢
#滿腔熱血
#缺不缺血我都捐血
#馬英九
#mayingjeou",5586,80,"['mayingjeou', '滿腔熱血', '捐血好漢', '馬英九', '缺不缺血我都捐血']"
48,2019-03-27 14:11:25,"這是輪胎還是方向盤？

#瘦一點就可拿來當呼拉圈
#台北國際自行車展
#03/27-03/30南港展覽館
#馬英九
#mayingjeou",3933,37,"['mayingjeou', '台北國際自行車展', '03', '瘦一點就可拿來當呼拉圈', '馬英九']"
49,2019-03-22 20:26:37,"叫我神槍手！！！
東大門我又來啦～

#不是隨扈代打
#隔了一年來還願
#我愛花蓮
#大家多來玩唷
#馬英九
#mayingjeou",4648,125,"['大家多來玩唷', 'mayingjeou', '我愛花蓮', '隔了一年來還願', '不是隨扈代打', '馬英九']"
50,2019-03-20 19:04:15,"👋加場簽書會，週六板橋見！💁🏻‍♂️ #3月23日下午2點
#誠品新板店
#八年執政回憶錄
#馬英九
#mayingjeou",4415,60,"['mayingjeou', '3月23日下午2點', '誠品新板店', '馬英九', '八年執政回憶錄']"
51,2019-03-15 16:41:25,"你在看我嗎🤔🤔🤔🤔🤔
寶寶不能投票，但寶寶要叫爸爸媽媽去投票！

#0316立委補選
#你的一票非常重要
#馬英九
#mayingjeou",4779,50,"['mayingjeou', '你的一票非常重要', '0316立委補選', '馬英九']"
52,2019-03-11 16:56:56,"受訪交給龍介仙，我顧巴豆先！

#龍介仙
#hsiehlungchieh
#台南新化瓜瓜園
#馬英九
#mayingjeou",8662,223,"['mayingjeou', '龍介仙', '馬英九', 'hsiehlungchieh', '台南新化瓜瓜園']"
53,2019-03-08 09:48:03,"去年，我收到桃園后厝國小同學來信，邀請我和他們一起騎車環島。今早他們展開為期14天的環島旅程，我特別陪大家從學校出發騎一段路，幫同學加油打氣！

如果在路上看到這群小勇士，記得給他們大大的鼓勵唷！

#風雨無阻
#環島加油
#后厝小勇士
#馬英九
#mayingjeou",6911,161,"['mayingjeou', '后厝小勇士', '風雨無阻', '環島加油', '馬英九']"
54,2019-03-05 18:10:50,"猜猜我跟誰約會～

#中職資深球迷
#中華職棒30週年特展
#CPBL
#baseballislife
#馬英九
#mayingyeou",3719,125,"['中職資深球迷', 'mayingyeou', 'baseballislife', '馬英九', 'CPBL', '中華職棒30週年特展']"
55,2019-02-14 11:49:14,"設計對白
主辦單位：你看，你在這裡！
馬大九：什麽？那個瘦子是我？！ #台北國際書展
#0212-0217世貿展覽館
#金庸茶館
#馬英九
#mayingjeou",4755,66,"['0212', 'mayingjeou', '台北國際書展', '金庸茶館', '馬英九']"
56,2019-02-12 18:21:17,"第一次以作者身份參加台北國際書展，超期待！
簽書送金豬福卡
㊗️你新年旺福發財🎊

#2月13日下午5點
#台北世貿一館
#八年執政回憶錄
#馬英九
#mayingjeou",4671,78,"['mayingjeou', '台北世貿一館', '2月13日下午5點', '馬英九', '八年執政回憶錄']"
57,2019-02-09 22:51:19,"大年初六是連假最後一天，我將到新北市及台北市的廟宇走春祈福，還沒拿到福卡的朋友把握機會喔！

新的一年，祝大家福旺發財！🐷🐷🐷 #金豬福卡
#馬英九
#mayingjeou
#反應熱烈特別加場
#限量發行欲藏從速以免向隅
#0930三重義天宮(福)
#1100板橋慈惠宮(旺)
#1300臺灣省城隍廟(發)
#1430三重先嗇宮(財)",4329,38,"['mayingjeou', '限量發行欲藏從速以免向隅', '1430三重先嗇宮', '1300臺灣省城隍廟', '0930三重義天宮', '1100板橋慈惠宮', '金豬福卡', '反應熱烈特別加場', '馬英九']"
58,2019-02-06 13:09:40,"萬頭攢動！過年到廟裡走春祈福～祝大家諸事大吉！

#豬年福卡蒐集齊全了嗎
#行天宮
#龍山寺
#馬英九
#mayingjeou",4496,37,"['mayingjeou', '行天宮', '龍山寺', '馬英九', '豬年福卡蒐集齊全了嗎']"
59,2019-02-04 10:11:01,"金豬福卡第三站，祝大家新年快樂「發發發」！🧧🧧🧧🐷🐷🐷 #蘆洲湧蓮寺 
#金豬福卡 
#貪食蛇人龍 
#馬英九 
#mayingjeou",3321,41,"['蘆洲湧蓮寺', 'mayingjeou', '貪食蛇人龍', '金豬福卡', '馬英九']"
60,2019-02-02 12:43:28,"馬大九福卡報到！
金豬年祝大家福旺發大財！

#一組四款限量發行
#大九親贈地點詳見留言
#馬英九
#mayingjeou",6727,158,"['mayingjeou', '馬英九', '大九親贈地點詳見留言', '一組四款限量發行']"
61,2019-01-25 18:17:01,"馬大九花蓮發春聯，歡迎大家來捧場～

#八年執政回憶錄📖
#1月26日下午1點半花蓮簽書會✍️
#花蓮遠百2F誠品
#簽一本送一張春聯
#前一百名送🇹🇼國旗圍巾🧣
#滿十本再送一條
#一日店員
#馬英九
#mayingjeou",6236,84,"['mayingjeou', '滿十本再送一條', '前一百名送', '花蓮遠百2F誠品', '簽一本送一張春聯', '一日店員', '✍️', '馬英九', '八年執政回憶錄']"
62,2019-01-19 13:32:34,"馬大九春聯來了！！ 影片在這裡👉👉👉
https://www.facebook.com/118250504903757/posts/2285533458175440/

#數量有限要搶要快
#一日店員
#春聯
#福卡
#馬英九
#mayingjeou",6556,160,"['mayingjeou', '春聯', '數量有限要搶要快', '一日店員', '福卡', '馬英九']"
63,2019-01-17 10:41:36,"昨天當志工包裝600箱年菜食物箱，希望有需要的朋友們都能過個好年！

#安德烈食物銀行
#同仁總動員一起當志工
#馬英九
#mayingjeou",5408,82,"['同仁總動員一起當志工', '安德烈食物銀行', 'mayingjeou', '馬英九']"
64,2019-01-15 12:09:14,"台中讀者好有愛❤️扶老攜幼好溫馨

歡迎1月20日來桃園看看👐

#1月20日下午2點桃園簽書會
#墊腳石中壢旗艦店
#前一百名送🇹🇼國旗圍巾
#滿十本再加碼一條🧣
#馬英九
#mayingjeou",4617,44,"['mayingjeou', '前一百名送', '墊腳石中壢旗艦店', '滿十本再加碼一條', '1月20日下午2點桃園簽書會', '馬英九']"
65,2019-01-12 16:39:26,"簽書簽到樺達奶茶🥤
高雄好熱情～❤️
台中捧油明天見🤟

#1月13日下午2點30分
#台中中友百貨誠品
#歡迎握手拍照餵食
#前一百名送🇹🇼國旗圍巾🧣
#馬英九
#mayingjeou",5029,81,"['mayingjeou', '前一百名送', '台中中友百貨誠品', '歡迎握手拍照餵食', '1月13日下午2點30分', '馬英九']"
66,2019-01-11 17:23:01,"感謝簽書會頭號小粉絲❤️
高雄的捧由～我來了！👋👋👋
1月12日下午2點半見！

#0112高雄簽書會
#前一百名送國旗圍巾🇹🇼🧣
#八年執政回憶錄
#高雄大遠百誠品
#馬英九
#mayingjeou",4419,53,"['mayingjeou', '0112高雄簽書會', '前一百名送國旗圍巾', '高雄大遠百誠品', '馬英九', '八年執政回憶錄']"
67,2019-01-08 16:28:05,"和我一起養成定期捐血的好習慣吧！

#捐血月
#捐血有愛我愛捐血
#198
#馬英九
#mayingjeou",6936,166,"['mayingjeou', '198', '捐血月', '捐血有愛我愛捐血', '馬英九']"
68,2019-01-04 11:22:12,"同事們說這帽子正夯🐰🐰🐰 #裝可愛
#兔兔帽
#玩過請舉手
#馬英九
#mayingjeou",8181,443,"['mayingjeou', '裝可愛', '兔兔帽', '玩過請舉手', '馬英九']"
69,2018-12-31 11:14:31,"準備邁向2019！大家有什麼新年願望呢？

#元旦記得去升旗唷
#🇹🇼國旗圍巾圍起來🧣🧣🧣
#圍上圍巾秒變暖男
#2019
#馬英九
#mayingjeou",8659,350,"['mayingjeou', '圍上圍巾秒變暖男', '2019', '馬英九', '元旦記得去升旗唷']"
70,2018-12-24 20:14:24,"齁齁齁！Merry X’mas！🎄🎄🎄 #聖誕馬公公
#猜猜哪個是我
#聖誕老人競爭很激烈
#馬英九
#mayingjeou",5917,125,"['mayingjeou', '猜猜哪個是我', '聖誕老人競爭很激烈', '聖誕馬公公', '馬英九']"
71,2018-12-23 16:54:02,"簽完書✍️ 逛書店📖

#八年執政回憶錄
#首場簽書會
#大家是看書還是看我😅
#馬英九
#mayingjeou",4940,87,"['mayingjeou', '大家是看書還是看我', '首場簽書會', '馬英九', '八年執政回憶錄']"
72,2018-12-22 10:52:20,"歡迎大家明天來參加我的演唱會！
不對，是簽書會😂😂😂 上午11:00開放領取號碼牌，14:00正式開始！

#八年執政回憶錄
#1223首場簽書會
#信義誠品六樓展演廳
#現場有神秘小禮物
#馬英九
#mayingjeou",7474,171,"['mayingjeou', '信義誠品六樓展演廳', '1223首場簽書會', '現場有神秘小禮物', '馬英九', '八年執政回憶錄']"
73,2018-12-18 16:10:57,"今天不在家，小夥伴搶先開箱新書！

博客來網路書店
https://www.books.com.tw/products/0010808801

誠品網路書店
http://www.eslite.com/product.aspx?pgid=1001122732732893

金石堂網路書店
https://bit.ly/2BkpDEr

天下文化
https://bookzone.cwgv.com.tw/books/details/BGB465

#八年執政回憶錄
#馬英九
#mayingjeou",4983,137,"['mayingjeou', '馬英九', '八年執政回憶錄']"
74,2018-12-14 16:53:27,"辦公室新來的小夥伴！

#畢業50年外套居然還穿得下
#迷你馬英九
#建中120週年紀念
#馬英九
#mayingjeou",7486,117,"['mayingjeou', '畢業50年外套居然還穿得下', '建中120週年紀念', '馬英九', '迷你馬英九']"
75,2018-12-05 20:28:52,"愛用購夠台東，支持在地農產，成就你的吃心絕對！

#型男主廚風
#購夠台東
#台東不一樣
#黃健庭翻轉台東的故事
#馬英九
#mayingjeou",4839,56,"['mayingjeou', '黃健庭翻轉台東的故事', '購夠台東', '台東不一樣', '型男主廚風', '馬英九']"
76,2018-12-01 10:24:24,"週末動一動！

#大家跑起來
#消除游泳圈
#馬英九
#mayingjeou
#ironma",5537,69,"['mayingjeou', '消除游泳圈', 'ironma', '大家跑起來', '馬英九']"
77,2018-11-29 12:53:06,"這是誰家的小美女？

#givemefive
#馬英九
#mayingjeou",5684,70,"['givemefive', '馬英九', 'mayingjeou']"
78,2018-11-23 14:28:15,"1124去投票！

#你的一票很重要
#長輩圖
#馬英九
#mayingjeou",5294,98,"['mayingjeou', '馬英九', '長輩圖', '你的一票很重要']"
79,2018-11-20 19:16:13,"今天到新社體驗採香菇！

#香菇寶寶好可愛
#馬英九
#mayingjeou",5274,84,"['香菇寶寶好可愛', '馬英九', 'mayingjeou']"
80,2018-11-17 17:00:43,"牧心學員做的背包！

#有像我嗎
#好像比本人帥
#牧心智能發展中心
#馬英九
#mayingjeou",6636,122,"['mayingjeou', '有像我嗎', '好像比本人帥', '馬英九', '牧心智能發展中心']"
81,2018-11-15 17:41:53,"下午和陳重文議員一起做爆米花跟孩子們分享！
結果變成餵食秀😂😂😂😂😂 #馬兒不只吃草也吃爆米花
#掉在桌上也不浪費
#馬英九
#mayingjeou",3123,74,"['mayingjeou', '馬兒不只吃草也吃爆米花', '掉在桌上也不浪費', '馬英九']"
82,2018-11-13 11:03:31,"唱完「夜襲」後的安可曲，這首大家都會唱吧😀😀😀 #馬英九
#mayingjeou",3673,145,"['mayingjeou', '馬英九']"
83,2018-11-11 13:09:23,"自己種的菜，阿嬤辛苦了！👍👍👍 #馬英九
#mayingjeou",5230,46,"['mayingjeou', '馬英九']"
84,2018-11-09 11:19:06,"收費低、技術好、效果讚🤗🤗🤗👍👍👍 #馬兩節
#不只會洗頭
#馬英九
#mayingjeou",4907,83,"['mayingjeou', '馬兩節', '馬英九', '不只會洗頭']"
85,2018-11-03 21:43:38,"瑞豐夜市我又來了！

#今晚不知何時可走完
#瑞豐夜市
#馬英九
#mayingjeou",3928,113,"['mayingjeou', '瑞豐夜市', '馬英九', '今晚不知何時可走完']"
86,2018-11-03 13:49:49,"我盡力了😂😂😂😂😂 #明明看著同個老師
#我走自己的風格
#三人節拍都不同
#馬祖國際馬拉松
#馬英九
#mayingjeou",3869,177,"['mayingjeou', '馬祖國際馬拉松', '明明看著同個老師', '我走自己的風格', '三人節拍都不同', '馬英九']"
87,2018-11-01 09:15:43,"學做花生糖

#善心阿嬤
#馬英九
#mayingjeou",5396,87,"['mayingjeou', '馬英九', '善心阿嬤']"
88,2018-10-27 09:30:02,"我不年輕我還捐血

#沒事多捐血
#你的熱血很重要
#196
#馬英九
#mayingjeou",5151,138,"['mayingjeou', '你的熱血很重要', '沒事多捐血', '196', '馬英九']"
89,2018-10-19 18:27:03,"我的老天鵝啊～
#哪都能簽🤣🦆😆🦆
#馬英九#ironma#mayingjeou",5218,115,"['ironma', '哪都能簽', 'mayingjeou', '馬英九']"
90,2018-10-15 17:48:46,"今天來到古坑學煮咖啡☕️☕️☕️✌🏼✌🏼✌🏼 #自己喝的咖啡自己煮
#磨到一半叫我看鏡頭
#咖啡老王子一號店
#馬英九
#mayingjeou",3730,122,"['mayingjeou', '咖啡老王子一號店', '自己喝的咖啡自己煮', '磨到一半叫我看鏡頭', '馬英九']"
91,2018-10-13 13:02:31,"可愛寶寶不要怕，我不是壞人唷😂😂😂 #抱娃魔人
#江啟臣
#馬英九
#mayingjeou",4574,73,"['mayingjeou', '江啟臣', '抱娃魔人', '馬英九']"
92,2018-10-10 10:31:05,"慶祝中華民國107年國慶！🇹🇼🇹🇼🇹🇼
雙十國慶快樂！！🎆🎆🎆
#馬英九#ironma#mayingjeou",6334,220,"['ironma', '馬英九', 'mayingjeou']"
93,2018-10-09 15:48:36,"帥到沒朋友
#其實我有很多朋友🤣🤣🤣
#江啟臣
#馬英九
#ironma
#mayingjeou",3722,58,"['mayingjeou', '其實我有很多朋友', 'ironma', '江啟臣', '馬英九']"
94,2018-10-07 10:33:40,"第一次簽在檸檬上🍋🍋🍋😜😜😜 #銀字檸檬
#覺得可愛
#軒禾合作社
#台灣農業加油",3459,64,"['覺得可愛', '銀字檸檬', '台灣農業加油', '軒禾合作社']"
95,2018-09-30 21:23:32,"來呦！不好吃不用錢！🍖🍗🍤 #瑞豐夜市
#滷味
#馬英九
#mayingjeou",5152,137,"['mayingjeou', '瑞豐夜市', '滷味', '馬英九']"
96,2018-09-27 19:11:18,"龍馬精神🐲🐴 #不是鹿茸是鹿龍
#馬英九
#謝龍介
#ironma
#mayingjeou",4521,129,"['mayingjeou', 'ironma', '不是鹿茸是鹿龍', '謝龍介', '馬英九']"
97,2018-09-24 10:46:38,"運動消耗熱量，吃完月餅烤完肉，記得也要動一動！🏊🏊🏼‍♀🏊🏽🚴🏼🚴🏿‍♂🚴🏻‍♀🏃🏃🏼‍♀🏃🏽‍♀ #中秋節快樂
#要健康就要動
#只要有心你也是鐵人
#三鐵記錄#九日映像製片",2667,122,"['中秋節快樂', '要健康就要動', '九日映像製片', '三鐵記錄', '只要有心你也是鐵人']"
98,2018-09-23 11:20:15,"半鐵完賽😁😁😁💪🏼💪🏼💪🏼 #梅花湖鐵人三項 
#馬英九
#ironma
#mayingjeou",5311,160,"['ironma', '馬英九', 'mayingjeou', '梅花湖鐵人三項']"
99,2018-09-21 09:50:00,"不是人形立牌喔😉😉😉 #我有練過
#握手的日常
#猜猜握了幾隻手
#他們都不怕
#馬英九
#ironma
#mayingjeou",4266,230,"['mayingjeou', '我有練過', '他們都不怕', 'ironma', '握手的日常', '猜猜握了幾隻手', '馬英九']"
100,2018-09-19 11:02:17,請勿拍打餵食😂😂😂 #馬英九#ironma#mayingjeou,4013,107,"['ironma', '馬英九', 'mayingjeou']"
101,2018-09-16 16:05:34,"第6次泳渡日月潭😉😉😉
下次大家一起來！

#馬英九
#ironma
#mayingjeou",3341,120,"['ironma', '馬英九', 'mayingjeou']"
102,2018-09-15 10:05:28,"要我簽在這XDD🤔🤔😆😆🤣🤣 #mayingjeou
#ironma
#台中建國市場",3748,78,"['mayingjeou', '台中建國市場', 'ironma']"
103,2018-09-14 12:27:02,"掃街掃到開口笑

#小白你不要走#三秒膠救援#小白復活#馬英九#ironma#mayingjeou",4320,142,"['mayingjeou', '三秒膠救援', '小白你不要走', 'ironma', '小白復活', '馬英九']"
104,2018-09-11 14:44:31,"簡單樸實的美味，
猜猜這碗是什麼？

#金門#美食#有洋蔥#馬英九#巷仔內#別告訴美青#kinmen#taiwanesefood#mayingjeou",4495,124,"['mayingjeou', '巷仔內', '金門', 'kinmen', 'taiwanesefood', '別告訴美青', '美食', '馬英九', '有洋蔥']"
105,2018-09-07 18:19:49,"還有哪邊需要加強嗎？😂🤣😂😆 #吳育仁
#嘉義縣
#頭洗一半也要拍",4074,116,"['吳育仁', '頭洗一半也要拍', '嘉義縣']"
106,2018-09-01 16:08:13,"九一記者節快樂！ 
#鹿茸鹿角傻傻分不清
#失敗攝影
#不夠失敗下屆再來",4928,147,"['失敗攝影', '不夠失敗下屆再來', '鹿茸鹿角傻傻分不清']"
107,2018-08-24 10:35:01,"以核養綠，電力永續

#以核養綠",4543,240,['以核養綠']
108,2018-08-20 16:44:20,"應粉絲要求來放閃！♥♥♥ 有人知道今天是什麼日子嗎？

#答案就在FB粉絲團
#老婆永遠是對的",6526,209,"['答案就在FB粉絲團', '老婆永遠是對的']"
109,2018-08-17 18:31:50,"七夕情人節快樂
美青情人節快樂♥♥♥",6091,465,[]
