,time,post_caption,likes,comments,tags
0,2019-12-15 15:56:22,全台最年輕五星級市長來啦！林智堅市長說：沒有打不下的城池，只有不夠努力的戰士。怡農絕對是最 #勇猛頑強 的戰士！ （小編覺得攝影師很幽默，小編決定偷放最後一張）,4745,50,['勇猛頑強']
1,2019-12-14 22:21:01,和潘孟安縣長在晴光市場一起吃吃吃吃吃！,3532,36,[]
2,2019-12-14 21:58:40,謝謝鄭宜農和鄭文堂導演，也謝謝我的父親吳乃德，一起促成這場對談，我從中獲得許多正面能量。希望來到現場和線上收看的朋友，也都得到一些溫暖和希望，一起繼續構築 #我們的台灣夢。,6234,17,['我們的台灣夢']
3,2019-12-14 17:15:02,謝謝Kolas和小英姊妹會來為怡農加油！一起為台灣努力💪,3811,37,[]
4,2019-12-14 17:07:01,和嘉瑜一起在堤頂大道，邀請全民下架吳斯懷！,5386,34,[]
5,2019-12-14 17:04:47,溫暖的菊蘭姊，和認真誠懇的怡農,4588,28,[]
6,2019-12-11 20:23:56,"捍衛國家安全是全民共識， #全民下架吳斯懷 運動需要每一個人的參與，和我們一起要求國民黨莫再無視民意。

看板地址：台北市中山區民權東路二段26號（近中山國小站過新生高架橋）

#你今天下架吳斯懷了嗎",11045,151,"['你今天下架吳斯懷了嗎', '全民下架吳斯懷']"
7,2019-12-08 21:53:56,"今天下午，大家有來參與民生公園的 #農民風假日音樂會 嗎？﻿
﻿
林右昌市長在現場請大家幫忙一件任務：在中山、北松山，找出十位原先不是支持民進黨、也不是支持吳怡農的人，分享我們共同的理念。十位之中只要成功一位，就是幫挺台灣的力量多拉到一票！﻿
﻿
選戰倒數 33 天，我們不會鬆懈，繼續為台灣衝一波 💪🏽﻿
﻿
#求職倒數33天﻿
#農友會送農進國會﻿
#全民下架吳斯懷 ﻿
#基隆三浦春馬今天高歌了一曲天后",5055,60,"['求職倒數33天', '全民下架吳斯懷', '基隆三浦春馬今天高歌了一曲天后', '農友會送農進國會', '農民風假日音樂會']"
8,2019-12-07 21:14:39,"感謝國家級葛格焦糖陳嘉行力挺，今天和我一起到謙和市場，拜訪在地的居民和攤商朋友們。

上一次和焦糖見面，是在眼球中央電視台的國慶晚會上，我從他手上領取了「反共國家肌器獎」。今天，我們再度站在一起，認真地表達我們共同的理念：捍衛國家安全。

即便民調顯示，社會大眾不分藍綠、政黨、年齡皆認為吳斯懷不適合當立委，國民黨至今仍不願尊重民意，修正不分區名單；吳斯懷到今天都還在媒體上公然漠視輿論，表示「一切都是選舉操作」；而被視為國民黨自由派的蔣萬安委員，依然不願明確表達自己的立場。

國家安全的威脅並未解除， #全民下架吳斯懷 的運動也還未結束。選戰即將進入最後一個月，讓我們繼續努力，團結起來，讓更多挺台灣的力量進入國會！

#求職倒數34天
#農友會送農進國會
#BrotherCaramel
#鄰家大男孩",5765,46,"['BrotherCaramel', '全民下架吳斯懷', '鄰家大男孩', '農友會送農進國會', '求職倒數34天']"
9,2019-12-05 22:14:18,"感謝 卓榮泰主席和我一起來到四平商圈。卓主席最近輔選很辛苦，腰背受了傷，今天還是沿路喊著「農農來了」，讓所有人都感受到我們的活力。 ⠀
⠀
儘管今日天候不佳，卓主席和我冒著雨也還是要一雙手、一雙手地握。一路上許多朋友關心我會不會穿太單薄，必須說，因為大家的熱情，我不需要穿太多，就可以感覺到。 ⠀ ⠀ ⠀ ⠀
#支持店家特製精力苦瓜汁
#農不怕苦農兩三下喝光光
#求職倒數36天
#農友會送農進國會",4336,55,"['支持店家特製精力苦瓜汁', '農友會送農進國會', '農不怕苦農兩三下喝光光', '求職倒數36天']"
10,2019-12-04 21:01:28,"今天，很榮幸邀請到賴清德副總統候選人，在百忙之中和我一起到民生社區，穿上我們特別準備的「農」字圍裙，和在地的居民朋友們一起手作鬆餅，親子同樂。 
#據幕僚說威廉是甜食控
#屬螞蟻的威廉說這個輔選行程太棒了
#求職倒數37天",5078,57,"['據幕僚說威廉是甜食控', '屬螞蟻的威廉說這個輔選行程太棒了', '求職倒數37天']"
11,2019-12-04 12:01:46,"昨天的社群之夜你也在現場嗎？ #求職倒數37天 ，用力衝一波💪🏽﻿
﻿
#社群之夜人蔘衝一波 ﻿
#農友會送農進國會",6227,51,"['社群之夜人蔘衝一波', '求職倒數37天', '農友會送農進國會']"
12,2019-12-01 20:36:21,"明年一月，我們不只是在選立法委員、在選總統與副總統。更是在決定：我們要把我們的國家交付給誰，代表大家度過台灣所面對的困境。

我們需要更多願意為國家發聲的政治家——在關鍵的時候、即使可能衝擊個人政治生涯的時候，仍會選擇站在台灣這一邊的政治人物。希望大家給我機會當這一個人。",7528,98,[]
13,2019-12-01 12:39:17,謝謝大家,2334,62,[]
14,2019-11-30 22:13:00,"今天下午和台北市議員梁文傑和立委候選人林楚茵一起參加親子嘉年華活動，現場許多熱情的家長帶著小朋友跟我說加油、對我喊凍蒜 🎉 
#大家有看到我在舞台上折氣球嗎🎈
#很怕一拳捏爆氣球嚇到小朋友
#農力太強
#求職倒數41天
#農友會送農進國會",5240,42,"['農友會送農進國會', '很怕一拳捏爆氣球嚇到小朋友', '大家有看到我在舞台上折氣球嗎', '農力太強', '求職倒數41天']"
15,2019-11-30 17:43:58,"今早，我和小英總統以及許淑華立委候選人，在張茂楠議員陪同下，一起拜訪南京公寓市場。 
#求職倒數41天
#農友會送農進國會",4134,32,"['農友會送農進國會', '求職倒數41天']"
16,2019-11-30 11:49:55,"昨晚的 #台灣搖滾 你們都看到了嗎？

全場觀眾和我一起大喊 #全民下架吳斯懷 ，台灣人團結起來守護台灣！

#再給小英四年
#也給怡農機會",5511,54,"['台灣搖滾', '全民下架吳斯懷', '也給怡農機會', '再給小英四年']"
17,2019-11-24 20:31:24,"今天傍晚在張茂楠議員舉辦的小英後援會成立大會，看到滿場的民眾都聚集起來挺小英總統，一句「蔡英文」，大家就馬上齊聲接著喊「凍蒜！」，團結一心、氣勢非凡！ 
許淑華議員和我選區相鄰，我們今天也站在一起，要讓大家知道：我們已經準備好為台灣而戰！希望中山、松山、信義的朋友們能夠給我們機會，讓我們到國會服務社會、守護台灣。 
謝謝張茂楠議員的邀請，也感謝顏志發國策顧問和多位前輩的鼓勵。團結不只是齊聲吶喊，還要並肩同行！ 
2020，台灣要贏！ 
#中山北松山投怡農 #信義南松山投淑華
#農友會送農進國會
#求職倒數47天",4788,51,"['求職倒數47天', '中山北松山投怡農', '農友會送農進國會', '信義南松山投淑華']"
18,2019-11-24 15:05:26,"透早天剛亮就開始一天的行程！上午和洪健益議員一起來到草埔市場。健益大哥從我被提名第一天起就很幫忙，帶我認識里長，也跟我分享許多掃街拜票的撇步。

#總統投小英政黨票投民進黨區域立委吳怡農
#農友會送農進國會
#求職倒數47天",4151,37,"['農友會送農進國會', '總統投小英政黨票投民進黨區域立委吳怡農', '求職倒數47天']"
19,2019-11-23 16:22:40,"范雲老師是我一直以來十分敬仰的前輩，我們曾經同時間在耶魯大學唸書。認識范老師這麼多年來，我看到她持續不斷為台灣民主進程和許多社會議題發聲，始終堅持一貫的理想和價值。這次，她接受民進黨提名為不分區第三名的立委候選人，一同把挺台灣的力量團結起來。

今天早上一起拜訪松江市場時，范老師也提到，從上一次中山、北松山立法委員選舉結果來看，台派在這個選區是有勝選基礎的，只要我們團結力量、集中選票，絕對會贏！

2020，是一場價值的選擇，站在台灣這一邊守護主權的陣營，在國會一定要過半，才能確保台灣的民主自由和國家安全。

#總統投小英政黨票投民進黨區域立委吳怡農
#農友會送農進國會
#求職倒數48天",5410,43,"['農友會送農進國會', '總統投小英政黨票投民進黨區域立委吳怡農', '求職倒數48天']"
20,2019-11-22 16:26:49,"非常感謝花媽今天來替我們加油打氣，給我們滿滿的信心。

早上在謙和市場，花媽的超高人氣和親和力十分受到歡迎，也是我最好的學習榜樣。
求職倒數進入最後的49天，每一天我都會加倍努力！

希望農友們一人拉十票，一起守護我們相信的價值。

#總統小英政黨票民進黨區域立委吳怡農
#求職倒數49天
#農友會送農進國會",5731,56,"['農友會送農進國會', '總統小英政黨票民進黨區域立委吳怡農', '求職倒數49天']"
21,2019-11-20 21:30:18,"民進黨台北市提名的8位立委候選人合體登記，希望能一起團結勝選！
也感謝副總統大仁哥，特地到場鼓勵我們。相信有了大仁哥的加油打氣，我會更加有衝勁的在求職路上邁進！

#求職倒數51天
#農友會送農進國會",4936,42,"['求職倒數51天', '農友會送農進國會']"
22,2019-11-18 23:53:39,"今天，我完成選舉登記，正式成為「台北市第三選區立法委員候選人」

選戰剩下不到八週，我心裡是戰戰兢兢的。最後衝刺的這段時間，希望能爭取到更多選民的認同和支持，和我一起壯闊台灣，為每個世代的台灣人，打造更好、更安全、更繁榮的生活環境！

#2020世代共贏
#壯闊台灣世界同行
#求職倒數53天",7705,180,"['求職倒數53天', '2020世代共贏', '壯闊台灣世界同行']"
23,2019-11-16 20:38:56,"農作物來了！歡迎大家明天一起來小英總統的競總成立園遊會，現場怡農團隊的攤位會有募款小物組合包！

時間：11/17（日）下午2-6點
地點：台北市北平東路30-1號前
攤位編號：A11募款小物區 A12遊戲區

#歡迎來捕獲野生農",3532,64,['歡迎來捕獲野生農']
24,2019-11-15 23:03:55,館長讓我最感到欽佩的地方，是將理念化為具體行動的意願和能力。他看到國軍面臨的困境，不是抱怨並等待政府去解決，而是親身投入，也不怕個人利益受損，做就對了！,7791,91,[]
25,2019-11-14 20:41:30,"農式吃冰

暖男農農挖給團隊的冰淇淋掉在盤子上，乾脆用筷子吃起來。幕僚也是笑ㄌ",7290,416,[]
26,2019-11-12 21:00:19,"昨天中午跟傍晚分別跑了兩個捷運站，和週間忙碌的中山區居民打招呼👋🏽
晚上和慈庸一起上3Q的直播，談選舉也聊時事。螢幕外柏惟用語言學的角度分析「3Q為什麼是台語」給我聽，還偷穿我背心😐活潑的海線男子

#HJJ加油 
#票投陳柏惟 來，請大家接下一句",4403,55,"['HJJ加油', '票投陳柏惟']"
27,2019-11-11 21:00:30,"朝氣滿滿的展開 #求職倒數60天 💪🏽 一早就來和健行的大哥大姐道早，為我嶄新的一天帶來更多能量。上午和許淑華議員到南京市場一起賣「凍蒜涼麵」！也感謝商周專訪，請大家拭目以待。

邀請大家一起和#農在雙山 ，持續農起來！",3430,33,"['農在雙山', '求職倒數60天']"
28,2019-11-10 21:00:25,"#求職倒數61天，繼續努力！

不管在里民活動，還是在市場、公園，遇到大哥大姐、大朋友小朋友，給我的溫暖鼓勵，都是我動力的來源！

歡迎大家和我一起 #農在雙山！",3137,31,"['農在雙山', '求職倒數61天']"
29,2019-11-09 19:54:09,"求職倒數62天，每天依然是馬不停蹄的四處拜訪。
昨天也有幸受邀參與吉林國小家長會的餐會，和在地的家長們分享我對教育的一些想法。

接下來我將會在IG持續以 #農在雙山，與大家分享我的每一天！

#農在雙山
#求職倒數62天",3872,58,"['農在雙山', '求職倒數62天']"
30,2019-11-04 21:02:58,"今天一早，我到民權公園和大哥大姐們切磋網球球藝 🎾

公園裡的大哥大姐們不只一早就精神飽滿，球藝更是精湛！

#松山區網球委員會
#求職倒數67天
#農友會送農進國會",4164,50,"['求職倒數67天', '農友會送農進國會', '松山區網球委員會']"
31,2019-11-02 16:38:36,"今天非常感謝前輩梁文傑議員與我一起走訪濱江市場！謝謝秀琴姐送我「好彩頭旺來包中」以及從頭到尾陪著我走完市場的王大哥！

不知道農友們有沒有拿到限量500份的農作物呢🙋‍♂️🙋，讓我們一起用農作物壯闊台灣吧！

#求職倒數69天
#農友會送農進國會
#早起的農友有農吃",4686,68,"['農友會送農進國會', '早起的農友有農吃', '求職倒數69天']"
32,2019-11-01 22:21:30,"小英總統今天說：「幾年前看過吳怡農寫的文章，文筆蠻好的，當時以為他是書呆子，後來見到本人看來不是。」 小編在台下：wwwwwwwww

#求職倒數70天
#民進黨青年部",5268,64,"['民進黨青年部', '求職倒數70天']"
33,2019-10-31 20:05:11,"農出來第二波預告上線，農農 Feat.神秘嘉賓梁文傑議員！
⠀
農友們，來跟農農一起來逛個早市吧！
⠀
11/2，我將在濱江市場外舉辦集氣活動，在這邊，我要號召廣大農友一起現身濱江市場，與我共襄盛舉！
⠀
參選以來，有幸認識了許多在網路上替我加油打氣的朋友，我一直希望能有一個機會，可以讓我好好的親自與大家交流、致謝。
⠀
早上八點，限量的「農作小物」準時開始發送，農農在濱江市場外等你，我們不見不散！
⠀
#限量農作物
#求職倒數71天
#一起農出來",1770,33,"['一起農出來', '求職倒數71天', '限量農作物']"
34,2019-10-30 20:32:13,"最近採訪時換上了新背板，希望讓大家更能注意到我的三大政見。

農友們，你們記得農農的三個政見主軸嗎？在圖中滿滿的農裡有答案！

#求職倒數73天",3560,51,['求職倒數73天']
35,2019-10-29 21:47:48,"最近的事情掀起一股懷念麻辣鮮師的熱潮，今日走訪中山區，竟巧遇也是當地居民的「萬老師」，才發現原來凍齡的鮮師，不只有小武哥！感謝萬老師的加油打氣，我會繼續努力！

#求職倒數74天",6044,81,['求職倒數74天']
36,2019-10-28 22:50:56,"那天很榮幸受到小雄哥邀請，到綠色和平廣播電台與大家分享我的選舉歷程，特別談到我很感謝農友們送我的各種零食和小禮物，圖中，就是農友買給狗狗，但差點被我拆來吃的潔牙骨⋯

感謝大家的支持，我會備足體力上路！

#求職倒數75天",4116,61,['求職倒數75天']
37,2019-10-26 20:42:49,"Trick or treat!
今年萬聖節，你的裝扮是什麼呢🎃

萬聖節在即，我和許多好朋友，也趁著這個週末，提早慶祝這個一年一度的扮裝派對，我今天也特別以「農人」的裝扮，參加了王世堅議員所主辦的小英總統連任後援會成立大會，今天我的打扮主題，除了呼應我名字當中的「農」，展現出堅韌不懈的「農民力」，也向台灣至今仍有一大群辛苦勞作的農民，「透早就出門」務農精神致敬。

最酷的要來了。

今天，世堅議員非常阿莎力的，準備了他的招牌形象「恰吉娃娃」送我，而我也回贈了一條我親自挑選的領帶當作回禮，他馬上穿戴起來與我拍了張合照，平常一身西裝筆挺的他，果然戴起來特別好看。

特別感謝今天到場同樂的朋友們，全台灣的民眾都認識世堅議員，而身為選戰新人的我，在打響知名度方面仍有待努力，我也藉此提醒自己不能鬆懈，必須更努力勤跑基層，聆聽在地民眾的心聲，以踏實心態，作好選民服務為第一要務！

#萬聖節農農
#300壯士提案失敗小編落寞
#求職倒數77天",4010,69,"['300壯士提案失敗小編落寞', '求職倒數77天', '萬聖節農農']"
38,2019-10-26 14:27:30,"剛剛跟著 #思瑤gogobar 一起到天母運動公園參加「天母搞什麼鬼」！思瑤姐姐實在太有魅力了，小朋友都不理我😂😂 緊接著快跟我到中山區的螺絲瑪莉 @is_rosemary 下午2：30到4：00一起同樂！

#不給糖就搗蛋
#萬聖節快樂 
#求職倒數76天",3049,36,"['不給糖就搗蛋', '思瑤gogobar', '求職倒數76天', '萬聖節快樂']"
39,2019-10-24 20:04:38,"農友們，來跟我農一起來逛個早市吧！
⠀
11/2 早上八點，我將在濱江市場外舉辦集氣活動，在這邊，我要號召廣大農友一起現身濱江市場，與我共襄盛舉！
⠀
參選以來，有幸認識了許多在網路上一直替我加油打氣的朋友，我一直希望能有一個機會，可以讓我好好的親自向大家交流、致謝。
⠀
這只是第一波預告，好酒沉甕底，破梗無趣味！
⠀
接下來的兩波預告，我們將會陸續公布當天一同參與的兩位神秘嘉賓，以及參與本場活動者才能拿到的神秘小禮物，請大家一定要持續關注怡農的臉書官方粉絲頁！
⠀
11/2早上八點，農農在濱江市場外等你，不見不散！
⠀
#求職倒數78天
#農友會送農進國會
#一起農出來 
#我農威武",1997,49,"['一起農出來', '農友會送農進國會', '求職倒數78天', '我農威武']"
40,2019-10-24 15:03:28,"今天再度拜訪松江市場。感謝大家給我加油打氣，剩下的日子我一定更加努力！也歡迎大家鎖定我的農民曆，和我一起走訪中山、北松山好吃又好逛的市場！

#松江市場
#求職倒數78天",3316,52,"['松江市場', '求職倒數78天']"
41,2019-10-23 22:14:43,"今天，我來到中山區著名的濱江市場拜訪，感謝陳怡君議員特別陪同，讓我和市場在地的攤商朋友有機會能夠面對面。 
大選倒數已經邁入七字頭，感謝一路上諸位百工百業的朋友、在地的居民，願意給我一個機會闡述我的理念，我會將各位的建言銘記在心，帶著這些感動和大家的期待持續前進，盼能無愧中山、北松山選民的支持！ - 💪捐款挺農 
1）線上捐款：donate.newebpay.com/nong2020/tw
2）#吳怡農政治獻金專戶（無手續費！）
銀行：台灣銀行（004 城中分行）
帳號：045 001 008 749
戶名：109年立法委員擬參選人吳怡農政治獻金專戶
匯款後請來信 contact@nong2020.tw 告知您的基本資料，索取收據。

#求職倒數79天
#農友會送農進國會",2585,46,"['吳怡農政治獻金專戶', '農友會送農進國會', '求職倒數79天']"
42,2019-10-22 19:36:11,"今天早上，我拜訪了有著「陽光商圈」之稱的四平商圈。﻿
﻿
在這裡，遇到和我切磋過招的老闆、特地從南部上來的支持者，還有從陽台探頭打氣的當地支持者。感謝大家的熱情，每一個打氣、每一份支持與鼓勵，都是我繼續拼下去的動力💪﻿
﻿ -﻿ ﻿
💪捐款挺農 ﻿
1）線上捐款：donate.newebpay.com/nong2020/tw﻿
2）#吳怡農政治獻金專戶（無手續費！）﻿
銀行：台灣銀行（004 城中分行）﻿
帳號：045 001 008 749﻿
戶名：109年立法委員擬參選人吳怡農政治獻金專戶﻿
匯款後請來信 contact@nong2020.tw 告知您的基本資料，索取收據。﻿
﻿
#求職倒數80天﻿
#農友會送農進國會﻿
#小編廢話不多說大家看圖",4196,59,"['吳怡農政治獻金專戶', '農友會送農進國會', '小編廢話不多說大家看圖', '求職倒數80天']"
43,2019-10-21 21:32:15,"菊姐說：「小時候就看到你，但沒想到長大變得這麼緣投」

特別再找出兩張照片證明我小時候就很緣投！",4076,139,[]
44,2019-10-20 20:05:38,"昨晚很榮幸，在錄影現場遇到時齊姊，時齊姐很鼓勵我，要我在鏡頭前再放開一點😄

時齊姊說，她要自封「農會總幹事」，我很開心也十分珍惜各位的支持，在這條讓台灣更好的路上，我們其實都有著相同的願景，我們都是這片土地的主人、這個國家的「總幹事」 💪🏽 剩下82天，農友們農起來，一路拼到底！ - 💪捐款挺農 
1）線上捐款：donate.newebpay.com/nong2020/tw
2）#吳怡農政治獻金專戶（無手續費！）
銀行：台灣銀行（004 城中分行）
帳號：045 001 008 749
戶名：109年立法委員擬參選人吳怡農政治獻金專戶
匯款後請來信 contact@nong2020.tw 告知您的基本資料，索取收據。 
#大家都是總幹事
#求職倒數82天
#農友會送農進國會",2842,41,"['吳怡農政治獻金專戶', '求職倒數82天', '農友會送農進國會', '大家都是總幹事']"
45,2019-10-19 20:19:23,"今天早上，我和許多黨內的朋友，以及來自台灣各地1,000多名的電器業者，共同參加了
〈2020小英總統連任全國電器業界後援會〉的活動。

特別感謝小英總統，在致詞演講開始的時候，就把我、何志偉委員、許淑華委員及阮昭雄委員，從背景人群拉到舞台前，將我們一一推薦給在場熱情的電器業朋友們。 「希望各位鄉親，給這幾位年輕的立委參選人，最大的支持與鼓勵！」 成立大會的現場人潮爆滿，會場內外都充滿了支持者的加油聲，能夠在這麼多人面前被小英總統勉勵打氣，讓我頓時戰力充滿！ 
2020年這一仗，投入艱困選區的我，需要大家踴躍的支持，就像小英總統說的「起厝起一半，師傅不能換」。台灣這個家，需要眾人團結心力的保衛。

感謝今日大會上，前來鼓勵我的前輩、學長姐，當然還有農友們窩心溫暖的問候，求職路上剩下的83天，我們共同努力，堅持到最後！ 💪捐款挺農 
1）線上捐款：donate.newebpay.com/nong2020/tw
2）#吳怡農政治獻金專戶（無手續費！）
銀行：台灣銀行（004 城中分行）
帳號：045 001 008 749
戶名：109年立法委員擬參選人吳怡農政治獻金專戶
匯款後請來信 contact@nong2020.tw 告知您的基本資料，索取收據。 
#這不是四連拍 
#求職倒數83天
#農友會送農進國會",3772,66,"['吳怡農政治獻金專戶', '農友會送農進國會', '求職倒數83天', '這不是四連拍']"
46,2019-10-18 12:33:22,"今天一早到西松公園，與安平里的大哥大姐們道早安👋

有一位大姐跟我說，
選戰時間不多了，會幫我用力拉票！
被這熱情感動，讓我一早就有滿滿能量 💪🏽 求職日剩下84天，我會繼續打拼，謝謝支持鼓勵我的大家！

#西松公園
#求職倒數84天
#農友會送農進國會",3096,55,"['求職倒數84天', '農友會送農進國會', '西松公園']"
47,2019-10-17 20:37:13,"今天一早，我就從行天宮站出發，搭乘捷運到松江南京，踩著腳踏車沿著中山、雙連和民權西路，一路向中山區的通勤朋友們問好，最後衝刺向終點的中山國小。 ⠀
⠀
我感覺就像回到參選前，每天固定時間通勤上下班的日子。謝謝每一位願意在通勤時間停留幾秒，和我握手、交談的朋友；也謝謝將近三十位一早就出動，和我一起在六個捷運站口努力的志工朋友！",2749,36,[]
48,2019-10-16 22:06:30,"參選以來，我收到許多前輩和夥伴的鼓勵，許多人也都和我說，希望能加入壯闊台灣的行列！為了團結這些愛台灣的力量，這個星期日，我將舉辦志工招募會，誠摯邀請大家加入「農耕隊」！ 招募會特別邀請到陳菊秘書長擔任嘉賓，相信菊姐的溫暖和堅毅，會給來到現場的志工朋友們，更多的信心！陪著我們，共同打贏這場選戰，一起實現我們的台灣夢。

報名請至臉書貼文連結或是IG限時動態",1401,25,[]
49,2019-10-15 21:52:38,"今天，感謝長期以來在新創領域不遺餘力推動相關修法的余宛如委員，邀請許淑華、 謝佩芬和我加入新創縱隊，我們的選區都是許多新創事業聚集的地方，也都十分關注新興產業的發展。

新創縱隊的成立，是希望團結我們的知識和力量，進入國會，用我們的經驗和專業，為台灣打造更完善、適切的新創環境。",1722,16,[]
50,2019-10-14 23:27:05,今天很榮幸受到 娛樂e世代的當家主持人吳建恆KEN邀請，和與我同名的 鄭宜農一同進行特別的 怡農 X 宜農 — 雙農會，一邊享用我從民權東路上的素食餐廳帶來的美食，一邊和大家分享我們各自最喜歡的幾首歌曲。,2688,40,[]
51,2019-10-14 19:14:31,"今天早上送完車後，我帶著中山區好吃的早餐到2020小英發言人 顏若芳和阮昭雄議員 ＃一起吃早餐 和大家聊天談政策。
⠀
求職倒數88天，我會繼續馬不停蹄地前進，繼續動得很厲害！
⠀
—
⠀
💪捐款挺農
⠀
1）線上捐款：donate.newebpay.com/nong2020/tw
⠀
2）#吳怡農政治獻金專戶（無手續費！）
銀行：台灣銀行（004 城中分行）
帳號：045 001 008 749
戶名：109年立法委員擬參選人吳怡農政治獻金專戶
匯款後請來信 contact@nong2020.tw 告知您的基本資料，索取收據。
⠀
#求職倒數88天
#農友會送農進國會",1975,15,"['吳怡農政治獻金專戶', '求職倒數88天', '農友會送農進國會']"
52,2019-10-13 16:33:01,"今天卓榮泰主席、何志偉委員學長帶學弟，和我一起來到有六十年歷史的謙和市場。 ﻿
﻿
有著大家的鼓勵支持，剩下的89天我會努力的繼續拼下去！ ﻿
﻿
--﻿
﻿
💪捐款挺農 ﻿
1）線上捐款：donate.newebpay.com/nong2020/tw﻿
2）#吳怡農政治獻金專戶（無手續費！）﻿
銀行：台灣銀行（004 城中分行）﻿
帳號：045 001 008 749﻿
戶名：109年立法委員擬參選人吳怡農政治獻金專戶﻿
匯款後請來信 contact@nong2020.tw 告知您的基本資料，索取收據。 ﻿
﻿
#求職倒數89天﻿
#農友會送農進國會",2933,38,"['吳怡農政治獻金專戶', '求職倒數89天', '農友會送農進國會']"
53,2019-10-12 19:02:06,"今天來到具有四十多年歷史的松江市場。

大哥很熱情地招待我吃福州丸😋
南北雞鴨店的老闆還直接餵了我滴雞精，說是要讓我補身體。

一路走來，受到許多在地攤商大哥大姐的照顧，這些都是我持續前進的動力！

#松江市場 
#求職倒數90天
#農友會送農進國會",3302,45,"['松江市場', '農友會送農進國會', '求職倒數90天']"
54,2019-10-11 21:00:27,"今天和小英總統來到我的選區裡，
我們都充滿回憶的地方。

小英總統在吃飯的時候夾了好多菜給我 🍚

#求職倒數91天
#台灣隊長在民生社區",3564,61,"['求職倒數91天', '台灣隊長在民生社區']"
55,2019-10-10 09:27:38,"早安，早起的大家歡迎收看年代電視台的轉播，我正準備跟主播宣儀進行訪談。
⠀
蘇院長說，把國家顧好，就是給台灣人民最好的禮物，希望我能有這個機會進國會把國家顧好，為人民服務！
⠀
— ⠀
⠀
💪捐款挺農 ⠀
⠀
1）線上捐款：donate.newebpay.com/nong2020/tw ⠀
⠀
2）#吳怡農政治獻金專戶（無手續費！） ⠀
⠀
銀行：台灣銀行（004 城中分行）
帳號：045 001 008 749
戶名：109年立法委員擬參選人吳怡農政治獻金專戶
匯款後請來信 contact@nong2020.tw 告知您的基本資料，索取收據。 ⠀
⠀
＃求職倒數92天
＃農進國會護台灣",3338,38,['吳怡農政治獻金專戶']
56,2019-10-09 16:57:33,"⠀
昨天晚上，很榮幸和余宛如委員一起受到我的「小學學長」呱吉邀請，進一步與大家討論我的政策與願景。
⠀
一如我在直播中提到的，我並不是因為我的學經歷而決定參選，或者因為我的學經歷而認為自己有資格出來參選。是台灣目前所面臨最大的問題 —— 國家安全，讓我深信我必須站出來爭取參選的機會。
⠀
維繫國家安全最根本的一道防線，就是國防。當中國對台的軍備預算逐年提升已經是無可否認的事實，新一代的政治人物便需要對國家目前最迫切的問題作出回應，台灣人因中國文攻武嚇而凝聚起來的「團結抗中」意識，化成實際行動，就是「國防」二字。
⠀
有國防，才有和平；沒有國防，只會被霸凌。強化國防絕非窮兵黷武，事實上，國防的目的正是為了追求長遠的安穩與和平。
⠀
美台國防工業會議正好也在昨天結束，媒體報導美方在會中提及，在台灣平均役期較南韓、以色列等國家短的情況下，國家單位必須思考該如何有效益的建置「有戰力的後備兵力」。
⠀
我認為，一支軍隊的精實與否，除了役期長短，更關鍵的是如何在有限的時間與資源內，達到最好的訓練成果，讓國軍兄弟姊妹的身心都處於最好的備戰狀態。美方提及的有效戰力，需要透過對台灣現行的後備制度做通盤檢討，調整我們的訓練方式和內容，建立更實際、更有意義的教召制度。
⠀
明天，就是十月十日。
⠀
一個強鄰壓境的小國，在追求自主及和平的過程中，需要的正是堅強的國防、以及對軍隊和軍人的支持。我深信，如果台灣希望被當作一個正常的國家，我們的行為就必須像一個國家：對自己的安全負責。
⠀
—
⠀
💪捐款挺農
⠀
1）線上捐款：donate.newebpay.com/nong2020/tw
2）#吳怡農政治獻金專戶（無手續費！）
銀行：台灣銀行（004 城中分行）
帳號：045 001 008 749
戶名：109年立法委員擬參選人吳怡農政治獻金專戶
匯款後請來信 contact@nong2020.tw 告知您的基本資料，索取收據。
⠀ ⠀
#國防抗中
#求職倒數93天 
#農進國會護台灣",1698,23,"['吳怡農政治獻金專戶', '國防抗中', '農進國會護台灣', '求職倒數93天']"
57,2019-10-09 12:05:14,"「讓青年一起為台灣贏一場！」 過去三年，執政黨在推行改革的路上遇到許多困難，但並不代表就應該因此而停下腳步或從此回到原點。正是因為這樣，當執政黨決定徵召更多的新血，參與保護台灣主權的一戰時，我當然義不容辭投入參選。

在中國政府的強權壓制下，我們每天都能看到自由受到限縮的例子，極權讓人民失去選擇、畏懼表態，而象徵亞洲民主燈塔的台灣，絕對不能走回頭路。民主，並非一個虛無縹緲的概念，守住民主，人民才能繼續享有自由選擇看哪一場體育賽事轉播、支持哪一位競技選手的權利。

今天，在台灣派對上，我跟其他勇敢投入艱困選區青年候選人一起，以我勇猛頑強的特戰精神，宣示我們進國會護台灣的信念。

距離1月11日只剩93天：民主對上極權，2020，你選哪一隊？ — 💪捐款挺農 
1）線上捐款：donate.newebpay.com/nong2020/tw 
2）#吳怡農政治獻金專戶（無手續費！） 銀行：台灣銀行（004 城中分行）
帳號：045 001 008 749
戶名：109年立法委員擬參選人吳怡農政治獻金專戶
匯款後請來信 contact@nong2020.tw 告知您的基本資料，索取收據。 ＃台灣派隊
＃求職倒數93天
＃農進國會護台灣
＃我站民主這一隊",3234,57,['吳怡農政治獻金專戶']
58,2019-10-08 22:58:29,"今天晚上，很榮幸受到我剛在節目上相認的「小學學長」呱吉邀請，一起聊了我們對民權國小的回憶，無論是每天早上把大家要喝的牛奶搬進學校，又或者是福利社那依然在記憶裡飄香的肉包，學校後面那塊空地，也是我第一次學怎麼騎腳踏車，摔倒又爬起來的地方。 ⠀
⠀
也有幸和同樣是節目來賓的余宛如委員一起談我們對新創和國防的看法，討論到國防與經濟的相似之處，國防就是一項對國家與人才的投資，我們必須要有紮實的根柢，才能長出茁壯、保衛國家的力量。 ⠀
—
⠀
捐款挺農💪 ⠀
1）線上捐款：連結在簡介中　
2）#吳怡農政治獻金專戶（無手續費！）
銀行：台灣銀行（004 城中分行）
帳號：045 001 008 749
戶名：109年立法委員擬參選人吳怡農政治獻金專戶
匯款後請來信 contact@nong2020.tw 告知您的基本資料，索取收據。 ⠀
⠀
#台北市第三選區中山北松山
#求職倒數94天
#農友會送農進國會",1972,31,"['吳怡農政治獻金專戶', '台北市第三選區中山北松山', '農友會送農進國會', '求職倒數94天']"
59,2019-10-08 17:48:07,"今天來錄「我要當選」
剛好前一天政見公布，就藉由媒體來表達我的政治理念。
晚一點我會跟呱吉直播，詳情請先到我的臉書粉專看一下，晚上我們相約線上。
#農起來
#求職倒數95天
#送農進國會
#我要當選",1760,28,"['農起來', '我要當選', '送農進國會', '求職倒數95天']"
60,2019-10-07 22:13:25,"「我們共同的台灣夢」

自從我投入選戰以來，無論是在街頭與民眾講談，或者深入巷弄拜訪請教時，大家總是問我：「什麼是壯闊台灣？」、「如何壯闊台灣？」 ⠀
⠀
⠀
我所謂的壯闊台灣，其實就是三個目標，投資台灣＋保衛台灣＋團結台灣。 ⠀
⠀

國防，是國家安全的基礎；經濟，則是社會發展的根本；而面對快速變動的國際局勢，我們更需要團結所有挺台灣的力量。我相信唯有三者並進，才能壯闊台灣，不畏強權壓迫，站上世界舞台。 ⠀
⠀
⠀
接下來，壯闊台灣的「台灣夢」藍圖，我將利用這十多年來在國際間闖蕩的經驗與見解，一筆一畫的描繪出來，希望每一個有著「台灣夢」的朋友，都能和我一起在這條路上並肩前行！ ⠀
⠀
⠀
👉臉書看政策全文：https://reurl.cc/ZnbNa3 ⠀
⠀
⠀
—
⠀
捐款挺農💪 ⠀
⠀
⠀
1）線上捐款：donate.newebpay.com/nong2020/tw 
2）#吳怡農政治獻金專戶（無手續費！）
銀行：台灣銀行（004 城中分行）
帳號：045 001 008 749
戶名：109年立法委員擬參選人吳怡農政治獻金專戶
匯款後請來信 contact@nong2020.tw 告知您的基本資料，索取收據。 ⠀
⠀
⠀
#台北市第三選區中山北松山
#壯闊台灣農起來
#農友轉起來
#求職倒數95天
#農友會送農進國會",2542,43,"['壯闊台灣農起來', '吳怡農政治獻金專戶', '求職倒數95天', '農友轉起來', '台北市第三選區中山北松山', '農友會送農進國會']"
61,2019-10-07 17:44:53,"自從投入選舉以來，走訪62個鄉里，許多熱情的長輩們緊握雙手的懇切叮嚀，我都銘記在心。

這陣子除了奔波於市場、公園與社區住宅之間，我也謹記要觀察、了解當地長輩們的需求，思考如何在時間與空間層面，配合小英總統的長照2.0政策，秉持「找得到、看得到、用得到、付得起」的精神。建立以社區為基礎的照顧服務體系，架構起綿密的支援照護網，實現真正的在地老化，樂齡生活。

我深信，政治就是服務人民的日常。

今天是九九重陽節，怡農在這邊祝福大家九九重陽，久久安康。

#九九重陽
#求職倒數95天
#農友會送農進國會",2098,23,"['農友會送農進國會', '九九重陽', '求職倒數95天']"
62,2019-10-07 11:01:02,"你我都知道，選戰沒有休息。
身為要參選的政治人物，不免會成為鎂光燈的焦點，其實到現在我還是不太習慣，看到自己在鏡頭前，但是為了讓選民可以更認識我，清楚我的理念政見，我會加倍用功，十倍努力💪
今天我的臉書專頁將會公布政見理念。歡迎大家分享。

想進國會做事，想為北松山.中山做出一些改變，如昨天我在座談會所說，「靠自己」努力精神（詳細可到我臉書看、或IG前幾篇）。
我將帶著大家的希望往前進。
#送農進國會
#農起來
#求職倒數96天",2349,43,"['送農進國會', '求職倒數96天', '農起來']"
63,2019-10-07 08:32:33,"跟選民非常有緣分
在跑選戰行程途中，遇到三代同堂的粉絲，原來之前我們就在別的場合見過了，女孩媽媽很開心，拿之前合照給我看，還對我說加油！
看到大家對我這麼支持，我要更加努力#送農進國會
#求職倒數96天",2366,39,"['送農進國會', '求職倒數96天']"
64,2019-10-07 00:11:56,"感謝小英台北市競總、前輩們和議員好友今天給我勉勵和建議！時間所剩不多，我除了竭盡努力爭取鄉親支持，還需要所有朋友和我一起拚！

這不是我一個人的選戰，也不只是蔡總統或民進黨的選舉，而是共同守護台灣與否的抉擇。我們要團結，壯闊台灣的國防和經濟，以保衛民主生活，讓這片土地上的每個人能夠自由蓬勃地發展。  @jianyi_1103 
#洪健益議員
#陳怡君議員
#梁文傑議員
#張茂楠議員
#求職倒數96天
#農起來",2542,36,"['農起來', '張茂楠議員', '陳怡君議員', '洪健益議員', '梁文傑議員', '求職倒數96天']"
65,2019-10-06 17:48:16,"前幾天遇到一位，令我敬佩的創業者。
他說他沒有舞台，所以自己創造舞台，更期許能成為下一代的靠山，讓我非常感動。
走訪基層，最能讓我聽到民意，深入了解選民的想法，聽到這位老闆語氣中略有無奈，但仍然樂觀的正面力量，讓我更加確信，一定要利用我所學專長，幫助創業者，未來也希望活化商圈。政見大綱將在禮拜一公布。
#求職倒數97天
#凍檸茶很好喝
#榮星花園
#鼓勵創業者",2409,43,"['求職倒數97天', '榮星花園', '凍檸茶很好喝', '鼓勵創業者']"
66,2019-10-06 13:17:51,"民進黨中山丶北松山區立委參選人吳怡農座談會，就在今晚！

時間：10/6(日)18:30~21:00
地點：松江101國際會議中心(台北市中山區松江路101號4樓)
誠摯邀請您參加我的座談會，倒數破百，讓我們一起拼。
🎉敬邀鄉親好朋友蒞臨參與🎉
#求職倒數97天
#座談會
#送農進國會",2260,38,"['求職倒數97天', '送農進國會', '座談會']"
67,2019-10-06 01:45:35,"晚餐吃飯時，遇到支持者，當場與選民視訊。
大家真的都好熱情喔！
謝謝大家的肯定，如果在地方看到我，歡迎跟我打招呼喔～
#求職倒數98天",1725,47,['求職倒數98天']
68,2019-10-05 23:02:26,"拜票走訪榮星商圈，遇到超熱情的民眾，以及超有意思的特色店家。

順利鎖店是在地40年的老店，榮星商圈的鎖都是他們家的，厲害吧！更酷的是，老闆戴的眼鏡可是超級古董，年份不可考究。

無名肉圓，門面迷你到，一不小心就會錯過，儘管這樣還是生意滿滿。

時寓牛肉麵老闆，一聊天發現，原來我們有共同朋友，他還熱心要騎車載我兜風。

這是一家三代同堂的佛具店，覺得我跟他們合照，融入地毫無違和感。

自己打造腳踏車凍檸茶，很會做生意喔，因為他掛了一個牌子寫：我的客人都很很正。

超人氣飲品：台茶1號，我一到就感受店家滿滿熱情，跟老闆娘與老闆娘的父母一起合影。",3244,68,[]
69,2019-10-04 10:40:12,"中山、北松山的朋友有逛市場的習慣嗎？昨天拜訪了 #八德市場 、 #建國市場 、 #中山市場 ，攤商熱情又充滿活力！希望我求職順利，也為台灣的市集文化盡一份力。

#求職倒數99天",4043,92,"['八德市場', '建國市場', '求職倒數99天', '中山市場']"
70,2019-10-04 00:33:07,"選戰倒數即將破百！ ﻿
﻿
跑了整天的行程，一回過神，倒數第一百天已經快要過完。 ﻿
﻿
回顧過去一個月，必須說，真的很像一場奇幻之旅。我從一個政策幕僚，到參選成為政治新人，從幕後到幕前的轉換，本身就是一項挑戰；投入艱困選區，努力讓更多鄉親認識我、支持我，更是一門考驗。 ﻿
﻿
但是，特戰「勇猛頑強」的精神，就是再艱鉅的任務都無所畏懼！ ﻿
﻿
謝謝每一個為我加油打氣的留言，每一雙我在公園、路口、市場握過的手，這些鼓勵都讓我更堅定向前，邁向國會，壯闊台灣！﻿
﻿
#破百無畏 ﻿
#加值國會﻿
#百日求職計畫",3741,65,"['破百無畏', '百日求職計畫', '加值國會']"
71,2019-09-28 20:19:53,"我在臺灣派對論壇和好夥伴還有來自臺灣各地的好朋友交流。改變政治最好的方式就是直接參與！（還有民主煎餅可以吃）

#臺灣派對
#求職倒數104天
@wsy_jiejie 
@linfeifan1099 
@cheng_yunpeng 
@peifen2020",3117,44,"['求職倒數104天', '臺灣派對']"
72,2019-09-28 19:01:29,"@dpp_taiwan 33歲生日快樂！🎂🎉 #2020世代共贏
#2020台灣要贏
#求職倒數104天",2284,35,"['求職倒數104天', '2020台灣要贏', '2020世代共贏']"
73,2019-09-27 18:58:47,"今天是我第一次造訪濱江市場，很開心能夠來到這裡，和在地的居民攤商們打聲招呼。雖然，早上中山區的天空飄著細雨，市場內的氣氛依舊熱度不減，也很高興能和攤販及採買的民眾朋友互動。由衷感謝熱情的中山區鄉親給我的支持，也感謝同行的媒體記者與農友志工團！雖然我起步起的比較晚，但我一定會帶著誠懇與用心，一步一步堅持走完！

今天上午，你也在濱江市場嗎？如果有一起合照的朋友，趕快在臉書留言底下與我們共同分享這些珍貴的影像吧！中山、北松山的農友們，期待下次可以在其他的市場或街頭與你們不期而遇，大概逗陣來作伙，一起農起來！

#壯闊台灣農在雙山
#求職倒數105天",3376,85,"['求職倒數105天', '壯闊台灣農在雙山']"
74,2019-09-26 20:21:47,"我在投資銀行工作十年，認為為台灣打造更國際化的投資環境是我進國會的要務之一。而會計師不論是在公司法修法、稅改或投資環境改善上，對台灣都有很大的貢獻。今天很高興跟專業的會計師們、我的戰友和已經在戰的經濟部長沈榮津和財政部長蘇建榮齊聚一堂，一起挺小英！

#小英全國會計師後援會
#求職倒數106天
#台灣隊長",3335,49,"['小英全國會計師後援會', '求職倒數106天', '台灣隊長']"
75,2019-09-25 22:55:03,"今天到 #中山美食 #阿潘廚房 當了一日廚師，炒了一盤飯。

同事說有點乾，但我覺得看起來很好吃呀！你們覺得呢？🤔",5683,268,"['阿潘廚房', '中山美食']"
76,2019-09-24 11:17:41,"昨天好友和前輩的民主故事讓美好的夜晚充滿感動！但更令全場驚艷的是我學長龍龍的社運帥照！

#民主觀光列車
#龍龍是農農學長
#求職倒數108天",3489,62,"['龍龍是農農學長', '民主觀光列車', '求職倒數108天']"
77,2019-09-23 11:33:42,"​​​過去兩個禮拜，我走遍中山區和北松山的62個里，拜會眾多里長，向他們請益。我最大的感動，是看到許多認真的里長在地方默默付出，不分黨派一心為社區服務，聆聽與照顧每個家戶的需求。他們的故事和給我的建議，也呼應了我參選的初衷。﻿
﻿
​​羅里長在辦公室待到很晚，「因為晚上民眾才有時間來找我啊！」里長說得輕鬆，但對里民服務的熱忱表露無遺。﻿
﻿
​​王里長為了照顧長輩營養需求，親自和義工一起煮粥，省下的人力費用拿來買更多水果。她對里民的照顧就像家人，珍惜家園的心情在她每一個工作細節展現。﻿
﻿
​​另一位羅里長告訴我，我拜訪結束後她要去一個居民家裡看看，因為他一直沒有申請到低收補助，生活遇到困難時常求助於里長，也跟里長借過錢。﻿
﻿
​​李里長親自除草、除蚊、處理野狗問題。為了照顧社區長輩也和社區商家合作，將本來的三餐供餐服務提升成四餐。﻿
﻿
​​「政治從來不是遠在天邊、高高在上。政治就是我們的生活。」從社區到地方，里長們在第一線的付出、對每一位居民一致的照顧跟我參政的初衷一樣。在此向所有台灣最前線的民意代表致敬。﻿
﻿
​​民意代表就是要幫人民解決問題，第一線的里長為民眾處理社區大小事，市議員監督市政，立法委員則是要做更多，督促國家的法規與政策方向；各級民意代表都扮演好自己的角色，並能跨層級合作，才能幫人民頭家建立起完整的服務機制。﻿
﻿
​​秉持著這樣的理想，作為一個立法委員參選人，我不僅希望透過跟里長和議員的合作，幫選民解決日常生活遇到的問題，也會在國會盡本分，強化我們的經濟，並捍衛國家的安全和民主自由的生活方式。﻿
​​　﻿
​​－－－﻿
​​　﻿
​​​👉​ 捐款挺農﻿
​​線上捐款連結請見個人簡介﻿
﻿
​​吳怡農政治獻金專戶﻿
​​銀行：台灣銀行（004 城中分行）﻿
​​帳號：045 001 008 749﻿
​​戶名：109年立法委員擬參選人吳怡農政治獻金專﻿戶﻿
﻿
​​捐款後請來信 contact@nong2020.tw 告知您的基本資料，索取收據。﻿
​​　﻿
​​－－－﻿
​​​​#壯闊臺灣﻿
#農在雙山﻿
#求職倒數109天",2396,28,"['農在雙山', '求職倒數109天', '壯闊臺灣']"
78,2019-09-21 13:44:36,"昨晚的社群之夜，是我 #人蔘第一次 跟台灣隊長說話，結果隊長第一句話是「你怎麼本人比照片小好幾號？」﻿
﻿
我只好回「報告總統，我會改進！」﻿
﻿
#壯闊台灣壯闊自己",2793,68,"['壯闊台灣壯闊自己', '人蔘第一次']"
79,2019-09-17 11:57:02,"剛剛拜訪恆安里里長黃大哥，還遇到勇猛頑強的晴光市場正義哥！

#農在雙山",3449,57,['農在雙山']
80,2019-09-13 23:45:41,"中秋連假開始，這幾天跑了許多地方的中秋晚會活動，大家看到我都好熱情，還不停餵我吃東西，真的非常謝謝大家！﻿
﻿
未來我也一定繼續努力勤跑每個地方，爭取更多鄉親的支持！﻿
﻿
今晚在中吉里參加千人烤肉活動時，林德勝里長還邀請我上台唱歌，大家猜猜我唱什麼😁﻿ ﻿
﻿
#祝大家中秋節快樂﻿
#月圓人團圓﻿
#臉圓肚也圓﻿
#也謝謝今天到場關心我的所有媒體朋友﻿
#你們也辛苦了",3139,77,"['你們也辛苦了', '也謝謝今天到場關心我的所有媒體朋友', '月圓人團圓', '臉圓肚也圓', '祝大家中秋節快樂']"
81,2019-09-11 20:38:26,"@lo.chihcheng 羅致政委員點名我30秒內徒手剝柚子，挑戰成功！
#還剩5秒呢
#有人這樣剝柚子嗎
#同事一直笑場",7551,690,"['還剩5秒呢', '有人這樣剝柚子嗎', '同事一直笑場']"
82,2019-09-10 16:43:47,"萬分感謝，一起出發！謝謝星期天來參加見面會暨志工招募的夥伴、媒體朋友和給我參選機會與支持的民進黨！也非常謝謝副秘林飛帆擔任我的特別來賓，發言人李明俐和青年部主任吳濬彥給我鼓勵！

當天有中山、北松山的選民，也有來自臺灣各地的朋友，最遠的甚至從澎湖來，我很感激在這裡找到這麼多志同道合的人和我一起投入選戰。從現在開始，我們將藉每個人的創意和專長，一起和更多選民溝通，一起為投資家園、壯闊臺灣而並肩作戰！ @dpp_taiwan. @feifanlin. @junyenwu.official
#壯闊臺灣
#農在雙山",1501,27,"['農在雙山', '壯闊臺灣']"
83,2019-09-08 01:08:39,"感謝民進黨給我這個機會，我一定全力以赴！#Repost @dpp_taiwan
• • • • • •
【2020 世代共贏 立委徵召】 
民主進步黨徵召#李問 、#莊競程 、#徐定禎、#鄭朝方 、#謝佩芬 、#吳怡農 六位強棒投入艱困選區，共同高呼「2020 世代共贏」宣示勝選決心！民進黨不怕困難，不放棄爭取所有台灣人民的支持，只為我們的家園及後代子孫。

不論是徵召長期深耕地方、捲土再戰的同志，或是具精彩國際歷練的青年才俊，都代表著民進黨和候選人們願意為了信念與台灣民主自由價值，選擇更艱辛的道路，和人民一同打造更好的台灣、更好的未來！

#民進黨",1169,33,"['吳怡農', '謝佩芬', '民進黨', '鄭朝方', 'Repost', '莊競程', '李問', '徐定禎']"
84,2019-09-05 20:50:45,各位觀眾，現在就收看 #三立新聞台  #新台灣加油 ，有我跟 #廖筱君 的精采對談！,1264,46,"['廖筱君', '新台灣加油', '三立新聞台']"
85,2019-09-04 18:59:50,"今天，我很榮幸能代表民主進步黨，參選台北市中山、北松山區的立法委員。 ﻿
﻿
過去我從事國際金融十多年。和許多商業界的人一樣，選擇在華爾街工作，加入了知名的高盛集團。 ﻿
﻿
但終究，我選擇回家。 ﻿
﻿
我回台灣，服兵役、加入特戰部隊、投入公共事務，希望盡一個公民的義務。因為我相信，華爾街不缺一個吳怡農，但是台灣需要更多愛國的人，更多一起投資家園的人。 ﻿
﻿
將近七年前，我選擇離開金融業的舒適圈。而今天，我選擇投入一場艱難的選戰。不論是哪個選擇，背後都是同樣的想法。 ﻿
﻿
我，吳怡農，是會義無反顧為這塊土地做事的人。我願意走艱辛的路，只希望能為台灣盡一份心力。 今天站在各位面前的吳怡農，就是這樣的人。 ﻿
﻿
過去幾年，我在行政院和國安會服務，累積許多政策經驗。但不可否認的是，在政治場域，我還是一個新手。在此，非常感謝民進黨給我這個機會。 ﻿
﻿
今天正式參選，我將立刻做兩件事： ﻿
﻿
第一，我將展開請益拜會之行。有許多民進黨，與非民進黨的前輩，為這個國家努力付出，在基層辛苦經營。從今天開始，我將一位一位拜訪請益，向各位前輩學習。 ﻿
﻿
第二，我將盡我最大的努力，尋求跟所有相同理念的人與團體合作。面對中國無孔不入的壓力，台灣走到守護民主與經濟轉型，臨門一腳的關鍵時刻，我們必須匯集所有挺台灣的力量。 ﻿
﻿
蔣萬安委員是我尊敬的對手。但是特戰有一個精神，叫「勇猛頑強」。我骨子裡就是一個特戰隊員。我會讓自己成為蔣萬安委員也尊敬的對手。 我希望我們之間的競爭，能夠為中山、北松山的未來發展，創造一場正向的辯論。 ﻿
﻿
我期待未來幾個月，能夠跟中山和北松山的朋友，在花博公園跑步運動，或到富錦街喝喝咖啡、聊聊天，聽聽大家對中山與北松山過去的記憶，和對未來的想法。 ﻿
﻿
我會向大家證明，我是最好的選擇。我一定會盡最大的努力，謝謝大家！ ﻿
﻿
💪捐款挺農﻿
銀行：台灣銀行（004 城中分行）﻿
帳號：045 001 008 749﻿
戶名：109年立法委員擬參選人吳怡農政治獻金專戶﻿
﻿
😇線上捐款：網址請點擊頭像到自介區",1604,50,[]
86,2019-09-02 20:18:24,"2014年3月27日，我到軍中新訓報到。在台北車站，跟我坐在一起的都是小我十幾歲的小弟兄。他們對身邊這個看起來明顯大許多歲的人可能感到突兀。從我放棄美國籍那天開始，我就期待著入伍這天的到來。服兵役對我來說，不僅滿足對軍事的喜好與想像，我更希望透過這件事，堅定自己與這塊土地的連結。我渴望當兵，我渴望能保家衛國。 ﻿
﻿
我在美國生活十多年，瞭解美國社會對軍職的嚮往與尊敬，那是與台灣社會截然不同的觀點。小英總統上任後，在這方面做了很多努力。從軍是一份光榮的使命，我知道每一個軍人都是這樣看自己，我也希望整個社會能這樣看待軍人。 ﻿
﻿
退伍後，我在政府部門工作，有很多機會與美國軍方人士接觸，他們告訴我：「台灣的軍人素質很好，非常認真，每次台美軍事交流時，都把我們操得很累。」我聽了覺得很驕傲，台灣軍人相當出色。 ﻿
﻿
如何改善軍中的管理文化，提供更好的教育與訓練，讓軍人得到更多的尊重，是我未來進入國會後最重要的工作。 ﻿
﻿
9月3日是軍人節，我很想念我軍中的同袍們。我想跟所有的弟兄姐妹說：謝謝你們保衛台灣！你們是台灣的驕傲！ ﻿
﻿
#93軍人節致敬﻿
#自己的國家自己顧﻿
#特戰吳怡農",2235,57,"['93軍人節致敬', '自己的國家自己顧', '特戰吳怡農']"
87,2019-08-30 19:21:25,"這兩週陸續拜訪了兩位前輩！ ﻿
﻿
一位是我第一份公共服務工作的老闆蕭美琴委員，另一位是在立法院外交國防委員會、專業有目共睹的羅致政委員。 ﻿
﻿
十分感謝兩位前輩都和我分享了許多寶貴的參政經驗。言談中，我深刻感受到兩位委員對台灣的愛、對家園的責任感，這也是我站出來爭取台北市立法委員的初衷。 ﻿
﻿
希望未來能夠有機會，和這些前輩們在國會為台灣並肩作戰！ ﻿
﻿
@bikhimhsiao @lo.chihcheng ﻿
#謝謝委員 #祝連任成功 #也祝我求職順利",1174,35,"['謝謝委員', '祝連任成功', '也祝我求職順利']"
88,2019-08-18 15:28:00,"我22歲到了香港，站穩畢業後人生的第一階段。那十年的黃金歲月中，許多跟著我一起成長的好朋友和他們的孩子，如今仍然在那裡生活。﻿
﻿
香港曾經是很幸運的地方，一個國際化、繁榮、充滿活力的金融中心。﻿
﻿
由於威權主義的介入，社會被迫撕裂。過去的朋友、同學，現在可能站在對立面；連聚餐前都要先確認對方的立場；有時甚至無法跟親人對話。 ﻿
﻿
每個香港人都要面對，下一代的孩子將會在什麼樣的環境下長大。﻿
﻿
香港回不去了。大部分的人看不出目前的狀況會如何收尾；但我們心底深處知道，鎮壓回應不了任何公民訴求，只會造成更多血腥悲劇輪迴上演。﻿
﻿
公館人行地下道的連儂牆上，貼滿了來自台灣與世界各國的關心支持。在每張便條紙上的字裡行間，我讀到的是台灣人對民主、自由、人權的信念。﻿
﻿
在台灣的我，因此更加珍惜前輩所爭取的民主。我們選擇的生活方式代表每天要面對不同聲音的碰撞。這些自由的表達和爭論，正是為了台灣這個大家庭更好的共同未來，確保我們永遠不再需要透過濺血來換取社會的進步。﻿
﻿
在818遊行前夕，我和大家一起將內心的話黏貼上去，盼香港的朋友們安好無恙。",1392,31,[]
89,2019-08-07 16:32:24,"今天的一切都是靠著許多人的成全。﻿
﻿
我爸爸是學者，從小媽媽在廣告公司上班。兩個人省吃儉用，把所有資源投入孩子的教育，送我出國。﻿
﻿
記得高中時期，媽媽到美國看我。有天晚上接到來自台灣的電話，發現財務出現狀況。當時媽媽大概是我現在的年紀；上班十多年的存款，幾乎都回不來了。我從房間看到一向被稱為女強人（及「恰查某」）、從不示弱的媽媽，竟然倒在客廳的沙發上偷偷哭泣。 ﻿
﻿
那個時候，爸爸媽媽從沒問過我：是不是要先回台灣。﻿
﻿
做孩子的都有看到，父母把所有的壓力扛下。今天任何的成績，是建立在他們的辛苦上。﻿
﻿
我絕對比很多人還要幸運，擁有許多的社會資源。如果有機會，當然希望可以對我們的家有小小貢獻。﻿
﻿
今天七夕情人節，明天八八父親節。祝大家的爸爸媽媽快樂。﻿
﻿
#有人說媽媽是兒子的前世情人﻿
#恰查某挖愛哩﻿
#七夕情人節快樂 ﻿
#父親節快樂",797,24,"['七夕情人節快樂', '父親節快樂', '有人說媽媽是兒子的前世情人', '恰查某挖愛哩']"
