,time,post_caption,likes,comments,tags
0,2019-12-08 23:00:05,"今天是平溪、雙溪、貢寮後援會成立，一天三場開幕剛兩場晚會，白天還車掃雙溪、貢寮，非常精實的一天😹😹😹 好險天氣超好，其實汐止晚會跟今天都完美避開了連日的滂沱大雨，也算是運氣不錯，LUCKY🌈🌈🌈 #雙溪 #賴品妤
#新北市第十二選區 
#汐止金山萬里瑞芳平溪雙溪貢寮",2625,54,"['汐止金山萬里瑞芳平溪雙溪貢寮', '賴品妤', '新北市第十二選區', '雙溪']"
1,2019-12-04 16:55:42,昨天社群之夜真的超多神秘照片😼😼😼 #人蔘衝一波 #社群之夜 #民主進步黨 #蔡英文 #新北市第十二選區 #汐止金山萬里瑞芳平溪雙溪貢寮,2714,63,"['人蔘衝一波', '社群之夜', '民主進步黨', '汐止金山萬里瑞芳平溪雙溪貢寮', '新北市第十二選區', '蔡英文']"
2,2019-12-02 17:56:10,"#新北競總成立 #和服feat天燈平溪 
為了 蔡英文 Tsai Ing-wen 總統、 賴清德 副總統候選人 A.K.A. 我的競總主委😁在我們新北市的競選總部成立，我精心準備了在地特色攤位，把我們 #平溪 天燈的觀光特色帶到板橋和大家分享🤗 
除了讓孩子們也能開心參與手繪DIY小天燈，我自己還特別穿上和服，其實就是想要「以身作則」讓更多人看見我們七星瑞芳的觀光潛力🏔🌊 更重要的，我很希望盡力在競選活動加入一些小巧思😛融入我對地方的願景，也讓大家了解年輕人對 #文創 的新思維邏輯🧠我們一提到平溪就容易想到放天燈、節慶，但是我更重視三件事情： 
1️⃣觀光產業的效益如何和在地分享？
2⃣️經濟發展增加的地方產值、利益有沒有大於負擔？
3⃣️行銷推廣地方特色的方式是不是還在依循舊有的模式？ 
我一直覺得，我們應該想的是透過「觀光」打造出 #年輕世代對地方的認同感🏅也必須看見地方的歷史脈絡、發展歷程，只有這樣我們才能夠真正找出解決現有問題的方法☑️創造年輕人可以回到故鄉在地經營生活的適當環境，打造出可以解決人口外移、特色產業凋零的完整配套。 
我穿著浴衣看起來頗Ｑ（咦），但其實心裡想的是期待日韓等國外旅客，可以在造訪平溪的時候，注意到 #菁桐 日式建築群 ，看見台灣過去的歷史。 
我們的故鄉很美，但也不能只是停留在「很美」而已。 
讓年輕人試試看，讓品妤來做做看💪💪💪 #賴品妤
#拼年輕人在地認同 #拼更完善的在地發展
#新北市第十二選區
#汐止金山萬里瑞芳平溪雙溪貢寮",1927,19,"['拼更完善的在地發展', '新北競總成立', '平溪', '年輕世代對地方的認同感', '汐止金山萬里瑞芳平溪雙溪貢寮', '新北市第十二選區', '拼年輕人在地認同', '和服feat天燈平溪', '菁桐', '文創', '賴品妤']"
3,2019-12-01 12:02:20,"歡迎大家下午來攤位找我玩🐱🐱🐱 #賴品妤 
#平溪菁桐
#2020台灣要贏
#汐金萬瑞平雙貢
#新北市第十二選區
#新北市競選總部成立大會
#汐止金山萬里瑞芳平溪雙溪貢寮",2302,52,"['平溪菁桐', '汐止金山萬里瑞芳平溪雙溪貢寮', '新北市第十二選區', '新北市競選總部成立大會', '2020台灣要贏', '賴品妤', '汐金萬瑞平雙貢']"
4,2019-11-30 08:56:06,"本來還在怕今天金山萬里競總成立活動下雨，不過已經雨停出彩虹了🌈☔️🌞 #汐止金山萬里瑞芳平溪雙溪貢寮 
#汐金萬瑞平雙貢 
#新北市第十二選區 
#賴品妤",961,23,"['賴品妤', '新北市第十二選區', '汐止金山萬里瑞芳平溪雙溪貢寮', '汐金萬瑞平雙貢']"
5,2019-11-29 21:29:49,"圖說：每次都要很認真解釋自己只是來吃飯不是來拜票的童工。

#新北市第十二選區 #汐止金山萬里瑞芳平溪雙溪貢寮  #賴品妤 #瑞芳火車站 
#瑞芳美食廣場",2558,48,"['瑞芳美食廣場', '汐止金山萬里瑞芳平溪雙溪貢寮', '新北市第十二選區', '賴品妤', '瑞芳火車站']"
6,2019-11-06 01:38:33,"#江澄生日1105 
應恨前塵萬事空，
血將天地一抹紅，
故人作別，口中有辭言不能。 
作繭之人縛千層，
無一可辯恨早終，
只任，寒灰揚窮。 —— 江澄成年 總一 
PHOTO 阿聖
Special Thx 夕櫻、藤紅

#魔道祖師 #MDZS #Modaozushi 
#江澄 #江晚吟 #恨別
#雲夢江氏 
#JiangCheng",1030,16,"['江晚吟', '恨別', 'JiangCheng', '江澄', 'MDZS', 'Modaozushi', '雲夢江氏', '江澄生日1105', '魔道祖師']"
7,2019-11-02 13:57:59,參選特技：把所有人一起拍進畫面😈😈😈 #民主進步黨 #青年部 #新北市第十二選區 #汐止金山萬里瑞芳平溪雙溪貢寮  #賴品妤,1321,16,"['民主進步黨', '青年部', '汐止金山萬里瑞芳平溪雙溪貢寮', '新北市第十二選區', '賴品妤']"
8,2019-10-30 20:33:07,"今天謝謝楚茵姐的照顧🥰🥰🥰 #三立新聞台 #前進新台灣 #SET
#新北市第十二選區 #賴品妤 
#汐止金山萬里瑞芳平溪雙溪貢寮",1124,14,"['SET', '前進新台灣', '三立新聞台', '汐止金山萬里瑞芳平溪雙溪貢寮', '新北市第十二選區', '賴品妤']"
9,2019-10-29 22:26:38,"好久不見的高中同學🙌

#同志大遊行 #taiwan #lgbtpride #taiwanlgbtpride",988,4,"['taiwanlgbtpride', '同志大遊行', 'lgbtpride', 'taiwan']"
10,2019-10-27 17:04:32,"其邁副院長跟文燦市長！！！！ 同濟之友後援會🙌

#新北市第十二選區 #汐止金山萬里瑞芳平溪雙溪貢寮 #品妤for2020",1667,17,"['品妤for2020', '汐止金山萬里瑞芳平溪雙溪貢寮', '新北市第十二選區']"
11,2019-10-26 11:21:05,萬里昭靈宮五顯靈官大帝祝壽，還請到萬里國小的同學來表演，一早就超熱鬧🐰🐰🐰 #萬里 #昭靈宮 #新北市第十二選區 #賴品妤 #民主進步黨 #DPP,646,9,"['昭靈宮', 'DPP', '民主進步黨', '新北市第十二選區', '萬里', '賴品妤']"
12,2019-10-23 22:20:55,之前粉專沒發到的照片，第一次用貓手站路口但看起來一臉呆滯🐱🐱🐱 #新北市第十二選區 #汐金萬瑞平雙貢 #汐止區 #瑞芳區 #賴品妤 #品妤for2020,1675,55,"['瑞芳區', '品妤for2020', '新北市第十二選區', '汐止區', '賴品妤', '汐金萬瑞平雙貢']"
13,2019-10-15 17:30:24,"前天開會又遇到前老闆，外套484是一國的！
還有下午遇到呂孫綾委員、張維倩議員🥰🥰🥰 #2020 #DPP #賴品妤
#民主進步黨",1810,23,"['2020', 'DPP', '民主進步黨', '賴品妤']"
14,2019-10-11 15:59:10,"今天到民視錄蔻蔻姐的節目《辣新聞152》，參選以來第二次跟前老闆同台，上次是聲援香港記者會💪💪💪 #賴品妤
#民主進步黨 #DPP 
#新北市第十二選區
#汐止 #金山 #萬里 #瑞芳 #平溪 #雙溪 #貢寮",1126,15,"['DPP', '平溪', '雙溪', '貢寮', '民主進步黨', '汐止', '金山', '新北市第十二選區', '萬里', '瑞芳', '賴品妤']"
15,2019-10-09 21:25:36,"發現自從參選後就忙到沒有發過IG，今天拿到了自拍機，在連線記者會後試用看看過然蠻方便的，大家紛紛喊著需要團購🤔🤔🤔 #台灣派隊 #民主進步黨 #DPP 
#新北市第十二選區
#汐止 #金山 #萬里 #瑞芳 #平溪 #雙溪 #貢寮",1005,30,"['DPP', '台灣派隊', '平溪', '雙溪', '民主進步黨', '汐止', '金山', '新北市第十二選區', '萬里', '瑞芳', '貢寮']"
16,2019-09-05 12:11:33,"看到一些留言，突然想到，之前忘了哪隻五毛跑去搜尋（應該是百度不是google）我的名字後沾沾自喜說我的黑料一堆，但那些所謂的「黑料」其實都是我去參加哪場抗議、政治活動、或是因為這樣被抓走起訴，說真的這算是什麼黑料嗎？對我來說就是再普通不過的日常而已，抗議有什麼問題？政治表達有什麼問題？你覺得我犯法大不了起訴我，不過我的官司都是無罪就是，也算好運。 
這讓我再次感覺到價值觀上巨大的差距，為什麼台灣永遠不是跟中國是一起的，你隨便問一個台灣人，就算沒有像我這麼覺得抗議很平常、無所謂想去就去，也沒有人會把這種事情當成「黑料一堆」的，這不是我們這個社會評斷一個人的標準。 
民主社會各言爾志沒什麼大不了，我也是普通的公民、普通的上下班、普通的cosplay、普通的參與政治，這些事情大概是會把這些新聞當黑料的五毛永遠無法理解的。

不知道放什麼圖，就發之前出的EVA吧。

綾波レイ CN 總一

#民主 #democracy #台灣 #中國 #撐香港 #cosplay #コスプレ #eva #エヴァ",772,27,"['コスプレ', 'democracy', '中國', 'cosplay', 'エヴァ', '撐香港', '民主', 'eva', '台灣']"
17,2019-09-03 19:46:47,"「藍湛，我們交個朋友吧。」 也曾驚鴻過眼，指尖輕挑卷雲紋；
無端引弦震，緣何夢中深記那一瞬。 ---
#魔道祖師

魏無羨 @souichi_lai 
PHOTO 盈繪
SPECAIL THX 芍韻、AA

#魔道祖師 #魏無羨 #魏嬰
#modaozushi #MDZS #weiwuxian #weiying",256,4,"['modaozushi', '魏無羨', 'weiying', 'MDZS', 'weiwuxian', '魏嬰', '魔道祖師']"
18,2019-09-02 15:45:26,"一週拍三場外拍真的太可怕了，以後絕對不敢了⋯週末連拍週一上班趕稿真的會巴不得趕快往生。

感謝遙野、貓貓、AA一起來拍惡友🥰🥰🥰 非常喜歡惡友這個組合，我覺得他們其實知道對方心中脆弱的部分，只是有沒有慰藉是另一回事了，哈哈。

#魔道祖師 #MoDaoZuShi #MDZS
#薛洋 #薛成美 #降災
#金光瑤 #金宗主 #恨生",242,6,"['降災', '金宗主', '恨生', '金光瑤', 'MoDaoZuShi', '薛成美', 'MDZS', '薛洋', '魔道祖師']"
19,2019-08-31 17:55:53,"又是一大清早的外拍，謝謝盈繪、芍韻、AA陪我一起凌晨出門，外景真的很虐👣👣👣 #魔道祖師 #魏無羨 #魏嬰
#modaozushi #MDZS #weiwuxian #weiying",161,5,"['modaozushi', '魏無羨', 'weiying', 'MDZS', 'weiwuxian', '魏嬰', '魔道祖師']"
20,2019-08-30 12:04:29,"昨天謝謝大家一起外拍，天氣超超超熱，感謝遙野、梓官、阿聖、夕櫻、藤紅一起拍寵金凌奶爸組🥳🥳🥳 #魔道祖師 #MDZS #Modaozushi 
#金光瑤 #金凌 #江澄 #江晚吟
#蘭陵金氏 #雲夢江氏",155,6,"['江晚吟', '金光瑤', '江澄', '蘭陵金氏', 'MDZS', 'Modaozushi', '雲夢江氏', '金凌', '魔道祖師']"
21,2019-08-26 10:51:26,"這個帳號呢本來其實只是我放圖的倉庫，吃喝玩樂、追追朋友明星用的，沒想到跑來一堆奇怪的低能五毛，害我都不知道要不要繼續氣死五毛了，沒有人覺得網路長城不好啊，這不就是把你們鎖在裡面不要出來嚇人的嗎？只可惜顯然你們的黨不夠有力，要做柵欄，就記得圍好，不然我們這些外國人不太習慣看到一堆人在版面到處拉屎的。

像剛才又有五毛說啥要割我媽的肉涮羊肉，就害我想到昨天吃飯拍的烤肉還沒有發🧚‍♀️🧚‍♀️🧚‍♀️ #dinner #taiwan #taipei 
#prayforhongkong",337,39,"['dinner', 'prayforhongkong', 'taipei', 'taiwan']"
22,2019-08-25 16:09:53,結果來當外拍幫手還是有幾張照片，曦瑤好讚🥰🥰🥰 #selfie #ootd #mdzs,282,2,"['ootd', 'selfie', 'mdzs']"
23,2019-08-25 11:38:16,今天幫朋友拍攝曦瑤充當賣月餅的老闆，會不會最後我在魔道跑的龍套比出正式角色多😂😂😂 #selfie #ootd #mdzs,366,36,"['ootd', 'selfie', 'mdzs']"
24,2019-08-25 09:02:12,"香港加油，台灣加油。

#eye4hk #eyeforhk #prayforhongkong 
#反送中 #五大訴求缺一不可 #撐香港",1172,96,"['eye4hk', '撐香港', '五大訴求缺一不可', 'eyeforhk', '反送中', 'prayforhongkong']"
25,2019-08-24 01:08:53,"沒想到第一次外拍魔道的角色是子軒，感謝師姐陪我一起拍軒離，這組CP真的很有趣，也感謝貓貓的攝影，以及TANO小精靈🧚‍♀️ #modaozushi 
#modaozushicosplay #mdzs 
#魔道祖师 #魔道祖師 #江厭離 #JinagYanLi #江厌离 #jinzixuan 
#金子軒 #金孔雀 #軒離‬
#cosplay

原作者已經因為中國不合理的法律出事，我想底下留言的五毛就不用來這裡秀下賤了，人都被抓了還要舔作者佔便宜，你們這種垃圾只適合快點進去牢裡蹲品嚐一下，順便讓黨活摘賺外快，搞清楚自己只是極權政權下的一張衛生紙。",186,24,"['江厭離', '江厌离', '金子軒', 'cosplay', 'modaozushi', 'JinagYanLi', 'jinzixuan', '金孔雀', 'modaozushicosplay', '魔道祖师', '軒離', 'mdzs', '魔道祖師']"
26,2019-08-21 11:00:09,"反送中已核實資訊頻道 【0745】台大政治系系友同時也是英國駐港總領事館職員 Simon Cheng 於8月8日從香港前往深圳公幹，晚上搭高鐵回港，於約晚上10時告知女友正在過關，其後突然失去聯絡至今。 
Simon 的家人曾於9日報警及向入境處求助，僅被告知可自行向中國公安報案。其後，入境處與駐粵辦聯絡後，於10日表示Simon正遭「行政扣留」，惟迄今家人仍未收到中方有關部門的文件。 
有 Simon 的友人發起，今日下午5時至傍晚7時到金鐘的英國駐港總領事館聲援 。 
詳情可參閱「釋放Simon Cheng」facebook專頁：https://bit.ly/30lphJ1

#釋放SimonCheng
#撐香港 #prayforhongkong #香港加油 #反送中

我以為不抓外館人員是基本常識，想了想，明年是庚子年來著。",181,67,"['香港加油', '撐香港', '反送中', '釋放SimonCheng', 'prayforhongkong']"
27,2019-08-19 12:21:11,"看到朋友在說跟線上遊戲裡的中國網友吵架蠻無趣的，就讓我想到這幾天的五毛觀察，來去就是幾句「你中國爹、你死媽、你死爹」面對女性還會有「你做雞、多少錢」，我覺得很妙的是，這些說詞真的非常，前現代，說真的都2019年了我很難想像有幾個台灣或香港年輕人會對這些詛咒或說自己長怎樣的留言認真，作為一個理智的現代人我們都知道不會你說一千遍去死我就死、也不會說一千遍醜就變醜，但不會認真是一回事，重點是這種行為背後所代表的是一個什麼樣的群體文化；我也沒有覺得中國人都是這樣，其實我自己認識的中國人都頗正常，但總之網路上這群人令被鬧了近萬則留言的我，唯一感受到的只有一個群體強烈未開化的突兀。

而且五毛都翻牆了他們連髒話都不敢直接打清楚，還要用牆內那種和諧用法、諧音，什麼nmsl、biss之類的，這種虛張聲勢實則連手銬腳鐐一起帶到牆外的行為，令人費解。

#反送中 #standwithhongkong #prayforhongkong #香港加油 #撐香港 #台灣 #taiwan",368,229,"['taiwan', '香港加油', '撐香港', '反送中', 'standwithhongkong', 'prayforhongkong', '台灣']"
28,2019-08-18 15:31:19,JOJO茶會，主辦單位的活動跟週邊都非常用心，有機會參加真是太好了🙏🙏🙏 #Taiwan #jojosbizarreadventure #johocafe #thegoldendate,198,18,"['jojosbizarreadventure', 'Taiwan', 'thegoldendate', 'johocafe']"
29,2019-08-18 05:27:01,"心與香港朋友同在。

#818 
#撐香港
#反送中
#光復香港
#時代革命 
#TaiwanStandForHongKong

照片：王宗堯",321,59,"['時代革命', '撐香港', '反送中', '818', '光復香港', 'TaiwanStandForHongKong']"
30,2019-08-17 19:21:35,下午空檔去勘景，結果多了一堆自己的照片🤔🤔🤔 #taiwan #newtaipeicity #selfie #ootd,362,63,"['ootd', 'selfie', 'newtaipeicity', 'taiwan']"
31,2019-08-16 18:06:20,"台灣人應該跟香港站在一起，stand with Hong Kong。 
雖然台灣跟香港實質上主權跟政治體制有所差異，但我們都面臨了相同的敵人，中國政權的黑手不斷蠶食鯨吞著兩地的自由與民主。 
香港人民全力爭取自己的民主自由卻被中國定調為「恐怖主義」「暴力事件」港警甚至結合黑道無差別攻擊報復民眾，造成許多流血事件，甚至將民眾眼部射成重傷導致失明，連日來各種反人權的行徑實為外界所不能忍，在周遭的台灣更是十分關注這個議題。

更好笑的是，支那五毛以為翻牆出來抓關鍵字洗版刷一堆毫無意義的髒話就可以使人退卻不願聲援，我想你們這些廢物真的是想太多了。

搞清楚，老娘在台灣是做政治工作，照著台灣的民主制度，撰寫法案一但通過有機會影響部分的政策運作，你們這些五毛講難聽點，低端到連你們自己中共的幹部都當不到，影響政策沒你的份只能來IG洗頻罵髒話，五毛出征笑到往生，還是快點回家洗洗睡，不要丟人現眼。

另外謝謝今天來了很多幫忙打氣的香港朋友，無論是留言或私訊我都有好好閱讀過了，台灣人撐香港，香港加油！

#撐香港 #反送中 #Prayforhongkong
#香港加油 #維權 #反中共 #黑警還眼",401,281,"['維權', '黑警還眼', '反中共', '香港加油', '撐香港', 'Prayforhongkong', '反送中']"
32,2019-08-16 13:14:16,"這是中國維權律師高智晟，他在2016年出書揭露2016年出版秘密寫作的書籍《2017年，起來中國》，紀錄了中共對他的綁架、囚禁、酷刑後，從2017年失蹤迄今。

而他的妻子耿和依然不放棄尋人的希望，並且在今年也有現身反送中遊行撐香港。

高智晟律師亦有一篇很有名的《黑夜、黑頭套、黑幫綁架》自述被中國共產黨刑求的經過，該文是高智晟在 2007年11月28日於被警察圍困的北京家中所寫，文章揭露了其遭受中共毫無人性的反人權的惡劣事蹟。

#撐香港 #反送中 #prayforhongkong 
#維權 #中國共產黨 #刑求 #高智晟
#freetibet #prayforuyghur",288,374,"['維權', '刑求', '撐香港', 'prayforuyghur', '中國共產黨', '反送中', 'prayforhongkong', '高智晟', 'freetibet']"
33,2019-08-16 00:28:29,撿到一張不知道算不算耽美圖的梗圖，歡迎來到牆外的世界，希望五毛們喜歡😂😂😂 #反送中 #撐香港  #freetibet #prayforhongkong #禁黃 #習近平大撒幣,1207,1690,"['習近平大撒幣', '禁黃', '撐香港', '反送中', 'prayforhongkong', 'freetibet']"
34,2019-08-15 13:32:24,"這個嘛，懶得多說什麼，就讓流亡海外的中國學者劉仲敬自個評論中國吧，我不知道是不是全中國人都這樣，不過寫這些犯蠢的小粉紅倒是挺準：

中國人的語言，從來都是拿金圓券換金子的把戲。誰跟它們講道理，誰就上當了。 
金圓券跟金子交易，總是金子吃虧。騙子跟偶爾撒謊的普通人說話，總是普通人吃虧。中國人看到你認真對待他們的話，哪怕是反駁或辱罵，心裡就覺得你是傻瓜了，因為即使反駁或辱罵都需要費力了解內容，而中國人的語言只是表態。 
表態根本不需要了解，而且根本不能說明表態者真實的想法，如果他果真有什麼想法的話。 
中國人知道自己是卑劣的奴隸，如果有人按照他們真實的階級身份對待他們，他們就會暗中佩服，覺得這些人有眼力，對其他事情的判斷，大概也沒錯。 
如果有人尊重中國人，把他們當做有靈魂有良知有廉恥的生物，中國人根據同樣的理由，就會懷疑這些人的判斷力，包括對其他跟中國無關事情的判斷力，不但不會信任和追隨這些人，反而會覺得這些人是適合欺騙掠奪的對象。 
因此，中國人總是會落入比原來更壞的主人手中。只有邪惡的統治者才能讓中國人心悅誠服，同時大大降低他們對世界其他部分本來必然會造成的破壞。

#反送中 #prayforhongkong #prayforuyghur #freetibet #黑警還眼",512,757,"['黑警還眼', 'prayforuyghur', '反送中', 'prayforhongkong', 'freetibet']"
35,2019-08-15 00:13:53,"IG这边我总是放一些风花雪月的照片，所以很多追踪者大概也不会知道平时我是个政治工作者，毕竟我开IG大多也是追追网红看看猫跟朋友的生活而已，没怎么在经营。
不过既然来了这么多五毛，倒是让我想起了可以分享一下我的生活。

在见过很多的独立运动领袖中维独热比娅女士令我印象深刻，近年我们都知道维吾尔受到迫害的情形每下愈况，我总是会想起女士她坚毅的身影，以当初的合照仅献给所有人。

對著翻牆的中國嬌客就當然要揭露一下自己的身份囉，不只反送中，當然也支持維獨藏獨，洗版又怎麼樣呢，我想支持就支持，你們抓不到我就跟抓不到熱比婭女士一樣，你能奈我何。

#反送中 #撐香港 #黑警還眼 #prayforhonkong #prayforuyghur #freetibet",1203,1307,"['黑警還眼', '撐香港', 'prayforuyghur', '反送中', 'prayforhonkong', 'freetibet']"
36,2019-08-14 23:54:29,新的藝術牆，挺喜歡的，習大大為了維穩所下的心力甚是辛苦，送給關注我的五毛嬌客，下次放放我跟熱比婭的合照吧🐱🐱🐱 #反送中 #黑警還眼 #撐香港 #prayforhongkong,1373,3595,"['撐香港', 'prayforhongkong', '反送中', '黑警還眼']"
37,2019-08-14 23:36:58,"牆上釣到好多翻牆嬌客，傑出的一手？🐱🐱🐱 根据《中华人民共和国计算机信息网路国际联网管理暂行规定》第六条，“计算机信息网路直接进行国际联网，必须使用邮电部国家公用电信网提供的国际出入口信道。任何单位和个人不得自行建立或者使用其他信道进行国际联网”。公安机关可对违反此规定的人给予警告，并处以最高15000元罚款。

#反送中 #撐香港 #黑警還眼 #prayforhongkong",491,703,"['撐香港', 'prayforhongkong', '反送中', '黑警還眼']"
38,2019-08-14 22:24:16,臉友製的圖好可愛🐱🐱🐱 #撐香港 #反送中 #黑警還眼 #林鄭下台 #prayforhongkong,1877,955,"['林鄭下台', '黑警還眼', '撐香港', '反送中', 'prayforhongkong']"
39,2019-08-11 01:43:52,"【CWT52 DAY1】 
很高興遇見大家，第一次出古裝這種高溫簡直要殺死我😂😂😂 遇到很多道友好興奮的我🙏🙏🙏 #魔道祖師 #藍忘機 #CWT52 #mdzs #lanzhan #taiwan",156,140,"['lanzhan', 'taiwan', 'CWT52', 'mdzs', '魔道祖師', '藍忘機']"
40,2019-08-04 14:23:10,假日被叫來出差的童工🐱🐱🐱 #selfie #ootd #work,299,223,"['work', 'ootd', 'selfie']"
41,2019-08-04 02:17:47,今天當夷陵老祖召喚出來的女鬼，閒聊的時候才發現好好笑，我準備的魔道那麼多角色的衣物，結果第一個出的居然是無名招喚物😂😂😂 #魔道祖師,262,221,['魔道祖師']
42,2019-07-27 15:07:52,"工作遇到認識的朋友🤗

#cosplay #garena #speeddrifters #極速領域",317,57,"['garena', 'cosplay', '極速領域', 'speeddrifters']"
43,2019-07-24 21:22:01,下班唱歌🎤🎵 #taipei #selfie,227,41,"['selfie', 'taipei']"
44,2019-07-14 17:49:36,"雨後山城。

#九份 #聽風的歌 #民宿 #山城
#jiufen #taiwan #taipei",213,15,"['九份', '山城', 'taiwan', 'taipei', '民宿', 'jiufen', '聽風的歌']"
45,2019-07-13 21:32:54,"陪朋友外拍的一天🎬

#ootd #selfie",285,26,"['ootd', 'selfie']"
46,2019-07-13 13:09:17,"【アイドリッシュセブン】

うさ耳パーカーver.
七瀨陸 總一 Souichi Cosplay
九条天 Nori/楊絜

PHOTO HC Photography
小幫手感謝 AA、芍韻、那茲

#idolish7 #trigger #アイナナ #トリガー 
#九条天 #七瀨陸 #アイドリッシュセブン #双子  #taiwan 
#雙子 #COSPLAY #コスプレ",105,2,"['コスプレ', '雙子', 'taiwan', 'アイドリッシュセブン', '双子', '九条天', 'COSPLAY', '七瀨陸', 'trigger', 'idolish7', 'アイナナ', 'トリガー']"
47,2019-07-05 14:38:43,美美的眼煙薰霓虹，感謝哞的禮物🙏🙏🙏 #suqqu #eyeshadowpalette #125,54,7,"['suqqu', 'eyeshadowpalette', '125']"
48,2019-07-02 17:43:19,"上週末連續拍三天照片，累死我也... #エヴァンゲリオン #アイナナ #アスカ #九条天 #七瀬陸 #コスプレ
#evangelion #idolish7 #trigger #cosplay",128,12,"['アスカ', 'コスプレ', '七瀬陸', 'cosplay', '九条天', 'エヴァンゲリオン', 'trigger', 'evangelion', 'idolish7', 'アイナナ']"
49,2019-06-30 02:46:33,"終於出到天にい了，突然發現這樣T3我全出過了哈哈哈😂

很高興蓮受邀一起拍八九，這是我アイナナ第一CP💕💕💕 THX 蓮、阿聖、如娟

八乙女楽 蓮
九条天 總一

#idolish7 #trigger #アイナナ #トリガー 
#九条天 #八乙女樂 #アイドリッシュセブン #89 #コスプレ #cosplay",105,3,"['コスプレ', 'cosplay', '89', 'アイドリッシュセブン', '九条天', 'trigger', '八乙女樂', 'idolish7', 'アイナナ', 'トリガー']"
50,2019-06-22 18:38:21,長那麼大第一次參加專櫃的彩妝活動，其實也蠻好玩的啦😂😂😂 #ootd #weekend  #shuuemura #taipei,184,8,"['weekend', 'ootd', 'taipei', 'shuuemura']"
51,2019-06-20 14:58:25,#山海樓 #Mountain&Sea House #Taipei #Taiwan #LeGuideMichelin,127,3,"['Mountain', 'LeGuideMichelin', '山海樓', 'Taiwan', 'Taipei']"
52,2019-06-16 16:24:23,"豔陽高照💦

#ootd #selfie #prettyballerina #taipei #taiwan",306,15,"['selfie', 'taiwan', 'ootd', 'taipei', 'prettyballerina']"
53,2019-06-09 21:19:46,"【速報】

謝謝大家一起完成了拍攝旅團的野望🙏
今天超開心🕷️🕷️🕷️ 攝影📹：Chiao Hsin Chang、黃婕欣、FD Coffee、楊壬澄

小精靈🧚‍♀️：豬豬

#ハンターXハンター #HUNTERXHUNTER
#幻影旅団 #コスプレ #COSPLAY",128,1,"['コスプレ', 'HUNTERXHUNTER', 'COSPLAY', '幻影旅団', 'ハンターXハンター']"
54,2019-05-26 16:10:52,"快睡著了。

#weekend #ootd #selfie",261,6,"['weekend', 'ootd', 'selfie']"
55,2019-05-13 22:40:55,"寵物店待認養的小黑貓，像酸但不是酸，她叫黑黑。

#cat",147,5,['cat']
56,2019-05-12 19:04:48,有趣的私房菜🍴🍴🍴 #dinner #同安樂 #大稻埕 #taipei #taiwan,81,2,"['taiwan', 'taipei', 'dinner', '大稻埕', '同安樂']"
57,2019-05-12 14:23:45,很像怪姐姐...嘿嘿嘿... #cat,197,6,['cat']
58,2019-05-11 20:49:12,"本日室內自然光🥂

#ootd #weekend",335,14,"['weekend', 'ootd']"
59,2019-05-11 11:50:34,"兩個在玩FB濾鏡的八七。

#Facebook #filter",50,0,"['filter', 'Facebook']"
60,2019-05-06 21:23:50,偷偷放前陣子在講座中跟講者（a.k.a我的偶像）介民老師的合照🐱🐱🐱 介民老師這次的新書《尋租中國》是結合了老師幾十年來中國研究精華的專書，書中以老師長期田野的台商為起始做中國經濟崛起形式的分析，並試圖回應為何中國作為一個尋租行為嚴重的國度，在這些年來經濟卻未如過去學界對尋租行為將導致經濟經濟效益降低的認知，是由於中國發展出了一套不同於過去資本主義形態的恩庇侍從資本主義（⋯）總之章章精彩論證嚴謹，推薦大家快點都買一本來看😍😍😍 #尋租中國 #中國研究,159,9,"['尋租中國', '中國研究']"
61,2019-05-05 21:29:29,今天還是master井上師傅服務，他說因為我們想找的李師傅剛好請假回韓國一週，覺得不好意思就讓大師傅來幫我們料理惹😍😍😍 #ukaitaipei #ukaitei #taipei #dinner,94,2,"['dinner', 'ukaitaipei', 'taipei', 'ukaitei']"
62,2019-05-05 15:17:48,來陰陽師聯名現世同遊cafe玩，咖勳🥰🥰🥰 #陰陽師 #onmyoji #現世同遊cafe #yongkangst,177,10,"['onmyoji', '現世同遊cafe', 'yongkangst', '陰陽師']"
63,2019-05-05 14:29:20,永康街，資訊量很大的一隅（啥）。 #taipei #taiwan #yongkangstreet,132,5,"['yongkangstreet', 'taipei', 'taiwan']"
64,2019-05-04 22:37:50,頭髮染回深色的童工🍻🍻🍻 #ootd #dinnerware,297,9,"['ootd', 'dinnerware']"
65,2019-05-04 20:18:59,吃芝麻葉的好去處（啥）。 #dinner #SnailItalianRestaurant #taipei #taiwan,74,3,"['dinner', 'taipei', 'SnailItalianRestaurant', 'taiwan']"
66,2019-04-29 19:06:08,"上週同事偷拍的打盹童工...
#office #takeanap #legislativeyuan #cinnamoroll #idolish7 #アイナナ 
#新世紀エヴァンゲリオン #evangelion",294,17,"['takeanap', '新世紀エヴァンゲリオン', 'office', 'legislativeyuan', 'cinnamoroll', 'evangelion', 'idolish7', 'アイナナ']"
67,2019-04-27 18:41:39,拍得看起來矮矮，真厲害😂😂😂 #ootd #lolitafashion #lolita #babythestarsshinebright #bbtssb,199,7,"['ootd', 'bbtssb', 'lolita', 'lolitafashion', 'babythestarsshinebright']"
68,2019-04-27 17:18:23,很久沒穿lolita🐱🐱🐱 #ootd #lolitafashion #babythestarsshinebright #lolita,207,5,"['lolitafashion', 'ootd', 'lolita', 'babythestarsshinebright']"
69,2019-04-26 20:51:51,跑來領MUF欠的遮瑕膏，又跑到NARS帶了一堆有的沒的😱😱😱 #fridaynight #ootd #selfie,188,7,"['ootd', 'selfie', 'fridaynight']"
70,2019-04-25 19:41:57,"整理手機發現有在帛琉忘了發的照片

#palau #ootd #selfie",405,14,"['palau', 'ootd', 'selfie']"
71,2019-04-24 15:38:06,由美容師拍攝，洗澡小一圈的阿鳩⋯笑爛，你是誰😂😂😂 #cat #aju #bath  #taiwan,142,3,"['cat', 'bath', 'aju', 'taiwan']"
72,2019-04-16 09:23:39,"早上出門的時候還是習慣會鳩酸一起道別，酸酸過世前最後一次道別因為趕時間我只摸了她的頭跟她說要乖，卻過世了。

#suansuan",211,15,['suansuan']
73,2019-04-15 13:25:32,"生無可戀的週一。

#mondayblues #童工日誌",259,11,"['mondayblues', '童工日誌']"
74,2019-04-09 16:36:47,鱈場蟹，師傅很會料理，想吃螃蟹的朋友記得預訂，不然會撲空🦀️🦀️🦀️ #crab #dinner #delicious #タラバガニ #redkingcrab #鱈場蟹 #三太養生鐵板燒,98,2,"['タラバガニ', '三太養生鐵板燒', 'delicious', 'dinner', 'redkingcrab', '鱈場蟹', 'crab']"
75,2019-04-09 15:03:01,在帛琉一直被問是不是直播主的童工🤔🤔🤔 #swimmingsuit #selfie #palau #Belau #snorkelling #scubadiving,427,13,"['selfie', 'scubadiving', 'swimmingsuit', 'snorkelling', 'Belau', 'palau']"
76,2019-03-26 03:11:59,酸酸過世後痛苦似乎不斷的蔓延著，這個房子裡到處都是共同生活的痕跡，每天都在想她。,211,6,[]
77,2019-02-25 17:04:38,緬甸的小動物們，特色是都不太怕人🐱🐱🐱 #myanmar #animal #cats #dogs,176,5,"['dogs', 'animal', 'cats', 'myanmar']"
78,2019-02-17 22:55:23,得到久仰的SUQQU🐱🐱🐱 #suqqu #cosmetics #eyeshadow #valentinesday,71,3,"['suqqu', 'valentinesday', 'cosmetics', 'eyeshadow']"
79,2019-02-12 19:23:02,從Mandalay到Bagan之間的遊艇行程RV Paukan，蠻推薦的，設備好天氣也舒服🐱🐱🐱 #myanmar #bagan #mandalay #rvpaukan,333,9,"['mandalay', 'bagan', 'rvpaukan', 'myanmar']"
80,2019-02-12 12:46:23,習慣到每個地方都買當地服飾的我🐱🐱🐱 #myanmar #bagan,234,5,"['bagan', 'myanmar']"
81,2019-02-10 19:50:26,更新IG後第一次用圖組，最後有亂入的妹妹🐱🐱🐱 #myanmar #swimmwear #bagan #aureumpalace,888,32,"['aureumpalace', 'swimmwear', 'bagan', 'myanmar']"
82,2019-02-09 21:08:48,最近感覺穿泳裝的機會比較多🙈🙉🙊 #myanmar #bagan #aureumpalace #swimmwear,772,32,"['bagan', 'swimmwear', 'aureumpalace', 'myanmar']"
83,2019-02-05 10:40:22,"觀音古廟，仰光唐人街。

#yangon #guanyingumiaotemple #Myanmar #緬甸",105,0,"['guanyingumiaotemple', '緬甸', 'Myanmar', 'yangon']"
84,2019-02-04 18:04:06,"仰光的喵🐱

#myanmar #yangon #streetcat",112,1,"['streetcat', 'yangon', 'myanmar']"
85,2019-01-19 23:15:17,好像又有點久沒更新IG，台南雖然天氣比較好但水溫太冷，就懶得下水了⋯。 #Taiwan #tainan #swimmwear #selfie,905,41,"['tainan', 'swimmwear', 'selfie', 'Taiwan']"
86,2018-12-25 21:35:12,"【VOCALOID】

聖誕節當天上傳不算遲交吧？哈哈哈，謝謝Nori、紙袋、EX、藤紅一起來拍拍聖誕外拍，當天也是蠻好玩的XD！

初音ミク Nori/楊絜
巡音ルカ 總一 Souichi Cosplay

PHOTO L子

#初音ミク #巡音ルカ #コスプレ #VOCALOID #cosplay #xmas #christmas",134,3,"['コスプレ', 'cosplay', '巡音ルカ', 'christmas', 'xmas', 'VOCALOID', '初音ミク']"
87,2018-12-24 20:31:01,"【戀與製作人】

悠然：芍韻
白起：總一 Souichi Cosplay

PHOTO Extreme Channel
Special Thanks 小茜

#戀與製作人 #悠然 #白起 #cosplay #コスプレ",121,3,"['コスプレ', 'cosplay', '悠然', '戀與製作人', '白起']"
88,2018-12-24 04:40:45,"【K/DA】 
Kai’Sa 總一 Souichi 
PHOTO Extreme Channel

#KDA  #KaiSa #LOL #leagueoflegends #cosplay",206,2,"['cosplay', 'KDA', 'KaiSa', 'LOL', 'leagueoflegends']"
89,2018-12-16 20:18:48,"【速】

今日は一織です🐱🐱🐱 和泉一織_總一
和泉三月_涼哉

Thx 紙袋、秋薙

#アイナナ #アイドリッシュセブン #IDOLiSH7 #和泉一織 #和泉三月 #cosplay #コスプレ",79,2,"['コスプレ', '和泉三月', 'cosplay', 'アイドリッシュセブン', '和泉一織', 'IDOLiSH7', 'アイナナ']"
90,2018-12-12 16:08:02,"【K/DA】 
手機速報一下，昨天的K/DA女團，能夠成團真是太棒惹，不枉費昨天從早拍到晚的超虐行程😨😨😨 感謝，Nori、千尋、雨波、EX、紙袋、藤紅、明仁，之後來發四人照💕💕💕 Evelynn＿Nori
Kai’Sa＿總一

#KDA #Evelynn #KaiSa #LOL #leagueoflegends #cosplay #コスプレ",257,2,"['コスプレ', 'cosplay', 'KDA', 'KaiSa', 'LOL', 'Evelynn', 'leagueoflegends']"
91,2018-12-07 19:01:17,"【VOCALOID】

手機圖，Nori比我還會修我自己是怎麼回事⋯XD❗️ 初音ミク Nori
巡音ルカ 總一

#初音ミク #巡音ルカ #コスプレ #VOCALOID  #cosplaye #xmas，",235,9,"['コスプレ', '巡音ルカ', 'cosplaye', 'xmas', 'VOCALOID', '初音ミク']"
92,2018-12-04 22:53:19,"【美少女戦士セーラームーン】 
最近忙到往生都沒時間出圖，先來一張木星🐱🐱🐱 Sailor Jupiter_總一
Photo_Extreme Channel

#美少女戦士セーラームーン #SailorMoon #cosplay #SailorJupiter",167,5,"['SailorMoon', 'cosplay', '美少女戦士セーラームーン', 'SailorJupiter']"
93,2018-12-04 09:43:40,"【VOCALOID】

携帯速報，謝謝初音Nori、紙袋、EX、藤紅一起衝外拍🍻🍻🍻 初音ミク Nori
巡音ルカ 總一

#初音ミク #巡音ルカ #コスプレ #VOCALOID  #cosplaye #xmas",160,2,"['コスプレ', '巡音ルカ', 'cosplaye', 'xmas', 'VOCALOID', '初音ミク']"
94,2018-12-03 01:20:33,"【VOCALOID】

携帯速報，謝謝菌子、紙袋、EX、藤紅一起拍攝🎬

巡音ルカ：總一

#巡音ルカ #コスプレ #VOCALOID  #cosplayer #xmas #taiwan",128,1,"['コスプレ', '巡音ルカ', 'taiwan', 'cosplayer', 'xmas', 'VOCALOID']"
95,2018-11-06 22:04:27,"【IDOLiSH7 アイドリッシュセブン】 
ライブ☺️☺️☺️ 百 Silver Sky ver.  總一 
千 Silver Sky ver.  真子 
PHOTO 紙袋
Special Thanks Tano、芍韻、蕾子、桃桃、庫魯

#百 #モモ  #SilverSky #IDOLiSH7 #アイドリッシュセブン #revale  #コスプレ #COSPLAY",87,1,"['コスプレ', 'アイドリッシュセブン', 'COSPLAY', 'SilverSky', 'revale', 'IDOLiSH7', '百', 'モモ']"
96,2018-11-05 16:04:21,"【IDOLiSH7 アイドリッシュセブン】

發現一忙一直忘了放萬聖節特輯上IG🎃
謝謝NORI跟EX陪我一起趕工哈哈哈

#注意架空有 
ようこそ、一夜限りのお客様。
この城に来たこと……心から歓迎するよ。

十龍之介 ゴシックハロウィン ver. 總一 
モデル Nori
P_Extreme Channel

#十龍之介 #ゴシックハロウィン #IDOLiSH7 #アイドリッシュセブン #Halloween  #コスプレ #COSPLAY",121,2,"['コスプレ', 'アイドリッシュセブン', 'COSPLAY', '注意架空有', '十龍之介', 'IDOLiSH7', 'Halloween', 'ゴシックハロウィン']"
97,2018-11-05 01:59:54,"【IDOLiSH7 アイドリッシュセブン】 
響けSILVER SKY　降り出しそうな空で踊っている
風になって駆け抜けていたいよ... 百 Silver Sky ver.  總一 
PHOTO 紙袋

#百 #モモ  #SilverSky #IDOLiSH7 #アイドリッシュセブン #revale  #コスプレ #COSPLAY",105,3,"['コスプレ', 'アイドリッシュセブン', 'COSPLAY', 'SilverSky', 'revale', 'IDOLiSH7', '百', 'モモ']"
98,2018-10-25 18:19:33,Jㄍ是好ㄘ的甜點，之前搬過店址今天第一次到新開幕的店面，甜點還是一樣好吃，最近在做萬聖節期間限定商品，不過這種杯子蛋糕實在不好拍（糖果造型的杯子可以帶走）🎃🎃🎃 #halloween #ハロウィーン #ManabuLapâtisserie #學堂洋菓子專門店 #dessert,96,2,"['ハロウィーン', '學堂洋菓子專門店', 'halloween', 'dessert', 'ManabuLapâtisserie']"
99,2018-10-18 12:37:19,"發現居然漏放前幾天拍龍的合照，謝謝最美的Nori來當我的女模😳😳😳 期待正片（自己說）

#cosplay #アイドリッシュセブン #アイナナ #idolish7 #十龍之介 #コスプレ #ハロウィーン #halloween",135,1,"['コスプレ', 'ハロウィーン', 'cosplay', 'アイドリッシュセブン', 'halloween', '十龍之介', 'idolish7', 'アイナナ']"
100,2018-10-16 23:32:54,終於出了モモちゃん的我🐱🐱🐱 #コスプレ #selfies #idolish7 #revale #momo #モモ #アイナナ #アイドリッシュセブン #cosplay,118,2,"['コスプレ', 'cosplay', 'selfies', 'アイドリッシュセブン', 'momo', 'revale', 'モモ', 'idolish7', 'アイナナ']"
101,2018-09-30 23:38:10,"【美少女戦士セーラームーン】

今日自拍，看起來煞有介事😂😂😂 Princess Serenity 總一

#美少女戦士セーラームーン #SailorMoon #cosplay
#PrincessSerenity #コスプレ
#selfies",155,1,"['コスプレ', 'cosplay', 'selfies', 'SailorMoon', 'PrincessSerenity', '美少女戦士セーラームーン']"
102,2018-09-25 01:40:24,"友人家的喵，叫鐵男，比較內向🐱

#catstagram #cat",169,3,"['cat', 'catstagram']"
103,2018-09-23 23:14:41,"gazed。

#selfie #ootd #taipei",198,6,"['ootd', 'selfie', 'taipei']"
104,2018-09-19 17:22:18,"【美少女戦士セーラームーン】

很少出這麼大團的，謝謝大家一起圓滿XD

Princess Serenity  總一 Souichi Cosplay
Prince Endymion  Use祐司
Sailor Mercury  玄夜-wenny
Sailor Mars  Nori/楊絜
Sailor Jupiter  Nanako Chou
Sailor Venus  万梨音 Marion

Photo  L子

#美少女戦士セーラームーン #SailorMoon #cosplay
#PrincessSerenity #PrinceEndymion #SailorMercury
#SailorMars #SailorJupiter #SailorVenus",166,2,"['SailorMercury', 'cosplay', 'PrinceEndymion', 'SailorMoon', 'SailorJupiter', 'PrincessSerenity', '美少女戦士セーラームーン', 'SailorVenus', 'SailorMars']"
105,2018-09-02 18:17:20,"【満月をさがして】

COSER
フルムーン：總一 
タクト・キラ：星名皇

PHOTO
L子

Special thx
太子、紫綾

#満月をさがして #フルムーン #タクト #コスプレ
#FullMoonoSagashite #Fullmoon #TakutoKira #cosplay",168,4,"['フルムーン', 'コスプレ', 'cosplay', '満月をさがして', 'TakutoKira', 'FullMoonoSagashite', 'タクト', 'Fullmoon']"
106,2018-08-29 14:33:57,Instagram本來就是專門設計來放照片的平台，軟體的使用定位上就是讓人放放自己的生活照、各種照片，我也是如此，隨意放放角色扮演照或食物，而且本人沒有任何公職或計畫參選，希望有些路人可以自重不要隨意打擾或試圖管理我怎麼使用自己的社群軟體，你可以決定自己要怎麼使用但請不要打擾其他的使用者，請學會怎麼尊重別人。,307,7,[]
107,2018-08-28 23:22:46,今天的三太很不錯，師傅是請Jimmy，還吃到好吃的螃蟹☺️☺️☺️ #tepanyaki #鉄板焼き #三太 #台湾 #taiwan #taipei #dinner,99,2,"['tepanyaki', 'taiwan', 'taipei', '三太', 'dinner', '鉄板焼き', '台湾']"
108,2018-08-28 03:52:53,"#ハンターxハンター 
クラピカ＿總一

其實已經是慢報惹，前天的酷拉皮卡😂😂😂 #hunterxhunter #kurapika #クラピカ #コスプレ #cosplay",106,0,"['ハンターxハンター', 'コスプレ', 'cosplay', 'kurapika', 'hunterxhunter', 'クラピカ']"
109,2018-08-23 01:10:09,咖勳☺️☺️☺️ #フィギュア #エヴァンゲリオン #アイナナ #アイドリッシュセブン #封神演義 #figure,68,1,"['フィギュア', 'アイドリッシュセブン', '封神演義', 'エヴァンゲリオン', 'figure', 'アイナナ']"
110,2018-08-19 18:50:38,到喜拿咖啡廳回春ㄉMe🐱🐱🐱 #cinnamorollcafe #cinnamoro #tokyo #shinjuku #シナモロールカフェ #シナモロール #新宿 #selfie,208,3,"['selfie', '新宿', 'tokyo', 'シナモロール', 'cinnamorollcafe', 'シナモロールカフェ', 'shinjuku', 'cinnamoro']"
111,2018-08-14 03:20:19,"試個男妝，雖然搭背景跟髮型很怪就是了。

#selfie",231,23,['selfie']
112,2018-08-13 01:17:05,"CWT49 DAY2
好久沒出制服版，上次出應該是五年前了。 
#コスプレ #cosplay #エヴァンゲリオン #綾波レイ #CWT49 #evangelion #ayanamirei  #taiwan",177,4,"['コスプレ', 'CWT49', 'cosplay', 'taiwan', 'エヴァンゲリオン', '綾波レイ', 'evangelion', 'ayanamirei']"
113,2018-08-12 02:32:46,"CWT49 Day1
第一次在大場擺攤，看到很多朋友來找我玩，十分咖勳☺️☺️☺️ #CWT #CWT49 #ジャンヌダルクオルタ #fgo #cosplay #コスプレ",187,3,"['CWT49', 'コスプレ', 'cosplay', 'CWT', 'fgo', 'ジャンヌダルクオルタ']"
114,2018-08-09 12:00:12,最近螃蟹吃太多，暫時不敢惹⋯。 #dinner #taipei,107,0,"['dinner', 'taipei']"
115,2018-08-07 00:46:54,每次染頭髮都超久，好險居酒屋開很晚，連續ㄘ四天海鮮了🍻。 #dinner #taiwan #taipei,117,6,"['dinner', 'taipei', 'taiwan']"
116,2018-07-28 20:33:45,"收工，好險今天沒很熱⋯。 謝謝老魚、Abian跟霧澤🐱🐱🐱
用美妝相機臉上的髒污化妝超不明顯😂😂😂 #hagarennorenkinjutsushi #鋼の錬金術師 
#コスプレ #cosplay",104,1,"['hagarennorenkinjutsushi', 'コスプレ', '鋼の錬金術師', 'cosplay']"
117,2018-07-22 23:46:34,"【満月をさがして】

フルムーン：總一
タクト・キラ：星名皇

放一下今天出滿月的合照，超懷舊😂😂😂 謝謝齁喜、紙袋、太子跟紫綾☺️☺️☺️ #フルムーンをさがして #満月をさがして #コスプレ #fullmoonwosagashite #cosplay",61,0,"['コスプレ', 'cosplay', '満月をさがして', 'fullmoonwosagashite', 'フルムーンをさがして']"
118,2018-07-20 07:08:04,"【美少女戦士セーラームーン】

月の王女セレニティ：總一
地球の王子エンディミオン：祐司

好久沒更新了，偷一下搭檔粉專的照片⋯。 #Sailormoon #cosplay #serenity #Endymion",145,1,"['serenity', 'Sailormoon', 'cosplay', 'Endymion']"
119,2018-07-02 23:58:29,"【週邊套組「零–ZERO–」正式開放預購】 
總一個人首度週邊套組正式推出！
即日起接受預約，
巴哈市集 7月8日(日)現場販售取貨，
大家快幫忙一起擴散預購單挽救可憐的粉專觸擊率XD！ ※預購日期：2018/07/01~2018/07/05 ☆預購表單這裡走，內有商品圖☆
https://goo.gl/forms/gpeoZB27w1p2oyii2 ＃套組內容
匯集總一喜愛的各部作品與角色，
在此完整呈現給大家， ※EVA 綾波零 抱枕：蜜桃絨材質，雙面不同圖 40x40cm  訂價：600 ※陰陽師 八百比丘尼 無框畫(20X30CM)  訂價：500 ※FGO 黑貞德套組 滿破+新宿 悠遊卡X1 + 明信片X2  訂價：500元 
大全套預約特價 1500 元，
並享有預購贈品美少女戰士–火野麗 陶瓷杯墊。

全部限量供應，首批僅有20組提供，
因此以匯款時間為出貨順序！
會附上親筆簽名，錯過就得等下次QQ！

預購匯款帳戶：
國泰世華 013
203502039723
戶名：王忠信

總一個人首本寫真書─「零 –ZERO–」銳意製作中，
即將推出，敬請期待。

巴哈市集 7月8日(日)

攤位號碼：A18_1 
攤位名稱：Star Cube

攤位位置圖：https://truth.bahamut.com.tw/s01/201806/abecb49cc79d3179f9b5ae1f7f43acd9.JPG ☆☆預購表單這裡走☆☆
https://goo.gl/forms/gpeoZB27w1p2oyii2
☆☆預購表單這裡走☆☆ #cosplay #souichi #goods #taiwan #eva #fgo #onmyoji #Sailormoon #ayanamirei #jeannedarcalter #sailormars #yaobikuni",86,1,"['onmyoji', 'cosplay', 'taiwan', 'Sailormoon', 'jeannedarcalter', 'fgo', 'sailormars', 'goods', 'souichi', 'yaobikuni', 'ayanamirei', 'eva']"
120,2018-06-15 21:51:37,"補一張跟恩師的合照，Jㄍ4主攻憲法跟行政法的銘輝，也是我在大學四年最喜歡的老師，雖然他常噹我低空飛過的事情，但是我要幫自己說一下話！！！他當很多人，我都沒被當過哈哈哈哈哈哈！

#graduation",126,0,['graduation']
121,2018-06-14 21:48:46,我沒有太多喜歡的政治人物，憤怒鳥是我最喜歡的委員XD（老闆鼻要扣我錢）另一位是顧立雄律師，不過這個會期結束了，雖然有臨時會他好像也沒啥機會出現，所以就拍不到了😂😂😂 #graduation,205,2,['graduation']
122,2018-06-12 21:54:39,"喉結又露出來惹。

#graduation",245,4,['graduation']
123,2018-05-21 23:51:11,巧遇四叉貓跟趙曉音牧師，有趣的兩人組合⋯。,207,6,[]
124,2018-05-20 03:03:32,"搞得很像正片，但其實是手機側拍哈哈。

#八百比丘尼 #yaobikuni #onmyoji #陰陽師 #COSPLAY #コスプレ",259,2,"['onmyoji', 'コスプレ', 'COSPLAY', '八百比丘尼', 'yaobikuni', '陰陽師']"
125,2018-05-18 00:19:05,"【ラブライブ! School idol project】 
高坂 穂乃果 覚醒 ホワイトデー編：總一 
PHOTO　老魚
小幫手 博美狗狗

#LOVELIVE #ラブライブ #高坂穂乃果 #コスプレ #COSPLAY #覚醒 #ホワイトデー編",143,1,"['コスプレ', 'ラブライブ', 'LOVELIVE', 'COSPLAY', '覚醒', '高坂穂乃果', 'ホワイトデー編']"
126,2018-05-14 23:28:36,"收工，今天辛苦惹，謝謝老魚跟夜華☆

還要感謝知名不具，趕在今天下午出借籃球的蔡姓研究生！！雖然本人完全不會打籃球XD 都靠老魚喬姿勢！！讚讚讚！ 
#COSPLAY #黒子のバスケ #コスプレ #黄瀬涼太 #キセキの世代",100,0,"['コスプレ', 'キセキの世代', 'COSPLAY', '黒子のバスケ', '黄瀬涼太']"
127,2018-05-14 00:24:53,"【ラブライブ! School idol project】

矢澤にこ  小悪魔編 覚醒後：總一 
PHOTO　嘎嘎
小幫手 曼婷

#LOVELIVE #ラブライブ #矢澤にこ #コスプレ #COSPLAY #覚醒 #小悪魔編",151,0,"['コスプレ', '小悪魔編', 'ラブライブ', 'LOVELIVE', 'COSPLAY', '覚醒', '矢澤にこ']"
128,2018-05-08 02:21:39,今日外拍毛片翻拍，對體力極差的我來說實在太虐啦。・゜・(ノД`)・゜・。 #cosplay #コスプレ #セーラームーン,166,0,"['セーラームーン', 'コスプレ', 'cosplay']"
129,2018-04-28 21:45:24,"湄河的炒飯現在不用鳳梨殼裝了XD 
這間是我在台北蠻喜歡的泰國菜餐廳！

#thaifood #dinner #湄河 #maekung #taiwanrestaurant",65,1,"['maekung', '湄河', 'taiwanrestaurant', 'thaifood', 'dinner']"
130,2018-04-28 01:20:23,"我以後大概不會再有一天拍兩個角色這種事情了⋯太虐。

矢澤にこ＿總一

#コスプレ #lovelive #矢澤にこ #にっこにっこにー #cosplay #小悪魔編",231,4,"['コスプレ', '小悪魔編', 'cosplay', 'にっこにっこにー', 'lovelive', '矢澤にこ']"
131,2018-04-24 21:50:44,"明天就是 #國際丹寧日，什麼是國際丹寧日？當初我就是從現代婦女基金會的頁面第一次知道這個詞彙的。

緣起在1992年的羅馬，發生駕訓教練性侵18歲少女的事件。最高法院法官認為被害少女的丹寧牛仔褲過於緊繃，少女一定有所配合，否則加害者不可能強行將褲子脫下，因此代表性行為是雙方合意。最後，法官更以此推翻先前的判決，被告最終無罪定讞。 
這項判決引起公憤，許多民眾紛紛穿起丹寧牛仔褲，抗議司法體系中的強暴文化。隨後，美國「和平超越暴力Peace Over Violence」於每年4月下旬發起「丹寧日」活動，呼籲民眾穿起丹寧服飾，表示支持性侵倖存者、打擊強暴文化及終止性侵害的決心。 
我也很榮幸受到現代婦女基金會的邀請響應這個活動，雖然之前因為出國部分活動沒辦法配合不過，還是可以一起穿丹寧上傳並且hashtag來響應活動，也邀請大家明天一起來響應國際單寧日反性暴力的活動。

活動說明頁面：https://goo.gl/ySeNLy
#onlyYESmeansYES #穿著由我騷擾止步 #425穿丹寧反性侵 --
響應方式
1、穿戴丹寧服飾，並拍下照片。
2、將照片上傳至社群平台，並將權限設為公開。
3、寫下你的響應宣言，hashtag #onlyYESmeansYES #穿著由我騷擾止步 #425穿丹寧反性侵 
4、附上活動說明頁面 https://goo.gl/ySeNLy，邀請更多朋友一起響應。
讓我們一起支持性侵害倖存者、破除強暴文化、讓加害者負責、終止性侵害",251,3,"['425穿丹寧反性侵', '穿著由我騷擾止步', 'onlyYESmeansYES', '國際丹寧日']"
132,2018-04-23 02:17:02,"昨天才在跟朋友說到，蠻有趣的，過去我還算蠻常去日本但都沒有什麼想再自己去一趟的感覺，不過這次就覺得「啊，以後可以自己去了」應該是因為長大後可支配事項變多之類的吧XD。

#桜満開 #吉野山",185,1,"['吉野山', '桜満開']"
133,2018-04-16 00:02:23,"醃篤鮮外表平凡無奇，卻很美味。

#dinner #ShanghaiPavilion #FarEastenPlazaHotel",64,1,"['dinner', 'ShanghaiPavilion', 'FarEastenPlazaHotel']"
134,2018-04-05 20:36:39,看起來hen生人勿近（？？）。 #祇園 #kyoto #京都 #selfie,195,4,"['kyoto', 'selfie', '京都', '祇園']"
135,2018-04-05 11:29:14,かに道楽每來必吃，非常盡興的螃蟹餐廳，my love🦀️🦀️🦀️ #大阪 #かに道楽 #crab #restaurant  #dinner,83,1,"['大阪', 'dinner', 'かに道楽', 'restaurant', 'crab']"
136,2018-04-05 09:25:41,非常好吃的天婦羅店，值得再推薦一次，我是不太愛吃炸物的人，也覺得很讚，酥脆又不刺嘴🍤🍤🍤 #てんぷら #天ぷらうらかみ #大阪,61,0,"['天ぷらうらかみ', 'てんぷら', '大阪']"
137,2018-04-04 14:06:22,"金澤城，但其實城外比較美，我在城內還一直跟我妹mur這大名是怎麼回事XD 
#金沢城 #お花見 #桜満開",135,2,"['金沢城', 'お花見', '桜満開']"
138,2018-04-01 18:12:04,"臉歪嘴斜ㄉ窩。

#selfie #ootd",144,3,"['ootd', 'selfie']"
139,2018-03-31 02:25:19,"【新世紀エヴァンゲリオン】 
綾波レイ チャイナドレス ver. __總一 
PHOTO�、RETOUCH：Castie矢部 佐
THX：蓮 Len、太子

#エヴァ #綾波レイ #新世紀エヴァンゲリオン 
#NeonGenesisEVANGELION #COSPLAY #コスプレ
----
2018初寫真印量調查表單：
https://goo.gl/forms/cfEX4u3pBuofbifB2
還沒填的快來呦⭐⭐⭐",180,1,"['コスプレ', 'NeonGenesisEVANGELION', 'エヴァ', '新世紀エヴァンゲリオン', 'COSPLAY', '綾波レイ']"
140,2018-03-25 01:22:32,超好用的直出App👻👻 #selfie #hujicam #ootd,167,0,"['ootd', 'selfie', 'hujicam']"
141,2018-03-24 00:50:30,"路過。

#selfie",155,3,['selfie']
142,2018-03-20 20:05:46,"在九份拍照的時候可能因為日本客很多吧，一直聽到遊客竊竊私語「エヴァ」「レイ」之類的哈哈哈，倒是COSPLAY是不分國籍大家都知道的單字--九份風俗考。

#エヴァンゲリオン #エヴァ #綾波レイ #コスプレ #evangelion #ayanamirei #cosplay",231,1,"['コスプレ', 'cosplay', 'エヴァ', 'エヴァンゲリオン', '綾波レイ', 'evangelion', 'ayanamirei']"
143,2018-03-05 15:40:51,"覺得以後還是不要在會場出這種妹紙好了，太巨大嚇死別人也嚇死自己XDDD 
#コスプレ #lovelive #高坂穂乃果",200,6,"['コスプレ', '高坂穂乃果', 'lovelive']"
144,2018-02-25 23:20:51,"【幽☆遊☆白書】

COSER
飛影 涼哉 RYOYA
蔵馬 總一 Souichi Cosplay

PHOTO
老魚 Meyer Yu

#幽游白書 #ゆうゆうはくしょ #YuYuHakusho #蔵馬 #ひえい #飛影 #kurama #cosplay #コスプレ",110,4,"['コスプレ', 'cosplay', '飛影', 'ひえい', '幽游白書', 'kurama', '蔵馬', 'YuYuHakusho', 'ゆうゆうはくしょ']"
145,2018-02-24 18:36:53,"髮際線的逆襲。

#ootd #selfie #taiwan",208,3,"['ootd', 'selfie', 'taiwan']"
146,2018-02-21 23:13:03,"うかい亭台灣第一家展店，覺得品質控制的不錯，沒有砸日方的招牌；師傅應該是從原店調過來的。

#ukaitei #teppanyaki #うかい亭 #鉄板焼き #台湾 #taiwan #和牛",88,0,"['teppanyaki', '和牛', 'taiwan', 'うかい亭', 'ukaitei', '鉄板焼き', '台湾']"
147,2018-02-20 12:48:35,"看起來像哭過，其實只是過敏。

#selfie #ootd #mirror #reflection",149,2,"['reflection', 'mirror', 'ootd', 'selfie']"
148,2018-02-10 05:02:07,"【陰陽師Onmyoji】 
COSER：八百比丘尼_總一 
PHOTO：老魚

小精靈感謝博藝、百齡

#陰陽師 #八百比丘尼 #Onmyoji #やおびくに #おんみょうじ #cosplay #コスプレ",297,3,"['コスプレ', 'cosplay', 'Onmyoji', 'おんみょうじ', 'やおびくに', '八百比丘尼', '陰陽師']"
149,2018-02-09 08:00:46,"【陰陽師Onmyoji】

もっと悲鳴を聞かせて。 
COSER＿鬼女紅葉 
PHOTO＿LUNA
小精靈＿小呱

#陰陽師 #Onmyoji #鬼女紅葉 #きじょもみじ #cosplay #コスプレ",136,1,"['コスプレ', 'cosplay', 'きじょもみじ', 'Onmyoji', '鬼女紅葉', '陰陽師']"
150,2018-02-07 16:37:58,"【幽☆遊☆白書】

COSER＿蔵馬  總一 
PHOTO＿老魚

#幽游白書 #ゆうゆうはくしょ #YuYuHakusho #蔵馬 #kurama #cosplay",161,3,"['cosplay', '幽游白書', 'kurama', '蔵馬', 'YuYuHakusho', 'ゆうゆうはくしょ']"
151,2018-02-03 05:44:41,昨天有生以來第一次自己煮東西，不過火鍋算是煮東西嗎XDb 結論是雖然吃起來很正常但是好麻煩喔，術業有專攻吶⋯。 #food #dinner #hotpot,88,0,"['dinner', 'food', 'hotpot']"
152,2018-01-31 18:44:42,"好久沒來慕哲喔。

圖：紅酒燉牛肉

#food #dinner #beefbourguignon #cafephilo",75,3,"['dinner', 'beefbourguignon', 'food', 'cafephilo']"
153,2018-01-31 04:02:23,"這蛇馬神秘的APP，好像hen膩害。

#selfie #ootd",137,6,"['ootd', 'selfie']"
154,2018-01-26 23:25:42,"宵夜讚讚。

#supper #taiwanesefood #food",69,1,"['food', 'supper', 'taiwanesefood']"
155,2018-01-25 04:07:48,看起來略呆，發生蛇馬事情⋯。 #ootd #selfie,168,3,"['ootd', 'selfie']"
156,2018-01-21 23:47:39,最近真常吃螃蟹🦀️ #crab #kani #蟹,64,2,"['蟹', 'kani', 'crab']"
157,2018-01-14 05:15:39,"以為剪了瀏海看起來會比較和善，殊不知。

#haircut #ootd",157,6,"['ootd', 'haircut']"
158,2017-12-25 19:27:15,"發現好像還沒放過藍髮的照片，不過這張妝都花了哈哈。

#selfie #haircolor",229,1,"['selfie', 'haircolor']"
159,2017-12-25 01:11:29,"背景用成這樣實在是有點好笑XD 
#Lolita #angelicpretty",147,7,"['Lolita', 'angelicpretty']"
160,2017-12-05 05:20:41,"老鳩鳩。

#cat #aju #ootd",222,2,"['cat', 'ootd', 'aju']"
161,2017-12-03 17:44:54,"一個為了消耗剩餘點數又買更多的概念。

#cosmetics",45,8,['cosmetics']
162,2017-10-27 04:09:10,"把鏡片換成無框小直徑，想換髮色了。

#contactlens",108,4,['contactlens']
163,2017-10-22 00:41:06,"今天喜宴的甜點，so可愛，遇到好多老朋友。

#wedding",85,1,['wedding']
164,2017-10-10 05:19:44,"好像從來沒放過眼鏡照，雖然這張真的很邋遢，頭髮超亂，還穿小堂的衣服整個很大件XD 
#selfie #glasses #メガネ",187,9,"['glasses', 'selfie', 'メガネ']"
165,2017-10-02 15:40:55,"吸血鬼4我👿

#russia #selfie #ootd #россия",146,4,"['russia', 'ootd', 'selfie', 'россия']"
166,2017-09-11 03:13:32,"馬祖行最後一天才游到泳，在芹壁，漂亮的村落。

#matsu #馬祖 #北竿 #芹壁 #beach",305,1,"['芹壁', 'matsu', '馬祖', 'beach', '北竿']"
167,2017-09-06 12:13:21,今天造型（？）。 #東莒 #dongju #馬祖 #matsu #ootd,135,0,"['東莒', 'ootd', 'matsu', 'dongju', '馬祖']"
168,2017-09-05 19:03:47,"天氣很好，小堂拍拍💕💕 這裡真的蠻美的，感謝南竿的民宿老闆柱子大哥強力推薦，不然本來要不小心錯過了。

#matsu #馬祖 #東莒#dongju",155,1,"['dongju', '東莒', 'matsu', '馬祖']"
169,2017-09-04 17:25:51,"馬祖。

#馬祖 #matsu #南竿 #nangan",74,0,"['南竿', 'nangan', 'matsu', '馬祖']"
170,2017-08-25 21:03:02,"妹妹推薦的沾麵，麵質讚讚。

#tsukemen #つけ麺 #taiwan #taipei",100,1,"['tsukemen', 'つけ麺', 'taipei', 'taiwan']"
171,2017-08-22 17:54:03,"煞气a飯店沙發。

#istanbul #turkey #türkiye #i̇stanbul #perapalacehotel #ootd",177,3,"['ootd', 'istanbul', 'perapalacehotel', 'i', 'turkey', 'türkiye']"
172,2017-08-21 01:19:56,藍色清真寺附近的土耳其酸酸，一臉呆頭呆腦（咦）。 #i̇stanbul #türkiye #turkey #istanbul #cat #straycat,99,0,"['straycat', 'istanbul', 'cat', 'turkey', 'i', 'türkiye']"
173,2017-08-20 21:49:38,"今日的窩。

#turkey #istanbul #türkiye #i̇stanbul #ootd #sehirhatlari #şehirhatları",156,2,"['ootd', 'istanbul', 'şehirhatları', 'i', 'turkey', 'türkiye', 'sehirhatlari']"
174,2017-08-19 00:01:15,很像在出什麼角色之類的⋯。 #ootd #россия #russia #stpetersburg #Са́нктПетербу́рг,120,1,"['россия', 'ootd', 'stpetersburg', 'russia', 'Са']"
175,2017-08-18 00:21:46,"船上，今日樸素路線。

#hydrofoil #peterhof #russia #россия #Са́нктПетербу́рг #stpetersburg #петергоф #ootd",233,8,"['россия', 'stpetersburg', 'ootd', 'peterhof', 'петергоф', 'russia', 'hydrofoil', 'Са']"
176,2017-08-17 03:03:09,"在俄羅斯第一道中菜（扣掉百貨美食街的恐怖港點⋯。）蠻有模有樣的，不過好像是請中國師傅XD！

#tsefung #stpetersburg #Са́нктПетербу́рг #россия #russia #dinner",54,1,"['россия', 'tsefung', 'stpetersburg', 'dinner', 'russia', 'Са']"
177,2017-08-16 16:18:00,"在高鐵上，去聖彼得堡，轉接頭用丟了不能弄COS照QQ。

#russia #россия #Москва #moscow #поезд  #sapsan",187,3,"['Москва', 'россия', 'sapsan', 'поезд', 'moscow', 'russia']"
178,2017-08-16 00:39:37,跟克林姆林宮的守衛（大概是憲兵吧）放在一起像神馬蠟像展，畫風還錯了⋯。 #россия #russia #moscow #Москва #МосковскийКремль #kremlin #кремль #ootd,150,4,"['Москва', 'россия', 'МосковскийКремль', 'кремль', 'ootd', 'kremlin', 'moscow', 'russia']"
179,2017-08-15 20:24:59,"每道都還蠻不錯的，倒是派有點過甜。

#россия #russia ##cafepushkin #КафеПушкин",105,8,"['cafepushkin', 'россия', 'КафеПушкин', 'russia']"
180,2017-08-15 05:21:40,"每天致力於驚世駭俗的我。

#троицесергиевалавра #trinitylavraofstsergius #россия #russia #ootd",150,5,"['россия', 'trinitylavraofstsergius', 'ootd', 'троицесергиевалавра', 'russia']"
181,2017-08-15 03:34:35,"哦哦哦，飯店附近居然有KIKO，秒買。 （櫃姐人hen好）

#russia #россия #Москва #moscow #kiko #cosmetics",62,0,"['Москва', 'россия', 'cosmetics', 'moscow', 'russia', 'kiko']"
182,2017-08-14 19:16:27,"舊城鎮。

#россия #russia #троицесергиевалавра #trinitylavraofstsergius",96,2,"['троицесергиевалавра', 'россия', 'trinitylavraofstsergius', 'russia']"
183,2017-08-14 02:01:29,目前最滿意的一餐✨✨ #dinner #moscow #russia #nobu #Москва #россия,86,1,"['Москва', 'россия', 'nobu', 'dinner', 'moscow', 'russia']"
184,2017-08-13 18:36:09,壓榨妹妹拍照中⋯。 #russia #moscow #арбат #arbatstreet #россия #ootd,211,4,"['россия', 'ootd', 'арбат', 'moscow', 'arbatstreet', 'russia']"
185,2017-08-13 02:37:01,"入夜。

#осударственныйисторическиймузей #statehistoricalmuseum #moscow #russia",88,1,"['осударственныйисторическиймузей', 'statehistoricalmuseum', 'russia', 'moscow']"
186,2017-08-09 16:12:01,"最近臉放太多了，來放個新指甲。

#nailart #gelnails #aquamarine #海ネイル",60,0,"['aquamarine', '海ネイル', 'nailart', 'gelnails']"
187,2017-08-09 05:39:31,"【美少女戦士セーラームーン】 
COSER_セーラージュピター 總一 
PHOTO_老魚 
#セーラージュピター #美少女戦士セーラームーン #木野まこと #コスプレ #cosplay #sailorjupiter #sailormoon",147,0,"['コスプレ', 'cosplay', 'セーラージュピター', 'sailorjupiter', 'sailormoon', '美少女戦士セーラームーン', '木野まこと']"
188,2017-08-08 01:53:52,"丟一下昨天紅葉的自拍XD 
#onmyoji #陰陽師 #鬼女紅葉 #きじょもみじ #cosplay #コスプレ",138,2,"['onmyoji', 'コスプレ', 'cosplay', 'きじょもみじ', '鬼女紅葉', '陰陽師']"
189,2017-08-06 03:06:04,"每次外拍都有一種往生感。 
PHOTO_老魚
COSER_總一

#陰陽師 #onmyoji #八百比丘尼 #蒼之雀羽 #yaobikuni",84,3,"['onmyoji', '蒼之雀羽', '八百比丘尼', 'yaobikuni', '陰陽師']"
190,2017-08-05 16:54:52,"CWT D1 
熱到往生⋯⋯。 #コスプレ #cosplay #セーラージュピター  #sailorjupiter  #セーラームーン #セーラー戦士",129,0,"['コスプレ', 'セーラームーン', 'cosplay', 'セーラージュピター', 'sailorjupiter', 'セーラー戦士']"
191,2017-08-05 03:34:43,昨天拍蔵馬，下大雨後在植物園拍真的很虐⋯。 #cosplay #kurama #yuyuhakusho #コスプレ #蔵馬 #幽遊白書,116,2,"['コスプレ', 'cosplay', '幽遊白書', 'yuyuhakusho', '蔵馬', 'kurama']"
192,2017-07-23 16:59:22,天氣好熱，躲進店裡⋯⋯。 #selfie #ootd,199,8,"['ootd', 'selfie']"
193,2017-07-17 16:03:55,"這對真的hen可愛，忍不住一直用手機速報！

COSER：
螢草_十元 
白狼_總一

Photo：太子

#onmyoji #cosplay #白狼 #螢草 #陰陽師",87,0,"['onmyoji', 'cosplay', '白狼', '螢草', '陰陽師']"
194,2017-07-15 07:09:20,翻到小堂之前拍的照片💕💕 #yolo,175,1,['yolo']
195,2017-07-10 18:44:45,烏龍茶波士頓派，最愛ㄘ鮮奶油🍰。 #cake #oolongtea,62,1,"['cake', 'oolongtea']"
196,2017-07-07 19:48:17,"自備中二聖光ㄉ窩。

#中二病 #selfie",140,2,"['selfie', '中二病']"
197,2017-07-04 17:43:09,"熱愛吾身貓味的店犬。

#dog",64,2,['dog']
198,2017-06-07 04:03:52,"等待正片中，很有趣的一次攝影。

#cosplay #hunterxhunter #クラピカ",98,1,"['クラピカ', 'hunterxhunter', 'cosplay']"
199,2017-06-03 01:40:54,"太久沒出男角了，想放棄治療。

#cosplay",81,2,['cosplay']
200,2017-05-27 03:03:53,"這兩天咳到肺快掉出來了，咳咳。

#陰陽師 #蒼之雀羽 #八百比丘尼 #onmyoji #cosplay #yaobikuni",152,4,"['蒼之雀羽', 'onmyoji', 'cosplay', '八百比丘尼', 'yaobikuni', '陰陽師']"
201,2017-05-25 21:04:24,"累累的。

#cosplay #onmyoji #八百比丘尼 #蒼之雀羽",227,9,"['onmyoji', '八百比丘尼', 'cosplay', '蒼之雀羽']"
202,2017-05-23 14:46:22,"新染了冥王星綠✨

#haircolor  #hairstyle  #sailorpluto",225,6,"['hairstyle', 'haircolor', 'sailorpluto']"
203,2017-05-04 15:46:02,"出來曬太陽的老鳩，之後想帶鳩酸一起野餐😍

#aju #cat",102,1,"['cat', 'aju']"
204,2017-05-02 17:24:10,"小堂 背後靈ver.

#lolita #Bunnyepicurean #date #ootd",157,3,"['Bunnyepicurean', 'ootd', 'date', 'lolita']"
205,2017-05-02 05:03:42,"每次都喜歡睡腿間的奇奇。

#nailart #dog",69,1,"['dog', 'nailart']"
206,2017-05-01 17:56:13,"道樂屋台，也是豬背脂豚骨湯頭，不過博多口味好像跟我沒那麼合拍🤔

#ramen #道樂屋台 #博多拉麵",76,0,"['博多拉麵', '道樂屋台', 'ramen']"
207,2017-04-26 20:31:03,"本月指甲，Tiffany綠XD✨

#honeypink #nailart #gelnails",51,4,"['nailart', 'honeypink', 'gelnails']"
208,2017-04-25 06:57:46,"露出小牙齒一臉耗呆的酸酸。

#cat #suansuan",106,3,"['cat', 'suansuan']"
209,2017-04-14 17:00:38,"「草莓蜂蜜疊一起」據說是明星商店，以蜂蜜蛋糕為底加上鮮奶油跟草莓，味道還算清爽，沒有想像中的甜。

#delicious #angle #café #strawberry #strawberrycake #honey",75,0,"['honey', 'café', 'delicious', 'strawberrycake', 'strawberry', 'angle']"
210,2017-04-14 00:59:39,"白湯，喜歡豬背脂。

#山嵐 #ramen #delicious",67,0,"['ramen', '山嵐', 'delicious']"
211,2017-04-12 21:13:29,"烤玉米✨

#corn #delicious",50,0,"['corn', 'delicious']"
212,2017-04-10 16:03:10,"想說很久沒來了，結果蝦子居然因為成本問題沒進貨QQ。

#café #sandwich #angle",70,1,"['angle', 'sandwich', 'café']"
213,2017-03-27 08:02:00,"忘了放成品，亮亮的，跟戒指一樣。

#nailart #artist #gelnails #aquamarine",37,0,"['aquamarine', 'artist', 'nailart', 'gelnails']"
214,2017-03-22 03:58:21,"好吃的香菇串👌

#mashroom",68,0,['mashroom']
215,2017-03-21 18:02:51,職人的雙手（崇拜）✨✨ #aquamarine #nailart #gelnails #artist,37,1,"['aquamarine', 'artist', 'nailart', 'gelnails']"
216,2017-03-19 15:47:38,"被小堂帶來有趣的店。

#hamasushi #はま寿司",54,0,"['はま寿司', 'hamasushi']"
217,2017-03-05 18:02:31,"看完棒球吃吃，海膽生魚片丼。

#多摩食堂 #海膽 #生魚片 #food",70,2,"['生魚片', 'food', '多摩食堂', '海膽']"
218,2017-03-03 21:36:51,"吃完火鍋還可入座吧台區喝飲料，真是有點可愛🤔

#禾豐 #hotpot #shabushabu",43,3,"['shabushabu', '禾豐', 'hotpot']"
219,2017-02-28 16:13:17,IMAX劇場的眼鏡，看起來好像P上去的⋯。 #imax #國立海洋科技博物館,86,5,"['國立海洋科技博物館', 'imax']"
220,2017-02-20 04:09:50,"小卷料理的不錯，雖然我有點怕食材本身的口感XD 
#小卷 #饞食坊",67,2,"['小卷', '饞食坊']"
221,2017-02-15 23:12:59,"每天努力的刷刷刷，啊嘶💕

#陰陽師 #onmyoji #酒吞童子 #茨木童子  #酒茨肉林",29,0,"['onmyoji', '酒茨肉林', '酒吞童子', '茨木童子', '陰陽師']"
222,2017-02-03 22:08:18,"好像還沒放過。

#gelnails #nailart #aquamarine",49,1,"['aquamarine', 'nailart', 'gelnails']"
223,2017-02-01 04:07:07,"又是肋眼，不過是乾式熟成，五分熟恰好，餐間發生一些小插曲：我媽點了魚但沒注意到是茴香調味她不喜歡，退回後師傅堅持這部分就不算錢了。 我想這應該算是是非常慎重其事的看待餐點，也算是想對食材負責的表現吧，可惜我餐後才注意到魚沒被食用這件事，也許比較好的方式是我吃掉，也不會讓師傅覺得自己的餐點被拒絕，雖然我沒吃到魚但他每項餐點都有在水準之上魚應該也還不錯吧，sad。

#thomaschien #簡天才 #dinner #beef #dryagedbeef",59,2,"['thomaschien', '簡天才', 'dryagedbeef', 'dinner', 'beef']"
224,2017-01-28 23:51:23,"晚餐的肋眼牛排，鐵板燒。

#teppanyaki #dinner #towerhotel",78,0,"['dinner', 'teppanyaki', 'towerhotel']"
225,2017-01-23 18:57:57,做指甲，今天狗狗去染髮不在店中🐩。 #nailart #gelnails,41,2,"['nailart', 'gelnails']"
226,2017-01-18 16:21:27,"染髮染到身上多了一隻🐶

#dog #hairdye",64,1,"['hairdye', 'dog']"
227,2017-01-16 20:13:17,"敷麻藥中，淨膚雷射真是懶人保養幫手，不過嘴巴不敢動，怕麻到舌頭等等吃飯就獵奇了😨

#LaserToning #anesthetic",74,15,"['anesthetic', 'LaserToning']"
228,2017-01-10 03:08:34,"內建臭臉。

#aju #cat #longface",56,2,"['cat', 'longface', 'aju']"
229,2017-01-06 04:50:59,臉極臭小貓（其實很老）。 #cat #aju #阿鳩 #elderlycat,77,0,"['cat', '阿鳩', 'aju', 'elderlycat']"
230,2017-01-05 19:36:08,"水泥色。

#nailsinc #nailpolish #nails",41,1,"['nailpolish', 'nailsinc', 'nails']"
231,2017-01-04 02:30:23,"出門在外，露出一顆酸頭。

#cat #suansuan #outdoors",64,0,"['cat', 'outdoors', 'suansuan']"
232,2017-01-03 04:47:00,"到現在對於去PARTY這件事情的感想還是我到底看了什麼（搔頭）

#party #partywear #christmas #xmas",111,0,"['partywear', 'xmas', 'christmas', 'party']"
233,2016-12-28 05:00:29,"不一定認同書中所言觀點，隨手查沒查到作者學歷，感覺應該沒有受過相關學門系統性的訓練，但作為一個記者、著作報導文學，分析訪者的眼光十分精銳。 書中大概除了色情片產業的剝削在台灣因為法規等問題並不興盛外，很多的例子事實上在本地屢見不鮮，思及那些可以隨口／手在新聞底下推出揶揄嘲笑推文的人是渾然不覺的運氣卻也是可憎。

#最貧困女子 #鈴木大介",59,0,"['最貧困女子', '鈴木大介']"
234,2016-12-21 05:17:19,"關渡夕陽餘暉。

#關渡 #taiwan #Guandu #sunset #taipei",90,1,"['taiwan', 'Guandu', 'taipei', 'sunset', '關渡']"
235,2016-12-19 00:57:03,"路過水煙館，但音樂品味不佳就不推了。

#hookah #guavaflavor #guava",115,5,"['hookah', 'guava', 'guavaflavor']"
236,2016-12-17 21:12:16,"黑糖水熬的不錯

#西西里瓜冰 #watermelon #ice #小時候冰菓室 #taiwan",63,3,"['ice', 'taiwan', '小時候冰菓室', 'watermelon', '西西里瓜冰']"
237,2016-12-15 20:32:36,"這家的肉可以醬炒過再涮，丸類挑選也算認真。

#dinner #hotpot #winter",56,0,"['dinner', 'winter', 'hotpot']"
238,2016-12-09 19:51:57,"每次在在半夜畫指甲，做完都覺得快脫窗、早晨的太陽是黃色的。

#gelnails #nailart #kasi #etudehouse #tok #princessgel #dawson",52,2,"['dawson', 'kasi', 'tok', 'etudehouse', 'princessgel', 'nailart', 'gelnails']"
239,2016-12-07 13:14:29,"二訪鏞記燒臘，配菜也都煮得很好💕

#鏞記 #石牌 #燒味 #siumei #燒臘",70,0,"['燒臘', 'siumei', '燒味', '鏞記', '石牌']"
240,2016-11-24 18:58:01,"終於朝聖了愛人推薦的鏞記，真的蠻厲害的，肉很入味、連小菜都用心。

#鏞記 #燒臘 #siumei",74,0,"['燒臘', 'siumei', '鏞記']"
241,2016-11-23 20:09:03,"結果還是發懶只塗上了指甲油，但Nails Inc真的蠻好著色，據聞也很持色。

#nailpolish #nailsinc #nails #victoria",60,1,"['nailpolish', 'nailsinc', 'nails', 'victoria']"
242,2016-11-22 19:21:49,"店犬跟阿鳩一樣會露出受虐臉，但明明大家都很疼😑

#aquamarine #spa #nailart #dog🐶",60,2,"['aquamarine', 'spa', 'dog', 'nailart']"
243,2016-11-22 17:03:03,前幾天跑去做杏仁酸煥膚，原本想寫心得但這陣子變因實在太多了，也不知道是哪樣影響什麼，不過目前新換的保養品也還算滿意（雅詩蘭黛、SHISEIDO、品木宣言）。 #mandelicacid #esteelauder #shiseido #origins,79,7,"['shiseido', 'esteelauder', 'origins', 'mandelicacid']"
244,2016-11-21 20:45:34,"自從習慣做凝膠指甲而且自己購入機體耗材後，覺得指甲油要被淘汰了，不過隨著時間流逝時常懶得處理指甲，畢竟卸甲也是麻煩麻煩的，指甲油大毫一揮也是挺方便的，不過剝落好快看的好痛扣。
#nailpolish #unt #薔薇謀殺案 #剝落",79,8,"['nailpolish', '剝落', 'unt', '薔薇謀殺案']"
245,2016-11-14 17:50:55,"烤布蕾（每日任務：1/1）

#dessert #stoppagetime #cremebrulee",81,7,"['cremebrulee', 'dessert', 'stoppagetime']"
246,2016-11-10 02:58:20,"睡飽了就來煩人的酸。
#酸酸 #cat #suansuan #vent #kitty",85,2,"['kitty', 'vent', '酸酸', 'cat', 'suansuan']"
247,2016-11-08 04:23:02,愛人從音樂節帶回，熱騰騰的手工魚鱗耳環（聽說是鱸魚），咖勳😸💕 #bf #earrings #gift #scales,130,1,"['earrings', 'scales', 'gift', 'bf']"
248,2016-11-06 01:10:37,"有時候會去光顧，三明治其貌不揚，但還不錯。

#AngleCafe #cafe #cafeteria #shrimp #sandwich #carameltea #caramel",53,1,"['caramel', 'sandwich', 'shrimp', 'AngleCafe', 'cafeteria', 'carameltea', 'cafe']"
249,2016-11-03 21:38:52,"雪王，從小吃到大。

#雪王 #冰淇淋 #icecream #snowking",59,0,"['icecream', '冰淇淋', 'snowking', '雪王']"
250,2016-11-02 19:22:22,"偶爾會光顧的店。
#jocolatte #cafe #chocolate",67,2,"['chocolate', 'jocolatte', 'cafe']"
251,2016-11-02 04:26:02,"前陣子你帶我出去散步，雖然忘記為什麼選擇這裡，總之一起慢慢的拾起碎片，人本身就是目的。
#memory #date",125,2,"['memory', 'date']"
252,2016-11-01 03:49:04,最喜歡吃愛人煮的菜，很喜歡很喜歡🍻🍻🎉 #homemade #dinner #bf #cooking #taiwanesefood,75,6,"['cooking', 'bf', 'taiwanesefood', 'dinner', 'homemade']"
253,2016-10-30 19:23:24,紀錄一下髮色🖌🖌 #染髮 #霧面藍灰 #漸層色 #hairstyle #haircolor,152,5,"['hairstyle', '漸層色', 'haircolor', '霧面藍灰', '染髮']"
254,2016-10-29 19:24:46,手滑行星球眼影💕💕 #bhcosmetics #bhcosmeticsgalaxychic #cosmetics #eyeshadow #planet,66,9,"['cosmetics', 'planet', 'eyeshadow', 'bhcosmetics', 'bhcosmeticsgalaxychic']"
255,2016-10-26 01:59:52,愛夫料理，蒸馬頭魚✨🐠 #dinner #fish #fish🐟 #soysauce,53,2,"['dinner', 'soysauce', 'fish']"
256,2016-10-13 18:38:09,萬聖節馬卡龍🎃🎃🎃✨✨ #萬聖節 #馬卡龍 #halloween #macarons #sweet,84,5,"['馬卡龍', 'sweet', 'halloween', 'macarons', '萬聖節']"
257,2016-10-03 19:23:10,"下次還想去✨

#taiwan #ilan #trip #sea #宜蘭",283,14,"['宜蘭', 'taiwan', 'ilan', 'sea', 'trip']"
258,2016-10-03 01:42:19,"喜歡。

#宜蘭 #東澳
#taiwan #ilan #trip #sea",90,0,"['宜蘭', 'taiwan', 'trip', 'ilan', 'sea', '東澳']"
259,2016-09-08 23:07:17,"到宜蘭躲避跳蚤之亂。

#trip #ilan #五結 #taiwan",71,3,"['trip', '五結', 'ilan', 'taiwan']"
260,2016-09-01 03:56:36,"突然發現在一起超過一年了，除了喜歡還是喜歡你，希望有天是跟你一起去很多地方。

#hallstatt #austria #austria🇦🇹 #hallstattlake",105,2,"['hallstattlake', 'austria', 'hallstatt']"
261,2016-08-29 03:04:02,"因為當地太熱這幾天出入都搭車，沒什麼機會拍到當地的建築，但其實杜拜的建築都蠻狂的。 
#dubai #unitedarabemirates #architecture",58,3,"['architecture', 'unitedarabemirates', 'dubai']"
262,2016-08-28 05:44:08,"從杜拜到阿布達比最大清真寺謝赫扎耶德（جامع الشيخ زايد الكبير）。 ‎
#sheikh #sheikhzayed #sheikhrashid #dubai #mosque #muslim",88,1,"['muslim', 'sheikhrashid', 'mosque', 'dubai', 'sheikhzayed', 'sheikh']"
263,2016-08-26 04:57:41,"薩爾斯堡一隅。

#austria #salzburg",57,0,"['salzburg', 'austria']"
264,2016-08-22 20:59:35,迷宮，鏡子怎麼拍怎麼糊🙀🍒 #praha #česká #ceska #selfie #ootd #prague,121,3,"['prague', 'selfie', 'ceska', 'ootd', 'česká', 'praha']"
265,2016-08-22 00:34:29,有點後悔衣服風格帶太相近，應該多幾套蘿莉塔😕🇨🇿 #selfie #ootd #pražskýhrad #prazskyhrad #prague #ceska #česká,144,4,"['prague', 'pražskýhrad', 'selfie', 'ceska', 'ootd', 'prazskyhrad', 'česká']"
266,2016-08-21 04:10:28,"開往奧許維茲ー比克瑙營區的火車，上面沒有任何窗戶，身子不好的人可能就喪命在車廂中，到了營區開始分類，分做無用之人（無法做苦工者）將被送進毒氣室。

#nazi #konzentrationslager #heinrichhimmler #adolfhitler #vernichtungslager #auschwitz #birkenau #auschwitzbirkenau #poland",75,0,"['vernichtungslager', 'auschwitz', 'adolfhitler', 'birkenau', 'konzentrationslager', 'auschwitzbirkenau', 'nazi', 'poland', 'heinrichhimmler']"
267,2016-08-20 17:44:45,"奧許維茲ー比克瑙集中營區內被摧毀納粹自行摧毀滅證的毒氣室，此處造成百萬人死亡。

#poland #auschwitz #auschwitzbirkenau #nazi #konzentrationslager #heinrichhimmler #adolfhitler #vernichtungslager",61,0,"['vernichtungslager', 'auschwitz', 'adolfhitler', 'konzentrationslager', 'auschwitzbirkenau', 'nazi', 'poland', 'heinrichhimmler']"
268,2016-08-19 02:28:08,"國會大廈，布達佩斯。

#hungary #budapest #parlament #parlamento",87,4,"['parlament', 'hungary', 'budapest', 'parlamento']"
269,2016-08-16 18:01:13,今日造型（！） #budapest #hungary #GreatMarketHall,98,1,"['hungary', 'budapest', 'GreatMarketHall']"
270,2016-08-15 19:07:40,"漁人堡，環境很美。

#Halászbástya #hungary #budapest #sunshine #FrigyesSchulek",134,2,"['FrigyesSchulek', 'sunshine', 'budapest', 'Halászbástya', 'hungary']"
271,2016-08-15 05:27:59,"飯店看起來有點有趣🏨

#budapest #hungary #hotel #boscolo",62,2,"['boscolo', 'hungary', 'budapest', 'hotel']"
272,2016-08-13 21:40:16,"地鐵中⭐️
#austria #vienna #bahn",106,1,"['austria', 'vienna', 'bahn']"
273,2016-08-13 14:57:04,教堂⛪️ #vienna #austria #ststephenscathedral #cathedral,64,0,"['ststephenscathedral', 'cathedral', 'austria', 'vienna']"
274,2016-08-13 04:50:23,"看電影挑服裝，到當地發現電影都是騙人的。
#austria #vienna",166,4,"['austria', 'vienna']"
275,2016-08-12 21:46:40,一堆銀器有點意味不明⋯🇦🇹 #vienna #austria #hofburg #sisimuseum,69,0,"['sisimuseum', 'austria', 'hofburg', 'vienna']"
276,2016-08-12 03:22:52,"Russian Orthodox Cathedral of St. Nicholas✨

#russian #orthodox #catherdral #vienna #austria",75,1,"['russian', 'catherdral', 'austria', 'orthodox', 'vienna']"
277,2016-08-11 10:27:48,持續進化中的飛機餐✈️ #dubai #airport,77,0,"['airport', 'dubai']"
278,2016-08-09 01:32:48,"七夕。

#小熊維尼友你真好特展 #winniethepooh #小熊維尼 #disney",141,4,"['小熊維尼', 'disney', '小熊維尼友你真好特展', 'winniethepooh']"
279,2016-07-27 18:40:32,"（羞）

#蝴蝶 #butterfly #隘勇古道",54,0,"['butterfly', '隘勇古道', '蝴蝶']"
280,2016-07-27 13:10:05,曬傷了☀️☀️☀️ #売捌所 #うりさばきじょ,122,3,"['売捌所', 'うりさばきじょ']"
281,2016-07-23 17:02:40,"耳朵包起來其實有點好笑、約會約會🍒

#美崙公園 #兒童新樂園",119,5,"['兒童新樂園', '美崙公園']"
282,2016-07-15 23:24:01,"大豐收💕💕💕
#cinnamoroll #sanrio #love",57,0,"['cinnamoroll', 'love', 'sanrio']"
283,2016-07-11 02:55:38,"下大雨也要有新朋友✨✨✨
#sanrio #cinnamoroll #pillow",47,0,"['cinnamoroll', 'sanrio', 'pillow']"
284,2016-07-05 05:48:17,她在啾咪耶（最好看的出來）🐈🐈🐈 #cat #酸酸 #wink #love #blackcat,65,1,"['酸酸', 'cat', 'wink', 'love', 'blackcat']"
285,2016-06-29 21:10:56,"夥伴增生的概念💕💕
#sanrio #gudetama #cinnamoroll #hellokitty #mymelody #kuromi #kirimiちゃん",44,0,"['mymelody', 'sanrio', 'kirimiちゃん', 'kuromi', 'gudetama', 'hellokitty', 'cinnamoroll']"
286,2016-06-22 02:09:46,蛋黃哥冰淇淋，吃完覺得都變懶了⋯🍦。 #gudetama #sanrio #icecream,51,5,"['icecream', 'gudetama', 'sanrio']"
287,2016-06-20 21:31:12,"最近新朋友很多💕
#tomodachi #sanrio #hellokitty #cinnamoroll #gudetama",59,0,"['sanrio', 'tomodachi', 'gudetama', 'hellokitty', 'cinnamoroll']"
288,2016-06-20 02:38:14,融洽相處🐈🐈🐈 #cinnamoroll #cat #aju #tomodachi #友達,73,0,"['tomodachi', 'aju', 'cat', 'cinnamoroll', '友達']"
289,2016-06-17 04:25:22,"✨愛人送的新朋友💕💕💕 #sanrio #cinnamoroll #doll #lemon 
#pearl",61,0,"['sanrio', 'lemon', 'doll', 'cinnamoroll', 'pearl']"
290,2016-05-17 05:55:45,"魚眼鏡頭拍起來五官總是怪怪哈哈，星期日和愛人出去玩✨✨
#fisheye #selfie #ootd #Pinghsi #date",119,11,"['selfie', 'ootd', 'fisheye', 'Pinghsi', 'date']"
291,2016-05-15 06:26:58,"無聊想說換個指甲不小心就天亮了⋯第一次貼金箔。 
#tok #PrincessGel #CandyGel #nailart #gelnails #goldleaf",52,2,"['PrincessGel', 'goldleaf', 'tok', 'nailart', 'CandyGel', 'gelnails']"
292,2016-05-12 14:22:53,"睡大覺🌙🌙🌙
#aju #cat #love",63,0,"['cat', 'love', 'aju']"
293,2016-05-12 01:45:13,"躺在愛人的社會學理論上。

#date",120,6,['date']
294,2016-05-03 19:37:47,好久沒上這麼樸素的甲彩了，第一次用偷克底膠😬✨✨ #gelnails #nailart #edutehouse #tok,76,2,"['nailart', 'tok', 'edutehouse', 'gelnails']"
295,2016-04-23 17:54:23,"跟堂堂一起❤️❤️
#café #salmon #sandwich",56,1,"['sandwich', 'salmon', 'café']"
296,2016-04-19 04:51:15,"「費瑪跟我你喜歡誰！！💢」
「我喜歡廢貓（摸摸摸）」
「啊⋯（被收服惹）」 #date",60,4,['date']
297,2016-04-16 20:40:10,"今日穿搭💕💕
#ootd #outfitoftheday #vintage #café #pillow",115,5,"['vintage', 'outfitoftheday', 'ootd', 'café', 'pillow']"
298,2016-04-16 17:27:08,"吼吼。
#date #café #pillow",114,1,"['pillow', 'café', 'date']"
299,2016-04-15 21:28:57,"難得跟ㄊㄊ跑來吃BRUNCH😂

#樂子 #brunch",47,0,"['樂子', 'brunch']"
