,time,post_caption,likes,comments,tags
0,2019-12-12 19:11:10,"-
欸！說好的45度網美角度呢🤣",8090,754,[]
1,2019-12-09 15:51:51,"-
今天不去採紅菱了，我們選總統去！

#2020選2號
#國政配
#國瑜善政
#善瑜國政",8377,512,"['善瑜國政', '國瑜善政', '國政配', '2020選2號']"
2,2019-12-08 17:35:14,"-
我手中的晶圓是台灣的驕傲，謝謝新竹科學園區對台灣的貢獻！

#雖然我看起來傻傻的
#但我心裡很佩服
#感謝竹科的貢獻",7023,257,"['雖然我看起來傻傻的', '但我心裡很佩服', '感謝竹科的貢獻']"
3,2019-12-07 17:29:46,"-
小物組合，不包含狗 😆

購買連結👉🏻 https://donate.richtw.tw/
或至第一則限時動態查看🎉

#2020選舉小物開賣",5266,235,['2020選舉小物開賣']
4,2019-12-06 19:39:23,"-
跟著我左手右手一個慢動作～～～
😂😂😂",6226,288,[]
5,2019-12-04 21:01:21,"-
競選歌曲《耀眼新藍天》上線了🎵

中華民國是個多元、可愛的寶島，應該要有更多包容、愛與正能量，我們希望透過這首歌，讓選舉不再只是分裂或紛爭，更應該充滿歡樂、凝聚全台灣人民力量，帶動台灣一起向上。 《耀眼新藍天》這首歌的開場，以台灣國球「棒球」的歡呼加油聲出發，我們每個人每天腳踏著泥土、揮灑汗水，用力地生活每一天，就是希望能過上更好、更幸福的日子。副歌中眾人齊唱高呼UP！表達台灣人奮發向上的決心，也象徵未來執政不僅能苦民所苦，更能帶領國家蒸蒸日上、不怕風雨不畏艱難、一步一腳印持續努力，攜手與人民打造更好的明天，重現耀眼新藍天！ - 
耀眼新藍天 ☁️
https://h.richtw.tw/songUP
也可以點選第一則動態查看連結收聽～🎵",5011,534,[]
6,2019-12-03 21:04:45,"-
歐咪嚕：今天不吃飼料，吃重要的🤣

#我的談參",4539,190,['我的談參']
7,2019-11-30 18:36:18,"-
歐咪魯：雖然這張我們都只有一個耳朵，但⋯⋯我有頭髮你沒有！",8428,564,[]
8,2019-11-27 15:58:19,"-
中華民國加油！",7343,578,[]
9,2019-11-25 16:55:48,"-
眾裏尋他千百度，那顆包子正在燈火闌珊處 
#新帽子",7943,868,['新帽子']
10,2019-11-20 23:38:00,"-
這不是甜筒耶 🤣",6300,480,[]
11,2019-11-16 21:49:00,"-
明天三重萌寵嘉年華見 👋🏻
沒有養寵物也可以一起來拍照做愛心 🥰

#歐咪嚕
#萌寵嘉年華",5143,190,"['歐咪嚕', '萌寵嘉年華']"
12,2019-11-11 20:08:11,"-
國政領航、台灣起飛 🛫️ #善瑜國政
#國瑜善政
#台灣安全人民有錢",8339,544,"['台灣安全人民有錢', '國瑜善政', '善瑜國政']"
13,2019-11-10 21:04:11,"-
你也要多吃一些 😊
一起努力加油 💪🏻",6489,431,[]
14,2019-11-05 21:25:38,"-
請點餐🍽

#我嘴巴裡還有東西🤣",10860,884,['我嘴巴裡還有東西']
15,2019-11-03 22:50:06,"-
有空檔回家一下，第一件事還是洗衣服！

#只要洗衣服心情就很好
#家事小能手",9076,788,"['家事小能手', '只要洗衣服心情就很好']"
16,2019-10-30 18:57:21,"-
大家牛肉喜歡吃幾分熟🧐
（太熟的話，牛肉店老闆好像都會看不下去🤣） #有一種熟叫老闆覺得熟
#好吃的肉要一直不停地翻動
#好的執政者要一直不停地聆聽",7352,443,"['好的執政者要一直不停地聆聽', '有一種熟叫老闆覺得熟', '好吃的肉要一直不停地翻動']"
17,2019-10-29 22:15:37,"-
技術不太好大家沒辦法都入鏡🤣補上一張側拍照～",9946,521,[]
18,2019-10-08 10:45:45,"-
阿伯有練過💪🏻",5935,517,[]
19,2019-09-25 10:18:37,"-
李爺爺民國8年生，現年100歲，育有6名兒女，個性十分開朗，而且每天都會騎摩托車去找好朋友聊天話家常～

祝福李爺爺健康幸福🥰
也祝福所有銀髮長輩重陽節快樂！",8811,335,[]
20,2019-09-17 20:13:05,"-
頭往上抬才不會有雙下巴🤣",8737,475,[]
21,2019-09-05 10:50:09,"-
昨天初次和大家見面的新朋友👋🏻
歐咪嚕🥰

#被黑到連咪嚕都變黑了🤣",9119,742,['被黑到連咪嚕都變黑了']
22,2019-09-02 17:41:45,"-
還記得那天看看自己是不是被政治耽誤的賽車手🏎️
（謝謝Cody的禮讓🤣）
大家有空可以來高雄草衙道體驗看看～😆",6856,272,[]
23,2019-08-27 10:02:01,"-
「上半場失去的，下半場贏回來！」 很開心可以和劉錦池教練，以及愛好電影、喜歡籃球運動的朋友們一起看以 HBL 高中籃球聯賽為題材的電影《下半場》📽 只要有目標，就沒有不可能💪🏻
誠摯邀請大家一起相攜到電影院支持國片《下半場》🏀 -
#國片
#體育運動
#熱血拼勁
#兄弟情誼
#團結精神",7502,387,"['團結精神', '體育運動', '兄弟情誼', '國片', '熱血拼勁']"
24,2019-08-15 16:45:38,"-
我收到了！
你也要吃多一點～！
一起加油💪🏻 #好貼心還有注音翻譯",5738,627,['好貼心還有注音翻譯']
25,2019-08-08 17:18:12,"-
小小警察，整裝待發👮🏻‍♀️👮🏻‍♂️ （照片由高雄市政府警察局提供）
（攝影師：徐逸祥 📷） #指紋採集
#防身術
#裝備展示
#警犬 
#古早味童玩
#復古警察",7250,298,"['防身術', '警犬', '復古警察', '古早味童玩', '指紋採集', '裝備展示']"
26,2019-08-07 22:27:29,"-
普渡🙏🏻 #四維
#鳳山",6850,202,"['鳳山', '四維']"
27,2019-08-07 11:24:31,"-
中秋佳節即將到來，秋節禮品也可以開始預購嘍 🥮🥮🥮 誠摯地邀請各位好朋友們持續以行動支持、踴躍購買高雄身心障礙團體所製作的秋節禮品，傳送身心障礙朋友們手作的溫暖，讓中秋因為您們的愛心更加圓滿，同時也為認真努力、需要更多支持的身心障礙朋友帶來滿滿的暖意🥰 🔎詳情可至高雄市身障團體秋節禮品粉絲專頁查看",8148,380,[]
28,2019-07-31 10:34:25,"-
高雄市政府新聞局的新寵來福🐶
是不是我身上都是菜味，那麼黏我🤣

#來福LOVE",8159,637,['來福LOVE']
29,2019-07-25 16:34:20,"-
🏠夜宿第8站—茂林原鄉、選手之夜、座談會

#每月夜宿
#茂林
#原鄉",8143,462,"['茂林', '原鄉', '每月夜宿']"
30,2019-07-17 17:48:18,"-
祝福我的偶像、美麗的甄珍女士生日快樂🎂

#生日快樂",8974,800,['生日快樂']
31,2019-07-13 17:09:12,"-
瓶蓋挑戰🤩🤩🤩
大家覺得我能挑戰成功嗎！？ #瓶蓋挑戰",8456,720,['瓶蓋挑戰']
32,2019-07-12 18:51:03,"-
不知道表現得怎麼樣🤣

#自己的節目自己看",9990,953,['自己的節目自己看']
33,2019-07-08 20:50:52,"-
唯有腳下一片清淨通暢的城市良心，才能承載起280萬高雄市民的平安幸福。

#下水道是一座城市的良心",6686,642,['下水道是一座城市的良心']
34,2019-07-07 19:45:43,"-
#下水道視察",11681,1152,['下水道視察']
35,2019-07-04 19:42:06,"-
今天的反毒快閃大誓師活動👍🏻 #愛與陪伴全民防毒",6915,490,['愛與陪伴全民防毒']
36,2019-06-28 15:50:53,"-
登革熱大掃蕩💪🏻
也提醒大家每週三是反登革熱日，鄉親朋友、左鄰右舍可以互相關心幫忙，一起維護住家附近環境整潔💪🏻",8775,661,[]
37,2019-06-27 17:41:42,"-
「高雄市政府警察局觀光騎警隊」除了執勤、區域治安維護，也利用馬匹特性，讓治安維護不再被地形所囿，在市民休憩或旅人探訪的景點，可以近距離親和服務民眾，更是「會移動的觀光景點」喔😆

最近騎警隊出沒地點🐎
📍6/29上午09-11時／澄清湖、駁二藝術特區
📍6/30上午09-11時／蓮池潭、橋頭
📍6/30下午1530-1730時／中央公園、美術館
📍6/29下午1330-1700時／高雄夢時代 
騎警巡邏時間、地點會公佈在騎警隊粉絲團，歡迎各位好朋友查看🐎

#高雄市政府警察局觀光騎警隊
#他們都是警察喔",6501,176,"['他們都是警察喔', '高雄市政府警察局觀光騎警隊']"
38,2019-06-27 10:56:28,"-
祝福各位模範生、畢業生，在接下來的人生旅途中，都能保有年少赤子之心、培養明辨思考能力，開創更好的未來😊

祝福各位同學畢業快樂、鵬程萬里。

#注意落髮保養 
#我沒有得過模範生獎",9338,478,"['注意落髮保養', '我沒有得過模範生獎']"
39,2019-06-26 15:19:05,"-
還沒看過的快點跟上腳步🤣
🔗影片連結可以在第一則限時動態上點選

#謝謝琳來了
#蔣萬安",5565,120,"['蔣萬安', '謝謝琳來了']"
40,2019-06-24 15:15:27,"-
米奇趣遊高雄🥳
📍高捷R11高雄車站👉🏻獨家米奇展區🚇 📍捷運紅線👉🏻米奇彩繪車廂不定期行駛🚇

還有豐富活動獎品等著大家，歡迎一起來搭車、拍照😆

#米奇趣遊高雄",5724,298,['米奇趣遊高雄']
41,2019-06-18 23:10:05,"-
清淤工作。
非常謝謝市府團隊工作同仁與這些無名英雄🙏🏻 ℹ️詳細資訊可洽臉書全文

#解決淹水第一步
#無法一勞永逸但一步一腳印",8130,591,"['無法一勞永逸但一步一腳印', '解決淹水第一步']"
42,2019-06-16 14:12:46,"-
我來為您打菜😋
頭巾好看嗎😆

#美濃
#營養午餐
#營養均衡
#注重食安",10703,711,"['美濃', '營養午餐', '營養均衡', '注重食安']"
43,2019-06-15 13:27:20,"-
今天是警察節👮🏻‍♀️👮🏻‍♂️
我要向所有勞苦功高的警察同志以及其家人們獻上最誠摯的敬意！
我還想特別感謝高雄市警察局的所有同仁，這一年來我給大家添麻煩了，在此祝福所有警察同志們平安幸福、健康喜樂😊

#警察節",9281,410,['警察節']
44,2019-06-13 16:54:57,"-
繼續努力防汛、防範登革熱！
補強工程體量巨大，也需要兼顧施工品質，確實需要相當時間修正圖治，市府團隊會在不影響品質的前提下努力超趕進度，盡快交付給各位市民一個雨來雨去都高枕無憂的高雄😊",8351,619,[]
45,2019-06-09 22:50:19,"-
恭喜市府首長隊勇奪第三名🥉
（偷偷告訴大家，這組參賽的好像也只有三隊還四隊🤣🤣🤣）",11383,1060,[]
46,2019-06-08 19:11:54,"-
星光熠熠、巨星雲集的甄愛高雄群星記者會😊
感謝所有大明星和市府一同宣傳7/12日的甄愛高雄群星會活動，為活動加持加分🥰

#甄愛高雄群星會",7414,224,['甄愛高雄群星會']
47,2019-06-07 21:25:56,"-
大家今天吃哪一種粽子😋

#端午佳節快樂",7663,239,['端午佳節快樂']
48,2019-06-05 13:57:01,"-
「珍珠小棧」正式啟動！
各位小媽媽、小爸爸，如果遇到問題及困難千萬不要害怕，放心到珍珠小棧尋求資源與協助，市府會盡力給予你們最大的支援和陪伴、做你們有力的後盾。

#珍珠小棧",7098,196,['珍珠小棧']
49,2019-06-04 14:11:44,"-
高雄首座新建社會住宅「凱旋青樹」預計3年後完工，將提供245戶只租不賣的社會住宅🏠我們也期許首座新建社會住宅能夠如期、如質完成，滿足不同的市民居住需求😊

#凱旋青樹
#高雄首座新建社會住宅",7530,260,"['高雄首座新建社會住宅', '凱旋青樹']"
50,2019-06-03 15:22:13,"-
「情不知所起，一往而深」

#白先勇大師
#牡丹亭",7772,301,"['白先勇大師', '牡丹亭']"
51,2019-05-31 09:33:41,"-
點睛開光🐲
誠摯邀請大家端午連假一起來同樂，除了龍舟競賽，還有體驗活動、親子獨木舟等特色項目與周邊活動，活動精彩多元，適合全家一起出動😆
預祝大家端午佳節快樂、活動順利圓滿成功！
（🔎詳情請洽活動官網或是臉書最新發文）

#點睛儀式
#高雄愛河端午嘉年華",8797,228,"['高雄愛河端午嘉年華', '點睛儀式']"
52,2019-05-27 18:47:54,"-
應該很明顯是光頭節🤣
光頭節背後的意義大家知道嗎？",7936,243,[]
53,2019-05-26 16:34:15,"-
100對佳偶、100種浪漫故事💞

#情定高雄愛河之畔",12335,378,['情定高雄愛河之畔']
54,2019-05-24 13:55:09,"-
《2019高雄港都盃馬術錦標賽》即將在本週六、日隆重登場🎉

整場活動開放大家免費進場觀賽，還有「哈薩克阿拉木圖馬術特技團」、「內門順賢宮宋江陣」等精彩表演，另有馬匹牽騎、馬匹餵食等互動式活動，歡迎各位好朋友假日和我一同參與這場台灣史無前例的馬術盛會🐎",9732,320,[]
55,2019-05-23 11:15:58,"-
Snoopy是我們高雄7、8月份觀光大使🥳還有有趣又好玩的《Snoopy高雄城市探險》活動，喜歡史努比的大小朋友千萬不要錯過😆

#史努比
#Snoopy",7235,182,"['Snoopy', '史努比']"
56,2019-05-20 09:38:02,"-
今天還有一場🚴🏻‍♀️🚴🏻‍♂️🚴🏻‍♀️🚴🏻‍♂️
#TaiwanCup
#2019台灣盃國際自由車場地經典賽",7076,217,"['TaiwanCup', '2019台灣盃國際自由車場地經典賽']"
57,2019-05-15 17:11:22,"-
我們的五月份觀光代言人—波特王先生，真的是才貌雙全的型男大帥哥🤩
也希望大家多多支持在社會上努力打拼的年輕朋友們💪🏻 #高雄五月份觀光代言人
#這個對比🤣
 #波特王",10659,249,"['波特王', '高雄五月份觀光代言人', '這個對比']"
58,2019-05-10 17:51:25,"-
以上是我四個多月來的市政亮點，雖然無法追趕二十年來的成績，但未來高雄市政府還是會繼續努力💪🏻 （更新照片後重發請大家見諒😊）
#放眼世界征服宇宙
#我來我想我做到
#薩諾斯是什麼",8819,718,"['我來我想我做到', '薩諾斯是什麼', '放眼世界征服宇宙']"
59,2019-05-09 11:40:25,"-
與虛擬偶像虎妮零時差互動🤩

#高雄觀光觀光代言人
#六月份",6036,186,"['高雄觀光觀光代言人', '六月份']"
60,2019-05-06 19:12:57,"-
瑜您隔空傳情母親節篇開始報名了🎉
獲選的朋友們我將會親自打電話給您的母親，在這個特別的日子裡送上驚喜與祝福🥰 👉🏻👉🏻👉🏻趕快看我的新限時動態報名！ （因需留下較私人的資料，因此在本篇文章底下留言不予採計，請多多見諒🙏）
#母親節快樂
#瑜您隔空傳情",8854,549,"['母親節快樂', '瑜您隔空傳情']"
61,2019-05-06 10:28:57,"-
🤣🤣🤣",8719,474,[]
62,2019-05-03 09:53:54,"-
高雄軍事觀光正式啟「洞」🕳️
歡迎大家一起來探索、一窺高雄軍事遺址的神秘面紗🔮

#鼓山洞
#高雄軍事觀光",10116,430,"['鼓山洞', '高雄軍事觀光']"
63,2019-05-01 22:55:22,"-
謝謝世新大學全體師生，也非常感謝雖天氣不佳還是來聽我演講的每一位好朋友😊

#世新大學演講",10421,513,['世新大學演講']
64,2019-04-24 10:15:31,"-
新造型🤩

#每月夜宿
#石油氣公司
#勞工對談",12741,847,"['石油氣公司', '每月夜宿', '勞工對談']"
65,2019-04-17 21:19:05,"-
我們比得應該是蘋果吧🍎

#Apple
#蘋果總部",11641,406,"['蘋果總部', 'Apple']"
66,2019-04-12 19:58:24,"-
哈佛之旅結束了，來談點輕鬆的，大家覺得我穿長版大衣好看嗎🤣

#表現如何
#哈佛大學
#校園參訪",18727,1042,"['表現如何', '哈佛大學', '校園參訪']"
67,2019-04-10 18:10:46,"-
📚市長推薦-每月一書📚
這個月的每月一書是《劉克襄-福爾摩沙大旅行》，一起感受百年輪轉，和一世紀前的西方旅行者走相同路途，遊歷福爾摩沙。

#劉克襄
#福爾摩沙大旅行
#市長每月一書推薦 
#khbooks",3572,67,"['khbooks', '劉克襄', '市長每月一書推薦', '福爾摩沙大旅行']"
68,2019-04-09 22:50:39,"-
感謝桌球國手莊智淵先生為高雄代言，今天也與莊智淵先生一起打乒乓，實在倍感榮幸與風光😆
#高雄四月份代言人
#桌球國手莊智淵
#謝謝放水",11965,179,"['高雄四月份代言人', '謝謝放水', '桌球國手莊智淵']"
69,2019-04-03 22:42:37,"-
就職滿百天，感謝所有局處首長以及市府團隊的努力💪
#就職滿百天
#打造高雄全台首富",11994,474,"['打造高雄全台首富', '就職滿百天']"
70,2019-03-29 10:01:30,"-
偶爾吃點甜的也不錯🍰",18239,1021,[]
71,2019-03-25 11:47:46,"-
高雄正式進入花卉市場，我也變成賣花郎🌹
#賣花郎
#真金不怕火煉",17319,689,"['真金不怕火煉', '賣花郎']"
72,2019-03-22 09:55:41,"-
老闆出差了，讓我們再看一次可愛的市長🤗（小編） ➡️影片來源：https://reurl.cc/XGYXa",7523,338,[]
73,2019-03-12 18:31:32,"-
原來我身邊厲害的焦博士，就是之前有聽過「飛向宇宙，浩瀚無垠」的太空人🚀

#焦立中博士
#立足高雄追夢宇宙",8379,175,"['立足高雄追夢宇宙', '焦立中博士']"
74,2019-02-27 18:38:34,"-
被小編截圖了，我慘了嗎？
請各位好朋友幫忙算一下從新加波游回來要多久🤭
#還好佳芬姐沒有哀居",10719,543,['還好佳芬姐沒有哀居']
75,2019-02-25 18:11:50,"-
還好包子不燙🔥
繼續向前，開大門、走大路！
#南南合作
#星馬
#南北包子一起串連就是這麼簡單",11455,368,"['南北包子一起串連就是這麼簡單', '星馬', '南南合作']"
76,2019-02-23 12:36:27,"-
我以為我是高雄馮迪索，結果只是個土包子😂
雙語城市的第一步，歡迎大家空中收聽，做一顆既有料又有國際觀的雙料包子！

#有料的本土包子
#FM943",7791,189,"['FM943', '有料的本土包子']"
77,2019-02-16 12:10:58,"-
非常感謝任達華先生為高雄推廣醫療觀光，聽說任達華先生比我大兩歲，說也奇怪，髮量的部份怎麼會差這麼多呢🤔
#任達華
#高雄醫療觀光
#跟帥哥比還是你比我帥",12333,251,"['任達華', '高雄醫療觀光', '跟帥哥比還是你比我帥']"
78,2019-02-14 22:09:49,"-
這是我在高雄市府的第一個西洋情人節，依照我過去的經驗，約會吃飯吃太快，或是唱軍歌可能都不太妥當，以上供參🤣
（唱軍歌追女孩子真的不建議，除非她是一位最特別的）
#開個小玩笑
#情人節快樂",17785,494,"['開個小玩笑', '情人節快樂']"
79,2019-02-13 22:47:21,"-
這裡粉絲比較少，所以我偷偷在這分享給各位好朋友我的喜悅。
今天坐上直升機，從立體的角度發掘愛河流域的問題及潛力，而當然，愛情摩天輪、愛情產業鏈也是此行的重點，考量了許多因素，目前有6處地點正在評估，真的沒有在開玩笑啦！這個好消息一定要分享給各位！未來的愛河將不只是個景點，而是一段浪漫的愛情故事💕
#高雄愛河
#愛情產業鏈
#打造高雄全台首富",13566,567,"['高雄愛河', '打造高雄全台首富', '愛情產業鏈']"
80,2019-02-12 18:35:38,"-
📚市長推薦-每月一書📚
第一本我推薦給各位好朋友《嚴長壽-在世界地圖上找到自己》。
鼓勵市民每月閱讀一本好書，一起營造書香城市，用閱讀改變城市的心。
#嚴長壽
#在世界地圖上找到自己
#市長每月一書推薦
#khbooks",5287,166,"['khbooks', '嚴長壽', '市長每月一書推薦', '在世界地圖上找到自己']"
81,2019-02-09 14:22:58,"-
跟著大小米糠一起練龜息大法🐢
#啊今天開工了
#再讓我瞇個眼",13036,399,"['啊今天開工了', '再讓我瞇個眼']"
82,2019-02-06 13:08:21,"-
過年大家都在做什麼呢？歡迎跟我分享🧧🀄️🎲
#刮刮樂
#麻將
#骰子
#豬咪嚕",7085,232,"['豬咪嚕', '骰子', '刮刮樂', '麻將']"
83,2019-02-01 23:36:59,"-
原來這才是正港的Q版韓國瑜！
#新年快樂
#Q版韓國瑜
#撞衫
#迎接連假 （圖片來源：網友提供&中時電子報）",11851,224,"['Q版韓國瑜', '迎接連假', '新年快樂', '撞衫']"
84,2019-01-29 17:13:09,"-
謝謝每個支持者獨一無二的禮物，連辦公室裡的小編看到都想跟我搶🤣
#財神到
#新年快樂
#不要跟我搶",8582,187,"['不要跟我搶', '新年快樂', '財神到']"
85,2019-01-25 17:50:50,"-
當上市長之後有很多需要學習，例如怎麼跟米糠一樣可以睡很飽😪
#米糠你到底在累什麼",9634,346,['米糠你到底在累什麼']
86,2019-01-24 17:21:34,"-
這不是韓國魚，是永安的石斑魚🐟

#韓大廚做年菜
#高雄在地食材",10313,135,"['高雄在地食材', '韓大廚做年菜']"
87,2019-01-21 10:54:33,"-
好像沒有辦法當什麼香蕉哥哥、蘋果姊姊，但會認真當各位小朋友靠山的禿頭伯伯👴🏼
#禿頭伯伯
#願你平安長大
#為你建築未來",14556,411,"['願你平安長大', '為你建築未來', '禿頭伯伯']"
88,2019-01-05 20:58:20,"-
米糠跟他表哥一樣，人氣都比我高！
#不知道我在說什麼的快去看直播
#新朋友
#柴犬",12863,279,"['柴犬', '不知道我在說什麼的快去看直播', '新朋友']"
89,2019-01-01 01:53:25,"-
2019新年第一吻💋
#獻給老婆大人
#十足害羞
#HappyNewYear",12405,218,"['十足害羞', 'HappyNewYear', '獻給老婆大人']"
90,2018-12-29 20:45:34,"-
猜猜我是誰！
#背殺",8356,307,['背殺']
91,2018-12-27 19:21:32,"-
船長下令啟航！
（OS：好高好可怕😱）
#107年資訊月",6502,164,['107年資訊月']
92,2018-12-26 23:35:22,"-
上班第一天💼
#不積跬步無以至千里",16955,683,['不積跬步無以至千里']
93,2018-12-14 18:58:56,"-
就決定是你了！高雄人！
#出來吧邁邁
#皮卡皮卡",21589,1132,"['出來吧邁邁', '皮卡皮卡']"
94,2018-12-13 17:26:49,"-
真的非常認真在品嚐，沒想到被偷拍了😅
#試吃
#高雄ㄟ讚風味小吃宴
#在地美食
#拼經濟打頭陣",11221,155,"['在地美食', '拼經濟打頭陣', '高雄ㄟ讚風味小吃宴', '試吃']"
95,2018-12-01 17:59:02,"-
隆重登場！是「轟」動武林的白玉苦瓜✨

#誰說傻傻分不清楚
#瓜瓜節
#最好吃的就在杉林區",11068,179,"['誰說傻傻分不清楚', '瓜瓜節', '最好吃的就在杉林區']"
96,2018-11-13 14:25:03,"-
不多說了！就是默契、默契☝🏼
#倒數11天
#今天通關密語了嗎",13279,948,"['今天通關密語了嗎', '倒數11天']"
97,2018-11-08 13:14:34,"-
不入虎穴「焉知神威」，還真的有電，但是我是真心選擇世堅兄的啊⚡️
#被電到了
#嚇到我了",6812,156,"['被電到了', '嚇到我了']"
98,2018-10-27 14:44:47,"-
人是英雄錢是膽，我希望將這城市打造成為青年的後盾，讓你們能無後顧之憂的向前行。
#賣菜郎官方競選影片1
#青年創業

Youtube 🔍韓國瑜競選團隊",6112,297,"['賣菜郎官方競選影片1', '青年創業']"
99,2018-10-12 22:52:46,"-
米魯啊！你就是開拍前一直吃，才會直播時一直睡啊！看得我盯著眼前滷味也直流口水🤤
#米魯柴犬財犬
#神秘保哥滷味",6020,200,"['米魯柴犬財犬', '神秘保哥滷味']"
100,2018-10-09 19:37:06,"-
究竟我們會不會打起來呢？
#禿頭菜販PK飆捍館長
#放馬過來",4994,139,"['放馬過來', '禿頭菜販PK飆捍館長']"
101,2018-10-08 16:37:15,"-
鄉親們夠熱情，所以一瓶水就夠了💦
#就是要乾淨的選舉
#因為不是流氓
#所以我可以喝水
（小編os：那我也要喝水)",4033,100,"['因為不是流氓', '就是要乾淨的選舉', '所以我可以喝水']"
102,2018-10-04 22:53:31,"-
夜黑黑，我與玉琳兄在愛河旁到底聊些什麼呢🤔

#賣菜郎與威廉沈
#要蓋在哪裡
#敬請期待",3711,100,"['敬請期待', '要蓋在哪裡', '賣菜郎與威廉沈']"
103,2018-09-28 16:42:01,"-
東西賣得出去，人進得來，高雄發大財！

這首支持者創作的rap大家都聽過了嗎？歌詞裡面竟還隱藏很多我的相關政見！🤭🤭🤭
#Rap
#高雄發大財 
#好人才永遠不嫌多",3045,89,"['高雄發大財', 'Rap', '好人才永遠不嫌多']"
104,2018-09-24 19:55:43,"-
今天化身為玉兔，與月圓一同發光。
祝大家中秋愉快🐰

#禿子跟月亮齊發光 
#誰比較亮我們見真章",2027,43,"['誰比較亮我們見真章', '禿子跟月亮齊發光']"
105,2018-09-21 09:28:26,"-
非常的單純，「就是要一顆高麗菜。」我跟年輕設計師這麼說。不忘與基層永遠站在一起，既是我發源的根也是我不變的初衷。

#官方主視覺
#斗笠和高麗菜
#賣菜郎CEO
#複雜的腦單純的心純粹的設計",1870,59,"['斗笠和高麗菜', '複雜的腦單純的心純粹的設計', '賣菜郎CEO', '官方主視覺']"
106,2018-09-17 22:16:39,"-
米魯出場總是搶盡版面，好在還有中鋼月餅讓我惦惦吃。

#惦惦吃三碗公
#蔬菜韓PK柴犬米魯",3290,52,"['蔬菜韓PK柴犬米魯', '惦惦吃三碗公']"
107,2018-09-11 16:28:55,"-
今天一定要跟大家推薦我的愛牌牙刷🚰
儘管親朋好友都不太理解，但每次我到福利社都絕對要大把大把的買來囤積！

#蔬菜韓大力推薦
#牙刷乾淨不蛀牙",3142,107,"['蔬菜韓大力推薦', '牙刷乾淨不蛀牙']"
108,2018-09-08 15:05:13,"-
化身中秋傳說中的吳剛與活潑的小玉兔們返本歸真，預祝中秋🎑

#化身吳剛韓
#用愛灌溉中秋
#中秋佳節快樂",1959,26,"['化身吳剛韓', '用愛灌溉中秋', '中秋佳節快樂']"
109,2018-09-04 20:15:51,"-
今天上節目巧遇宅神朱學恆，突然就來個直播！叫我cosplay一拳超人，我先來搜尋一下這是什麼🤔

#雞排危機
#蔬菜韓與一拳超人",2688,66,"['雞排危機', '蔬菜韓與一拳超人']"
110,2018-09-03 23:41:04,"-
高雄絕對稱得上是美食天堂！以前大人總說「能吃就是福」，所以說，高雄人是幸福的，而能在這城市服務的我，也是幸福的☺️
#蔬菜韓
#美食天堂
#高雄
#下一鍋水煎包",2745,58,"['蔬菜韓', '美食天堂', '下一鍋水煎包', '高雄']"
111,2018-09-01 14:43:17,"-
行得正、走得直、坐得端！
選舉不要塗黑色油漆，透明磊落才是為人之道！

#蔬菜韓哲學
#黑色與白色油漆",2444,56,"['蔬菜韓哲學', '黑色與白色油漆']"
112,2018-08-25 21:26:12,"-
水患來得快，短短兩天內，高雄各區已是災情慘重。
希望在外縣市的年輕朋友，打個電話回家，問候爸爸媽媽、阿公阿嬤。

也在這裡，敬祝各位雨天一切平安。

#高雄 #水災 #注意安全",2552,42,"['注意安全', '高雄', '水災']"
113,2018-08-22 12:28:12,"-
高雄美食豐富，如果宅神朱學恆要請雞排，記得要用本地雞排，配樺達奶茶！

#高雄美食 
#雞排 #樺達奶茶 
#午餐
（小編註：大家午餐還是要吃健康一點啦）",1960,31,"['樺達奶茶', '午餐', '高雄美食', '雞排']"
114,2018-08-19 19:31:00,"-
今日在國民黨全代會與各縣市參選人一起揮棒、打氣！⚾️
#打擊出去
#姿勢100
#其實我更會打撞球",1618,41,"['其實我更會打撞球', '姿勢100', '打擊出去']"
115,2018-08-17 13:28:45,"-
小豬撲滿幾乎是每個人小時候的記憶，一點一點的存，積少成多，必定會有美好的收穫。

#積沙成塔
#豬我們好運
#打造高雄全台首富",1738,22,"['豬我們好運', '打造高雄全台首富', '積沙成塔']"
116,2018-08-13 12:31:32,"-
前天的直播，有幸邀請到一個可愛的小嘉賓。
真的很乖，但是一直睡著。

#柴犬 #直播
#丹丹漢堡 #寶路 
#快去臉書看米魯",1794,37,"['快去臉書看米魯', '寶路', '直播', '柴犬', '丹丹漢堡']"
117,2018-08-10 21:20:26,"-
與我的南北發言人一起集氣！

#三個臭皮匠
#一個韓國瑜
#發言人宣布記者會",2060,30,"['一個韓國瑜', '發言人宣布記者會', '三個臭皮匠']"
118,2018-08-08 21:22:22,"-
有人說，母愛的體現常在於相聚，父愛的體現往往在於離別。

父親的愛如此沈默，卻如同深夜的明燈、巍峨的遠山，內斂而綿長。

您是一位兒女或是父親呢？我兩者都是，更加地瞭解了為人父的辛酸與欣慰。

今晚 21：00 會在臉書直播，親自致電為爸爸們送上祝福，歡迎加入我們！

在此先祝福肩負父職的您，父親節快樂！

#謝謝每個家庭中
#那位低調的超人
#誰又偷偷喊我岳父
#父親節快樂
#韓國瑜",1892,25,"['誰又偷偷喊我岳父', '那位低調的超人', '謝謝每個家庭中', '父親節快樂', '韓國瑜']"
119,2018-08-07 18:42:47,"-
有幸得到郭常喜師傅傳授工法，磨了一把菜刀！

最強菜販功力大增，更有能力幫基層拚經濟了。

#茄萣區觀光市場
#郭常喜兵器藝術文物館
#高雄之光",1861,21,"['茄萣區觀光市場', '高雄之光', '郭常喜兵器藝術文物館']"
120,2018-08-06 20:33:03,"-
興達港觀光漁市是在地人採買海鮮的好去處，貨好、價格公正，又有笑咪咪的魚販和顧客。

太太最喜歡吃魚，下回帶她來，帶一隻回去讓做晚餐。

#興達港觀光漁市
#國瑜說
#韓國瑜
（小編os: 韓太太比較喜歡國瑜吧）",2105,29,"['興達港觀光漁市', '韓國瑜', '國瑜說']"
121,2018-08-05 09:48:47,"-
俗話說：筋長一寸，壽長十年。

大家週末愉快！百忙之中也要適度活絡筋骨，不但可以消除身體酸痛，也可以舒緩心理壓力。 ⚠️純屬節目效果，好孩子不可以模仿！

#高美館
#告示牌好有創意
#禁鋼管表演
#韓國瑜",2434,39,"['高美館', '禁鋼管表演', '告示牌好有創意', '韓國瑜']"
122,2018-08-04 21:02:22,"-
謝謝劉宇盛總幹事陪我全程走訪林園三元殿！

劉老先生高齡98歲，依然辛勤地陪我上下樓梯，他擁有快40年的廟公生涯，對地方的關心與付出令我十分感佩！

我承諾如果擔任高雄市長，一定不忘初衷，努力為地方做出最大貢獻！

#全台最年長廟公
#自我勉勵
#盡心盡力
#不辭勞苦
#韓國瑜",1731,31,"['全台最年長廟公', '盡心盡力', '自我勉勵', '不辭勞苦', '韓國瑜']"
123,2018-08-01 18:06:51,"-
今天真的非常感動也衷心感激！北市議員參選人羅智強與游淑慧雪中送炭將公車廣告募款捐贈予我。

兩位都是第一次選舉，卻沒有把經費用在自己身上。 「願能讓高雄有春天！」是郝市長以及兩位議員對我的期待，我定抱著感恩的心，創造高雄奇蹟！

#希望公車募款計畫
#感恩的心感謝有你
#智強加游國瑜更強
#韓國瑜",1744,49,"['希望公車募款計畫', '智強加游國瑜更強', '感恩的心感謝有你', '韓國瑜']"
124,2018-07-30 11:21:12,"《與年輕人的一分鐘 - 3》
-
每個長輩可能都有個習慣，喜歡好為人師。但我依然希望各位朋友能參考所提的建議：培養雙母語，那是國際移動的必備工具；確立目標，迷茫的人多加嘗試也沒關係；廣結善緣，雞鳴狗盜有雞鳴狗盜的優點；打開心胸，徜徉於五湖四海。

追求伴侶不分人種，賺錢不分幣種，為什麼交友要區分呢？別讓無名的驕傲感將思想束縛，會無法客觀審視他人優點，應該多築路，人生視野會完全不同。

我經歷過許多曲折的人生，到了這個年紀，希望給你們有幫助的建議。雖然目前台灣的政經情勢不被看好，但相信你們只要做好準備，未來絕對充滿希望，真誠地祝福各位朋友起飛！

#世界領袖教育基金會 
#職場力戰鬥營 
#培養競爭力
#瑜你談話
#韓國瑜",1926,42,"['培養競爭力', '瑜你談話', '職場力戰鬥營', '世界領袖教育基金會', '韓國瑜']"
125,2018-07-28 15:27:32,"《與年輕人的一分鐘 - 2》
-
未來，各位朋友都可能在職場中展露頭角，擔任重要的幹部。屆時，希望能回想起我今日分享的這段經驗。

一陽破九陰，改革公司文化的方式有很多種。除了以自身的磊落與陽光來整肅不正之風、剷除積弊與奸邪欺瞞之事，也要注入正向的能量，使其內化。我們的責任不只在於風行草偃、以身作則，也要讓員工明白管理者對他們的重視。

因此，我在北農時，不但推動員工的孩童註冊費補助辦法，如影片所提，我也鼓勵員工的繼續教育。如此一來，員工感受到管理者的用心，管理者感受到組織的日趨積極，上下才會產生正向能量的循環。

#世界領袖教育基金會 
#職場力戰鬥營 
#變化組織氣質
#瑜你談話
#韓國瑜",1634,20,"['變化組織氣質', '瑜你談話', '職場力戰鬥營', '世界領袖教育基金會', '韓國瑜']"
126,2018-07-27 12:30:43,"《與年輕人的一分鐘 - 1》
-
我曾經跟你們同樣年紀，我當過警衛、軍人、記者、教師、議員、立委。

然而，從事政治活動久了，容易被這個環境制約。因為脫離基層與五花八門的世界，人會變得越來越乏味，且不自知。

我能跳脫出來反省與思考，是因為我在人生巔峰、一帆風順時，選擇急流勇退，什麼都不要。霎那間，如同將自己放到冰庫裡，開始回味人生百態，沈澱出自己的看法。

我們要掌握好人生的方向舵，即便需要很大的意志力與體力，但勢必能渡過各種挫折與挑戰。

#世界領袖教育基金會 
#職場戰鬥力營 
#人要有反省的能力
#瑜你談話
#韓國瑜",1849,56,"['瑜你談話', '人要有反省的能力', '世界領袖教育基金會', '韓國瑜', '職場戰鬥力營']"
127,2018-07-24 09:46:35,"-
微笑是世界上最美的臉，也是最親切的招呼。

我喜歡與高雄的鄉親朋友相處，因為他們總是面帶燦爛、溫暖的微笑。

這樣真心實意待人的居民、充滿人性光彩的城市是我們的驕傲。

#友善城市
#笑口常開
#韓國瑜",2049,58,"['友善城市', '韓國瑜', '笑口常開']"
128,2018-07-21 18:55:12,"-
人民的心聲不論再怎麼用心觀察，都比不上實際的接觸來得深刻體悟。

就像前些天嘴饞買個爆米花，老闆讓我充當個攤販一樣，每盛起一勺，都是茶米油鹽醬醋茶。

#走訪感悟
#民心思變
#韓國瑜",2368,66,"['走訪感悟', '民心思變', '韓國瑜']"
129,2018-07-18 21:51:23,"-
我表現得應該還行吧？
這是和阿樺媽媽一起完成的「泰式鮮蝦鳳梨
炒飯」與「火龍果莎莎松阪豬」，歡迎大家在家一起動手做看看。
多食用當季盛產的蔬果，可以幫助農民、幫助經濟、幫助自己！

#潛力股是我
#吃盛產水果能利人利己
#台灣水果丟系讚
#ㄚ樺媽媽的543廚房
#韓國瑜",2042,37,"['ㄚ樺媽媽的543廚房', '潛力股是我', '韓國瑜', '吃盛產水果能利人利己', '台灣水果丟系讚']"
130,2018-07-16 08:00:27,"-
謝謝好多朋友昨晚陪我看球賽，但是這個比賽結果⋯⋯
-
#我可能要繼續天天吃滷肉飯了
#沒關係
#享受跟大家看球的快樂
#才是重點",1532,25,"['沒關係', '我可能要繼續天天吃滷肉飯了', '享受跟大家看球的快樂', '才是重點']"
131,2018-07-11 21:30:57,"-
這是想抱抱的意思嗎？不愧是高雄，連雕像都好熱情！

#高雄美術館 
#大大的擁抱",2344,56,"['高雄美術館', '大大的擁抱']"
132,2018-07-11 21:28:07,"-
不知道職場力戰鬥營的年輕人們聽我嘮叨有沒有聽到睡著？

#職場經驗分享
#職場力戰鬥營 
#世界領袖教育基金會",2050,36,"['職場力戰鬥營', '職場經驗分享', '世界領袖教育基金會']"
133,2018-07-11 21:26:50,"-
聽說現在的年輕人都用哎居啊？讓我也加入吧！

#蔬菜韓
#哎居新手 
#請多多指教",5363,153,"['蔬菜韓', '請多多指教', '哎居新手']"
