,time,post_caption,likes,comments,tags
0,2019-12-09 19:19:11,"大家一起來桃園跨年！

#愛在桃園幸福美好
#我跟胡瓜像嗎
#浩角翔起
#郭書瑤
#謝金燕
#周湯豪
#SUPERJUNIOR-KRY
#桃園高鐵站前廣場一起倒數",1457,14,"['謝金燕', '愛在桃園幸福美好', '我跟胡瓜像嗎', 'SUPERJUNIOR', '桃園高鐵站前廣場一起倒數', '浩角翔起', '周湯豪', '郭書瑤']"
1,2019-12-07 11:02:48,"大家早安！起來動一動吧！

#健走前先暖身
#跳起來跳起來
#桃園市工業會
#石門趴趴走
#大家注意保暖",735,21,"['石門趴趴走', '大家注意保暖', '桃園市工業會', '健走前先暖身', '跳起來跳起來']"
2,2019-12-03 08:25:18,"嘿！吃早餐啊！

#愛妻早餐最好吃
#早餐就是要配四大報
#大家吃早餐了沒",1778,37,"['大家吃早餐了沒', '愛妻早餐最好吃', '早餐就是要配四大報']"
3,2019-11-28 18:21:36,"謝謝小朋友，你們的 #卡片 太厲害了！

#拿去做表情貼圖
#很有藝術天份
#各種畫風都有
#桃捷非營利幼兒園
#桃園第19家
#市府企業手牽手
#幸福桃園",1511,24,"['各種畫風都有', '卡片', '拿去做表情貼圖', '桃捷非營利幼兒園', '很有藝術天份', '幸福桃園', '桃園第19家', '市府企業手牽手']"
4,2019-11-27 19:47:37,"2019 FireBallfest火球祭 太精彩了！

謝謝滅火器帶給桃園熱血感動的演出！

桃園也會繼續做傻瓜大聯盟的後盾！

#滅火器
#期待三年級
#FireBallfest火球祭",1110,10,"['期待三年級', 'FireBallfest火球祭', '滅火器']"
5,2019-11-26 20:51:02,"12/1（日）大家一起來桃園南北競總玩！

蔡英文總統、賴清德副總統候選人也會來喔！ 
@tsai_ingwen @william_chingte 
北區競選總部開幕
☞地點：桃園區大興西路三段、正光路口
14：30-18：00 兒童樂園
15：30-18：00 舞台活動 
南區競選總部開幕
☞地點：中壢區復興路、中央東路口（圖書館中壢分館前）
14：30-21：00 主題市集
18：00-20：30 舞台活動

#桃園南北競總成立
#帶小朋友來兒童樂園
#大小朋友來逛市集",656,5,"['桃園南北競總成立', '大小朋友來逛市集', '帶小朋友來兒童樂園']"
6,2019-11-26 19:11:06,"跟我一起動起來！

#蘆竹國民運動中心
#開始試營運
#即日起到12月16日免費體驗",1201,12,"['蘆竹國民運動中心', '即日起到12月16日免費體驗', '開始試營運']"
7,2019-11-23 21:24:18,"今天和新竹市 @lin_chihchien 智堅市長一起pk廚藝！

#你想吃哪一道
#新竹米粉摃丸節
#大溪豆干節
#新竹市動物園刈包
#ㄚ桃園哥刈包
#摃丸湯米粉都好吃",1582,15,"['新竹市動物園刈包', '大溪豆干節', 'ㄚ桃園哥刈包', '新竹米粉摃丸節', '摃丸湯米粉都好吃', '你想吃哪一道']"
8,2019-11-16 17:13:45,"應該多跟你拍照，都不用縮小腹。

#巧遇四叉貓
#打破顯瘦魔咒
#鄭運鵬立委競選總部
#2020台灣要贏 
#鄭文燦",1743,28,"['巧遇四叉貓', '鄭運鵬立委競選總部', '鄭文燦', '打破顯瘦魔咒', '2020台灣要贏']"
9,2019-11-15 20:53:17,"我從來沒有化過那麼妖豔的妝。

#AR試妝
#試完就知道要不要買
#皮膚不錯
#魔鏡啊魔鏡
#不用卸妝就可以去下個行程了
#桃機二航新免稅區",1533,28,"['試完就知道要不要買', 'AR試妝', '魔鏡啊魔鏡', '桃機二航新免稅區', '皮膚不錯', '不用卸妝就可以去下個行程了']"
10,2019-11-09 12:29:49,"跟我一起動起來！

#我沒有喘
#運動完繼續向前行
#慈善公益
#關懷社會
#扶輪傳愛公益路跑接力賽",1901,94,"['慈善公益', '我沒有喘', '運動完繼續向前行', '關懷社會', '扶輪傳愛公益路跑接力賽']"
11,2019-11-05 11:08:16,"帶隊騎直線7秒，合格！

#我這台怎麼不一樣
#gogoro
#蘆竹山外路
#人車道路更新
#坑子溪美景
#坑口 #山鼻",1890,31,"['我這台怎麼不一樣', '人車道路更新', 'gogoro', '坑口', '山鼻', '坑子溪美景', '蘆竹山外路']"
12,2019-11-02 18:07:35,"遇到一個小燦粉➡️被一根棒棒糖收買➡️可以來坐我旁邊

#燦粉認證
#妹妹帶了很多合照來
#謝謝妳的卡片
#仁美國中體育活動中心落成
#華德福教育 #楊梅
#被融化 
#鄭文燦",2138,25,"['燦粉認證', '楊梅', '仁美國中體育活動中心落成', '被融化', '鄭文燦', '妹妹帶了很多合照來', '謝謝妳的卡片', '華德福教育']"
13,2019-10-29 22:07:24,"一起為 #世界12強棒球 台灣隊加油！
@chia23_peng

#為教練選手打氣
#恰恰 #彭政閔
#前進東京奧運
#台灣加油
#最強後盾",2465,30,"['前進東京奧運', '台灣加油', '世界12強棒球', '恰恰', '最強後盾', '為教練選手打氣', '彭政閔']"
14,2019-10-23 16:03:14,"哥是有練過的！

#一日DJ
#動茲動茲
#桃音嗨起來
#桃園真D強",635,6,"['桃園真D強', '桃音嗨起來', '動茲動茲', '一日DJ']"
15,2019-10-21 19:46:45,"同一天演了 #羽球王子 和 #灌籃高手。

#什麼你說不像？
#我投第一球就進了
#有練過 
#觀音區
#新坡多功能場館啟用
#全運會熱血進行中
#進場挺全運
#鄭文燦",1832,30,"['羽球王子', '我投第一球就進了', '觀音區', '進場挺全運', '什麼你說不像', '灌籃高手', '鄭文燦', '全運會熱血進行中', '新坡多功能場館啟用', '有練過']"
16,2019-10-20 19:39:13,"眷村媽媽水餃，我要包10個！

#桃園眷村文化節
#自立社區
#包水餃
#裝備很齊全
#美好時光
#鄭文燦",1724,32,"['美好時光', '桃園眷村文化節', '自立社區', '裝備很齊全', '鄭文燦', '包水餃']"
17,2019-10-19 22:31:50,"#全國運動會 開幕，桃園熱烈歡迎全國選手！

#睽違20年
#全國運動會在桃園
#團結台灣
#選手加油
#進場挺全運
#自己人
#鄭文燦",1481,10,"['全國運動會', '選手加油', '自己人', '鄭文燦', '團結台灣', '全國運動會在桃園', '進場挺全運', '睽違20年']"
18,2019-10-17 23:57:20,"三連霸！桃園最強！

@lamigo_monkeys_official 
@lamigirls_official 
10號隊友們，週日封王遊行見！

#lamigo3peat
#三連霸
#2017 #2018 #2019
#中華職棒30年總冠軍",1684,8,"['中華職棒30年總冠軍', 'lamigo3peat', '三連霸', '2019', '2018', '2017']"
19,2019-10-17 22:01:36,"邁向三連霸！市府廣場的最強 #應猿！

#桃園最強
#Lamigo
#劉時豪滿貫砲
#林立三分砲
#陳俊秀三分砲
#林承飛紅不讓",973,12,"['陳俊秀三分砲', 'Lamigo', '桃園最強', '林立三分砲', '林承飛紅不讓', '劉時豪滿貫砲', '應猿']"
20,2019-10-16 15:18:48,"應景一下，我刻的南瓜不錯吧！

#觀音萬聖南瓜節
#觀音區蓮花園休閒農業區
#活動時間10月19日至11月3日",1537,23,"['觀音萬聖南瓜節', '活動時間10月19日至11月3日', '觀音區蓮花園休閒農業區']"
21,2019-10-02 21:15:17,"歡迎今天小智市長來參觀農博！@lin_chihchien

#這是一個顯瘦的動作嗎
#桃園農業博覽會
#一起逛農博
#客家茶苑
#鄭文燦",2548,46,"['桃園農業博覽會', '這是一個顯瘦的動作嗎', '客家茶苑', '鄭文燦', '一起逛農博']"
22,2019-09-23 19:02:01,"有沒有人發現我身上的紀念徽章？

#新出爐燒燙燙的
#三心六線美好實現
#捷運綠線潛盾段動工
#機捷延伸線工程皆發包完成
#鐵路增設平鎮臨時站
#鄭文燦",1896,188,"['鐵路增設平鎮臨時站', '三心六線美好實現', '機捷延伸線工程皆發包完成', '新出爐燒燙燙的', '捷運綠線潛盾段動工', '鄭文燦']"
23,2019-09-16 18:00:03,"我這個人很簡單，有狗就給讚！

#海巡署海巡偵搜犬區隊基地今天揭牌
#位於桃園大園
#海巡偵搜犬
#守護豬豬靠牠們
#緝毒偵爆也靠牠們",1508,39,"['海巡署海巡偵搜犬區隊基地今天揭牌', '緝毒偵爆也靠牠們', '位於桃園大園', '守護豬豬靠牠們', '海巡偵搜犬']"
24,2019-09-13 22:25:53,"八塊厝是八德的舊稱，當年拓墾時代⋯⋯（下略500字）

#我還沒講完
#八德阮叨啦
#桃園地景藝術節
#藝遊八塊厝 #藝術走入生活
#大湳森林公園
#兒童美術館
#西坡陂塘生態公園
#溪濱公園 #中大公園
#鄭文燦",1590,25,"['藝遊八塊厝', '中大公園', '藝術走入生活', '桃園地景藝術節', '西坡陂塘生態公園', '溪濱公園', '我還沒講完', '八德阮叨啦', '大湳森林公園', '鄭文燦', '兒童美術館']"
25,2019-09-11 19:55:34,"和老長官 #蘇貞衝 聊到超過一小時，受益良多！

#yahoo鄉民大會
#揪郭子乾去吃羊肉爐
#有看直播的人才知道我的網路熱搜前十名
#還沒看過的人可以到我臉書看
#鄭文燦",1796,30,"['有看直播的人才知道我的網路熱搜前十名', '鄭文燦', '蘇貞衝', 'yahoo鄉民大會', '還沒看過的人可以到我臉書看', '揪郭子乾去吃羊肉爐']"
26,2019-09-09 18:34:56,"喔！這台看起來很厲害

#新式插秧機
#青農帶來農用無人機
#操作測試開始
#還好有順利降落
#桃園好米前進全國賽
#鄭文燦",1642,32,"['操作測試開始', '還好有順利降落', '桃園好米前進全國賽', '新式插秧機', '青農帶來農用無人機', '鄭文燦']"
27,2019-08-23 19:34:31,"燃燒脂肪！
還好我沒使出九陰白骨爪！

@ananpingtung @keelung_linyuchang 一起燃燒脂肪！動起來！

#成吉思汗健身房10/1開幕
#桃園盧廣仲開始運動
#別小看我的小腿肌
#我高中可是摔跤社的",3191,103,"['桃園盧廣仲開始運動', '成吉思汗健身房10', '我高中可是摔跤社的', '別小看我的小腿肌']"
28,2019-08-20 14:05:26,"謝謝仁善國小棒球隊的小朋友送我卡片！

#恭喜勇奪LLB世界少棒亞太區亞軍
#認真簽名寫下每一筆一劃
#大家很努力表現都很好
#和小球員們一起喊隊呼",1049,5,"['和小球員們一起喊隊呼', '大家很努力表現都很好', '恭喜勇奪LLB世界少棒亞太區亞軍', '認真簽名寫下每一筆一劃']"
29,2019-08-19 18:18:30,"大家來中壢夜市都吃什麼？🤤 #地瓜球
#蚵仔煎
#烤魷魚
#雞蛋糕
#排骨酥
#好吃好玩又好買",1572,35,"['雞蛋糕', '地瓜球', '蚵仔煎', '好吃好玩又好買', '排骨酥', '烤魷魚']"
30,2019-08-18 16:27:18,"可以不要玩偶的臉嗎？

#ㄚ昌伯控肉超好吃
#歡迎來觀音住民宿
#不要玩市長😂",2221,54,"['不要玩市長', 'ㄚ昌伯控肉超好吃', '歡迎來觀音住民宿']"
31,2019-08-11 19:57:46,"訪日行程很緊湊，要抓緊時間看資料。

#千葉縣 #友好城市 #城市外交
#成田市 #銚子市 #白井市 
#考察 #離岸風電 #長照設施
#拜訪日本僑界政界
#八景島水族館
#千葉縣美術館
#鄭文燦",1864,41,"['友好城市', '銚子市', '城市外交', '千葉縣美術館', '成田市', '拜訪日本僑界政界', '千葉縣', '長照設施', '鄭文燦', '白井市', '考察', '八景島水族館', '離岸風電']"
32,2019-07-30 17:56:40,"小朋友送我的新領帶，設計感十足！

#中壢中正社區公共托育家園今天開幕
#開放報名到8/9
#收托2歲以下兒童12位
#拚生育拚福利",1486,28,"['拚生育拚福利', '中壢中正社區公共托育家園今天開幕', '收托2歲以下兒童12位', '開放報名到8']"
33,2019-07-28 18:04:16,"為 #鐵玫瑰國際音樂節 暖身一下！

#清新玫瑰趴 
#C和弦走天下
#兩隻老虎
#來賓請掌聲鼓勵👏 
#今晚來聽歌
#鄭文燦",1038,30,"['兩隻老虎', 'C和弦走天下', '今晚來聽歌', '清新玫瑰趴', '鄭文燦', '來賓請掌聲鼓勵', '鐵玫瑰國際音樂節']"
34,2019-07-24 11:09:26,"我只有看，沒有吃。

#不能因為大福好吃就說桃園胖
#是我們桃園超棒
#挺桃園在地美食",2080,67,"['不能因為大福好吃就說桃園胖', '挺桃園在地美食', '是我們桃園超棒']"
35,2019-07-19 20:05:16,"今天有很多小小市長來參觀我的辦公室，看到桌上的公文，馬上說：「這比我的暑假作業還多！」 #小小市長體驗營
#我也給他們看五星級市長獎座
#大家都是五星級小小市長",1642,31,"['我也給他們看五星級市長獎座', '小小市長體驗營', '大家都是五星級小小市長']"
36,2019-07-18 10:15:01,"聽說Uber旗下推出的JUMP Bike很方便，來跟Youbike比一下！

#有人也騎過嗎
#一次就上手
#共享單車 #無樁式
#西雅圖Uber辦公室
#桃園Youbike很棒
#鄭文燦",1906,32,"['一次就上手', '桃園Youbike很棒', '無樁式', '西雅圖Uber辦公室', '共享單車', '鄭文燦', '有人也騎過嗎']"
37,2019-07-17 11:54:11,"一加一大於二，投資台灣，首選桃園！

#和我一起愛上桃園
#亞洲台灣商會聯合總會
#幸福經濟學",1876,35,"['亞洲台灣商會聯合總會', '幸福經濟學', '和我一起愛上桃園']"
38,2019-07-16 16:25:15,"拜會達拉斯市政府時，找到國旗🇹🇼簽下去！

#出訪即將返程
#回台灣 #sweethome 
#taoyuan
#houston #dallas #washingtondc #newyork #seattle 
#姐妹市交流 #經貿合作 #城市治理
#深耕交流台美共好 
#鄭文燦",1564,17,"['出訪即將返程', 'seattle', '城市治理', 'sweethome', '回台灣', 'newyork', '經貿合作', '深耕交流台美共好', 'houston', 'washingtondc', 'dallas', '鄭文燦', '姐妹市交流', 'taoyuan']"
39,2019-07-16 07:14:39,"不只是一日紐約客，還是一日總統府攝影師📸

@tsai_ingwen 
#總統府 #photography 
#hudsonriver 
#newyorker #part2
#manhattan 
#深耕交流台美共好
#鄭文燦",1458,17,"['photography', 'newyorker', 'hudsonriver', '總統府', 'part2', '鄭文燦', 'manhattan', '深耕交流台美共好']"
40,2019-07-15 11:31:55,"一日紐約客，哈德遜河上看自由女神像📷

#statueofliberty 
#newyorker
#manhattan 
#起個一大早
#深耕交流台美共好
#鄭文燦",1296,12,"['起個一大早', 'newyorker', '鄭文燦', 'manhattan', 'statueofliberty', '深耕交流台美共好']"
41,2019-07-13 13:07:03,"美國眾議院議長Nancy Pelosi在桃園市府的外交專書上簽名留念，並送我美國國會的大瓷碗。

最重要的是，要感謝Pelosi議長對台灣的長久支持，希望未來台美關係更好。

@speakerpelosi 
#美國眾議院
#台灣保證法
#台灣關係法40週年 
#深耕交流台美共好
#SelecttheUS
#PrioritizeTaiwan
#鄭文燦",990,14,"['SelecttheUS', '台灣關係法40週年', 'PrioritizeTaiwan', '美國眾議院', '鄭文燦', '台灣保證法', '深耕交流台美共好']"
42,2019-07-12 11:32:29,"準備去智庫演講，先補充一點熱量。 #lunchtime

#我知道你們很關心手上的麵包
#但請去看演講全文在臉書
#wilsoncenter 
#華府 #washingtondc 
#美國印太戰略下台灣民主的威脅與挑戰
#台灣走在正確道路上
#演講不緊張
#鄭文燦",2242,56,"['華府', '美國印太戰略下台灣民主的威脅與挑戰', 'lunchtime', 'washingtondc', 'wilsoncenter', '台灣走在正確道路上', '鄭文燦', '但請去看演講全文在臉書', '演講不緊張', '我知道你們很關心手上的麵包']"
43,2019-07-11 07:40:51,"這是達拉斯沃斯堡機場的消防演練，機場的特用消防車，1分鐘撲滅飛機火災。
-
桃園今年最新採購的「美洲豹」高效能化學車，出水效能強、射程長、滅火模式多，是我們的救災利器。

#DFW
#pantherfiretruck
#消防車界變形金剛
#桃園國際機場也有
#化學高污工廠救災
#挺消防設備
#鄭文燦",1294,21,"['化學高污工廠救災', 'DFW', '鄭文燦', '桃園國際機場也有', '挺消防設備', '消防車界變形金剛', 'pantherfiretruck']"
44,2019-07-09 22:46:31,"人類上世紀最偉大的冒險，就在這間控制室裡發生。
- 
波音747改裝而成的太空梭運輸機NASA 905，以及「獨立號」。 #houstonnoproblem 
#Johnsonspacecenter 
#IndependentPlaza
#missioncontrol
#台美共好
#鄭文燦",1796,18,"['Johnsonspacecenter', '台美共好', 'IndependentPlaza', 'missioncontrol', 'houstonnoproblem', '鄭文燦']"
45,2019-06-25 21:34:47,"桃竹竹苗，一起推觀光！

#智堅說我們戴了帽子都更年輕
#穆斯林帽子
#我戴起來還不錯吧
#穆斯林友善環境聯盟
#桃竹竹苗區域治理平台
#鄭文燦",1869,39,"['穆斯林帽子', '智堅說我們戴了帽子都更年輕', '我戴起來還不錯吧', '鄭文燦', '穆斯林友善環境聯盟', '桃竹竹苗區域治理平台']"
46,2019-06-23 20:20:08,"與鯊共舞 #超配合表演

#全國戶政日 #績優戶政人員頒獎
#楊梅區公所 績優戶政機關楷模
#桃園人口成長 #戶政很給力
#為民服務 #數位戶政
#鄭文燦",1401,46,"['超配合表演', '楊梅區公所', '桃園人口成長', '為民服務', '績優戶政人員頒獎', '全國戶政日', '數位戶政', '鄭文燦', '戶政很給力']"
47,2019-06-22 13:46:01,"夏天就是要吃芒果🥭🥭 #我吃一顆而已

#臺南國際芒果節
#台南 #芒果故鄉 #甜蜜
#愛文 #玉文 #金煌 
#檨仔 #芒果冰 #芒果青 
#市長共同推薦
#鄭文燦 #黃偉哲
@weiche946",1659,36,"['芒果故鄉', '黃偉哲', '愛文', '台南', '檨仔', '芒果冰', '金煌', '芒果青', '我吃一顆而已', '鄭文燦', '市長共同推薦', '臺南國際芒果節', '甜蜜', '玉文']"
48,2019-06-21 21:49:30,"社宅起飛，我的頭髮也跟著飛起來。

#中壢一號社會住宅開工
#中壢第一座社宅
#全力推動社宅
#挺年輕人
#社宅準點車
#頭髮衝起來
#社宅蓋起來",1684,39,"['社宅準點車', '社宅蓋起來', '全力推動社宅', '頭髮衝起來', '挺年輕人', '中壢第一座社宅', '中壢一號社會住宅開工']"
49,2019-06-06 22:43:55,"今天請到新住民老師，直播介紹不同國家的包粽方法！

#端午節 #包粽子 #記得立蛋
#越南粽 #泰國粽
#燦哥秒回 #臉書直播 
#我喜歡北部粽 #油油的好吃
#龍潭歸鄉文化節6/7到6/9 #划龍舟 #龍潭大池 #Hakka音樂會
#鄭文燦",1227,15,"['Hakka音樂會', '越南粽', '記得立蛋', '泰國粽', '端午節', '臉書直播', '划龍舟', '油油的好吃', '鄭文燦', '包粽子', '燦哥秒回', '我喜歡北部粽', '龍潭歸鄉文化節6', '龍潭大池']"
50,2019-06-06 17:36:08,"與特勤部隊尬一段，我體力還行啦

#鄭文燦
#陸特戰力強
#端午節快樂
#留守辛苦了
#報告蘇院長我腳有在動
@eballgogogo",1218,31,"['陸特戰力強', '留守辛苦了', '報告蘇院長我腳有在動', '鄭文燦', '端午節快樂']"
51,2019-06-02 22:31:48,"誰說我沒有認真騎？ #來臉書看直播就知道

#直播大解密 #綠幕
#世界自行車日
#南崁溪 #老街溪 #大漢溪
#龍潭大北坑 #新屋綠色隧道
#單車景點一次介紹
#燦哥秒回
#鄭文燦",1550,36,"['龍潭大北坑', '新屋綠色隧道', '老街溪', '南崁溪', '大漢溪', '綠幕', '來臉書看直播就知道', '單車景點一次介紹', '燦哥秒回', '鄭文燦', '直播大解密', '世界自行車日']"
52,2019-06-01 13:27:24,"今年我參加的第一個畢業典禮，來張自拍！

#武陵高中
#昂首闊步武陵人
#市長獎
#高中所交的好朋友
#一輩子的好朋友
#青春最大
#鵬程萬里
#燦哥",1683,27,"['燦哥', '一輩子的好朋友', '青春最大', '鵬程萬里', '市長獎', '高中所交的好朋友', '昂首闊步武陵人', '武陵高中']"
53,2019-05-24 17:24:14,"真愛都應該被祝福，人人都有追求幸福的權利。

#loveislove
#loveisequal
#好閃
#恭囍
#524520",1673,21,"['524520', 'loveisequal', '恭囍', '好閃', 'loveislove']"
54,2019-05-10 18:56:00,"祝福媽媽們，母親節快樂！

#HappyMothersDay
#母親節 #媽媽與我
#不是我畫的 #自然捲很明顯
#回家吃飯 #打電話 #說聲我愛您
#溫馨五月 #謝謝媽媽
#鄭文燦",1098,13,"['媽媽與我', '自然捲很明顯', '打電話', '母親節', '回家吃飯', '不是我畫的', '溫馨五月', '謝謝媽媽', '鄭文燦', 'HappyMothersDay', '說聲我愛您']"
55,2019-05-09 18:32:51,"吃飯還能捕捉到市長出沒！

#驚不驚喜意不意外
#華泰名品城 全區開幕
#青埔亮點 #購物 #逛街 #餐廳
#橫山書法藝術館 今年也將營運
#鄭文燦",1220,26,"['華泰名品城', '購物', '青埔亮點', '餐廳', '逛街', '橫山書法藝術館', '鄭文燦', '驚不驚喜意不意外']"
56,2019-05-05 18:11:05,"今天來參加公益投籃活動，看我瞄準投籃！

#賽事募款捐衛福部北區兒童之家
#2019年議員公益盃
#桃園國民運動中心
#罰球準才捐得多",941,18,"['罰球準才捐得多', '2019年議員公益盃', '桃園國民運動中心', '賽事募款捐衛福部北區兒童之家']"
57,2019-04-30 09:44:02,"今天是 #國際不打小孩日，#零體罰，落實每一天。

#偷襲過我的小朋友
#曬一張巧遇照
#說好不打臉
#觀音區托嬰中心
#草漯國小活動中心
#用溝通代替處罰
#打勾勾不打小孩",1677,30,"['說好不打臉', '零體罰', '偷襲過我的小朋友', '草漯國小活動中心', '曬一張巧遇照', '國際不打小孩日', '用溝通代替處罰', '觀音區托嬰中心', '打勾勾不打小孩']"
58,2019-04-26 09:02:39,"早安！到平鎮國中走走，肚子餓了先到隔壁的和平市場吃麵麵。
🍜🍜🍜
#身為一個煮麵達人四處吃麵是很合理的
#不只我一個人吃請不要誤會
#台式早餐最棒
#鄭文燦",2074,82,"['鄭文燦', '台式早餐最棒', '不只我一個人吃請不要誤會', '身為一個煮麵達人四處吃麵是很合理的']"
59,2019-04-22 16:36:51,"早上路過南門市場，頭家提醒我：愛多呷菜喔！

#鄭文燦
#南門市場
#南門市民活動中心啟用
#停車場也新開幕
#買菜停車好方便
#有閒來坐",1116,15,"['停車場也新開幕', '買菜停車好方便', '南門市場', '南門市民活動中心啟用', '鄭文燦', '有閒來坐']"
60,2019-04-21 14:53:02,"行程中的空檔來壢小森林故事館喝杯咖啡☕️ 寧靜的文藝空間，適合大朋友小朋友在假日一起來走走😊

#鄭文燦
#再忙也要陪你喝杯咖啡
#我個人偏好無糖熱美式
#壢小故事森林
#我也可以是文青",1273,11,"['壢小故事森林', '再忙也要陪你喝杯咖啡', '我也可以是文青', '鄭文燦', '我個人偏好無糖熱美式']"
61,2019-04-15 17:48:13,"#潑水節 開戰時刻

#潑水代表除厄運迎接幸福
#被潑到人海茫茫
#龍岡米干節
#連續三個週末 4/13-4/28
#龍岡大操場 歡迎來玩
#火把節 #目腦縱歌狂歡節
#幸福經濟學
#鄭文燦",745,18,"['連續三個週末', '潑水節', '被潑到人海茫茫', '幸福經濟學', '火把節', '龍岡大操場', '龍岡米干節', '目腦縱歌狂歡節', '鄭文燦', '潑水代表除厄運迎接幸福']"
62,2019-04-12 19:02:57,"介紹一個好朋友：嘟嘟園長
他是桃園的環境教育大使！

#一日吉祥物 #環保再生衣
#這不是多啦A夢 #雖然也有口袋
#簡單生活實驗室主題展
#在中壢銀河廣場
#環保 #永續 #環境教育
#鄭文燦",1175,23,"['簡單生活實驗室主題展', '在中壢銀河廣場', '環境教育', '環保', '永續', '雖然也有口袋', '鄭文燦', '一日吉祥物', '環保再生衣', '這不是多啦A夢']"
63,2019-04-04 15:38:18,"在馬桶上讀書最享受了！
🚽🚽🚽
#現在都在滑手機
#南崁兒童藝術村
#快來南崁小書店坐馬桶
#兒童節快樂
#鄭文燦",1434,38,"['現在都在滑手機', '南崁兒童藝術村', '快來南崁小書店坐馬桶', '鄭文燦', '兒童節快樂']"
64,2019-04-01 16:58:29,"你知道嗎？每拉8下TRX，就能瘦1公斤。

#愚人節 #嗚嗚
#平鎮國民運動中心 開始試營運
#划船 #這個動作練背
#TRX #游泳池 #健身房
#飛輪結合AR擴增實境
#特色武術教室
#鄭文燦",1180,38,"['游泳池', '特色武術教室', '愚人節', '飛輪結合AR擴增實境', '這個動作練背', '鄭文燦', 'TRX', '划船', '平鎮國民運動中心', '健身房', '嗚嗚']"
65,2019-03-31 23:12:31,"在 #興光堡壘 練團
誰會轉鼓棒？來教一下

#秀一手 #練團室
#興光堡壘青藝聚落開幕囉
#開會表演場地都來這
#桃園區大興西路與正光街口

#青年抬頭節 #TITLE
也逛逛 #G10貨櫃市集
#桃園青年體驗園區 4月營運
#鄭文燦",1053,24,"['興光堡壘', '秀一手', '青年抬頭節', 'G10貨櫃市集', 'TITLE', '興光堡壘青藝聚落開幕囉', '桃園區大興西路與正光街口', '鄭文燦', '練團室', '開會表演場地都來這', '桃園青年體驗園區']"
66,2019-03-23 19:20:19,"桃園加油！Lamigo 桃猿隊三連霸！

#CONQUER
#征服
#帥氣棒球外套
#中華職棒開幕戰
#桃園國際棒球場
#桃園最強
#中華職棒30年
#Lamigo
#鄭文燦",781,10,"['中華職棒開幕戰', 'Lamigo', '桃園最強', '中華職棒30年', '桃園國際棒球場', '鄭文燦', '帥氣棒球外套', '征服', 'CONQUER']"
67,2019-03-20 19:07:36,"今天，我和蔡英文總統 @tsai_ingwen在總統府，一起恭喜桃猿 @lamigo_monkeys_official 2018總冠軍，今年繼續挑戰三連霸！

#換我當靈魂攝手
#Lamigo #中職總冠軍 #二連霸
#桃園最強 #棒球 #總統府
#10號隊友 #鄭文燦",1795,27,"['棒球', 'Lamigo', '10號隊友', '桃園最強', '換我當靈魂攝手', '中職總冠軍', '二連霸', '總統府', '鄭文燦']"
68,2019-03-15 19:52:26,"來來來，球來就打！

#啊太大力 #HOMERUN
#A19 #桃園體育園區站
#桃園最強 #桃園捷運 #Lamigo 
#中華職棒30週年
#棒球主題車站 #站內拍照打卡tag送鑰匙圈
#桃園國際棒球場
#鄭文燦",1241,54,"['站內拍照打卡tag送鑰匙圈', '啊太大力', '桃園捷運', 'HOMERUN', '桃園最強', 'A19', 'Lamigo', '中華職棒30週年', '桃園國際棒球場', '棒球主題車站', '鄭文燦', '桃園體育園區站']"
69,2019-03-08 15:12:14,"一進門看到桌上一顆鱷魚頭，嚇我一跳
🐊
#佛羅里達鱷魚很多
#聯邦眾議員TEDYOHO
#tedyoho #floridacrocodile #florida 
#台灣之友 #鄭文燦
#國門之都台美之橋",1181,22,"['國門之都台美之橋', 'tedyoho', 'florida', '聯邦眾議員TEDYOHO', 'floridacrocodile', '台灣之友', '鄭文燦', '佛羅里達鱷魚很多']"
70,2019-03-07 09:24:06,"應網友要求 @stupidsheep003 
#shakeshake
#一個吃不飽可以吃兩個
#想念牛肉麵跟魯肉飯
#西裝還扣得起來
#華盛頓 #鄭文燦 #國門之都台美之橋",2599,107,"['想念牛肉麵跟魯肉飯', '華盛頓', 'shakeshake', '一個吃不飽可以吃兩個', '鄭文燦', '西裝還扣得起來', '國門之都台美之橋']"
71,2019-03-06 21:42:46,"聯邦眾議員Brad Sherman：「我想我用不到，所以這把梳子送你」
@congressmansherman “You have better use for it than I do.”
👴🏻👴🏻👴🏻
#不小心笑得太開心了
#據說選舉送了25萬支
#蘇院長可以參考
#台灣旅行法的推手
#台灣之友 #friendoftaiwan #bradsherman #蘇貞昌 #國門之都台美之橋",2018,51,"['不小心笑得太開心了', 'bradsherman', '台灣旅行法的推手', '台灣之友', '蘇院長可以參考', '據說選舉送了25萬支', 'friendoftaiwan', '國門之都台美之橋', '蘇貞昌']"
72,2019-03-05 22:03:36,"白宮限定版的KISSES巧克力，金字是川普總統的招牌簽名。
🇺🇸🇹🇼🇺🇸🇹🇼
#外面買不到 
#白宮 #Whitehouse #donaldtrump #KISSES #chocolate #鄭文燦
#國門之都台美之橋",1046,36,"['白宮', 'donaldtrump', 'chocolate', 'KISSES', 'Whitehouse', '鄭文燦', '外面買不到', '國門之都台美之橋']"
73,2019-03-02 12:36:32,"聖貝納迪諾郡郡監督Curt Hagman：「上次穿你送的球衣去釣魚，釣到這麼大一條！」
-
#所以球衣被裱起來了
#設計對白 #純屬虛構
#Sanbernardino 
#curthagman
#josiegonzales
#國門之都台美之橋
#客家 #球衣 #鄭文燦",1189,18,"['所以球衣被裱起來了', '純屬虛構', '設計對白', 'josiegonzales', 'curthagman', '球衣', '客家', '鄭文燦', 'Sanbernardino', '國門之都台美之橋']"
74,2019-03-01 14:41:42,"228這天，我下午在桃園蘆竹追思，晚上在美國洛杉磯參加音樂會。不管在哪，我們的心情是一樣的：願台灣民主自由長存，願這塊土地不會再流血。
-
#今年的228特別長
#感謝僑胞熱情接待
#時差 #鄭文燦 #洛杉磯 #台僑 #國門之都台美之橋",542,7,"['台僑', '感謝僑胞熱情接待', '時差', '鄭文燦', '洛杉磯', '國門之都台美之橋', '今年的228特別長']"
75,2019-02-22 11:58:17,"真愛，都可以獲得祝福。

讓我們的台灣用更大的包容心，理解差異、化解對立。

這個方案雖然無法讓各方都完全滿意。但是，在價值有所衝突、社會喧騰不已的時刻，能夠依照大法官會議釋憲的精神，照顧各方立場主張，走出一條往前走的路，這個方案應該是現階段最大的公約數。

春風徐來，讓陽光、雨露滋潤每一棵高低起伏小草。

#748
#loveislove
#loveisequal",1150,24,"['loveislove', 'loveisequal', '748']"
76,2019-02-14 17:06:32,"祝大家情人節快樂！

單身的朋友，不要緊張，這只是大年初十花束。

#玫瑰花美 #老婆最美麗
#情人節 #valentinesday
#還沒準備的現在還來得及
#大年初十 #2019桃園燈會
#鄭文燦",812,9,"['玫瑰花美', '2019桃園燈會', '大年初十', '老婆最美麗', 'valentinesday', '還沒準備的現在還來得及', '鄭文燦', '情人節']"
77,2019-02-11 18:51:08,"什麼？你說背影比較帥？ 
#新春團拜
#桃園迎向新時代
#開工大吉
#紅不讓 #HomeRun
#抬腿有架勢
#Taoyuan
#鄭文燦",937,14,"['抬腿有架勢', 'Taoyuan', '開工大吉', 'HomeRun', '紅不讓', '鄭文燦', '新春團拜', '桃園迎向新時代']"
78,2019-01-19 18:24:59,"今天是消防節，為消防弟兄姊妹掌聲！

#手上是正妹猛男筆記本
#兩位model現身
#119 #消防局成立20週年 
#桃園防災教育館 歡迎參觀
#給消防最大支持
#鄭文燦",659,6,"['兩位model現身', '桃園防災教育館', '119', '給消防最大支持', '鄭文燦', '手上是正妹猛男筆記本', '消防局成立20週年']"
79,2019-01-17 18:03:57,"愈騎愈穩重XD

#選舉會變瘦 #看有哪裡不一樣
#睿智的眼神
#身材可以變理想不能變
#10yearchallenge 
#鄭文燦
#跟風",1524,40,"['選舉會變瘦', '看有哪裡不一樣', '身材可以變理想不能變', '10yearchallenge', '跟風', '睿智的眼神', '鄭文燦']"
80,2019-01-02 12:10:46,"新年開工日，2019要比2018更加油，展開新的一頁！

#2019新年快樂 #回顧 #繼續加油 #桃園隊
#多元團結魅力 #幸福經濟學 #桃園市
#2018bestnine #鄭文燦",819,7,"['幸福經濟學', '桃園隊', '2019新年快樂', '繼續加油', '2018bestnine', '鄭文燦', '回顧', '多元團結魅力', '桃園市']"
81,2019-01-01 21:38:31,"新年第一天，與市民朋友一起，邁開腳步，每一步都走出希望！

#2019新年快樂 #元旦 #升旗加健走
#人口成長最快 #產業投資最多 #桃園繼續進步 
#鄭文燦",872,13,"['產業投資最多', '元旦', '桃園繼續進步', '升旗加健走', '2019新年快樂', '鄭文燦', '人口成長最快']"
82,2018-12-02 22:09:16,"好了喔，我的手最多只能彎成這樣。

#王老師投球小教室
#看我的伸卡球
#中職專業棒球訓練營
#三級棒球桃園第一
#王建民 #國球 #鄭文燦",1100,20,"['國球', '王老師投球小教室', '看我的伸卡球', '中職專業棒球訓練營', '鄭文燦', '王建民', '三級棒球桃園第一']"
83,2018-11-30 20:56:53,"喔這有點誇張。

#宵夜時間 #不能吃這個
#我只挖一口 #真的
#桃園購物節 即日起至12/3在桃園巨蛋
#鄭文燦 #Taoyuan",1178,48,"['真的', '宵夜時間', 'Taoyuan', '不能吃這個', '桃園購物節', '鄭文燦', '我只挖一口']"
84,2018-11-22 18:27:55,"昨天宵夜直播後，好多人問我今晚直播要幹嘛，我賣個關子，晚上2150臉書見！

#會做事連線
#天涼進補
#眼睛快要閉起來了
#不是宵夜是晚餐
#桃園5告讚 #選對人4年不一樣 #鄭文燦",553,24,"['桃園5告讚', '會做事連線', '天涼進補', '不是宵夜是晚餐', '鄭文燦', '選對人4年不一樣', '眼睛快要閉起來了']"
85,2018-11-22 13:26:57,"早上到興國市場拜票，有位老闆稱讚現在的老街溪很漂亮，「牟投你欸睏沒起」，謝謝肯定🙏

#妹妹可愛還是我可愛？
#倒數36小時
#桃園5告讚 #選對人4年不一樣 #鄭文燦",549,23,"['桃園5告讚', '選對人4年不一樣', '妹妹可愛還是我可愛', '倒數36小時', '鄭文燦']"
86,2018-11-19 18:40:31,"感謝新屋、觀音、大園鄉親，不畏風雨給我最大的鼓勵，我會更努力，桃園正好還要更好。

#我的字典裡沒有偏鄉
#明天早上十點半我們桃園見
#桃園5告讚
#選對市長4年不一樣
#鄭文燦",402,15,"['桃園5告讚', '選對市長4年不一樣', '明天早上十點半我們桃園見', '鄭文燦', '我的字典裡沒有偏鄉']"
87,2018-11-18 18:09:27,"❤️我會加油的！

#二話不說的擁抱
#連手都還沒握
#最溫暖的加油
#桃園5告讚 #選對市長4年不一樣 #中壢正好 #鄭文燦",374,9,"['桃園5告讚', '選對市長4年不一樣', '中壢正好', '二話不說的擁抱', '鄭文燦', '最溫暖的加油', '連手都還沒握']"
88,2018-11-15 23:51:54,"龍潭不僅不會被遺忘，我還會更努力打造龍潭成為客庄新亮點。

這四年龍潭已經蛻變：新龍潭行政園區、龍潭圖書分館暨鄧雨賢台灣音樂紀念館、高原交流道動工、龍潭大池大改造、石門水庫氣球嘉年華、菱潭街興創基地。龍潭正好，繼續更好！

5️⃣️ 5️⃣️ 5️⃣️ 5️⃣️ 5️⃣️ #龍潭正好
#桃園五告讚
#選對市長4年不一樣
#鄭文燦",335,11,"['龍潭正好', '桃園五告讚', '選對市長4年不一樣', '鄭文燦']"
89,2018-11-14 09:33:05,"早安楊梅！
四年來我到楊梅600次，投入許多建設：楊梅體育園區、展演中心、水資源回收教育中心，還有新的行政中心！楊梅正好，未來會更好！
⑤⑤⑤⑤⑤
#穿越層層肉林的問候
#第一第二大成三市場整修
#地景藝術節發現富岡
#桃園5告讚 #選對市長4年不一樣 #鄭文燦",355,6,"['桃園5告讚', '選對市長4年不一樣', '鄭文燦', '第一第二大成三市場整修', '穿越層層肉林的問候', '地景藝術節發現富岡']"
90,2018-11-12 12:44:22,"一早就到虎頭山走走，和舞蹈社的姐妹們一同熱舞。你們不要跳那麼快，等等我好嗎？ 
#跳舞好難
#老師說我肢體不協調
#人總不能事事都會嘛
#桃園5告讚 #選對市長4年不一樣 #鄭文燦",422,25,"['桃園5告讚', '選對市長4年不一樣', '跳舞好難', '老師說我肢體不協調', '鄭文燦', '人總不能事事都會嘛']"
91,2018-11-08 16:40:21,"握緊每一雙打拼的手，也讓我有機會再為桃園拼四年。

#鄭文燦
#市長選5號
#Taoyuan
#新明市場",375,14,"['市長選5號', 'Taoyuan', '新明市場', '鄭文燦']"
92,2018-10-28 19:45:47,"往新北 #會做事連線 晚會的路上，在7-11外面巧遇林智堅市長 @lin_chihchien！

#借廁所啦 #捕獲野生市長 #新北1定成功 #蘇貞昌 #鄭文燦 #林右昌 #林智堅",549,14,"['捕獲野生市長', '會做事連線', '林智堅', '新北1定成功', '借廁所啦', '鄭文燦', '林右昌', '蘇貞昌']"
93,2018-09-30 12:10:14,"「台鐵便當本舖」中壢火車站今日開賣！台鐵懷舊便當，現在中壢也吃得到！
-
#還有客家局和萬能科大研發的紅麴排骨雞腿排便當
#今天買便當送養樂多送完為止
#鄭店長今日營業額3000元
#鄭文燦",381,15,"['今天買便當送養樂多送完為止', '鄭店長今日營業額3000元', '還有客家局和萬能科大研發的紅麴排骨雞腿排便當', '鄭文燦']"
94,2018-09-19 15:03:41,"阿姨說，鏟子沒了沒關係，我還有Coach包！

#只有更狂沒有最狂
#922台茂B2有簽書會歡迎大家來
#Taoyuan #鄭文燦",290,5,"['Taoyuan', '922台茂B2有簽書會歡迎大家來', '只有更狂沒有最狂', '鄭文燦']"
95,2018-09-17 17:58:10,"好懷念！我在農家出生，小的時候常常坐在黎阿卡上，被拉著走好長一段路。
-
以前富岡是南桃園的米鄉，農忙之際，一輛輛載著米袋的板車「黎阿卡」在富岡車站穿梭，造就富岡老街的繁榮。
-
2018桃園地景藝術節9/14-9/30，從老街溪、青塘園到富岡，歡迎大家來玩！
✈️✈️✈️
#2018桃園地景藝術節 #地景藝術節 #老街溪 #富岡 #青塘園 #老城 #糧草徵收人 #鄭文燦",250,2,"['2018桃園地景藝術節', '糧草徵收人', '老街溪', '富岡', '老城', '青塘園', '地景藝術節', '鄭文燦']"
96,2018-09-16 14:55:44,"銅鑼灣只有一個浩南，那就是我，陳浩南。

全世界不相信你，我文燦相信你！

#黃金兄弟 #特映 #即將上映 #鄭伊健 #陳小春 #謝天華 #錢嘉樂 #林曉峰 #曾志偉 #星橋國際影城 #鄭文燦",256,5,"['即將上映', '特映', '陳小春', '錢嘉樂', '曾志偉', '鄭伊健', '謝天華', '林曉峰', '星橋國際影城', '黃金兄弟', '鄭文燦']"
97,2018-09-13 20:25:23,"有大家的參與，會讓地景藝術節更美麗！

#2018桃園地景藝術節 明天登場#taoyuanlandartfestival #楊梅富岡 #中壢老街溪 #中壢青塘園 #社區參與 #在地特色 #環境永續 #循環經濟 #鄭文燦",309,8,"['楊梅富岡', '2018桃園地景藝術節', '中壢青塘園', '中壢老街溪', 'taoyuanlandartfestival', '社區參與', '鄭文燦', '在地特色', '環境永續', '循環經濟']"
98,2018-08-30 19:58:46,"看了#周天成 、#戴資穎 的比賽，忍不住要來練一下！ 
#中壢國民運動中心開幕 #免費試營運中 #9月17日正式營運 #鄭文燦",275,1,"['戴資穎', '9月17日正式營運', '免費試營運中', '周天成', '鄭文燦', '中壢國民運動中心開幕']"
99,2018-08-26 22:38:57,"桃園的驕傲，台灣的驕傲！
#金牌的滋味
#歡迎亞運代表團光榮歸國
#翻滾吧男人
#李智凱 @gb029045 #江勝山 #蔡珈蓁 #黃毅芸 #台灣之光 #桃園之光  #鄭文燦",427,4,"['金牌的滋味', '歡迎亞運代表團光榮歸國', '台灣之光', '蔡珈蓁', '李智凱', '桃園之光', '鄭文燦', '黃毅芸', '翻滾吧男人', '江勝山']"
100,2018-08-17 20:02:19,"情人節的週末，我幫你想好了，來看場電影吧！
-
【2018電影生活節】
日期：8/18（六）- 8/19（日）
地點：桃園光影電影館、馬祖新村眷村文創園區
電影入場：現場排隊，免費入場

#電影生活節 #胡定一 #電影音效師 #謝森山 #手繪電影畫師 #桃園光影 #馬祖新村 #鄭文燦",287,3,"['謝森山', '電影生活節', '手繪電影畫師', '桃園光影', '胡定一', '馬祖新村', '鄭文燦', '電影音效師']"
101,2018-08-09 20:07:51,"今天我和林懷民老師來到桃園大廟上香， 祈求雲門舞集11日在藝文廣場的演出天公作美、平安順利。
-
《關於島嶼》
雲門舞集免費戶外公演
8/11（六）19：30@桃園藝文廣場
自由入場
-
#桃園睽違四年再次免費公演
#一起祈禱禮拜六好天氣
#林懷民 #雲門舞集 #關於島嶼 #鄭文燦",297,6,"['桃園睽違四年再次免費公演', '一起祈禱禮拜六好天氣', '關於島嶼', '林懷民', '雲門舞集', '鄭文燦']"
102,2018-08-08 22:20:10,"我不只是自己孩子的爸爸，也是桃園所有監護童的爸爸，每一次相處，都希望你們平安成長。

#市長爸爸 #感謝機構工作人員 #感謝寄養父母 #鄭文燦",226,7,"['市長爸爸', '感謝寄養父母', '感謝機構工作人員', '鄭文燦']"
103,2018-07-30 23:02:21,"「要不要穿穿看越南國服？」
「不要。」
- 
桃園新住民文化會館啟用，有展覽也有文化體驗，歡迎大家來玩！🇻🇳🇹🇭🇮🇩🇵🇭
- 
#現在小孩真有個性
#老桃園分局脫胎換骨
#XinChào #สวัสดี #Apakabar #Kumustaka #Vietnam #Thailand #Indonesia #Philippine #新住民文化會館 #新住民 #移工 #鄭文燦",193,4,"['新住民文化會館', '移工', 'สว', 'Kumustaka', '新住民', 'Apakabar', 'Thailand', '老桃園分局脫胎換骨', 'Indonesia', '鄭文燦', 'Vietnam', 'XinChào', '現在小孩真有個性', 'Philippine']"
104,2018-07-27 21:37:12,"J Team衝一點，別太龜！全體進攻世界冠軍！

#AWC傳說對決世界盃 #一起邁向世界舞台 #JTeam #傳說對決 #一日隊友 #Taoyuan
#鄭文燦",198,0,"['Taoyuan', '一日隊友', 'AWC傳說對決世界盃', '傳說對決', '一起邁向世界舞台', '鄭文燦', 'JTeam']"
105,2018-07-25 21:36:40,"有沒有發現我今天哪裡不一樣？
-
#絕對不是身材
#文青
#鄭文燦",205,16,"['鄭文燦', '文青', '絕對不是身材']"
106,2018-07-24 17:56:36,"我說要Give me five 你怎麼send tree pay
#甜蜜多一點負擔少一點
#觀音托嬰中心啟用
#Taoyuan
#鄭文燦",492,13,"['甜蜜多一點負擔少一點', '觀音托嬰中心啟用', 'Taoyuan', '鄭文燦']"
107,2018-07-23 17:52:34,"他們不是寵物，是我們的家人！
#看你吃我也餓了
#領養代替購買
#結紮代替撲殺
#桃園寵物友善專區開工
#Taoyuan 
#鄭文燦",265,5,"['看你吃我也餓了', 'Taoyuan', '領養代替購買', '鄭文燦', '桃園寵物友善專區開工', '結紮代替撲殺']"
108,2018-07-20 23:40:37,"今天和陳信安 @seanchen11 PK投籃，他投了3個3分，我投了5個0分。
🏀🏓️🏸️
#不愧是籃球國手
#跟著燦哥動滋動
#桃園國民運動中心現正營運中
#完整影片請見臉書
#陳信安 #莊佳佳 #宋語涵 #簡懿佳 @yichiachien  #鄭文燦 #桃園國民運動中心",200,3,"['完整影片請見臉書', '桃園國民運動中心', '莊佳佳', '跟著燦哥動滋動', '簡懿佳', '不愧是籃球國手', '宋語涵', '鄭文燦', '陳信安', '桃園國民運動中心現正營運中']"
109,2018-07-20 16:36:21,"據說吃到蘑菇會變大隻

#已經夠大隻了 
#今晚來運動 #桃園國民運動中心 #臉書直播
#大溪大禧 #桃園國際動漫大展 #這週末都有 #超級瑪利歐 #鄭文燦",225,5,"['大溪大禧', '桃園國民運動中心', '桃園國際動漫大展', '已經夠大隻了', '超級瑪利歐', '今晚來運動', '臉書直播', '這週末都有', '鄭文燦']"
110,2018-07-15 17:06:35,"我們都是台灣隊！
#桃園正好 
#Taoyuan 
#鄭文燦",217,3,"['桃園正好', 'Taoyuan', '鄭文燦']"
111,2018-07-08 19:39:18,"想說向帽子天后鳳飛飛致敬，幕僚說看起來比較像波爾茶先生...
#2018夏天想念飛飛 #鳳飛飛 #大溪 #波爾茶先生 #金車飲料也在桃園 #taoyuan #鄭文燦",204,7,"['大溪', '2018夏天想念飛飛', '波爾茶先生', '金車飲料也在桃園', '鄭文燦', 'taoyuan', '鳳飛飛']"
112,2018-07-07 00:20:59,"生日要過了，來看一下我的生日板板。

#回憶 #徐展元 #陳昌源 #周定洋 #生日快樂 #鄭文燦",164,6,"['徐展元', '陳昌源', '周定洋', '生日快樂', '回憶', '鄭文燦']"
113,2018-07-04 21:35:01,"市長：小朋友，要當五星級市長，第一件事情就是每天都要六點起床喔！
小小市長：蛤～～～～～
#誰在偷摸獎盃
#小小市長來參訪 
#鄭文燦",172,3,"['鄭文燦', '小小市長來參訪', '誰在偷摸獎盃']"
114,2018-07-03 20:51:26,"謝謝可口可樂替我和畢書盡 @official_bii 慶生，也祝可口可樂在台灣50週年生日快樂！
-
#原來我和Bii的生日只差一天
#黃子佼不要再叫我唱歌了 @mickey1972330 
#可口可樂在桃園
#可口可樂 #畢書盡 #黃子佼 #鄭文燦",241,3,"['畢書盡', '可口可樂', '黃子佼不要再叫我唱歌了', '原來我和Bii的生日只差一天', '可口可樂在桃園', '鄭文燦', '黃子佼']"
115,2018-07-02 16:52:48,"昨天參加滑板長板委員會的成立大會，結束後有人傳這段影片給我
-
#還好我跑得快 
#要不然躺在地上的就是我
#滑板 #長板 #skateboard  #longboard #鄭文燦",142,6,"['長板', 'skateboard', '還好我跑得快', '要不然躺在地上的就是我', 'longboard', '鄭文燦', '滑板']"
116,2018-07-01 12:12:08,"一扭就中！「桃園，#光速前進中」
7/1（日）-7/29（日）桃園誌三週年展覽@桃園區公民會館，來看展、打卡、轉扭蛋

#桃園誌 #桃園誌三週年展覽 #大家來讀冊 #taoyuanstory #扭蛋 #地方誌 #桃園區公民會館 #鄭文燦",207,0,"['桃園誌三週年展覽', '地方誌', '光速前進中', '大家來讀冊', '桃園誌', '扭蛋', '鄭文燦', 'taoyuanstory', '桃園區公民會館']"
117,2018-06-30 20:56:38,"對啦就是在說你，熱氣球嘉年華只到明天。結束就到桃園公民會館欣賞桃園誌三週年展覽吧！
#一定要來喔 #熱氣球嘉年華 #桃園誌 #鄭文燦",165,2,"['熱氣球嘉年華', '桃園誌', '一定要來喔', '鄭文燦']"
118,2018-06-29 22:00:14,"我們都曾這樣走過。
願努力付出的人，夢想都能實現。
-
圖攝於台灣大學，我的學生時代。

#指考戰士加油
#記得看考場
#帶身分證與健保卡
#指考 #指考戰士 #大學 #考試 #鄭文燦",200,10,"['帶身分證與健保卡', '指考戰士加油', '指考戰士', '記得看考場', '指考', '大學', '鄭文燦', '考試']"
119,2018-06-26 18:29:43,"飛機圖書館，全台唯一在桃園！
#來圖書館約會吧
#中華航空 #長榮航空 
#桃園市立圖書館大園分館 
#鄭文燦",187,5,"['中華航空', '桃園市立圖書館大園分館', '來圖書館約會吧', '鄭文燦', '長榮航空']"
120,2018-06-25 23:00:47,"你們別急，我先幫大家試試味道
-
#不要跟我搶 
#大溪月眉休閒農業區正式公告
#大溪 #民宿 #觀光 #旅遊 #吃吃吃 #鄭文燦",179,4,"['大溪月眉休閒農業區正式公告', '觀光', '不要跟我搶', '旅遊', '大溪', '吃吃吃', '鄭文燦', '民宿']"
121,2018-06-22 18:05:35,"今天不能讓老婆看到IG
#幕僚說市長自肥
#桃園蓮花季
#Miu朱俐靜 @immiuc
#鄭文燦",251,8,"['幕僚說市長自肥', '鄭文燦', 'Miu朱俐靜', '桃園蓮花季']"
122,2018-06-21 21:14:35,"當市長，剪頭髮也不能閒著！

#結果手機上都是頭髮
#還有200個訊息要回
#市府B1理髮部讚
#鄭文燦",203,8,"['市府B1理髮部讚', '鄭文燦', '還有200個訊息要回', '結果手機上都是頭髮']"
123,2018-06-20 19:45:06,"人家都說我是鋼鐵人市長，但今天我不敢說。
#桃園石門水庫熱氣球嘉年華
#歡迎來挑戰鋼鐵擂台
#鄭文燦",170,2,"['歡迎來挑戰鋼鐵擂台', '桃園石門水庫熱氣球嘉年華', '鄭文燦']"
124,2018-06-19 21:04:21,"風再大，市民的心聲我都聽得一清二楚！
#這不是頭髮亂是瀟灑
#龍潭大池大改造
#鄭文燦",144,7,"['龍潭大池大改造', '這不是頭髮亂是瀟灑', '鄭文燦']"
125,2018-06-18 16:02:04,"L for Lamigo. 
#恭喜Lamigo桃猿隊上半季封王！
#桃猿最強
#lamigo",201,2,"['桃猿最強', 'lamigo', '恭喜Lamigo桃猿隊上半季封王']"
126,2018-06-17 18:29:46,"決定了，今日的最帥奪標獎，就頒給大溪高中吧！
🚣‍♀️
明天龍舟四強賽，每一隊都要全力以赴喔！
🐲
#沒有這個獎啦
#姐就是帥 #大溪高中 #划龍舟 #龍舟 #市長盃 #龍潭大池 #龍潭 #端午節 #鄭文燦",164,1,"['龍潭', '姐就是帥', '端午節', '划龍舟', '鄭文燦', '市長盃', '沒有這個獎啦', '龍舟', '龍潭大池', '大溪高中']"
127,2018-06-16 22:51:13,"今晚和周定洋、陳昌源兩位球星直播，足球我只懂一點，講起台灣小吃我倒是挺專業的！🇦🇷🇮🇸🏴󠁧󠁢󠁳󠁣󠁴󠁿🏴󠁧󠁢󠁥󠁮󠁧󠁿🇧🇪🇹🇼
-
#世足 #fifa #worldcup #周定洋 #陳昌源 #阿根廷 #冰島 #蘇格蘭 #英格蘭 #比利時 #xavierchen #timchow",165,1,"['timchow', 'worldcup', 'fifa', '比利時', '陳昌源', '周定洋', 'xavierchen', '冰島', '英格蘭', '世足', '阿根廷', '蘇格蘭']"
128,2018-06-16 11:12:38,"不要再戰南北了！ 桃園那麼多種粽子，你都吃過了嗎？
-
#泰國粽 #越南粽 #馬祖粽 #湖州粽 #客家粽 #北部粽 #南部粽 #端午節 #粽子 #粽子節快樂 #鄭文燦",165,1,"['粽子', '南部粽', '越南粽', '客家粽', '泰國粽', '湖州粽', '端午節', '馬祖粽', '鄭文燦', '北部粽', '粽子節快樂']"
129,2018-06-15 12:31:26,"謝謝警察夥伴們盡職盡責的守護這個城市，讓桃園更安全更幸福，有你們真好！
#615警察節
#桃園市政府警察局
#大家辛苦了
#鄭文燦",149,1,"['大家辛苦了', '鄭文燦', '615警察節', '桃園市政府警察局']"
130,2018-06-13 20:12:54,"突出的小將，凹字型的我

#證明沒P圖
#世界少棒聯盟亞太區次青少棒錦標賽國家代表
#WBSCU15世界盃青少棒錦標賽國家代表
#美國小馬聯盟帕馬級世界青棒錦標賽國家代表
#日本宮崎BFAU18亞洲青棒錦標賽國家代表
#桃園以你們為傲
#iwillcarryu",181,3,"['日本宮崎BFAU18亞洲青棒錦標賽國家代表', '美國小馬聯盟帕馬級世界青棒錦標賽國家代表', 'iwillcarryu', '桃園以你們為傲', '世界少棒聯盟亞太區次青少棒錦標賽國家代表', '證明沒P圖', 'WBSCU15世界盃青少棒錦標賽國家代表']"
131,2018-06-12 20:15:18,"好啦好啦！今天的市長沒有極限！
#鄭文燦
#市長獎
#終於不用比讚了",252,5,"['終於不用比讚了', '市長獎', '鄭文燦']"
132,2018-06-11 19:04:22,"平常都是我頒獎給別人比較多，今天則是來領獎的。感謝所有市民朋友，這是屬於桃園的榮耀，我們繼續努力！
#遠見雜誌
#第二次拿還是有點緊張
#鄭文燦",211,7,"['第二次拿還是有點緊張', '遠見雜誌', '鄭文燦']"
133,2018-06-10 22:24:04,"去年東南亞移工參與式預算，由「國際泰拳大賽」的提案獲選。今年我們就在中正公園架起擂台，邀請移工朋友一起同歡。
-
拳拳到肉的泰拳是玩真的，我們對新住民與移工的關照也是真的。 🇻🇳🇮🇩🇵🇭🇹🇭
-
#泰拳 #muaythai #มวยไทย #泰國 #東南亞 #Thailand #移工 #新住民#鄭文燦",126,0,"['移工', '新住民', 'Thailand', '鄭文燦', 'มวยไทย', '泰拳', '泰國', 'muaythai', '東南亞']"
134,2018-06-10 17:12:13,"牽罟，是先人向海討生活的智慧。
當海螺聲響起 ，眾人齊心協力，與大海拔河，將滿滿的漁獲拉上岸。

#牽罟 #新屋 #永安漁港 #客家 #海上的人 #鄭文燦",134,1,"['新屋', '永安漁港', '客家', '鄭文燦', '牽罟', '海上的人']"
135,2018-06-08 17:59:42,"原來金鏟比我還夯啊！
#生男生女都hen棒
#市長金鏟彈無虛發
#升格三年人口成長15萬人
#鄭文燦",157,1,"['鄭文燦', '生男生女都hen棒', '市長金鏟彈無虛發', '升格三年人口成長15萬人']"
136,2018-06-07 18:02:01,"乾淨的用水不是遙遠的夢想，而是生存的權利。
#崁津部落供水啟用
#用水正義
#看得到也吃得到
#鄭文燦",105,1,"['看得到也吃得到', '崁津部落供水啟用', '用水正義', '鄭文燦']"
137,2018-06-06 13:27:57,"十個汎九個雷，最神的一個在桃園。
#LoL
#太神啦
#還不是靠我Carry
#鄭文燦",176,6,"['太神啦', 'LoL', '還不是靠我Carry', '鄭文燦']"
138,2018-06-05 17:50:37,"經過我親自壓力測試，親子館的木造溜滑梯安全無虞！

#平鎮親子館正式啟用 #進去要脫鞋 #平鎮親子館 #木製玩具 #平鎮 #鄭文燦",165,4,"['平鎮親子館', '木製玩具', '平鎮', '平鎮親子館正式啟用', '鄭文燦', '進去要脫鞋']"
139,2018-06-03 21:00:32,"Bang！這麼大的起馬炮太狂啦，嚇到摀耳朵！
#鄭文燦
#中壢區神農文化祭
#60年一甲子不容易",96,1,"['中壢區神農文化祭', '60年一甲子不容易', '鄭文燦']"
140,2018-06-02 21:02:17,"我肚子真的有這麼大嗎？
#鄭文燦
#市長麻煩縮小腹",203,16,"['市長麻煩縮小腹', '鄭文燦']"
141,2018-06-01 18:34:58,"以前都是我在拿市長獎，現在換我頒市長獎給別人

#龍潭高中 #畢業 #畢業快樂 #市長獎 #鄭文燦",137,1,"['畢業快樂', '市長獎', '鄭文燦', '龍潭高中', '畢業']"
142,2018-06-01 11:21:28,"在成功工商遇見桃園之光！

只要肯努力，夢想一定能實現，看海軍儀隊的蘇祈麟就知道了。

#海軍儀隊 #蘇祈麟 #台灣之光 #桃園之光 #畢業快樂 #成功工商 #傑出校友 #鄭文燦",165,3,"['畢業快樂', '台灣之光', '蘇祈麟', '桃園之光', '海軍儀隊', '鄭文燦', '成功工商', '傑出校友']"
143,2018-05-31 19:47:00,"原來是東京Skyliner呀，我還以爲是桃園捷運呢！

#桃園捷運 #keiseiskyliner #彩繪車廂 #聯合套票",150,1,"['彩繪車廂', '桃園捷運', '聯合套票', 'keiseiskyliner']"
144,2018-05-31 18:27:25,"偷偷跟你說，我的IG開了。

#鄭文燦 #漏網鏡頭 #首PO",205,3,"['漏網鏡頭', '首PO', '鄭文燦']"
