,time,post_caption,likes,comments,tags
0,2019-01-26 16:51:29,好吃,39,9,[]
1,2017-09-22 14:03:32,哇白色的黑冠麻鷺欸,16,0,[]
2,2015-08-01 10:15:55,沒有變胖欸～～開心～～,177,30,[]
3,2015-07-27 12:45:30,"大都會博物館～
解說：
右上：超多機關的桌子
右中：各種盔甲：
右下：拉瓦謝（我要朝聖啊～～為什麼五點之後只能遠遠看…）
下中：大提琴（手癢）
左下：好像在哪聽說很厲害的畫",14,1,[]
4,2015-07-27 12:37:54,布魯克林橋～～,13,0,[]
5,2015-07-23 10:41:24,"洋基對金鷹～～
*人生第一場球賽
*陳偉殷先發
*好險才下一點雨
*我的肥肚…（誤）",19,2,[]
6,2015-07-21 09:47:49,自由女神～～超大der…,18,0,[]
7,2015-07-21 09:45:19,Washington Square Park,13,0,[]
8,2015-07-18 12:06:27,夜景on the top of rock,14,0,[]
9,2015-07-17 11:07:16,"Central Park
與@chaos69541 的小約會～～
Just you, and me.",12,0,[]
10,2015-07-14 11:21:23,"Woodbury outlet 戰利品～
血拼初體驗z…",8,2,[]
11,2015-07-11 19:47:02,華爾街+911紀念公園…玻璃帷幕真的超級有未來感的啦～～,14,0,[]
12,2015-07-10 09:16:12,"美國天氣乾
最近下了幾場雨
感覺好熟悉，好安靜
美國的雨—
十二小時時差
半個地球距離—
會跟臺灣的一樣嗎？
那麼
臺灣啊，妳那邊
也在下雨嗎？（好啦我知道有颱風）
滴在我身上的這滴雨
是不是曾經
也滴在妳身上？
都是這個念頭
害我
忍不住
多淋了一下",14,4,[]
13,2015-07-08 00:32:19,餐廳…有國旗！！（附送Q男）,15,2,[]
14,2015-07-07 19:38:51,紐約時代廣場+中央車站（人山人海…）,13,2,[]
15,2015-07-06 19:25:59,美國早安！（一個只睡兩個半小時的節奏）,14,0,[]
16,2015-07-06 00:59:58,天上的晨曦…,13,0,[]
17,2015-07-05 10:10:02,出國～～,21,0,[]
