,time,post_caption,likes,comments,tags
0,2019-12-17 16:58:57,"Come here buddy!

感覺混到秋田或柴犬

#formosanmountaindog #straydogs #mixedbreed #mixeddog #dog #dogsofinstagram #taiwan #領養代替購買 #流浪狗 #米克斯 #柴犬 #秋田犬",10,0,"['taiwan', 'straydogs', '秋田犬', 'mixedbreed', '領養代替購買', 'formosanmountaindog', 'dog', 'mixeddog', '柴犬', '流浪狗', '米克斯', 'dogsofinstagram']"
1,2019-12-13 17:43:19,"I don't know what happened to his eyes. The only thing I know about him is that he's a really good boy.

#formosanmountaindog #straydogs #mixedbreed #mixeddog #dog #dogsofinstagram #taiwan #領養代替購買 #流浪狗 #米克斯",8,0,"['taiwan', 'straydogs', 'mixedbreed', '領養代替購買', 'formosanmountaindog', 'dog', 'mixeddog', '流浪狗', '米克斯', 'dogsofinstagram']"
2,2019-12-11 09:45:45,"瘦瘦討客兄

#dog #dogsofinstagram #mixeddog #formosanmountaindog #taiwan #領養代替購買 #米克斯 #狗",2,0,"['taiwan', '狗', '領養代替購買', 'formosanmountaindog', 'dog', 'mixeddog', '米克斯', 'dogsofinstagram']"
3,2019-12-05 21:38:25,"Formosan mixed breed 🐕
Just wanna show u guys how adorable it is seeing they play like that.
It has been two years. They’re brother and sister  strayed in the campus, sharing the same mom. We don’t know who the mom is though. The boy has met his new owner several months ago.  The girl is more uncomfortable to be with strangers than the boy, so it’s kinda hard for us to find a new family for her. 
兩年前，如今北咖找到家了剩咖咖。同胎兄妹（姐弟）分家。

孤燈照影人孤單

#領養代替購買 #mixedbreeddog #mixedbreed #formosanmountaindog #taiwan #米克斯 #dogsofinstagram #dog #dogoftheday #foster",4,0,"['mixedbreeddog', 'taiwan', 'foster', '領養代替購買', 'mixedbreed', 'formosanmountaindog', 'dogoftheday', 'dog', '米克斯', 'dogsofinstagram']"
4,2019-11-24 13:28:15,#cat #catsofinstagram #catstagram #straycat #Taiwan #tnvr #貓 #領養代替購買 #已紮母,7,0,"['tnvr', '已紮母', 'cat', '貓', 'straycat', '領養代替購買', 'catsofinstagram', 'catstagram', 'Taiwan']"
5,2019-11-21 11:03:17,#喜鵲,0,0,['喜鵲']
6,2019-11-19 00:21:11,"做雞著筅，做人著反

#雞 #肉雞 #平飼 #rooster #chicken #Taiwan #animal #poultry #chickenofinstagram #backyardpoultry",1,0,"['rooster', 'poultry', 'backyardpoultry', '平飼', 'chicken', 'chickenofinstagram', '肉雞', 'animal', 'Taiwan', '雞']"
7,2019-11-18 17:46:32,#snail #rain #rainyday #taiwan,3,0,"['rainyday', 'rain', 'taiwan', 'snail']"
8,2019-11-13 17:43:21,#大花咸豐草 #新屋 #海 #beach #ocean #flower #taiwan #桃園,0,0,"['taiwan', '大花咸豐草', 'beach', 'ocean', '新屋', '桃園', '海', 'flower']"
9,2019-11-10 18:03:45,"May I lean on you?

#cat #catstagram #shelter #adoptdontshop #mixedcat",1,0,"['cat', 'adoptdontshop', 'shelter', 'catstagram', 'mixedcat']"
