,time,post_caption,likes,comments,tags
0,2019-12-09 10:49:50,"2019是陳偉殷在美國職棒大聯盟第八年，來到美國之前，他也在日本職棒打了八年，這十六年來的每一天，他幾乎都照著「週期」做著一樣的事。
#陳偉殷台灣殷雄公益限量TShirt-新紀錄達成版 的數字，就是他八年來不斷做著重複的事，一步一步累積而來的。期間經歷過傷痛、挫折、角色轉換，每顆球、每次三振、每一局，還有每一場比賽都是陳偉殷堅持自己挑戰大聯盟的初心「#一生懸命 」，把每件事盡力做完的結果。
未來，會繼續推進這些紀錄。",2794,12,"['一生懸命', '陳偉殷台灣殷雄公益限量TShirt']"
1,2019-12-06 14:54:32,"記得2012年第一次到渥太華美國大使館辦工作簽證的時候，工作人員知道我是要到美國打球，隨口問了「你覺得今年會投出多少個三振？」我從來沒想過這個問題，只是笑一笑回答說「100，Maybe」。說實在的，我一直覺得如果真的在意這些數字，結果反而會無法達成。
因為，#那是落合監督教我的事情。
2008年7月6日跟巨人隊比賽前，落合監督問我能不能頂替先發一場。原本我是中繼投手，之前也曾經臨時代班上場，不過我丟得差強人意，原本以為不會再有機會先發了。落合監督知道我心裡的結，跟我說「你就當作自己是在投中繼，用盡全力投好第一局，不要去想第二局怎麼樣。」
那場比賽我丟了5又2/3局，雖然球隊最後被逆轉沒有贏球，但是我完成監督交給我的任務，更慢慢了解他說的話──#永遠不要給自己有關數字的目標，#因為你會被那些數字困住。
對我來說，每次比賽，我只想著「#我要解決眼前這個打者」。 ──陳偉殷",3529,23,"['那是落合監督教我的事情', '因為你會被那些數字困住', '永遠不要給自己有關數字的目標', '我要解決眼前這個打者']"
2,2019-12-02 23:26:11,"以領養代替購買🙏🙏 #國泰金控 
#國泰真殷雄",3050,7,"['國泰真殷雄', '國泰金控']"
3,2019-11-30 20:25:06,"明天最後一天
大家記得明天要來嘉南藥理大學喔!找最帥教練團喔!（管理員）

#最帥教練團
#國泰真殷雄",2692,9,"['國泰真殷雄', '最帥教練團']"
4,2019-11-30 08:39:42,陳偉殷棒球訓練營第一站雲林（管理員）,4573,16,[]
5,2019-11-27 17:15:01,"偉殷的台灣殷雄公益限量T shirt 即刻正式販售囉！
限量1000件，販售所得將全數捐出，捐贈給罕病基金會、雲林馬光國中及徐春水流浪動物之家。
既有收藏價值又可以為他們出一份力，前10名下單完成可獲得偉殷親筆簽名球，隨機還有20張偉殷簽名酷卡，機會難得快手刀搶購！！！
購買連結https://lihi1.com/N9mv7

#weiyinchen
#陳偉殷新紀錄達成版
#台灣殷雄公益限量TShirt
#CHECK2CHECK",2260,7,"['CHECK2CHECK', 'weiyinchen', '台灣殷雄公益限量TShirt', '陳偉殷新紀錄達成版']"
6,2019-11-24 07:02:54,謝謝各位球迷、媒體朋友和高苑學弟們一早到機場得守候，天還沒亮就感受到大家滿滿的熱情，偉殷回來了！（管理員）,5325,15,[]
7,2019-11-23 14:33:43,"很久沒有帶著這麼複雜的心情搭飛機回台灣了，說實在的，走進機艙的瞬間，好像回到十幾年前搭乘華航備戰中日球季的感覺──等待很久，重新證明自己的機會終於來了，雖然有一絲絲忐忑，更多的卻是迫不及待，準備正面迎接挑戰的的興奮！
謝謝各方球迷、朋友、經紀團隊、隊友，還有家人在這些日子的幫助，以及來自中華航空的溫暖關懷，我會一直記得的！
希望大家繼續為我加油，我們臺灣見！

#中華航空
#回家的感覺真好
#謝謝你們",7540,150,"['中華航空', '回家的感覺真好', '謝謝你們']"
8,2019-11-20 20:33:18,"#歡迎偉殷回家
11/24(日) 預計凌晨05：20抵達桃園國際機場第二航廈(管理員)",4833,43,['歡迎偉殷回家']
9,2019-08-01 10:22:10,"#今日陳偉殷

8/1面對明尼蘇達雙城中繼2.1局
被擊出2支安打，1次四壞，2次三振，無失分（管理員）

#陳偉殷加油",3654,17,"['陳偉殷加油', '今日陳偉殷']"
10,2019-07-28 09:36:55,"#今日陳偉殷

7/28陳偉殷主場面對響尾蛇
五局上登板中繼3局，被擊出4支安打（包含一支全壘打），失掉2分，送出4次三振，無四死球（管理員）

#陳偉殷加油",3520,12,"['陳偉殷加油', '今日陳偉殷']"
11,2019-07-21 16:24:06,"我的願望你們一定都知道，我會努力去實現。

謝謝大家的生日祝福😁 （然後我老婆說，叫我拍照時候不要笑太開，因為皺紋太多了。😆）",5134,120,[]
12,2019-07-18 11:54:52,MLB第201次登板，新的起點。（管理員）,4622,33,[]
13,2019-07-16 00:46:37,"2019.07.15 MLB200場出賽
每一步都不容易
陳偉殷加油（管理員）

#里程碑
#每天都很努力",3349,27,"['里程碑', '每天都很努力']"
14,2019-07-12 11:28:00,"陳偉殷加油！

#我們相信你 （管理員）",4383,29,['我們相信你']
15,2019-06-25 10:12:38,"我：明天爸爸放假哦～
大兒子：蛤～我不想要爸爸放假。
我：為什麼？
大兒子：因為我想看比賽啊。

#可是爸爸也想放假
#miamibeach
#第三次到miamibeach",5760,36,"['miamibeach', '第三次到miamibeach', '可是爸爸也想放假']"
16,2019-06-21 01:10:53,"#cute 📷

Photo by Marlins",2716,7,['cute']
17,2019-06-16 22:31:09,"我哪有那麼愛看電視🤣

#原來我長這樣😂 
#父親節快樂
#happyfathersday",4494,30,"['happyfathersday', '父親節快樂', '原來我長這樣']"
18,2019-06-11 12:46:48,"剛開始摸索中繼角色
現在更了解如何調整自己的節奏
每一次上場全力以赴
這就是陳偉殷（管理員）

#陳偉殷加油",4796,28,['陳偉殷加油']
19,2019-06-08 10:03:45,"端午節快樂，你立蛋成功了嗎？

#立蛋 
#端午節快樂",4942,20,"['端午節快樂', '立蛋']"
20,2019-05-27 08:38:23,"MLB 801K達成（管理員）

#陳偉殷加油",3629,18,['陳偉殷加油']
21,2019-05-24 21:19:06,"#好文分享 
陳偉殷與我們的距離其實不遠
他是一名棒球員也是一名爸爸
如果願意，看完文章你會更了解他（管理員）

好文連結》在限時動態裡",4201,37,['好文分享']
22,2019-05-11 23:47:56,"一生懸命（管理員）

#陳偉殷
#相信偉殷",4256,42,"['陳偉殷', '相信偉殷']"
23,2019-05-04 12:38:19,"5/4面對勇士，1.1局1安1三振，0失分（管理員）

#可愛加油聲",3647,49,['可愛加油聲']
24,2019-04-22 22:38:05,"希望之後會有更多登板機會，加油！（管理員）

#持續努力
#相信偉殷",4496,66,"['持續努力', '相信偉殷']"
25,2019-04-03 14:40:30,"【今日成績】4/3紐約大都會vs邁阿密馬林魚
中繼2局，被擊出2安打，2四壞球，2三振，失1分，防禦率4.5（管理員）

陳偉殷從第二局開始熱身，五局上登板，中繼任務真的很不容易啊！💪💪💪（管理員）

#相信偉殷 #陳偉殷加油",4170,55,"['相信偉殷', '陳偉殷加油']"
26,2019-04-01 06:37:15,"【今日成績】台灣時間4/1，洛磯vs馬林魚，陳偉殷九局上場，1安打1保送（管理員）

#繼續努力💪",3517,25,['繼續努力']
27,2019-03-31 07:46:05,好想知道兩個人在討論什麼（管理員）,2292,16,[]
28,2019-03-30 12:01:47,"今日偉殷仍在牛棚待命中，可惜並未有上場機會!依舊把自己做最好的準備!（管理員）

#相信偉殷",3278,18,['相信偉殷']
29,2019-03-28 11:21:40,"台灣3/29偉殷的2019球季就要開始了!讓我們一起為陳偉殷加油!（管理員）

#留言給偉殷
#陳偉殷加油
#相信偉殷",3728,56,"['相信偉殷', '留言給偉殷', '陳偉殷加油']"
30,2019-03-25 19:54:33,"加油！（管理員）

#相信偉殷
#專注比賽",4277,52,"['專注比賽', '相信偉殷']"
31,2019-03-22 10:12:30,"イチローさん、僕は元気です。

2年間のチームメイトになれるのは本当に幸せなこと、「神」と同じチームに入れることは夢みたいでした。
あの時、ロッカーが隣同士で自分が先発する度にイチローさんが19年間毎日なように入念なルーティンを壊さないように戦々兢々です。
一緒に野球ができて沢山の勉強、沢山の思い出ができました、次の再会楽しみにします。

#イチロー
#thankyouichiro",10610,52,"['イチロー', 'thankyouichiro']"
32,2019-03-21 02:20:53,一起為陳偉殷加油,1337,9,[]
33,2019-03-21 02:20:24,出戰紐約大都會,1323,2,[]
34,2019-03-21 02:19:58,陳偉殷3/22先發,2575,12,[]
35,2019-03-18 10:22:14,"捕獲野生陳選手（管理員）

#背殺 
#有點帥",3039,4,"['背殺', '有點帥']"
36,2019-03-15 21:55:38,對上亞特蘭大勇士,1647,7,[]
37,2019-03-15 21:55:14,週六凌晨,1492,7,[]
38,2019-03-15 21:54:57,陳偉殷先發資訊,2144,7,[]
39,2019-03-10 12:44:20,"不同身份再出發，不同角度看偉殷（管理員）

#marlins #陳偉殷20",3886,21,"['marlins', '陳偉殷20']"
40,2019-03-04 14:01:21,陳偉殷春訓第二戰對國民,2047,11,[]
41,2019-03-04 14:01:13,春訓第二戰vs華盛頓國民,1602,7,[]
42,2019-03-04 14:00:59,#陳偉殷先發,2148,10,['陳偉殷先發']
43,2019-03-02 15:43:14,"第一場比賽想做好一點的心情我們懂，接下來陳選手要繼續加油喔！（管理員）

#一生懸命 
#陳偉殷 
@marlins",3282,8,"['一生懸命', '陳偉殷']"
44,2019-03-01 17:01:59,"連假來看最強左投PK蔡哥（管理員）

影片連結在限時動態喔!

#太好笑",2580,1,['太好笑']
45,2019-02-28 10:56:49,春訓第一場，偉殷加油💪💪（管理員）,2967,18,[]
46,2019-02-27 02:03:20,"2/28放假準備看偉殷啦！（管理員）

#2019春訓首戰
#springtraining #marlins",2530,27,"['marlins', 'springtraining', '2019春訓首戰']"
47,2019-02-25 20:51:29,練投！ （管理員）,3179,14,[]
48,2019-02-19 10:19:14,"期待陳選手的2019年球季💪🏽💪🏽💪🏽 （管理員）
#加油",3177,24,['加油']
49,2019-02-18 10:35:30,"春訓直擊馬林魚隊「陳20」選手😆 （管理員）

#太陽好大
#大聯盟春訓",3684,11,"['太陽好大', '大聯盟春訓']"
50,2019-02-15 22:30:18,"默哀（管理員）
#msdstrong",3216,14,['msdstrong']
51,2019-02-14 10:51:33,"🎁想吃嗎？送給大家

#gift #情人節禮物 #happyvalentinesday
#開工日",3213,16,"['情人節禮物', 'gift', 'happyvalentinesday', '開工日']"
52,2019-02-10 14:08:34,"偉殷已經回到邁阿密，今天參加球迷會，13號就要到春訓基地報到囉！（管理員）

#羨慕妹妹
#新球衣真好看
#準備開工",3671,15,"['準備開工', '新球衣真好看', '羨慕妹妹']"
53,2019-02-06 23:17:50,"陳偉殷球衣可以訂製了!（管理員）

#要團購嗎😂",3266,34,['要團購嗎']
54,2019-02-04 21:22:41,祝大家新年快樂（管理員）,1953,15,[]
55,2019-02-02 14:32:56,"上午一起練球，下午一起「陪」練球！

#2019一起加油
#從早練到晚",4660,16,"['2019一起加油', '從早練到晚']"
56,2019-01-31 14:55:51,#bullpen,2968,12,['bullpen']
57,2019-01-19 21:53:27,"謝謝今天專程來送機的大家，這次返美比較特別的是再度幫忙帶兩隻幸運的毛小孩到美國送養，很為牠們開心！同時更感謝中華航空總是提供最親切舒適的服務，不但親切地照顧我們，更讓送養計畫順利進行。新的球季即將開始，今年也跟著華航一起展翅高飛，我將帶著大家給我的祝福，在美國奮鬥，年底再見囉！

#故鄉的力量
#歡迎大家搭華航來看我比賽
#華航",4176,48,"['華航', '故鄉的力量', '歡迎大家搭華航來看我比賽']"
58,2019-01-18 22:26:36,"2009年是球員生涯很重要的一個篇章，2019年，繼續加油吧。

#2009vs2019
#10yearchallenge 
#10yearschallenge",6196,62,"['10yearchallenge', '2009vs2019', '10yearschallenge']"
59,2019-01-17 18:39:00,"#送機資訊
偉殷要回美國了!一起去機場送他吧！（管理員）",2649,25,['送機資訊']
60,2019-01-16 12:43:48,"陳偉殷菜單一日系列初體驗成功💪💪（管理員）

#完整版敬請期待",3664,24,['完整版敬請期待']
61,2019-01-16 12:23:57,"結業式
有人要回美國了!（管理員）",2857,8,[]
62,2019-01-16 10:47:19,"有人快不行了!但陳教練說今天是最輕鬆的課程（管理員）

#陳偉殷一日菜單
#助教旁邊喊話",2461,11,"['助教旁邊喊話', '陳偉殷一日菜單']"
63,2019-01-14 20:49:50,"同學們系際盃棒球賽加油！

#系際盃棒球賽 
#加油",2850,7,"['系際盃棒球賽', '加油']"
64,2019-01-06 22:45:59,"不管在台灣、日本還是美國，聽五月天的音樂，都是每天生活的必需。

有五月天，真的，很好！

#五月天
#倒數第二場
#人生無限公司
#打卡上班
#洲際棒球場
#最好的一天
#然後我的膚色怎麼這麼黑😅",7328,44,"['人生無限公司', '然後我的膚色怎麼這麼黑', '洲際棒球場', '五月天', '倒數第二場', '打卡上班', '最好的一天']"
65,2019-01-06 15:43:31,"親子共讀時間，連我自己都想睡了😆

#親子共讀",3198,11,['親子共讀']
66,2019-01-05 15:44:59,"很開心今天好多人來簽名會現場，謝謝大家對限量年曆、基層棒球跟我的支持。😁 #謝謝你們
#kentandcurwen",3899,49,"['謝謝你們', 'kentandcurwen']"
67,2019-01-05 13:44:22,"你有簽到嗎？（管理員）

#年曆發售中",2749,35,['年曆發售中']
68,2019-01-04 23:09:13,,4744,50,[]
69,2019-01-04 16:40:32,"你今天有買蘋果日報嗎？送上帥偉殷（管理員）

#帥",3293,11,['帥']
70,2018-12-31 23:06:33,"２０１９一起上太空嗎？
先等一下，火箭要昇空前，也要一個一個零件專心拼好。
請大家持續準備，新的一年，我們蓄勢待發！

#新年快樂！",3124,25,['新年快樂']
71,2018-12-29 13:24:56,"陳選手好像真的蠻愛穿黑色🤣🤣（管理員）

#簽名會見✍️ #年曆發售中",2691,1,"['✍️', '年曆發售中']"
72,2018-12-27 21:32:30,"誠心邀請大家一起做公益🙏

#限量",2776,16,['限量']
73,2018-12-25 22:11:54,"【陳偉殷簽名會】

日期：1/5(六)中午12點
地點：金石堂板橋店（Global Mall環球購物中心2F）
指定簽名：2019陳偉殷限量年曆(現場也可以買喔)

購買網址》http://bit.ly/2GoLVe1

唯一一場年曆簽名會，錯過就沒有囉!!(管理員)

#買年曆做好事幫助基層少棒
#帶陳偉殷回家
#數量有限售完為止 
#唯一一場",2474,26,"['唯一一場', '數量有限售完為止', '帶陳偉殷回家', '買年曆做好事幫助基層少棒']"
74,2018-12-22 18:54:27,"滿滿回憶的高中校園。
旅外的夢想，也是從這裡開始的。

然後，也曾經在這個操場連續跑了兩個小時啊！😌 #高苑工商
#高苑OB
#以高苑為榮",4546,17,"['以高苑為榮', '高苑OB', '高苑工商']"
75,2018-12-20 21:01:09,"為了等等9:30直播，陳選手自己擦桌子（管理員）
等等粉絲團見

#陳偉殷",2540,5,['陳偉殷']
76,2018-12-19 20:34:44,"這個冬天必Buy商品
收藏陳偉殷還可以做公益
請到PCHOME中華職棒商城購買喔！（管理員）

購買網址》請到陳偉殷粉絲團查詢或現時動態也有喔！

#必買 
#陳偉殷 
#照片很讚",1805,15,"['陳偉殷', '必買', '照片很讚']"
77,2018-12-13 21:38:23,"陳偉殷教授今天真的到清華大學開課啦！

陳教授不只教投球，還分享了數據分析在棒球場上的應用！（管理員）

#清華大學
#AI棒球計畫
#數據分析
#陳教授很帥
#brooksbrothers

照片：清華大學公共事務組提供",4152,25,"['數據分析', 'brooksbrothers', '清華大學', '陳教授很帥', 'AI棒球計畫']"
78,2018-12-11 13:49:08,"練習前伸展

#pilates",2561,7,['pilates']
79,2018-12-08 10:11:39,像嗎（管理員）,2110,10,[]
80,2018-12-02 22:39:00,"今年第七屆國泰棒球營圓滿落幕了！⚾️
謝謝國泰金控長期支持，成就這個對我來說是每年返台最大型又最有意義的活動，也謝謝大漢、Adidas的協助，和一直以來媒體大哥大姐的照顧不辭辛勞越跑越遠來看我，再來就是球迷朋友最大力熱情的支持，讓活動一年比一年成功！
其實每年棒球營都想帶給大家不一樣的體驗，除了想給學員需要的教學，也會想讓每年都參與的朋友有新的驚喜，所以今年除了教練團請來了元老級的班底，也特別邀請我尊敬的資深前輩和優秀的新秀選手，真的非常謝謝他們千里迢迢跑來支持相挺這個活動，才能讓棒球營這麼豐富精采！
這次也特別加了親子棒球的部分，除了藉由棒球增進親子間的感情，最希望可以讓小朋友從小就愛上運動，並打從心裡喜歡並享受運動帶來的快樂，希望來參加的所有大朋友小朋友和家長們都可以帶著開心滿足的回憶回家！期待我們明年再見～

記得滑到第三張照片😄

#陳偉殷棒球訓練營
#國泰金控
#幼兒棒球
#運動科學
#運動傷害防護
#東海大學
#adidas
#陳偉殷
#小田幸平
#潘忠韋
#高志綱
#王溢正
#王維中
#曾仁和
#黃子鵬
#國泰真殷雄",2895,13,"['幼兒棒球', 'adidas', '黃子鵬', '王維中', '曾仁和', '運動傷害防護', '國泰真殷雄', '運動科學', '潘忠韋', '高志綱', '國泰金控', '東海大學', '小田幸平', '陳偉殷', '王溢正', '陳偉殷棒球訓練營']"
81,2018-12-01 23:57:21,可愛嗎？今天有看到偉殷嗎？（管理員）,2540,15,[]
82,2018-12-01 13:13:05,"我們在東海大學等你們！

球迷見面會見！

#太陽好大",2403,6,['太陽好大']
83,2018-11-30 22:33:24,"明天東海大學見！

#國泰真殷雄",3287,8,['國泰真殷雄']
84,2018-11-30 15:55:00,英智さん、小田さん😄,4039,16,[]
85,2018-11-29 22:13:06,"他的黑眼球比我的還大

#父子",3367,22,['父子']
86,2018-11-18 23:15:18,"今天到了屏東的愛狗人協會狗園，看到了很多很多的狗狗，有些年輕、有活力，有些脾氣暴躁，有些則是年邁體弱甚至身體有殘缺... 如何管理這麼多不同需求的狗狗，真的是一門學問！很佩服顏會長跟熱心的志工，這麼努力的讓他們有個安心且能遮風避雨的地方。

兒子天真的問我，為什麼他們住在這邊？為什麼他們受傷了?為什麼他們找不到他們的媽媽？我實在有點難跟四歲的孩子解釋為什麼，我只能教他要好好愛護動物跟學習如何尊重生命。在回程高鐵上，他得意的告訴我，他今天交了很多新朋友。

希望大家能一起為這群毛小孩貢獻一份力量，也期待孩子的新朋友能早日找到屬於自己的家!

#領養代替購買
#結紮代替撲殺
#愛護毛小孩
#尊重生命
#國泰金控
#台灣愛狗人協會",2706,9,"['尊重生命', '結紮代替撲殺', '愛護毛小孩', '國泰金控', '台灣愛狗人協會', '領養代替購買']"
87,2018-11-17 22:08:29,"衷心感謝師母再度邀約，讓我能夠實現回到徐生明盃的承諾。今天在美濃跟這群孩子一起流了好多好多汗，這裡離我小時候打球的地方不遠，也讓我想到很多過去的時光。

#快樂打球
#謝謝師母謝謝徐總
#徐生明少棒賽",2995,5,"['快樂打球', '謝謝師母謝謝徐總', '徐生明少棒賽']"
88,2018-11-13 19:53:07,"講故事時間🤓
然後，也太不給我面子了！！😴",5074,37,[]
89,2018-11-08 11:46:58,每次練習完都覺得自己肚子有變小一點，但吃完晚飯後，又回到原點🤭,3475,16,[]
90,2018-10-30 19:33:07,"球季結束後回名古屋拜訪是每年很期待的行程之一，不管是跟老朋友在球隊昇龍館見面、在名城公園慢跑、或是帶太太跟孩子走進待了好久的中日龍巨蛋，都會讓很多回憶湧進心頭。

這次跟剛退休的岩瀨跟淺尾吃了晚餐，見到持續奮鬥的吉見、山井和平田，也跟森教練、Danny桑聊了管理上的事情，還跟球隊分析部門交換這一年的心得，感覺大家都還是像十幾年前一樣，朝著自己的目標全力前進著！希望這幾天的充電，全都變成未來的能量！

#初心
#一生懸命
#中華航空",5588,31,"['一生懸命', '初心', '中華航空']"
91,2018-10-28 21:35:50,"猜猜偉殷在哪（管理員）
答案在粉絲團

#初心
#昇龍館",2704,13,"['昇龍館', '初心']"
92,2018-10-17 23:06:58,"驚喜禮物！二壘安打壘包
希望偉殷下次帶回本壘（管理員）

#國泰真殷雄",2264,8,['國泰真殷雄']
93,2018-10-17 23:05:04,"陳偉殷透露今年的「國泰真殷雄陳偉殷棒球訓練營」即將於12月1、2日移師台中東海大學舉行，除了期待將自身棒球經驗傳承給大專非甲組球員之外，更希望再次走入校園，近距離與喜愛棒球的球迷朋友互動。（管理員）

#台中朋友快筆記
#國泰真殷雄",2486,23,"['國泰真殷雄', '台中朋友快筆記']"
94,2018-10-16 14:49:33,"終於又要回家了，完成漫長的球季，這是每年最期待的時光——而踏上飛機的第一刻，就感覺已經開始回到故鄉。

#謝謝華航的朋友們",5297,26,['謝謝華航的朋友們']
95,2018-10-16 11:40:18,"想要接機的朋友看這裡（管理員）
明天早上華航CI0007早上5:00第二航廈

#有抽獎詳情在粉絲團
#接機資訊",2608,12,"['有抽獎詳情在粉絲團', '接機資訊']"
96,2018-10-11 07:05:28,"🦖 來了
Run!!!!! #侏羅紀世界",3286,16,['侏羅紀世界']
97,2018-10-10 21:41:44,"曾公贈畫（管理員）

#比本人還帥",3209,9,['比本人還帥']
98,2018-10-08 16:13:12,偉殷17號要回台灣囉（管理員）,3373,13,[]
99,2018-10-02 01:37:34,台灣天氣變涼了嗎？先送上10月陳偉殷（管理員）,3061,15,[]
100,2018-09-29 08:49:29,"今年的開季對我來說是一種說不出來的煎熬，畢竟去年已經休息好久了，在春訓時看著隊友們為球季做好萬全的準備，而我必須從零開始做復健，雖然不是很甘願，但我還是告訴自己要一步步地慢慢來。球場上很多事是我無法掌握跟控制的，不過有老婆、兩個小惡魔當做後盾，曾公、喇叭賢拜、投手教練、特地飛到美國來陪我傳接球的朋友，還有團隊裡的其他成員們，在今年每場比賽後討論如何修正投球模式，如何在比賽裡掌握可以控制的部分，做好情緒管理，對我來說又是新的突破。

雖然今年整體成績不是那麼的理想，我可以證明身體健康，也找回打球的開心，真的真的那是我前兩年無法感受的一件事。結束了2018年的球季（雖然還有3場比賽）接下來就是期待與大家碰面，分享這一年來所發生的種種，也非常感謝大家在這26場比賽準時起床、熬夜為我加油，甚至投不好的時你們都會在第一時間安慰我，真的很謝謝大家，接下來就是期待與大家台灣見面，以及為2019年球季做準備了！",5976,101,[]
101,2018-09-22 23:55:16,"每次都把自己逼到極限
無論勝敗如何，過程是最重要的
分享給大家陳偉殷很愛說的一句話
不論在哪個路上，盡情努力去拚到最後吧！（管理員）",3935,12,[]
102,2018-09-22 10:25:53,"WEIYIN CHEN GOOD JOB（管理員）
帥啊！",4391,27,[]
103,2018-09-18 22:34:59,"第一次吃古巴式早餐，古巴咖啡好醒腦
🇨🇺",2493,11,[]
104,2018-09-15 17:58:53,放個舊照幫偉殷加油（管理員）,2982,3,[]
105,2018-09-12 02:23:38,"#fallowme
#muggle 
#magic",3309,7,"['fallowme', 'magic', 'muggle']"
106,2018-09-09 20:17:33,"陳偉殷在海盜隊牛棚實錄（管理員）

#陳偉殷加油",2575,6,['陳偉殷加油']
107,2018-09-09 13:27:36,"台灣也跟匹茲堡一樣都在下雨嗎？雖然今天並沒勝投，但偉殷說還是有不一樣的收穫，下次會更好
更要謝謝到現場的台灣球迷（管理員）

#陳偉殷加油",4183,8,['陳偉殷加油']
108,2018-09-02 10:30:54,"第6勝win🤙🤙（管理員）

#陳偉殷",4372,59,['陳偉殷']
109,2018-08-27 12:55:22,"謝謝涂玉光老師，蔡啟生教練
讓我們看到在棒球上的陳偉殷
（管理員）

#帶著感恩的心去拚
#thankyou",3791,7,"['帶著感恩的心去拚', 'thankyou']"
110,2018-08-26 12:31:28,我這樣算成功了嗎？,5435,57,[]
111,2018-08-26 10:07:15,第五勝✌（管理員）win (photo by@marlins.strong),5407,48,[]
112,2018-08-26 09:08:34,"今日單場10K，上一次是2016年（管理員）

#陳偉殷加油",3385,31,['陳偉殷加油']
113,2018-08-17 00:54:32,"喜歡這張與隊友並肩作戰的感覺（管理員）

#teammarlins",3346,3,['teammarlins']
114,2018-08-08 01:07:52,"開心自信的笑容就對了！😁（管理員）

#陳偉殷加油",3153,7,['陳偉殷加油']
115,2018-08-07 11:04:30,"開心的笑容
第4勝（管理員）

#weiyinchen 
#陳偉殷",4194,37,"['陳偉殷', 'weiyinchen']"
116,2018-07-26 22:24:44,"最近整理照片，發現偉殷好多背影照，難道是背影殺手嗎？（管理員）

#背面也很帥",3323,12,['背面也很帥']
117,2018-07-25 10:32:38,"Miso soup and Chicken Katsu 好像回到以前住中日宿舍的感覺😋

昨天有一個年過半百的廚師朋友，特地開四個小時的車，來我家做飯給我吃，真的很感動！

#天天味增湯也不膩
#白飯再來兩碗",5171,28,"['白飯再來兩碗', '天天味增湯也不膩']"
118,2018-07-25 03:05:57,"賀!勝投get，MLB第一支二壘安打get!首得分get（管理員）

#最好的生日禮物",4870,39,['最好的生日禮物']
119,2018-07-21 22:47:07,"謝謝大家的生日祝福。

轉眼我已經這麼「資深」了，自己都覺得不敢相信！😆 #happybirthday",4141,66,['happybirthday']
120,2018-07-20 05:31:42,練球,2219,5,[]
121,2018-07-18 12:48:13,US 1的終點，也是起點（就在馬路的對面）😆,4251,30,[]
122,2018-07-17 07:58:45,"美國國境之南。

#下車之後汗流不止",3247,12,['下車之後汗流不止']
123,2018-07-15 17:33:57,"日本職棒大前輩！

#髮型一樣帥",3317,12,['髮型一樣帥']
124,2018-07-14 13:28:23,"今天6局送8K，殷仔化身K博士（管理員）

#陳偉殷加油",2936,17,['陳偉殷加油']
125,2018-07-04 13:02:50,偉殷穿紅色系列球衣也蠻好看的是吧？（管理員）,1620,10,[]
126,2018-07-03 13:10:48,一生懸命（管理員）,3742,32,[]
127,2018-07-01 21:18:06,"最難的是起步後，最易出錯的是終點前/曾文誠

謝謝曾公送給偉殷的勉勵（管理員）

#七月陳偉殷",3252,10,['七月陳偉殷']
128,2018-06-28 09:27:51,"今日先發6局失1分優質先發（管理員）

#陳偉殷加油",3441,23,['陳偉殷加油']
129,2018-06-24 18:18:01,暴風雨總是會過，每場比賽盡力而為（管理員）,3146,23,[]
130,2018-06-22 08:09:40,"韓國版偉殷🤣🤣（管理員）
感謝網友提供",1669,9,[]
131,2018-06-19 18:19:35,"欣賞一下陳偉殷投球慢動作
（管理員）

#投球",2463,13,['投球']
132,2018-06-18 23:06:31,"6/19祝偉殷美國父親節快樂
HAPPY FATHER'S DAY (管理員）

#父親節有禮物嗎",2030,5,['父親節有禮物嗎']
133,2018-06-18 01:07:31,"回到了金鶯球場卻是以客場身分，感覺非常的奇怪。不過能跟以前隊友聊聊天也是很不錯的感覺

#客場但有主場的感覺
#還好沒有走錯邊
#回到熟悉的城市
#thankyoubaltimore 
#thankyouorioles",4036,18,"['還好沒有走錯邊', '客場但有主場的感覺', 'thankyoubaltimore', 'thankyouorioles', '回到熟悉的城市']"
134,2018-06-17 15:52:47,"陳偉殷今日成績（管理員）

#第二勝get",2656,11,['第二勝get']
135,2018-06-17 09:38:58,本季第二勝get（管理員）,3254,30,[]
136,2018-06-16 17:24:41,"明天該穿這件幫陳偉殷加油嗎？（管理員）

#第一次對金鶯",2542,11,['第一次對金鶯']
137,2018-06-14 17:30:59,來笑一個（管理員）,2804,11,[]
138,2018-06-08 19:51:18,"陳偉殷牛棚（管理員）
有人要當捕手接球嗎？

#bullpen",2441,18,['bullpen']
139,2018-06-07 23:21:22,啊～乾一杯（管理員設計對白）,4416,98,[]
140,2018-05-27 07:25:45,"陳偉殷今日成績（管理員）

#優質先發",3672,40,['優質先發']
141,2018-05-25 23:12:11,"一開始以為很好喝，結果不小心把 supergreens powder 加太多，然後，味道有點太濃厚了!! #為了健康閉眼喝了
#supergreens
#supergreenspower 💪🏽",3069,14,"['supergreens', '為了健康閉眼喝了', 'supergreenspower']"
142,2018-05-22 14:24:21,"其實我什麼球都會投啊！只是比賽的時候沒用到而已！😅😅
即刻下載：https://goo.gl/Mto3gd",3724,37,[]
143,2018-05-21 07:23:09,"希望看完這場比賽，大家不要跟管理員一樣有Blue Monday （管理員）

#美國520
#不愛我就拉倒",3107,25,"['美國520', '不愛我就拉倒']"
144,2018-05-19 21:28:11,"天氣越來越熱，幫大家送上清涼照（管理員）

#summer",2717,1,['summer']
145,2018-05-17 23:36:45,"不去想不能控制的事，然後，全力以赴。

#不受任何影響在球場上
#專注在執行
#勇於攻擊對手",3786,34,"['專注在執行', '勇於攻擊對手', '不受任何影響在球場上']"
146,2018-05-16 12:07:32,今天超豪華宵夜🍜,3198,29,[]
147,2018-05-14 13:30:29,"Happy Mother's Day

#母親節快樂",3172,12,['母親節快樂']
148,2018-05-12 10:35:22,"難得我有嬌小的時候

#nba 
#shaqoneal",5023,20,"['nba', 'shaqoneal']"
149,2018-05-08 23:56:04,這麼高，有點緊張。,2886,17,[]
150,2018-05-08 09:35:33,"帥一波🤙🤙🤙（管理員）
""我的夢想不是固定不變的，而是設定、更新與超越的持續循環"" 
拍攝地點：國王十字車站King's Cross Railway Station

#陳偉殷金句
#五月月曆名言",2326,5,"['五月月曆名言', '陳偉殷金句']"
151,2018-05-06 20:33:45,大家覺得可以嗎？（管理員）,1718,36,[]
152,2018-05-06 01:28:19,"頭髮衝出來✌（管理員）

#陳偉殷",2718,14,['陳偉殷']
153,2018-05-05 14:51:40,"#今日成績
#陳偉殷加油
（管理員）",2452,26,"['今日成績', '陳偉殷加油']"
154,2018-05-04 10:20:21,"偉殷的神隊友之一（管理員）

#永遠男神",4251,17,['永遠男神']
155,2018-05-03 11:55:42,看3歲兒子打球真的很有趣😁⚾️⚾️ #kidbaseball,2682,31,['kidbaseball']
156,2018-05-03 10:52:02,嗨～偉殷（管理員）,3430,10,[]
157,2018-05-01 19:28:20,"好年輕的我們

#一生懸命
#taiwanbaseball",3269,31,"['一生懸命', 'taiwanbaseball']"
158,2018-04-30 12:09:55,覺得這影片長得不太像我🤣🤣,2984,34,[]
159,2018-04-29 16:49:47,"讓各位久等了，我真的太開心了。

這麼長的復健跟等待，相信大家都等的不耐煩了。因為最不耐煩的人應該是我自己吧！

#出場曲是最好的一天啦
#太久的復健了
#我回來了🇹🇼",5298,109,"['出場曲是最好的一天啦', '太久的復健了', '我回來了']"
160,2018-04-28 12:46:43,"全力以赴，每一天都是最好的一天。

#最好的一天
#五月天",2541,27,"['五月天', '最好的一天']"
161,2018-04-23 02:41:57,"今天陳偉殷復健賽第三場，五局打完收工，
7K，2安，無失分，結束後還到牛棚補球數（管理員）

#陳偉殷加油
#13號不習慣",2106,19,"['13號不習慣', '陳偉殷加油']"
162,2018-04-18 21:08:12,"準備上場！（管理員）

#陳偉殷
#復健賽",2026,10,"['陳偉殷', '復健賽']"
163,2018-04-18 12:05:00,"今日復健賽2.2局，3安，失1分，4K，感覺不錯，用帥照片分享好消息（管理員）

#Repost @lucas_visual.w
#陳偉殷
#lucasvisualw #photo #photos #photoshoot #photoaday  #snapshot #art  #instagood  #picoftheday #photooftheday #color #photograph 
#vsco #台灣 #攝影",2927,25,"['art', 'photoshoot', 'photoaday', 'photooftheday', 'vsco', 'instagood', 'color', 'photo', 'lucasvisualw', 'snapshot', 'photos', 'photograph', '台灣', '陳偉殷', 'picoftheday', 'Repost', '攝影']"
164,2018-04-05 08:12:14,好吃！,2214,12,[]
165,2018-04-01 08:06:25,"預定兩天後投模擬賽。（管理員）

#陳偉殷加油",1863,10,['陳偉殷加油']
166,2018-03-28 13:16:12,"上班族style（管理員）

#年輕真好 #longtimeago #出賣老闆系列",2602,13,"['出賣老闆系列', 'longtimeago', '年輕真好']"
167,2018-03-26 09:35:25,"今日Live BP影片😎
（管理員）",1514,3,[]
168,2018-03-21 05:43:05,"2017跟2018釘鞋（管理員）

#愛迪達客製
#不一樣",1945,1,"['不一樣', '愛迪達客製']"
169,2018-03-17 09:06:19,"隊友:3 陳偉殷:4
猜猜他們在聊什麼（管理員）",2323,25,[]
170,2018-03-16 00:38:47,邁阿密也有小鴛鴦鍋耶!有台灣的味道（管理員）,1508,4,[]
171,2018-03-14 11:44:25,"就是想看爸爸投球（管理員）

#兒子的視角
#陳爸爸加油",2396,8,"['陳爸爸加油', '兒子的視角']"
172,2018-03-14 10:41:49,"第3次牛棚》今天共30球FB/CH，下次牛棚3/17，覺得狀況不錯（管理員）

#準備好了💪",1242,2,['準備好了']
173,2018-03-13 09:17:40,"跟爸爸一起備戰新球季

#釘鞋比我的還帥",2315,5,['釘鞋比我的還帥']
174,2018-03-11 14:15:24,"謝謝Vamos來訪還特別帶書來，感覺偉殷看到台灣人來訪很開心（管理員）

#歡迎來探班
#vamos翊起運動 
#翊起運動前進mlb全紀錄",2485,7,"['vamos翊起運動', '歡迎來探班', '翊起運動前進mlb全紀錄']"
175,2018-03-10 23:49:35,"陳偉殷第二次牛棚，不錯耶（管理員）

#陳偉殷加油",1878,13,['陳偉殷加油']
176,2018-03-10 01:54:20,"學長學弟相見歡話家常兼話🐯爛很開心（管理員）

#陳偉殷 #林子偉 
#高苑幫",3125,3,"['陳偉殷', '林子偉', '高苑幫']"
177,2018-03-09 12:10:27,"看著比賽，把自己準備好再出發（管理員）

#台灣殷雄  #陳偉殷",2070,3,"['台灣殷雄', '陳偉殷']"
178,2018-03-08 12:26:00,牛棚側拍（管理員）,1685,4,[]
179,2018-03-08 11:31:24,"今年第一次牛棚15顆球，感覺還不錯（管理員）

#投一休二",1718,9,['投一休二']
180,2018-03-02 11:29:20,"白天春訓，晚上特訓。

#夜間練習
#打擊特訓",2830,9,"['夜間練習', '打擊特訓']"
181,2018-02-27 15:08:02,"其實寫得比畫得好（管理員）

#狗年行大運",1667,8,['狗年行大運']
182,2018-02-26 04:52:34,"打了就知道（管理員）

#哪裡不一樣",3365,13,['哪裡不一樣']
183,2018-02-25 07:40:41,#tenyearsago,3044,23,['tenyearsago']
184,2018-02-23 22:32:32,陳偉殷的毛小孩（管理員）,2458,2,[]
185,2018-02-19 02:22:30,"是偉殷爸爸在練球（管理員）

#兒子視角",1836,4,['兒子視角']
186,2018-02-17 19:30:46,"初二回娘家，偉殷已經在春訓基地努力奮鬥，請為他加油（管理員）

#偉殷全家福賀",1814,7,['偉殷全家福賀']
187,2018-02-15 21:07:08,"Happy Chinese New years
祝大家狗年旺旺來
#dogyear",2726,21,['dogyear']
188,2018-02-15 11:03:17,新球季開始，陳偉殷加油，把自己準備好，才能迎接漫長的球季（管理員）,2137,7,[]
189,2018-02-14 19:07:18,"情人節/小年夜快樂（管理員）

#happyvalentinesday",1989,5,['happyvalentinesday']
190,2018-02-11 23:04:20,"👋偉殷老闆好（管理員）
#淵源深厚",4427,21,['淵源深厚']
191,2018-02-08 22:26:26,"平安就是福，希望大家都能平平安安
謝謝每個救難人員、救難犬你們辛苦了，讓我們一起為台灣加油!

#台灣加油
#天佑台灣",2598,16,"['天佑台灣', '台灣加油']"
192,2018-02-06 15:28:23,"我的自主訓練新隊友!

#practicetime",3419,8,['practicetime']
193,2018-02-05 12:31:28,"中午吃飯來開箱囉！
有人收到熱騰騰陳偉殷一卡通套裝組了嗎？（管理員）

#到伊甸基金會買",891,0,['到伊甸基金會買']
194,2018-02-02 09:31:55,#與土虱比手長,2404,12,['與土虱比手長']
195,2018-01-31 02:23:19,有朋友也開始“蛙”的嗎？留言跟我分享秘訣吧！,2529,47,[]
196,2018-01-29 11:39:00,"偶爾也是要需要放縱自己一下的！

#星期天",2042,12,['星期天']
197,2018-01-28 16:48:06,"巧遇楊玉明（管理員）

#小時候看他打球長大",2085,2,['小時候看他打球長大']
198,2018-01-27 16:21:38,"小兒子說：范范（飯飯）阿姨，那有肉肉阿姨嗎？

#在幸福的路上 
#洛杉磯",2852,6,"['在幸福的路上', '洛杉磯']"
199,2018-01-24 14:01:31,有人拿到卡了嗎？（管理員）,1476,17,[]
200,2018-01-17 23:02:39,"陳偉殷帶著球迷祝福返美（管理員）

#華航空姐好正",3207,11,['華航空姐好正']
201,2018-01-17 21:30:26,謝謝你們來現場（管理員）,1937,2,[]
202,2018-01-17 15:47:56,今天陳偉殷要回美國了，有人要到機場送機嗎？（管理員）,2256,12,[]
203,2018-01-15 12:13:53,"有人要挑戰我，所以我接受挑戰（棒式寫英文）

#plankchallenge",1535,4,['plankchallenge']
204,2018-01-12 10:42:08,你知道這動作在練哪邊嗎？（管理員）,2018,18,[]
205,2018-01-09 22:50:27,"大家有沒有多穿點，不要感冒喔！

#cold",3321,17,['cold']
206,2018-01-07 13:13:27,#kidsbaseball,1089,3,['kidsbaseball']
207,2018-01-06 11:55:53,"我贏了多美小汽車🤣 ➡️陳偉殷公益紀念一卡通 每張150元
一卡通Yahoo 奇摩商城 線上購買
請上伊甸基金會官網捐款⬇️
http://loveipass.eden.org.tw/

#人生第一次熱銷
#iwin 
#一起做公益
#一卡通",1140,10,"['iwin', '一起做公益', '一卡通', '人生第一次熱銷']"
208,2018-01-04 22:42:33,"陳偉殷公益紀念一卡通這樣買💕
➡️陳偉殷公益紀念一卡通 每張150元
一卡通Yahoo 奇摩商城 線上購買
1/5中午12:00準時開賣 ➡️一卡通陳偉殷公益套卡(每組2張一卡通)
捐款600元即可獲得一組
捐款1200元再加贈74盎司陳偉殷logo證件套一個
請上伊甸基金會官網捐款⬇️
http://loveipass.eden.org.tw/

#每張都想要
#哪張最帥",1404,2,"['每張都想要', '哪張最帥']"
209,2018-01-04 17:03:03,"一卡一愛心，讓愛無限通行（管理員）

#一卡通
#伊甸基金會",2068,8,"['伊甸基金會', '一卡通']"
210,2018-01-02 22:37:19,"捕獲野生皮卡殷（管理員）

#就決定是你了
#出賣老闆系列
#不要這樣
#pleasedon
#pokemongo",2469,17,"['就決定是你了', 'pleasedon', '出賣老闆系列', '不要這樣', 'pokemongo']"
211,2018-01-02 15:28:48,"巧遇

#郭婞淳
#世界紀錄",4730,15,"['郭婞淳', '世界紀錄']"
212,2018-01-01 13:40:33,#happynewyear,2142,8,['happynewyear']
213,2018-01-01 11:33:28,"大家最喜歡的9張照片，2017謝謝有你們（管理員）
#bestnine2017",2508,5,['bestnine2017']
214,2017-12-30 12:19:55,"2018你的新年新希望是什麼呢？
2017不好的通通送走，讓我們一起努力（管理員）

#byebye2017",1694,2,['byebye2017']
215,2017-12-29 18:57:10,"#打卡上班
#mayday",2967,12,"['mayday', '打卡上班']"
216,2017-12-28 19:56:26,"👨‍🏫⚾️📒
#老師好",1778,2,['老師好']
217,2017-12-25 15:23:12,"HOHOHO Merry Christmas

#merrychristmas",1557,8,['merrychristmas']
218,2017-12-24 18:58:04,這照片很酷耶!（管理員）,1738,2,[]
219,2017-12-17 13:42:17,"父女裝😂😂😂 最近外面好冷，如果有看到路邊的浪浪，給他們一條毯子、舊衣服或者借牠們避寒一下吧！

#dogdaughter",2336,6,['dogdaughter']
220,2017-12-16 17:01:10,"一起為新球季努力👊👊 #teammates 
#taiwanbaseball",1785,5,"['teammates', 'taiwanbaseball']"
221,2017-12-16 10:35:10,"#seeulater

讓陳偉殷溫暖你的心(管理員)
106年12月16日(星期六) 15:00@新光三越台北站前店前廣場
現場準備了玉山高粱好酒及千份薑母鴨",825,1,['seeulater']
222,2017-12-12 21:00:13,"實踐夢想的路上，我會提醒自己兩件事：沒有量身打造的夢想，也沒有永不停歇的加油聲。再有限的條件，再小的機會都要放手一搏。

管他，就跑我的！

#adidas #管他就跑我的
#陳偉殷 #臺北馬拉松",1534,4,"['陳偉殷', 'adidas', '臺北馬拉松', '管他就跑我的']"
223,2017-12-10 17:06:58,#biketime🚲,2368,7,['biketime']
224,2017-12-08 09:24:52,"好可愛喔（管理員）

#以認養代替購買",2393,7,['以認養代替購買']
225,2017-12-06 18:06:56,"噹噹噹噹，陳選手拼好了（管理員）

#4502pcs
#lego",1568,4,"['4502pcs', 'lego']"
226,2017-12-04 14:30:55,"我的訂製樂高！ 
全世界只有兩台這個機器！✌🏼 整個製作過程大概10分鐘，我回家拼大概要花10個小時吧😬

#有像嗎
#4502pcs
#londonlegostore",2534,7,"['londonlegostore', '4502pcs', '有像嗎']"
227,2017-12-03 18:25:48,"原來陳選手只有投球時才不怕冷（管理員）

#冷冷的
#跟海鷗合照
#大笨鐘 
#cold",2521,6,"['冷冷的', '跟海鷗合照', 'cold', '大笨鐘']"
228,2017-12-03 11:08:10,"倫敦好像好冷啊（管理員）

#有帥嗎",2199,12,['有帥嗎']
229,2017-12-01 09:45:41,"人生第一次到倫敦
有IG朋友在英國嗎嗎？

#華航直飛倫敦",2707,12,['華航直飛倫敦']
230,2017-11-28 19:14:22,"看到可愛妹妹，偉殷笑到魚尾紋都出來了（管理員）

#出賣老闆系列 
#明年希望還有工作的管理員",2120,3,"['出賣老闆系列', '明年希望還有工作的管理員']"
231,2017-11-28 19:12:09,"不知道偉殷自拍功力有沒有好一點?
有人找到自己嗎？（管理員）

#愛迪達
#adidas悠跑太平門市
#adidas",1674,2,"['adidas悠跑太平門市', 'adidas', '愛迪達']"
232,2017-11-23 22:51:21,"陳偉殷要去台中跟大家見面啦!!!😘😘
👇11/26(日)快閃台中，活動辦法請參閱粉絲團
聽說有神秘禮物耶!!星期天來衝一波(管理員)

#殷雄降臨
#adidas
#悠跑太平",2393,6,"['殷雄降臨', 'adidas', '悠跑太平']"
233,2017-11-22 13:45:12,"小朋友不要趁機亂摸啦!（管理員）

#國泰真殷雄",1596,4,['國泰真殷雄']
234,2017-11-22 13:31:58,"嗨～新竹的朋友，偉殷又來到這囉！今天來和新竹的小朋友一起享受棒球的樂趣（管理員）

#國泰真殷雄",1108,2,['國泰真殷雄']
235,2017-11-19 12:31:04,吉見さん～臭豆腐,2972,11,[]
236,2017-11-12 21:29:47,"料理東西軍，今天你選哪一道（管理員）

#在現場請簽到",1585,28,['在現場請簽到']
237,2017-11-11 22:05:15,"今天有到清華大學看陳偉殷的請簽到（管理員）

#開心打棒球",2027,22,['開心打棒球']
238,2017-11-11 12:56:56,"大家來找碴，到底兩個土虱有什麼不一樣?（管理員）

#國泰真殷雄 
#棒球訓練營",2472,14,"['國泰真殷雄', '棒球訓練營']"
239,2017-11-10 21:57:41,"從左到右你可以講出所有人的名字嗎？
明天清華大學見囉！（管理員）

#國泰真殷雄",2373,10,['國泰真殷雄']
240,2017-11-10 12:00:12,"陳偉殷今天回到母校，致贈球衣與手套
以後在國體的體育博物館都可以看到（管理員）",2228,3,[]
241,2017-11-09 23:09:49,"周末新竹見

#新竹美食歡迎推薦",1193,9,['新竹美食歡迎推薦']
242,2017-11-09 11:36:46,"感謝LV的邀請，真的像蠟像嗎？

#lv",2214,4,['lv']
243,2017-11-05 13:21:56,"冷冷的天氣就是要泡溫泉啊！

#寒沐行館
#背影照又來了",2138,6,"['背影照又來了', '寒沐行館']"
244,2017-11-03 14:18:43,"新竹是個好地方
好想把新竹摃丸跟炒米粉帶到美國
11/11-12新竹見😁",2761,8,[]
245,2017-11-02 17:58:42,"我想我背面比正面帥

#知道我在哪個球場嗎",2273,8,['知道我在哪個球場嗎']
246,2017-10-31 11:13:21,"Trick or Treat不給糖就搗蛋（管理員）

#可愛い",2343,2,['可愛い']
247,2017-10-31 00:12:35,"每次跟前輩聊天總會有新的收穫！

還記得十年前厚著臉皮去請他教我投球，還好前輩沒有拒絕我😄。 #感謝前輩的照顧
#吐司拍照眼睛要張開啊",2410,4,"['吐司拍照眼睛要張開啊', '感謝前輩的照顧']"
248,2017-10-28 19:25:35,"見了以前的隊友，吃了懷念的食物，去了住了五年的宿舍！

#該回家了
#中華航空",2257,4,"['中華航空', '該回家了']"
249,2017-10-27 14:21:18,"充滿回憶的起點，好懷念

#初老症狀",1487,4,['初老症狀']
250,2017-10-26 23:13:21,"我小時候可以吃五十隻這個雞翅。😆
今天可以吃幾隻呢？

#名古屋風來坊
#18歲是小時候嗎",2418,15,"['名古屋風來坊', '18歲是小時候嗎']"
251,2017-10-26 10:29:03,"有燒燒的感覺嗎？

#明太子大腸鍋",1348,10,['明太子大腸鍋']
252,2017-10-25 08:32:18,以前在日本常喝的ミルクティー你怎麼變成水了,1803,8,[]
253,2017-10-25 00:03:49,"萬惡宵夜文來了

#好吃",1785,8,['好吃']
254,2017-10-24 13:19:43,"中正路陳偉殷報到（管理員）

#巧遇陳偉殷",1635,10,['巧遇陳偉殷']
255,2017-10-21 21:10:31,"Smile~喜歡兩個人的笑容（管理員）

#ichiro",2186,6,['ichiro']
256,2017-10-20 18:58:24,"老闆的魚尾紋🤣
（管理員）
#初老
#出賣老闆系列",1762,14,"['初老', '出賣老闆系列']"
257,2017-10-20 15:19:42,"陳偉殷為狗狗發聲
今年公益基金將贊助台灣愛狗人協會（管理員）",1372,0,[]
258,2017-10-20 14:31:03,等等偉殷要公佈希望基金公益活動（管理員）,872,0,[]
259,2017-10-16 16:10:47,"謝謝國泰金控一直以來的支持（管理員）

#陳偉殷公益基金",1807,1,['陳偉殷公益基金']
260,2017-10-16 12:41:09,"謝謝今天的主持人徐老闆（管理員）

#殷雄回家",2072,2,['殷雄回家']
261,2017-10-16 12:12:56,"返台記者會跟大家見面很開心，今天講好多話，哈哈（管理員）

#台灣殷雄回來了",1786,2,['台灣殷雄回來了']
262,2017-10-16 00:07:40,"謝謝大家來接我，好感動

#感謝華航",2766,18,['感謝華航']
263,2017-10-14 19:57:48,"陳偉殷一生懸命日文T，想要（管理員）

#限量版",1048,49,['限量版']
264,2017-10-14 12:24:09,"穿上陳偉殷相關商品一起去接機吧！（管理員）

10/15晚上9:00第二航廈，一起去吧！

#殷雄回家",1630,3,['殷雄回家']
265,2017-10-13 13:23:30,"台灣「殷」雄 – 陳偉殷要回台啦，想親眼目睹台灣殷雄的風采嗎？
10/15 (日) 晚間9:00搭乘中華航空CI 005班機抵台！（管理員） 
只要穿戴和偉殷相關的球衣、帽子或是自製加油板的熱血球迷就可以和工作人員索取限量摸彩券，除了可以見到偉殷本人之外還有機會可以獲得偉殷的限量T-Shirt喔!!!你怎麼可以錯過~~ #台灣殷雄回來了
#中華航空CI005
#送接機禮物",1514,4,"['台灣殷雄回來了', '中華航空CI005', '送接機禮物']"
266,2017-10-11 22:38:35,"一來認識陳偉殷專屬logo（管理員）
#陳偉殷",1311,3,['陳偉殷']
267,2017-10-10 12:02:47,"我們都喜歡吃魚🐟

#さかな",2862,9,['さかな']
268,2017-10-08 00:19:27,大家放假都在幹嘛呢？（管理員）,1540,2,[]
269,2017-10-05 12:35:06,"雖然我不在台灣，請大家幫我讓Ozuna感受台灣人的熱情。

#一定要找他拍照喔
#Ozuna在路上巧遇我
#不要給他臭豆腐",1776,4,"['Ozuna在路上巧遇我', '不要給他臭豆腐', '一定要找他拍照喔']"
270,2017-10-03 11:02:40,"一年的球季又結束了，雖然我一直待在傷兵名單，復健對我來說是一件非常煎熬的事情，但也讓我學習面對困境、往前看，讓自己心情不能被擊敗或倒下，更不能被某些聲音去影響我的想法和決定。 
當然這一年也發生了一些讓我不是很開心的事，不過都結束了。最後3個禮拜待在中繼，面對完全不熟悉的角色，但是我沒有被打敗!也證明任何任務我都可以勝任。 
最後去醫院檢查，主要是因為想讓自己更了解自己的手肘問題跟狀況，這一切都是為明年球季做準備，還有季後該如何做調整。 
唯一能說的就是跟著年紀成長，（還是說我老了？）這些我都要去承認跟體會，畢竟我不是一個20幾歲的年輕人了，我知道我該改變，不認輸的我也應該找出一個屬於新的陳偉殷，這一個off season會是一個新的開始。 
謝謝大家為我加油！！期待回到台灣跟大家碰面😄

#初老",1718,18,['初老']
271,2017-10-02 21:49:43,"偷偷跟你們說，陳偉殷10月中左右要回台灣，要不要一起去接機啊？（管理員）

#歡殷回家",1948,16,['歡殷回家']
272,2017-09-28 07:00:53,"大家不要被新聞弄得太緊張，只是球季後的檢查提前（管理員）

#相信偉殷
#一生懸命
#出賣老闆系列",1820,10,"['一生懸命', '出賣老闆系列', '相信偉殷']"
273,2017-09-27 08:35:49,"原本是季後安排的檢查，今天陳偉殷趁球隊在西岸的空檔，提前讓醫師再確定了復健後剛投完幾場比賽的身體狀況，為明年開季做準備。今年球季不管對身體或心理都是很大的磨練跟挑戰，希望一切的辛苦，能讓未來變得更好！（管理員）

#標題太危險
#備戰2018",1875,9,"['備戰2018', '標題太危險']"
274,2017-09-26 05:58:50,"Miss you!

#jdf16",2335,18,['jdf16']
275,2017-09-25 08:50:53,"謝謝來幫我加油的球迷
我要移動去丹佛囉！

#下次再見",1484,2,['下次再見']
276,2017-09-24 22:14:57,"你知道這件tshirt的特殊意義嗎？（管理員）

#殷是模特兒
#衣服好看",1522,6,"['殷是模特兒', '衣服好看']"
277,2017-09-24 06:52:09,"賽前BP投手都要到外野接球
兩個人不知道發生什麼事好開心（管理員）

#笑容好棒喔",1274,0,['笑容好棒喔']
278,2017-09-23 13:37:39,今日成績（管理員）,1259,2,[]
279,2017-09-23 12:48:46,陳偉殷登板囉！（管理員）,1470,3,[]
280,2017-09-22 10:46:32,看得出來這是陳偉殷嗎？（管理員）,1462,14,[]
281,2017-09-21 21:16:03,"陳偉殷做的紅燒獅子頭（管理員）

#新好男人",2239,10,['新好男人']
282,2017-09-21 08:34:12,又要飛了~順風（管理員）,2336,10,[]
283,2017-09-21 02:01:59,"【送禮物】有看直播你一定知道我們要送禮物囉！IG管理員幫大家爭取福利，其中有一張PS4 the SHOW17要送給IG的粉絲，是有陳偉殷親筆簽名的那張喔！

怎麼送呢？
1.追蹤陳偉殷IG
2.留言寫下為陳偉殷加油的話
3.#willwinchen #陳偉殷

9/30中午12:00截至管理員會選出一名幸運粉絲，在粉絲團公布中獎名單喔！

#willwinchen 
#陳偉殷",2053,444,"['陳偉殷', 'willwinchen']"
284,2017-09-20 06:27:05,來馬林魚隊找陳偉殷電梯（管理員）,2046,5,[]
285,2017-09-18 06:11:13,"今天上場中繼2局，失1分，2次三振
真心覺得教練可以再拉長局數試試看（管理員）

#換殷上場",1220,0,['換殷上場']
286,2017-09-18 02:35:00,就說吉祥物都很愛陳偉殷咩，默默偷看他（管理員）,1403,4,[]
287,2017-09-17 09:53:17,殷殷關切的視角（管理員）,1915,10,[]
288,2017-09-17 04:48:07,期待看兩大左投對決嗎?（管理員）,2070,5,[]
289,2017-09-14 21:05:29,"沒想到陳施主身旁這兩位都一起在大聯盟了吧，恭喜曾仁和，加油哦！（管理員）
#一起加油",1796,6,['一起加油']
290,2017-09-14 14:29:32,我覺得可以（管理員）,1729,10,[]
291,2017-09-14 00:53:19,尋找陳偉殷大作戰（管理員）,1438,6,[]
292,2017-09-05 22:55:24,"陳偉殷回歸
weiyin return（管理員）

#歡迎
#welcomeback",1694,6,"['歡迎', 'welcomeback']"
293,2017-09-05 08:30:11,新角色新挑戰新任務，加油（管理員）,1810,8,[]
294,2017-09-03 22:58:36,P圖真的好強喔！陳同學只是想伸展而已（管理員）,1569,7,[]
295,2017-09-03 08:10:07,"要回來了（管理員）
#comingsoon 
#imback",2348,13,"['imback', 'comingsoon']"
296,2017-08-31 21:30:41,weiyinfish,1520,2,[]
297,2017-08-26 15:01:45,台大陳偉殷（管理員）,1442,1,[]
298,2017-08-20 02:43:46,一起為世大運選手加油打氣（管理員）,2245,2,[]
299,2017-08-18 02:17:40,"長腿哥（管理員）
#weiyinchen",1828,3,['weiyinchen']
