,time,post_caption,likes,comments,tags
0,2019-12-14 23:22:43,"剛剛參加學長的婚禮
好幸福啊～～
明天開始又是滿滿的能量💗",3536,25,[]
1,2019-12-08 20:40:47,"終於有機會來到傳說中的壽司中之神 次郎壽司🍣（兒子）的店
聽說店裡規矩很多 但是實際老闆人真的滿親切的呀！（害我嚇的半死）
跟以往吃過的壽司真的不太一樣 
真心推薦你們去吃看看💗",4904,25,[]
2,2019-12-07 16:26:29,"比賽結束後
東京街頭走走逛逛
#有遇到我嗎",6871,72,['有遇到我嗎']
3,2019-11-28 18:11:07,"自信的笑著
面對接下來的挑戰
#EAshibuya
#emporioarmani
#armani",3267,54,"['emporioarmani', 'EAshibuya', 'armani']"
4,2019-11-17 00:07:42,"順利的同學會✌️
#晚安💤",4491,24,['晚安']
5,2019-11-11 18:07:52,"經紀人說：來～拿花瓶拍一張
拍完之後～～
我：表達什麼😂
#花瓶真的很難駕馭
#哈哈哈",4207,52,"['花瓶真的很難駕馭', '哈哈哈']"
6,2019-11-07 21:55:08,"很開心也榮幸成為 TOYOTA SIENTA的代言人
廣告概念我們好喜歡
因為內容是以小愛的故事呈現🏓
很溫馨
感覺我也參與了她的小時候

特別想跟大家分一個鏡頭
廣告裡面有一幕是桌球打在後照鏡🚙
拍攝的時候打球的人就是小愛喔
打得超準完全符合導演的要求
我們都笑說找我們代言真的是對了😎

廣告我會再放上來給大家欣賞
大家看到也要跟我說
#TOYOTA #SIENTA
#安全配備再升級
#後面空間超大
#娃娃車不用折都可以直接放上去
#有七人座喔
#大家有看到廣告了嗎",9675,69,"['後面空間超大', '安全配備再升級', '大家有看到廣告了嗎', '有七人座喔', '娃娃車不用折都可以直接放上去', 'SIENTA', 'TOYOTA']"
7,2019-11-05 22:57:04,簡單 快樂 幸福,13371,60,[]
8,2019-10-29 21:50:21,"嗯...對
我自己知道很有事
😂😂😂",3002,58,[]
9,2019-10-28 18:38:44,"有沒有人像我一樣 
連摩天輪都很害怕😱",4203,58,[]
10,2019-10-26 19:50:33,"玫瑰在我手上好像也滿適合🌹
#你可以再靠近一點看
#是真的玫瑰
#💗❤️",5371,60,"['是真的玫瑰', '你可以再靠近一點看']"
11,2019-10-25 18:32:19,"出門走走 拍拍照
喜歡嗎💗",3414,34,[]
12,2019-10-24 20:38:51,#emporioarmani,2685,25,['emporioarmani']
13,2019-10-21 12:26:49,努力💪,3221,45,[]
14,2019-10-20 09:41:38,"加油💪
@ryukyuasteeda",2336,19,[]
15,2019-10-18 15:13:59,"台北101的美
很值得慢慢欣賞💗
#大家都有現場看過嗎
#好佩服",4482,31,"['好佩服', '大家都有現場看過嗎']"
16,2019-10-14 19:59:23,"今天去機場忘記帶護照
還好有我家女神即時救援😂
#不管怎樣都要保持微笑喔
#只好模仿妳的拍照姿勢來尊敬妳
#😂😂😂
#EmporioArmani",5594,49,"['只好模仿妳的拍照姿勢來尊敬妳', 'EmporioArmani', '不管怎樣都要保持微笑喔']"
17,2019-10-13 20:51:39,"愛拉醬2歲啦
一定要平安健康長大喔",9835,99,[]
18,2019-10-12 23:21:28,"今天參加美舒律一日店長的活動
謝謝大家來跟我一起參與這次的活動💗
看見好多人 好感動啊😄
新推出的漢溫系列蒸氣眼罩
真的更能深層放鬆 提振精神
我只能說 常常使用3C產品的大家
美舒律蒸氣眼罩絕對不會讓你們大家失望的😂
#一日店長成功
#希望大家下次還能到現場支持
#美舒律蒸氣眼罩
#讓我保持最佳狀態
#深層放鬆",2212,14,"['美舒律蒸氣眼罩', '深層放鬆', '希望大家下次還能到現場支持', '一日店長成功', '讓我保持最佳狀態']"
19,2019-10-10 14:57:35,"號外！號外！號外！
我準備要跟大家見面啦😄
我會在 （康是美 時代店 擔任美舒律一日店長）
大家想要近距離跟我接觸嗎💗
機會難得 快把握機會 😂😂😂
#10月12日 週六(後天）
#下午14點
#康是美時代店
#台北市信義區忠孝東路五段6號
#在統一時代廣場裡面喔
#我們不見不散
#美舒律讓我保持最佳狀態",1263,19,"['在統一時代廣場裡面喔', '下午14點', '10月12日', '康是美時代店', '台北市信義區忠孝東路五段6號', '我們不見不散', '美舒律讓我保持最佳狀態']"
20,2019-10-09 20:15:00,"成功解鎖我的偶像💗
@Coach; #CoachNY #CoachxMBJ",7326,33,"['CoachxMBJ', 'CoachNY']"
21,2019-10-09 18:27:25,#CoachxMBJ,3548,29,['CoachxMBJ']
22,2019-10-04 15:16:10,"經歷過好痛苦的失敗
我們又重新站上冠軍的頒獎台
#我們做到啦
#台南市男團冠軍
#好爽",5509,52,"['台南市男團冠軍', '我們做到啦', '好爽']"
23,2019-10-01 23:11:24,"不要為了沒發生過的事情煩惱
專注自己在乎的事情
#大家一起努力
#加油一起前進
#年紀到了 皺紋要乖 不要這麼早來😂",4232,37,"['大家一起努力', '加油一起前進', '年紀到了']"
24,2019-09-29 22:11:19,"怎麼這麼美～
(包括我😂） #恭喜你新婚快樂💗",7655,40,['恭喜你新婚快樂']
25,2019-09-26 22:17:38,"好喜歡
好喜歡
好喜歡
#ckcalvinklein #club21taiwan
@adamw0409",7011,70,"['ckcalvinklein', 'club21taiwan']"
26,2019-09-24 23:24:43,"要進入秋天了 
天氣變涼了大家記得加件好看的長袖喔💗
#EmporioArmani
#琉球アスティーダ",3018,30,"['EmporioArmani', '琉球アスティーダ']"
27,2019-09-12 21:51:51,"祝大家中秋節快樂🎑
#人在沖繩沒辦法吃月餅
#🥮🥮
#バルコラボ那覇天久店",4089,44,"['バルコラボ那覇天久店', '人在沖繩沒辦法吃月餅']"
28,2019-09-11 18:56:05,"有時候滿喜歡嘴邊上的肉
#因為小愛也有
#😂😂😂",3332,28,['因為小愛也有']
29,2019-09-06 21:40:54,"嚕嚕米餐廳
#有點可愛
#個性穿搭",4522,42,"['有點可愛', '個性穿搭']"
30,2019-09-02 21:07:57,"走出框架 
才能有所斬獲
#EmporioArmani",3958,45,['EmporioArmani']
31,2019-08-28 08:09:23,"寶貝 爸爸又要去日本打球了
你要乖乖喔
拔拔愛妳💗
#等爸爸回來陪你玩
#歐洲回來才兩天而已啊",12817,59,"['等爸爸回來陪你玩', '歐洲回來才兩天而已啊']"
32,2019-08-23 22:30:21,"勇敢挑戰自己的極限 
才會知道自己有多少能力",4564,56,[]
33,2019-08-22 21:00:30,"不管是去哪裡比賽🏓️ 我一定隨身攜帶滿滿的
美舒律律蒸氣眼罩 
但是今天非常猶豫我到底要用哪一款
幫助我睡眠💤💤
大家可以幫我選擇一下嗎🙏
1. 洋甘菊香（綠色）
2.玫瑰花香（紅色）
3.無味道 （紅色）
4.其他 （但沒有帶😂😂）
#花王美舒律蒸氣眼罩
#消除疲勞
#超適合運動員 
#超適合常常用電腦的上班族",3535,91,"['超適合運動員', '超適合常常用電腦的上班族', '花王美舒律蒸氣眼罩', '消除疲勞']"
34,2019-08-21 02:57:01,"晉級下一輪
但腰也傷了...😢
我～的～腰
痛～～💊
#捷克公開賽
#希望明天起床一切沒事
#謝謝可愛馬把我送到捷克",3532,44,"['捷克公開賽', '謝謝可愛馬把我送到捷克', '希望明天起床一切沒事']"
35,2019-08-16 14:21:26,"不管你們信不信
我是一次成功😂
#GTN  #グローバルトラストネットワークス 
#琉球ASTEEDA #GlobalTrustNetworks
#卓球ストラックアウト",7776,179,"['琉球ASTEEDA', '卓球ストラックアウト', 'GlobalTrustNetworks', 'GTN', 'グローバルトラストネットワークス']"
36,2019-08-13 16:04:39,"我在保加利亞🇧🇬天氣晴🌞
#保加利亞公開賽
#第二輪繼續加油",5535,61,"['第二輪繼續加油', '保加利亞公開賽']"
37,2019-08-11 21:27:38,"發呆亭男孩是我👦
#😂😂😂",4439,29,[]
38,2019-08-09 21:58:59,好喜歡山上涼爽的天氣🌞,6712,82,[]
39,2019-08-08 20:16:50,"祝天下的爸爸 
父親節快樂🎉",20314,142,[]
40,2019-08-07 22:41:14,"情人節快樂🌹
#希望大家都有情人",7553,41,['希望大家都有情人']
41,2019-08-04 20:28:37,"比賽完穿著球衣走走🏓️
#Butterfly",4067,22,['Butterfly']
42,2019-08-02 14:44:10,"真的很開心💗
謝謝球隊贊助商🌹
#琉球アスティーダ 
#dfs
#firstclassbeauty #tgalleriaokinawa",2940,16,"['firstclassbeauty', 'dfs', 'tgalleriaokinawa', '琉球アスティーダ']"
43,2019-08-01 23:35:24,"人生第一次看到這麼大的
#胡椒罐
#很重",3827,34,"['胡椒罐', '很重']"
44,2019-08-01 12:38:54,"歡迎光臨🌹
#コラボキッチン",2253,45,['コラボキッチン']
45,2019-07-29 12:55:35,"新隊服💗
#琉球アスティーダ",4480,46,['琉球アスティーダ']
46,2019-07-28 20:53:44,"準備進入比賽季
#加油💪
#‪琉球アスティーダ",5794,75,['加油']
47,2019-07-26 19:03:36,喜歡自信的自己🌹,4466,48,[]
48,2019-07-25 09:27:58,"蜘蛛也可以做的這麼閃亮✨
#我害怕蜘蛛
#哈哈哈",4432,42,"['哈哈哈', '我害怕蜘蛛']"
49,2019-07-18 22:23:45,"今天我是乖學生
#晚安",4951,42,['晚安']
50,2019-07-14 17:48:29,"恭喜品冠哥發片 
#品冠
#幸福指南編輯部
#TEDBAKER",5307,35,"['TEDBAKER', '品冠', '幸福指南編輯部']"
51,2019-07-13 21:28:24,好喜歡這張照片🌹,4489,41,[]
52,2019-07-09 13:28:56,"喜 怒 哀 樂 
#哈哈哈",4697,45,['哈哈哈']
53,2019-07-06 22:08:25,"第一次嘗試有顏色的鏡框
#好看嗎",4367,79,['好看嗎']
54,2019-06-28 17:56:22,"來個小愛式網美照
#小愛最愛的自拍角度
#好累啊～～～～
#第二張才是真正的自己哈哈哈",5649,72,"['第二張才是真正的自己哈哈哈', '小愛最愛的自拍角度', '好累啊']"
55,2019-06-23 08:45:23,"這是什麼🤔🤔
⁉️⁉️⁉️",10098,172,[]
56,2019-06-16 22:57:31,平安健康長大就是拔拔最想要的願望💗,9500,59,[]
57,2019-06-10 11:30:33,"我感覺到夏天要來了🌞
#訓練結束
#明天飛日本
#日本公開賽",4517,48,"['明天飛日本', '日本公開賽', '訓練結束']"
58,2019-06-09 11:55:04,"很可以
#天氣剛剛好",5648,52,['天氣剛剛好']
59,2019-06-08 17:16:31,"誰來巧遇
#墾丁",5416,64,['墾丁']
60,2019-06-07 13:05:54,"應景一下
端午節快樂🌹
#粽子
#滴雞精
#午餐完成",2662,23,"['粽子', '滴雞精', '午餐完成']"
61,2019-06-03 00:30:34,"愛拉醬好會擺pose
#好時尚🌹",10922,68,['好時尚']
62,2019-06-02 10:56:48,"6月份搞笑系列
😂😂😂
Part 4

#搞笑系列限定版
#一個月只有一張",4432,54,"['搞笑系列限定版', '一個月只有一張']"
63,2019-05-28 18:29:28,繼續努力,5403,68,[]
64,2019-05-28 09:59:14,"早安 🌹～
九點的賽程剛結束🏓️✌️
#下一場繼續爭取勝利
#加油",5066,52,"['下一場繼續爭取勝利', '加油']"
65,2019-05-26 21:25:21,"出發前整理比賽服
大家喜歡哪一件💗
#我覺得每件都好有設計感
#謝謝butterfly一路支持
#謝謝合作金庫",4205,116,"['謝謝合作金庫', '我覺得每件都好有設計感', '謝謝butterfly一路支持']"
66,2019-05-21 22:43:43,晚安😴,4444,68,[]
67,2019-05-19 12:03:04,"5月份造型又來了

Part 3

#搞笑系列限定版
#一個月只有一張",5210,110,"['搞笑系列限定版', '一個月只有一張']"
68,2019-05-16 18:51:26,"每次的拍攝都是新的挑戰
#好不一樣的我
#coach",6235,70,"['coach', '好不一樣的我']"
69,2019-05-15 12:12:27,".
.
感謝COACH讓我解鎖超酷的自己！
#COACH",1975,110,['COACH']
70,2019-05-12 21:37:31,"祝各位偉大的母親
母親節快樂💗💗💗",5902,47,[]
71,2019-05-11 23:42:51,"突然想念扇貝的味道💗
#好吃",8165,109,['好吃']
72,2019-05-10 19:22:22,"🌹🌹
#Armani",4426,60,['Armani']
73,2019-05-09 18:27:36,在哪裡都可以當作攝影棚,5340,40,[]
74,2019-05-03 11:50:42,"訓練結束 
傳說殺一波 誰要跟我們三排
#改天來約一下",5704,49,['改天來約一下']
75,2019-05-01 17:45:28,"在一起四週年紀念日❤️
#與醫師朋友
#💗💗💗",9486,52,['與醫師朋友']
76,2019-04-29 23:21:53,"完成人生第一個乾燥花環✔️
#跟著愛姊課程走
#做的比愛姊好看🥳",5493,79,"['跟著愛姊課程走', '做的比愛姊好看']"
77,2019-04-28 17:29:52,"今天謝謝BRITA邀請我
世界地球路跑日
一起愛地球做環保",4603,69,[]
78,2019-04-27 23:27:16,"我與豬與狗
#晚安",8024,66,['晚安']
79,2019-04-25 13:48:34,".
.
動態版的EA之旅
大家也會喜歡嗎？
不知道大家最喜歡哪一幕

在店裡騎腳踏車蠻爆汗的(笑)

#イーグルアーケード #琉球アスティーダ　 #EmporioArmani #EAgleArcade @armani
#槙野智章 @makino.5_official
.
.
🍓 makeup 王威翔 @adamw0409
🍓 hairstyle H.C Robin
🍓 photo 何晨瀧/@sunshinestudio09",2013,15,"['イーグルアーケード', 'EmporioArmani', '琉球アスティーダ', 'EAgleArcade', '槙野智章']"
80,2019-04-20 22:33:41,"大家都選小愛的粉紅色 ～
（所以我硬要放自己的）",3907,45,[]
81,2019-04-19 17:06:22,"謝謝Emporio Armani的邀請
大家喜歡哪一個造型的我呢？

Emporio Armani EAgle Arcade系列商品在東京表參道的EA青山店限定期間展示中，裡面有可愛的Pop-up Store遊戲機，大家一定要把握機會去同樂～

#イーグルアーケード #琉球アスティーダ　 #EmporioArmani #EAgleArcade @armani
.
🍓 makeup 王威翔 @adamw0409
🍓 hairstyle H.C Robin
🍓 photo 何晨瀧/ @sunshinestudio09 
@makino.5_official",9294,133,"['EmporioArmani', 'イーグルアーケード', 'EAgleArcade', '琉球アスティーダ']"
82,2019-04-10 18:16:52,,6220,73,[]
83,2019-04-08 10:04:09,"大家好 
4月3日下午帥氣的小小傑來地球上報到啦～
體重3110g、身高51cm  母子都平安
謝謝大家的關心
#謝謝沈靜茹醫師讓我們很放心
#謝謝幫助我們的人
#健康平安長大",22757,961,"['謝謝沈靜茹醫師讓我們很放心', '謝謝幫助我們的人', '健康平安長大']"
84,2019-04-01 20:03:43,"4月份造型大家還滿意嗎？

Part 2

#搞笑系列限定版
#一個月只有一張
#誰有更好的造型建議呢
#快放上來我來模仿",6608,168,"['誰有更好的造型建議呢', '搞笑系列限定版', '一個月只有一張', '快放上來我來模仿']"
85,2019-03-30 21:50:47,最簡單的幸福～,12293,121,[]
86,2019-03-29 22:19:35,你們也在看我嗎💗,7005,128,[]
87,2019-03-28 22:33:10,"工作的樣子～
希望可以邁向零NG的境界
 #美舒律
 #蒸氣眼罩",2838,20,"['蒸氣眼罩', '美舒律']"
88,2019-03-27 20:45:06,"每天都緊張 每天都期待
❤️💗",6594,55,[]
89,2019-03-26 20:14:40,💗💗💗,5292,41,[]
90,2019-03-23 21:49:23,"哈囉 各位baby 今天過的好嗎
#玉米先生登場",3106,42,['玉米先生登場']
91,2019-03-18 19:00:33,"今日擔任DFS免稅店沖繩機場分店的一日店長，很特別的感覺 謝謝大家的捧場 哈哈哈！

另外還想推薦沖繩市區的DFS百貨店面，裡面有非常多的精品，你絕對不敢相信東西有多便宜，我第一次來就愛上了！

今天還參加了樂桃航空航廈遷移儀式典禮，對乘客來說方便很多，而且今天搭乘的乘客看到我應該很開心(自己說XD)

最後還是要推薦球隊老闆的餐廳，炸牛排超好吃
#Tギャラリア沖縄
 #tgalleriaokinawa 
#okinawa 
#dfs",5546,25,"['okinawa', 'Tギャラリア沖縄', 'dfs', 'tgalleriaokinawa']"
92,2019-03-18 11:16:20,"剛剛也有人座樂桃航空沖繩飛高雄的航線嗎
#有看到我嗎
#好像剛剛的乘客正在飛行中",6641,23,"['有看到我嗎', '好像剛剛的乘客正在飛行中']"
93,2019-03-17 22:20:26,"跟大家說一個秘密
我的興趣是摸豬的鼻子🐷🐷🐷
#有人跟我一樣嗎
#我想養豬",5760,124,"['有人跟我一樣嗎', '我想養豬']"
94,2019-03-16 23:11:41,好餓～～～,5027,56,[]
95,2019-03-14 21:28:26,"月亮上到底可以裝多少人呢？！
#一家四口合照
#愛拉醬很愛親我",17666,82,"['愛拉醬很愛親我', '一家四口合照']"
96,2019-03-13 12:52:08,"2位大人 2位小孩 
生日快樂🎂🎁",6575,23,[]
97,2019-03-11 19:12:15,北海道小樽音樂盒博物館💗,7665,67,[]
98,2019-03-09 23:33:43,"這是剛剛做巧克力包子的材料
左一下 巧克力粉
左一上 手工巧克力醬
左二 發酵好的麵粉
右一  巧克力碎片（小）
右二上 巧克力碎片（大）
右二下 德國巧克力醬

希望大家看到肚子餓 
哈哈哈哈 （好壞）
#晚安",4559,43,['晚安']
99,2019-03-09 21:55:55,"等等11點宵夜時間
小愛的巧克力包子成果發表會
用直播的方式跟大家見面
大家會想看嗎
11點等你們喔💗",8161,51,[]
100,2019-03-08 23:53:07,"什麼年紀該做什麼事情
已經30歲了 
所以就該跟女兒搶球 哈
#也是一種挑戰
#放手衝吧
#晚安",5825,22,"['晚安', '也是一種挑戰', '放手衝吧']"
101,2019-03-07 18:17:38,"訓練完🏓
在回家的路上 
高雄變好冷，風好大🌪🌪🌪
大家也要注意身體😎",6281,45,[]
102,2019-03-06 23:02:47,,1695,16,[]
103,2019-03-06 23:02:41,,1207,3,[]
104,2019-03-06 23:02:35,,1118,2,[]
105,2019-03-06 23:02:28,,1131,4,[]
106,2019-03-06 23:02:22,,3094,8,[]
107,2019-03-06 23:02:15,,2455,6,[]
108,2019-03-06 23:02:08,,1321,2,[]
109,2019-03-06 23:02:02,,1532,4,[]
110,2019-03-06 23:01:55,,1344,3,[]
111,2019-03-06 23:01:49,,1258,3,[]
112,2019-03-06 23:01:43,,1146,1,[]
113,2019-03-06 23:01:37,,2969,16,[]
114,2019-03-04 22:46:43,"有我在的地方就是迪士尼 
#好敢說",9409,64,['好敢說']
115,2019-03-01 20:13:51,大家一定可以找到亮點～,5629,58,[]
116,2019-02-28 13:54:57,"換遛小孩囉！
#pizza",11888,103,['pizza']
117,2019-02-28 10:13:21,"天氣好好啊
大家不要忘記連假期間也要運動流汗啊💦💦
#繼續練一波
#假期愉快",6059,30,"['繼續練一波', '假期愉快']"
118,2019-02-27 22:27:28,,5407,27,[]
119,2019-02-26 22:07:55,"這是我今天的晚餐 
因為太好吃了 所以決定簡單分享給大家
這間火鍋店賣的東西非常簡單🍲
只有蔬菜跟肉類  完全沒有任何的火鍋料
湯的種類有五種
（我目前喝過牛番茄鍋 跟 農夫蔬菜鍋）超推
附上的蔬菜盤真的是超大份量
肉方面也有很多的選擇 也非常的好吃新鮮 
希望大家口袋有多一間餐廳可以選擇💗❤️🧡
#樂未秧 農夫市集鍋物",9351,70,['樂未秧']
120,2019-02-25 19:01:25,好喜歡這種色調❤️,8794,68,[]
121,2019-02-24 22:05:45,"驚嚇又驚喜 
你們到底想幹嘛
謝謝大家 太感動了😹
@cherngyang 
謝謝你特地從台北下來幫我慶生",10847,66,[]
122,2019-02-24 10:11:20,"多一些挑戰
相信自己的能力
加油💪",8199,62,[]
123,2019-02-23 14:11:25,"今天以琉球アスティーダ桌球隊選手身份來開球
很開心巨人隊邀請我
真的是非常非常榮幸
賽前還見到了大前輩原辰德教練
他好親切讓我化解了一點緊張
我的願望就是不要暴投或是挖地瓜
成功了！
希望大家覺得不錯～
巨人隊加油
雖然陽選手在備戰沒能見到他
但很欽佩在海外征戰的選手
身為運動員真的很崇拜他
希望他今年成績大發
我也大發哈哈哈

#讀賣巨人隊 #ジャイアンツ
#陽岱鋼
#原辰德 #琉球アスティーダ",9168,47,"['ジャイアンツ', '陽岱鋼', '讀賣巨人隊', '原辰德', '琉球アスティーダ']"
124,2019-02-22 22:37:15,"今天在我準備睡覺的時候突然有人按門鈴 
一打開門 服務員說 ‘生日快樂’ 把我給嚇壞
老婆要給我驚喜要提早跟我說一下啊 哈哈哈
謝謝妳💗
也謝謝球隊幫我準備的生日驚喜 
超大的花  超感動
#謝謝大家的祝福
#琉球アスティーダ",16005,195,"['謝謝大家的祝福', '琉球アスティーダ']"
125,2019-02-20 10:23:57,"我們今天要從神戶移動到沖繩主場比賽
因為沒有比賽
移動前先開啟觀光客模式
我們來到了姬路城 
相信大家都對姬路城不陌生
姬路城是一座位於日本兵庫縣姬路市的城堡
也是日本首批世界文化遺產之一，與熊本城、松本城合稱為日本三大名城
裡面真的很漂亮又很有歷史感 
一進去非常遼闊與雄偉
用照片真的沒辦法完全說明現場體會到的壯觀
如果要認真仔細看完這裡 
應該要逛上一整天
今天只有大概一個小時的時間參觀
簡單的紀錄一些照片給大家看
喜歡古色古香景點的朋友
來到兵庫縣一定要來看看

#江選手今天化身江導遊
#姬路城 #兵庫縣 
#觀光完繼續備戰",10550,121,"['兵庫縣', '江選手今天化身江導遊', '姬路城', '觀光完繼續備戰']"
126,2019-02-19 22:10:56,"今天賽程剛結束
現在吃晚餐
後天繼續努力💪
#熊編PO文",7149,41,['熊編PO文']
127,2019-02-18 23:59:24,"這一週都在外征戰的江選手
繼續努力
大家幫他加油🏓🏓🏓
#他說他頭髮很有事
#今天贏球啦
#熊編po文",6582,42,"['今天贏球啦', '他說他頭髮很有事', '熊編po文']"
128,2019-02-14 23:16:41,祝大家情人節快樂💗,15848,94,[]
129,2019-02-07 12:44:44,"大年初三  新年快樂🧨🧧
小愛媽媽幾乎每年都會來過年
希望大家都能平安健康
一切都順利！！！
福原愛 Ai  Fukuhara

#除夕 團圓年夜飯
#初一 大合照
#初二 出門踏青
#初三 台南好天氣",18456,92,"['初二', '初三', '初一', '除夕']"
130,2019-02-07 11:13:54,好多多多多多多多多多多人,7608,52,[]
131,2019-02-05 16:42:34,"新的一年祝大家新年快樂🎊
大家都可以變成🐷🐷🐷哈哈哈",12587,96,[]
132,2019-01-29 18:07:30,"我是一位好丈夫
也是一位好爸爸
也是一位運動員
但大家可能不知道 我也是一位研究生👨🏻‍🎓 #今天口試緊張到不行
#謝謝各位老師的指導
#屏東科技大學",11803,94,"['今天口試緊張到不行', '謝謝各位老師的指導', '屏東科技大學']"
133,2019-01-27 20:37:58,"華研尾牙大家都好美好帥
我是小愛的造型總監💗",17893,89,[]
134,2019-01-25 17:28:03,"愛拉醬：
今天小戴姊姊陪我玩
我以後在電視上要幫小戴姊姊加油💪💗",15846,46,[]
135,2019-01-23 18:46:30,"謝謝郭醫師吳醫師
讓我身體變的更好～
#帥哥美女醫師檔
#長庚醫療",9880,26,"['長庚醫療', '帥哥美女醫師檔']"
136,2019-01-21 21:09:48,"爸爸帶小孩系列
Part4
（媽媽回來了要裝乖）",8950,45,[]
137,2019-01-20 17:02:16,"爸爸帶小孩系列
Part3
(叫到拔拔融化ing)",11167,141,[]
138,2019-01-19 16:56:03,"爸爸帶小孩系列
Part2
(其實沒成功哈哈哈）",10909,147,[]
139,2019-01-18 19:59:28,"爸爸帶小孩系列🤓
Part1",6524,56,[]
140,2019-01-17 18:31:11,"麻麻回日本工作
準備跟拔拔混 😄",11555,94,[]
141,2019-01-12 18:43:43,好貼心💗💗💗,7899,47,[]
142,2019-01-04 18:03:49,"女兒只愛拔拔
不愛媽媽
哈哈哈哈哈😂",10567,79,[]
143,2019-01-01 22:05:39,"新年快樂🍾️🍾️🎉
大家平安
大家健康
大家快樂
新年快樂🎉🎉🎈",12153,125,[]
144,2018-12-31 19:02:36,"2018年最後一天
帶三位小孩出門(aila，alia她媽，aila她媽肚子裡面那位）
😂😂😂
大家新年快樂🎊🎉🍾️",10598,106,[]
145,2018-12-24 22:20:04,"祝大家
聖誕節快樂🎅🎁🎄",15169,153,[]
146,2018-12-17 19:09:28,找到拔拔了！,10923,108,[]
147,2018-12-16 11:04:49,"舊的眼鏡不小心被我踩爆
要換新的！
想問看看大家這👓好看嗎🙏🙏🙏",6441,128,[]
148,2018-12-15 10:46:44,"找個小空檔一起去散步，小愛是我的最佳攝影師❤✌
天氣冷了就把外套給老婆穿，感覺也超適合～
謝謝我的沖繩球隊贊助商Armani，大家覺得這個造型好看嗎？

#琉球アスティーダ　#EmporioArmani",11991,138,"['EmporioArmani', '琉球アスティーダ']"
149,2018-12-11 17:19:55,"今天回台灣在飛機上 
空服員突然遞了一杯咖啡給我
說 這杯是特調咖啡上面有一個V 
希望比賽都能勝利
也希望小愛順利
太幸福了💗💗💗",5874,52,[]
150,2018-12-05 18:31:44,"最近一直在日本比賽 
很少陪伴家人 
每次回家都跟住在飯店差不多 
回家沒兩天就又飛到日本比賽

前陣子其實小愛特別辛苦 
有一天小愛要回去日本工作我送她到機場 
小愛突然跟我說，她身體不舒服、很想吐 
我心裡第一個反應『懷孕了嗎？』
我二話不說，馬上去買驗孕棒 
直接在機場廁所驗看看是不是真的懷孕

嗯.......是的，小愛真的懷孕了！
其實我之前有說過 
想給小愛多休息一下，再考慮有第二個寶寶
雖然現在寶寶提早到來
我們也都非常開心、非常期待迎接他的到來 
小愛目前懷孕已經六個月 
辛苦的部份跟第一胎比起來好非常多（Aila醬在媽媽肚子裡面是惡魔，哈哈哈）
謝謝家人在我不在的時候幫忙非常多
我在日本的期間，小愛一直失眠 
她說睡不著，很期待我回家

老婆辛苦啦，比賽完就回家陪妳
我在日本比賽，其實心一直都在家裡
想好好的陪伴妳、陪伴家人 
想幫忙妳、陪伴女兒長大 
這些一直都是我所期待的 
謝謝大家聽我說這麼多關於我們家的事情，哈哈哈哈
大家應該也跟我一樣很期待第二個寶寶的到來吧 💗
#老婆辛苦啦
#比賽完就回家了 
#愛妳
福原愛 Ai Fukuhara",19973,593,"['老婆辛苦啦', '比賽完就回家了', '愛妳']"
151,2018-12-02 13:21:16,明天準備開戰💪,6392,85,[]
152,2018-11-28 18:46:12,"在這期間有在沖繩旅遊的的朋友
可以來幫我們加油加油💪💪
這也算是一個行程吧哈哈哈
#大家快來幫我們加油",2765,28,['大家快來幫我們加油']
153,2018-11-16 19:37:31,"今天又飛來日本比賽
突然想到小愛喜歡用這個姿勢拍照
那就用這張照片模仿她
哈哈哈😄

#希望大家看到照片不要吐
#大家冷靜哈哈哈",7057,90,"['大家冷靜哈哈哈', '希望大家看到照片不要吐']"
154,2018-11-03 14:18:56,"很開心出席ELLE風格人物大賞頒獎典禮
雖然有點小緊張
但我跟小愛都覺得相當榮幸
希望能夠展現運動員也有時尚的一面給大家看
我開玩笑的說自己造型是高校生+花輪髮
其實全身黑色是跟小愛的和服底色相稱
除了展露有個性的現代感
希望穿出我們總是呼應也照耀彼此的概念

謝謝大家給我們機會參與這麼大的時尚場合
希望未來我們表現的更好

#elle #elletaiwan #福原愛
#Diorhomme #Dior
#stylistELLE
#hairROBIN
#makeup凱婷",10705,89,"['Dior', 'Diorhomme', 'hairROBIN', 'makeup凱婷', 'stylistELLE', '福原愛', 'elle', 'elletaiwan']"
155,2018-10-30 13:15:03,"#熊編發文#

傑爸在瑞典公開賽拚戰
第一場比賽上演大逆轉4-3獲勝啦🏓
eye mag雜誌封面照搶先公開
歡迎大家一邊支持傑爸桌球場上風采
一邊欣賞超帥雜誌照

請大家用行動力支持傑爸 ^_^
💎eye mag 10月號 → https://goo.gl/djSSCC

#熊編 #eyemag #江宏傑 #瑞典公開賽",3658,39,"['江宏傑', 'eyemag', '熊編', '瑞典公開賽', '熊編發文']"
156,2018-10-15 18:54:54,"很榮幸成為美舒律蒸氣眼罩的台灣區代言人💪

這支電視廣告拍攝時也很開心
導演、燈光師、造型師和化妝師與所有工作人員都超親切
謝謝花王給我這個機會能宣傳這麼實用的產品
要請大家以後要在台灣多買一點了！(是不是一個很盡責的代言人)🤣🤣🤣 #美舒律 #蒸氣眼罩 #2倍舒適深放鬆 #蒸氣in疲勞感out",3057,43,"['蒸氣眼罩', '美舒律', '蒸氣in疲勞感out', '2倍舒適深放鬆']"
157,2018-10-13 22:54:30,"1歲 
生日快樂🎂",9269,118,[]
158,2018-10-13 13:29:39,"寶貝AILA💗
生日快樂
Happy birthday 
おめでとう

#爸爸媽媽愛妳
#健健康康長大
#期待晚上生日會🎂
#老婆辛苦啦",8078,160,"['老婆辛苦啦', '健健康康長大', '爸爸媽媽愛妳', '期待晚上生日會']"
159,2018-10-12 17:04:11,"感謝花王美舒律
讓我可以成為舒服又放鬆的產品代言人❤
就算不代言我也早就是蒸氣眼罩愛用者👀
常常戴著眼罩和耳塞睡覺
老婆都會開玩笑問我
要不要再加口罩還是一頂安全帽(誤)🤣 希望大家都跟我一樣愛用美舒律！
新款的耳掛更舒服～✌✌
台灣有上市，趕快去買喔
#花王美舒律
#蒸氣眼罩 #蒸氣in疲勞感out
#2倍舒適深放鬆",3713,46,"['花王美舒律', '蒸氣眼罩', '蒸氣in疲勞感out', '2倍舒適深放鬆']"
160,2018-10-10 19:10:26,LOVE YOU 💗,9540,132,[]
161,2018-10-10 11:37:28,"每日一po 
訓練的最新造型 哈哈哈😄",5210,100,[]
162,2018-10-09 17:47:37,"身體恢復啦 
大家放心💗",5671,57,[]
163,2018-10-08 17:30:50,"生病還沒完全恢復
累累der....",6618,121,[]
164,2018-10-06 18:46:32,"今天出席了來貘黑白亂跑
很開心跟作者cherng互相加LINE
雖然加完就不小心傳錯訊息
傳了女鵝的影片給他
兩個人現場笑倒哈哈哈哈
@cherngyang

#馬來貘 #來貘黑白亂跑 
#LAIMORUN #華研文創 #cherng #LAIMO",9282,54,"['馬來貘', '華研文創', 'cherng', 'LAIMO', 'LAIMORUN', '來貘黑白亂跑']"
165,2018-10-01 23:03:03,我家大象,3861,45,[]
166,2018-09-27 21:57:46,,5951,39,[]
167,2018-09-24 22:19:29,Zoo,5133,31,[]
168,2018-09-23 22:17:13,中秋節快樂,8923,100,[]
169,2018-09-16 16:34:53,"有一天在餵 aila醬吃飯
我說：寶貝妳吃飯飯的時候不能把食物藏在嘴巴旁邊 要咬咬啊！
結果aila醬一直不聽我的話 不咬咬吞下去
到最後我決定要看看他到底藏多少食物在嘴巴旁邊
結果  什麼都沒有！！！
原來那個是嘴邊肉 哈哈哈哈哈😂😂😂
寶貝 爸爸錯怪妳了 💗💗",6642,98,[]
170,2018-09-14 18:03:01,"訓練結束
來個網美照哈哈哈",6402,70,[]
171,2018-09-11 13:06:41,好吃啊！,4420,25,[]
172,2018-09-11 08:56:54,早安～,3166,42,[]
173,2018-09-05 22:25:14,收mic的時候我們很捨不得 哭了😢,13177,196,[]
174,2018-09-05 18:17:06,,5092,43,[]
175,2018-08-28 20:11:20,,5732,76,[]
176,2018-08-25 09:25:24,,2402,23,[]
177,2018-08-17 20:37:15,,6845,72,[]
178,2018-08-10 13:11:55,88❤️泥！,4811,36,[]
179,2018-08-04 22:59:45,晚安😴,5700,80,[]
180,2018-08-03 19:26:32,,6289,54,[]
181,2018-08-02 11:46:59,走走走走走 一同去郊遊,6749,54,[]
182,2018-08-01 19:44:52,"請大家多多支持我的球隊合作金庫唷！
我的球隊，我一定要力挺的啦

卡娜赫拉信用卡超可愛、感應還會發光
兔兔現身怎麼好像人氣比我高(笑)🐰🐰
快去辦這張信用卡吧❤️❤️ #拍攝現場兔兔很可愛
#合作金庫 #卡娜赫拉 #カナへイ
#3趴現金回饋最划算",5442,46,"['カナへイ', '拍攝現場兔兔很可愛', '卡娜赫拉', '3趴現金回饋最划算', '合作金庫']"
183,2018-07-30 21:51:34,"今天的早餐
跟大家分享一下～",2952,53,[]
184,2018-07-23 19:12:14,"謝謝UNIQLO熱情邀約
走下球場的時候
我一向是UNIQLO的愛好者

也超感謝修杰楷哥幫我超多
雖然有點緊張
能跟你同台真的太開心啦💕✌ #UNIQLO #超效男子 #ユニクロ
#修杰楷",3621,30,"['修杰楷', 'ユニクロ', '超效男子', 'UNIQLO']"
185,2018-07-21 22:18:25,,4100,60,[]
186,2018-07-19 18:28:12,"跟屁蟲老婆
哈哈哈～",5205,57,[]
187,2018-07-17 21:30:04,😜,2021,26,[]
188,2018-07-15 21:34:20,晚安啦～,3530,42,[]
189,2018-07-08 17:24:23,"小公主
拔拔融化ing~~~",4532,57,[]
190,2018-07-07 21:45:28,,2476,19,[]
191,2018-06-28 19:27:47,"幸福三重奏記者會～
要幸福啊～
#騰訊視頻
#sisley",3900,45,"['sisley', '騰訊視頻']"
192,2018-06-23 20:35:20,,1348,11,[]
193,2018-06-20 23:26:00,"幸福其實很簡單
大家一定要準時收看哈
💗💗💗",3182,28,[]
194,2018-06-20 23:01:09,"寶貝可以不要這麼厭世嗎
哈哈哈～～",3793,71,[]
195,2018-06-03 18:48:32,"這次到了沖繩主場比賽完之後
我們到了一間餐廳吃飯
裡面竟然有球桌 而且是專門給客人打球的 
餐點也滿好吃的 覺得非常的特別 
所以我一定要分享給大家知道這間餐廳 
福原愛 Ai  Fukuhara

#超特別
#不可思議
#超級推豬排
#網址在下面
https://gurunavi.com/zh-hans/fb38004/rst/?__ngt__=TT0e580a713001ac1e4ae731_VPOvxPNOHSDuQwr21ypm9

https://r.gnavi.co.jp/rxze4fxt0000/",2903,15,"['網址在下面', '不可思議', '超特別', '超級推豬排']"
196,2018-06-03 11:26:27,努力,1957,43,[]
197,2018-04-07 00:53:16,"いただきます~
開動~",1937,12,[]
198,2018-04-06 04:52:46,"無緣四強 
繼續努力~",2167,65,[]
199,2018-04-05 21:37:46,"贏了贏了！
晉級八強啦
#在歐洲 #桌球 #江宏傑",2550,46,"['桌球', '江宏傑', '在歐洲']"
200,2018-04-05 03:15:46,繼續努力~,1488,17,[]
201,2018-04-03 15:45:05,"每一次的比賽
背後都是無數的訓練備戰

#在歐洲 #桌球",2118,37,"['桌球', '在歐洲']"
202,2018-03-27 19:01:54,"怎麼可以這麼好吃
難怪我胖了好幾公斤哈
😆",1389,10,[]
203,2018-03-22 16:25:32,"真的非常的....難！
哈哈哈哈哈笑慘了

#完整版在fb 
#福原愛 #panasonic",2202,12,"['panasonic', '完整版在fb', '福原愛']"
204,2018-03-20 16:08:25,"她不想跟我拍廣告
因為....
(大家聽懂她要找誰嗎？XD)

#以前的影片 #奶妹
#福原愛 #小愛 #愛醬",1258,18,"['奶妹', '以前的影片', '福原愛', '愛醬', '小愛']"
205,2018-03-17 22:25:02,"人生第一次把小孩丟包出來約會
才不到30分鐘就想小孩了
😆
#福原愛 #小小愛 #江宏傑",4410,40,"['江宏傑', '小小愛', '福原愛']"
206,2018-03-14 18:29:13,"宣傳照第三po
不同風格的我👋😏 #michaelkors
#華研 #華研國際 #江宏傑
#妝怡俐 #yili @yml.makeup 
#髮伊登 #ethanyao @ethanyao_ 
#攝影江民仕 #江民仕",1620,18,"['江宏傑', '江民仕', 'ethanyao', 'michaelkors', '妝怡俐', '髮伊登', '華研', '華研國際', '攝影江民仕', 'yili']"
207,2018-03-13 19:03:48,"宣傳照第二po📷✌ #sisley
#華研 #華研國際 #江宏傑
#妝怡俐 #yili @yml.makeup 
#髮伊登 #ethanyao @ethanyao_ 
#攝影江民仕 #江民仕",1582,14,"['江宏傑', 'sisley', '江民仕', 'ethanyao', '妝怡俐', '髮伊登', '華研', '華研國際', '攝影江民仕', 'yili']"
208,2018-03-12 11:38:25,"新的宣傳照✌IG開張首PO
妝、髮、服的造型師和攝影師都好厲害🍭🍭🍭
#H&M #GU  #江宏傑 #華研 #宣傳照 #華研國際",1866,31,"['江宏傑', '宣傳照', 'H', '華研', '華研國際', 'GU']"
