,time,post_caption,likes,comments,tags
0,2019-12-13 18:19:27,"各位跑友，大家準備好了嗎？ 倒數1天 2019臺北馬拉松就要登場了，裝備整理好、心情收拾好，我們12/15 台北見哦！

也歡迎大家一起來現場為跑者們加油，大家一起來參加這場年度的盛會。

#adidas
#2019臺北馬拉松",989,0,"['adidas', '2019臺北馬拉松']"
1,2019-10-24 18:00:31,"世界棒球12強最強應援力挺中華隊！ #沒在怕的

#adidas",3739,11,"['沒在怕的', 'adidas']"
2,2019-10-23 15:49:52,"恭喜俊瀚以20’70順利拿下200公尺三連霸！

#108全國運動會 | #桃園事 | #花蓮縣 | #花蓮田徑 | #adidas | #聯邦銀行 | #長庚運動醫學團隊 | #品瑞國際事業有限公司 | #Unix氣壓式按摩器 | #巨匠線上真人 | #企業贊助優秀運動員計畫 | #戰神Mars

by S編",2732,7,"['Unix氣壓式按摩器', '桃園事', 'adidas', '品瑞國際事業有限公司', '108全國運動會', '巨匠線上真人', '聯邦銀行', '企業贊助優秀運動員計畫', '花蓮縣', '花蓮田徑', '長庚運動醫學團隊', '戰神Mars']"
3,2019-10-23 12:04:28,"本次全運會俊瀚的最後一場賽事倒數3個多小時就要在桃園市立田徑場跟各個200公尺好手們一較高下了，俊瀚這次除了力拼衛冕三連霸之外，也期待自己能刷新紀錄！ 大家趕快進場來親眼一睹俊瀚的風采，錯過這次就要等明年囉！

10/23
15:45 200公尺 決賽

賽事地點：桃園市立田徑場（桃園市桃園區三民路一段 1 號）
賽事官方網站： https://sport108.tycg.gov.tw/Module/Pages/Index.php?ID=19

#108全國運動會 | #桃園事 | #花蓮縣 | #花蓮田徑 | #adidas | #聯邦銀行 | #長庚運動醫學團隊 | #品瑞國際事業有限公司 | #Unix氣壓式按摩器 | #巨匠線上真人 | #企業贊助優秀運動員計畫 | #戰神Mars

感謝W小編提供照片

by S編",3158,6,"['Unix氣壓式按摩器', '桃園事', 'adidas', '品瑞國際事業有限公司', '108全國運動會', '巨匠線上真人', '聯邦銀行', '企業贊助優秀運動員計畫', '花蓮縣', '花蓮田徑', '長庚運動醫學團隊', '戰神Mars']"
4,2019-10-22 14:27:46,"繼昨天俊瀚斬獲100公尺及4X100公尺接力雙金後，等一下男子200公尺預賽就要來了！ 大家趕快來現場、看轉播、直播、動態刷起來！ *俊瀚賽事表

10/22
15:10 200公尺 預賽
18:15 200公尺 準決賽

10/23
15:45 200公尺 決賽

賽事地點：桃園市立田徑場（桃園市桃園區三民路一段 1 號）
賽事官方網站： https://sport108.tycg.gov.tw/Module/Pages/Index.php?ID=19

#108全國運動會 | #桃園事 | #花蓮縣 | #花蓮田徑 | #adidas | #聯邦銀行 | #長庚運動醫學團隊 | #品瑞國際事業有限公司 | #Unix氣壓式按摩器 | #巨匠線上真人 | #企業贊助優秀運動員計畫 | #戰神Mars

感謝W小編提供照片

by S編",3636,1,"['Unix氣壓式按摩器', '桃園事', 'adidas', '品瑞國際事業有限公司', '108全國運動會', '巨匠線上真人', '聯邦銀行', '企業贊助優秀運動員計畫', '花蓮縣', '花蓮田徑', '長庚運動醫學團隊', '戰神Mars']"
5,2019-10-22 13:24:56,"絕不垂頭喪氣低著頭，我 #沒在怕的！

我就是硬在骨子裡頭沒管什麼叫做怕
突破每道人生關卡靠著硬骨頭制霸
人生有什麼難的 世界等著我們較量
誰在怕呢 沒在怕的  字典裡沒字叫慌
絕不垂頭喪氣低著頭
不讓怕字逼著躲
重返榮耀我接手
聞風喪膽敵人抖
沒在怕的全都沒在怕的強攻不放過
強攻砲火大王猛打賞就像是我的flow

#adidas",1117,0,"['沒在怕的', 'adidas']"
6,2019-10-21 20:29:39,恭喜由俊瀚參加的4X100公尺接力決賽跑出39.63 打破大會紀錄勇奪金牌！ 恭喜花蓮縣接力隊拿下金牌！,5044,14,[]
7,2019-10-20 20:46:51,"【108全國運動會】第一天

恭喜俊瀚今天100公尺以10'35領先進入準決賽，並且在剛剛4X100公尺接力預賽中花蓮縣跑出39'94的佳績以全排第一姿進入明日的決賽。 請大家持續為俊瀚及我們的選手加油！ *俊瀚賽事表
10/21
15:20 100公尺 準決賽
17:50 100公尺 決賽
19:40 4X100公尺接力  決賽
10/22
15:10 200公尺 預賽
18:15 200公尺 準決賽
10/23
15:45 200公尺 決賽

賽事地點：桃園市立田徑場（桃園市桃園區三民路一段 1 號）
賽事官方網站： https://sport108.tycg.gov.tw/Module/Pages/Index.php?ID=19

#108全國運動會 | #桃園事 | #花蓮縣 | #花蓮田徑 | #adidas | #聯邦銀行 | #長庚運動醫學團隊 | #品瑞國際事業有限公司 | #Unix氣壓式按摩器 | #巨匠線上真人 | #企業贊助優秀運動員計畫 | #戰神Mars

by S編",3673,4,"['Unix氣壓式按摩器', '桃園事', 'adidas', '品瑞國際事業有限公司', '108全國運動會', '巨匠線上真人', '聯邦銀行', '企業贊助優秀運動員計畫', '花蓮縣', '花蓮田徑', '長庚運動醫學團隊', '戰神Mars']"
8,2019-10-20 16:30:42,"恭喜俊瀚剛剛在全國運動會男子100公尺預賽跑出10'36的佳績搶先進入準決賽，下一場登場的將會是晚上8點的4X100公尺接力預賽。 還沒進場的粉絲朋友們，對.......就是你，還不趕快進場來幫選手們加油！ *俊瀚賽事表
10/20
20:00 4X100公尺接力 預賽
10/21
15:20 100公尺 準決賽
17:50 100公尺 決賽
19:40 4X100公尺接力  決賽
10/22
15:10 200公尺 預賽
18:15 200公尺 準決賽
10/23
15:45 200公尺 決賽

賽事地點：桃園市立田徑場（桃園市桃園區三民路一段 1 號）
賽事官方網站： https://sport108.tycg.gov.tw/Module/Pages/Index.php?ID=19

#108全國運動會 | #桃園事 | #花蓮縣 | #花蓮田徑 | #adidas | #聯邦銀行 | #長庚運動醫學團隊 | #品瑞國際事業有限公司 | #Unix氣壓式按摩器 | #巨匠線上真人 | #企業贊助優秀運動員計畫 | #戰神Mars

by S編",4909,9,"['Unix氣壓式按摩器', '桃園事', 'adidas', '品瑞國際事業有限公司', '108全國運動會', '巨匠線上真人', '聯邦銀行', '企業贊助優秀運動員計畫', '花蓮縣', '花蓮田徑', '長庚運動醫學團隊', '戰神Mars']"
9,2019-09-24 20:15:07,"俊瀚及學長陳傑已經出發前往卡達參加2019杜哈世界田徑錦標賽。首次參加世錦賽，俊瀚也表示十分興奮及期待能見到各地好手與他們一同較勁。 
因為世錦賽賽事將會在當地時間傍晚或晚間開始，五小時的時差也會對選手及粉絲們是一大考驗。有幸能在現場或是沒辦法前往觀賽的朋友，也請一同幫俊瀚及隊友們加油唷！！！ [俊瀚賽程]
9/29
當地時間 20:05  臺灣時間 01:05 (9/30)  200 M  預賽
9/30
當地時間 20:50  臺灣時間 01:50 (10/1)  200 M  準決賽
10/1
當地時間 22:40  臺灣時間 03:40 (10/2)  200 M  決賽

賽事官方網站: https://www.iaaf.org/competitions/iaaf-world-championships

賽事轉播： 
ELEVEN SPORTS頻道收看方式：
● 有線電視 ELEVEN SPORTS體育一台 (有線電視頻道位置可參考下圖查詢)
● 中華電信MOD ELEVEN SPORTS PLUS CH213 / ELEVEN 體育二台 CH214
● ELEVEN SPORTS APP (ELEVEN SPORTS PRIME) 線上付費平台
👉官網：https://www.tw-elevensports.com/
👉iOS App Store：https://reurl.cc/jY7mM
👉Google Play：https://reurl.cc/x4ZK

#IAAFWorldChampionships | #teamTPE | #adidas | #聯邦銀行 | #長庚運動醫學團隊 | #品瑞國際事業有限公司 | #Unix氣壓式按摩器 | #巨匠線上真人 | #企業贊助優秀運動員計畫

by S編",3987,7,"['Unix氣壓式按摩器', 'adidas', '品瑞國際事業有限公司', '巨匠線上真人', '聯邦銀行', '企業贊助優秀運動員計畫', 'teamTPE', '長庚運動醫學團隊', 'IAAFWorldChampionships']"
10,2019-09-22 13:46:29,"恭喜俊瀚在剛剛的公開男子200公尺預賽中跑出21‘01的佳績。

接下來俊瀚也將在下週二前往卡達參加2019杜哈世錦賽，讓我們一起期待俊瀚更多精彩的表現吧！

#108秋季盃 | #adidas | #聯邦銀行 | #長庚運動醫學團隊 | #品瑞國際事業有限公司 | #Unix氣壓式按摩器 | #巨匠線上真人 | #企業贊助優秀運動員計畫 
by S編",4296,8,"['Unix氣壓式按摩器', 'adidas', '品瑞國際事業有限公司', '巨匠線上真人', '聯邦銀行', '企業贊助優秀運動員計畫', '長庚運動醫學團隊', '108秋季盃']"
11,2019-09-22 10:15:57,"［賽事］
就在不到一個小時，俊瀚將參加的200公尺賽事就要登場了。請大家一起進場為俊瀚及選手們加油！

賽事名稱：108年臺北市秋季全國田徑公開賽
賽事日期：2019/9/19 - 9/22
賽事地點： 台北田徑場 (臺北市敦化北路三號)
相關資訊：http://www.tmtfa.com.tw/bin/home.php *俊瀚賽程表*
11:05  公開男子組 200公尺  預賽
14:10  公開男子組 200公尺  計時決賽

天氣終於放晴，大家一起進場來看比賽吧！

#108秋季盃 | #adidas | #聯邦銀行 | #長庚運動醫學團隊 | #品瑞國際事業有限公司 | #Unix氣壓式按摩器 | #巨匠線上真人 | #企業贊助優秀運動員計畫 
by S編",3675,6,"['Unix氣壓式按摩器', 'adidas', '品瑞國際事業有限公司', '巨匠線上真人', '聯邦銀行', '企業贊助優秀運動員計畫', '長庚運動醫學團隊', '108秋季盃']"
12,2019-09-21 11:32:07,"［賽事］
倒數一天！雖然這幾天台北的天氣有點濕冷，但一定澆不熄大家的熱情！
俊瀚將會在明天的200公尺賽事中出賽。請大家一起進場為俊瀚及選手們加油！

賽事名稱：108年臺北市秋季全國田徑公開賽
賽事日期：2019/9/19 - 9/22
賽事地點： 台北田徑場 (臺北市敦化北路三號)
相關資訊：http://www.tmtfa.com.tw/bin/home.php *俊瀚賽程表*

9/22

11:05  公開男子組 200公尺  預賽
14:10  公開男子組 200公尺  計時決賽

期待大家一起進場為選手們加油！！ #108秋季盃 | #adidas | #聯邦銀行 | #長庚運動醫學團隊 | #品瑞國際事業有限公司 | #Unix氣壓式按摩器 | #巨匠線上真人 | #企業贊助優秀運動員計畫 
by S編",4368,5,"['Unix氣壓式按摩器', 'adidas', '品瑞國際事業有限公司', '巨匠線上真人', '聯邦銀行', '企業贊助優秀運動員計畫', '長庚運動醫學團隊', '108秋季盃']"
13,2019-08-16 11:42:15,"俊瀚與代表隊隊友們將前往日本展開為期一個月的移地訓練，除了積極備戰9月份的世界田徑錦標賽之外，10月的全國運動會在桃園也是今年的重點賽事之一。 中華隊加油！田徑加油！

#teamtpe ｜ #中華田徑協會｜#楊俊瀚 ｜ #聯邦銀行 ｜ #長庚運動醫學團隊 | #adidas | #品瑞國際事業有限公司 ｜#unix氣壓式按摩器 | #巨匠線上真人 
By S小編",5352,29,"['楊俊瀚', 'adidas', '品瑞國際事業有限公司', '巨匠線上真人', 'teamtpe', '聯邦銀行', '長庚運動醫學團隊', '中華田徑協會', 'unix氣壓式按摩器']"
14,2019-07-08 23:19:56,"【2019 拿坡里世界大學運動會】

兩年一次的世界大學運動會，這次已經是俊瀚第三次參加，而俊瀚這次會參加200公尺及4X100公尺接力兩個項目，除了力求奪得兩面獎牌之外，也努力不斷超越自己的極限創下更多的紀錄。 
俊瀚及隊友們也已經蓄勢待發，準備在田徑場上展現精彩的表現，讓我們一起為選手們加油集氣吧！！！ 俊瀚賽事表�� （時間已換算為台灣時間）
7/10  17:30  200M  預賽
7/12  00:10  200M  準決賽  02:10  200M  決賽  17:00  4X100MR  預賽
7/14  00:40  4X100MR  決賽 *詳細田徑賽程表請參考官方網站
https://www.universiade2019napoli.it/en/

世大運直播網站： http://www.ssu.org.tw/LiveStreamSport/Index

#UNIVERSIADE
#拿坡里世大運 
#adidas 
#聯邦銀行 
#長庚運動醫學團隊 
#品瑞國際事業有限公司 
#Unix氣壓式按摩器 
#巨匠線上真人

by S編",3086,4,"['Unix氣壓式按摩器', '拿坡里世大運', 'adidas', '品瑞國際事業有限公司', '巨匠線上真人', 'UNIVERSIADE', '聯邦銀行', '長庚運動醫學團隊']"
15,2019-07-04 18:01:55,"俊瀚及4x100公尺接力隊的隊友已經出發前往這次 2019拿坡里世界大學運動會的選手村，俊瀚這次將參加 200公尺項目及4x100公尺接力兩個項目。 請大家一起為選手們加油！💪💪💪 #拿坡里世大運 
#adidas 
#聯邦銀行 
#長庚運動醫學團隊 
#品瑞國際事業有限公司 
#Unix氣壓式按摩器 
#巨匠線上真人
#黃金計畫

by S編",4696,16,"['黃金計畫', 'Unix氣壓式按摩器', '拿坡里世大運', 'adidas', '品瑞國際事業有限公司', '巨匠線上真人', '聯邦銀行', '長庚運動醫學團隊']"
16,2019-06-02 20:52:20,"你們準備好一起 《出發》了嗎？

一起進場感受彥博的初衷吧！

@tommychen1986 
#出發 
#runfordream",3027,2,"['runfordream', '出發']"
17,2019-05-25 21:35:47,"狂賀！！！ 剛剛4X100公尺接力隊在預賽跑出38秒76的成績打破全國紀錄，為台灣田徑再度推新紀錄！讓我們一起期待明天晚間7：10的4X100公尺接力決賽。

時間：5/25~5/26
地點：臺北田徑場(敦化北路3號)
官方網址：http://taiwanopen.athletics.org.tw/
網路直播網址：https://www.youtube.com/watch?v=X5wcxYOm-RE *感謝W小編提供照片

by S編",6695,36,[]
18,2019-05-25 10:22:42,"【2019 臺灣國際田徑公開賽】

再過幾個小時，備受矚目的100公尺預賽就要登場了，除了各國齊聚的好手之外，這次俊瀚最想一同比拼的就是在奧運100公尺奪銅牌的Andre DeGrasse，相信大家都非常期待他們的表現，請大家一定要到場為選手們加油打氣哦！

時間：5/25~5/26
地點：臺北田徑場(敦化北路3號)
官方網址：http://taiwanopen.athletics.org.tw/
網路直播網址：https://www.youtube.com/watch?v=X5wcxYOm-RE ×俊瀚預定賽事表×

5/25

15:35  100公尺  預賽
19:07  100公尺  決賽
20:55  4X100公尺接力  預賽

5/26

19:10  4X100公尺接力  決賽

by S編",4444,6,[]
19,2019-05-23 16:13:04,"【2019 臺灣國際田徑公開賽】

想要一睹俊瀚比賽的英姿的粉絲朋友們不要錯過了，今年的參賽陣容也齊聚了各國好手們一同比拼，十分令人期待。

時間：5/25~5/26
地點：臺北田徑場(敦化北路3號)
官方網址：http://taiwanopen.athletics.org.tw/
網路直播網址：https://www.youtube.com/watch?v=X5wcxYOm-RE ×俊瀚預定賽事表×

5/25

15:35  100公尺  預賽
19:07  100公尺  決賽
20:55  4X100公尺接力  預賽

5/26

19:10  4X100公尺接力  決賽

by S編",3476,11,[]
20,2019-04-20 19:52:43,"【2019 杜哈亞錦賽】

第23屆亞洲田徑錦標賽將在4/21-4/24卡達杜哈登場，這也會是俊瀚今年第一場大型國際賽事，俊瀚將出賽的賽事相當的滿，同時因為場地將與今年下半年的世錦賽相同，亞洲各國最頂尖的選手也都將參賽爭奪獎牌，這對俊瀚會是體力及意志力上很大的考驗。 所以我們需要大家的鼓勵及支持，希望大家一起為俊瀚加油集氣，期待俊瀚的佳績！ [預定賽事表] *時間為當地時間，與台灣時差-5小時。

4/21  18:26  100M  預賽

4/22  09:00  4X100M  預賽  17:45  100M  準決賽  20:20  100M  決賽

4/23  09:40  200M  預賽  17:25  200M  準決賽  19:50  4X100M  決賽

4/24  17:48  200M  決賽 ＊賽事時間若更動，可以參考官方賽事網站。

賽事官方網站： https://aac2019.com/

#teamTPE 
#adidas 
#聯邦銀行 
#長庚運動醫學團隊 
#品瑞國際事業有限公司 #品瑞健康事業
#Unix氣壓式按摩器 
#巨匠線上真人
#黃金計畫

by S編",3912,24,"['黃金計畫', 'Unix氣壓式按摩器', 'adidas', '品瑞國際事業有限公司', '巨匠線上真人', '聯邦銀行', 'teamTPE', '品瑞健康事業', '長庚運動醫學團隊']"
21,2019-03-23 22:17:13,"恭喜俊瀚代表花蓮縣在今天的原住民運動會中100公尺決賽跑出 10秒36的佳績順利拿下金牌。
接下來兩天俊瀚也有200公尺的賽事，請大家多多到場幫俊瀚加油哦！

108原住民運動會

3/24  15:05  200公尺 預賽
3/25  10:00  200公尺 決賽

賽事官方網站：http://edusport108.tc.edu.tw/Module/Home/Index.php

感謝 #Tetsu Lee Photography 提供照片

#花蓮縣
#adidas 
@adidas 
#聯邦銀行 @unionbank.tw 
#長庚運動醫學團隊 
@changgungsportsmedical 
#品瑞國際事業有限公司 
#品瑞健康事業
#Unix氣壓式按摩器 
#巨匠線上真人
#台灣血液基金會
#黃金計畫

by S編",5378,10,"['台灣血液基金會', 'Unix氣壓式按摩器', '黃金計畫', 'adidas', '品瑞國際事業有限公司', '巨匠線上真人', '聯邦銀行', '花蓮縣', 'Tetsu', '品瑞健康事業', '長庚運動醫學團隊']"
22,2019-03-16 22:41:52,"高一vs 現在

高一那年，幾乎沒輸過的我，在這場青年盃拿到人生中的第一次銀牌。
也因為那次，我發現「輸了」的感覺，也不過如此。
從此更享受每次跑步的快樂，回想起來，當時拿到的銀牌，更像是個禮物。

而今天，我回到青年盃，拿下了金牌。
謝謝當時的楊俊瀚，沒有因為輸贏而放棄跑步。
我會繼續跑下去，因為我相信只要堅持下去，接下來每一秒都是進步。",4945,23,[]
23,2019-03-13 14:32:44,"俊瀚今年度在台灣的第一場賽事就要到來拉，在這次108年新北市全國青年盃田徑錦標賽中俊瀚將會參加明天開始的200公尺項目，請大家一起為俊瀚加油，讓我們期待俊瀚的佳績！ 【賽事預告】

3/14  15:45  200公尺 預賽
3/15  10:45  200公尺 決賽

地點：板橋第一運動場(新北市板橋區漢生東路 278 號)

成績查詢網址：http://w2.athletics.org.tw/ntptf201903/?fbclid=IwAR3-oe9Y-5K9_TARmCbkiTvN3BUflp9PUd4-FUPbmwIjDrYf-mi0ja_c2tQ

#adidas 
#聯邦銀行 
#長庚運動醫學團隊 
#品瑞國際事業有限公司 #品瑞健康事業
#Unix氣壓式按摩器 
#巨匠線上真人
#台灣血液基金會
#黃金計畫

by S編",3796,22,"['台灣血液基金會', 'Unix氣壓式按摩器', '黃金計畫', 'adidas', '品瑞國際事業有限公司', '巨匠線上真人', '聯邦銀行', '品瑞健康事業', '長庚運動醫學團隊']"
24,2019-03-06 18:43:04,"今天很開心能受到 @hublot 的邀請為我的偶像代言的品牌走秀，但新體驗的同時也真的跟比賽一樣緊張，希望我的表現大家都還滿意。😂 @hublot 
@hubolt_Taipei
#宇舶錶",3135,5,['宇舶錶']
25,2019-02-03 11:27:22,"嘗試採用新的訓練內容後，首次面對實戰，興奮的心情大過於緊張，期待每一次出場的機會，都能夠將新的學習轉換成能量，在比賽中發揮出來。

#adidas #長庚運動醫學團隊 #巨匠線上真人 #unix氣壓式按摩器 #聯邦銀行 #品瑞國際事業有限公司",1910,7,"['adidas', '品瑞國際事業有限公司', '巨匠線上真人', '聯邦銀行', '長庚運動醫學團隊', 'unix氣壓式按摩器']"
26,2019-01-10 06:13:16,"每次都會舒服到睡著，謝謝你 #unix氣壓式按摩器～
同時攜帶方便也成為我到處征戰的新夥伴👍",2517,0,['unix氣壓式按摩器']
27,2018-12-12 14:12:13,"等下就要揭曉 今年的最佳男運動員了，俊瀚已經準備好了！今年是否會獎落俊瀚呢？！ #107體育運動精英獎 
#楊俊瀚
#最佳男運動員",4087,8,"['楊俊瀚', '最佳男運動員', '107體育運動精英獎']"
28,2018-12-09 12:29:02,"很榮幸能擔任這次臺北馬拉松的代言人，雖然天氣不是這麼這麼地理想，但是大家的熱情依舊沒有被雨澆熄，希望大家都很享受今天的比賽！

#2018臺北馬拉松
#adidas
#有種跟上",4020,5,"['有種跟上', 'adidas', '2018臺北馬拉松']"
29,2018-12-09 06:01:20,"俊瀚已經到現場嘍，大家趕快一起來！！！ #臺北馬拉松2018 
#無畏風雨
#有種跟上
#adidas",2744,1,"['有種跟上', '臺北馬拉松2018', 'adidas', '無畏風雨']"
30,2018-10-21 11:57:56,"Colantotte又有新貨到了哦，這次是可以自己調整尺寸的磁石手環。除了自己調整起來很方便之外，這樣就不用擔心送禮的時候會尺寸不合。簡單防水的設計到哪也都百搭，還在想什麼？還不趕快跟我一起買一波了！ ＊預購期間至10/31，10/24起依訂單順序發貨
＊預購商品連結：https://goo.gl/2Rweuu
＊預購加入會員後，在結帳頁面輸入俊瀚粉絲限定優惠折扣碼「HY2018」可以獲得折扣唷

#送禮自用兩相宜
#也可以先囤貨來交換禮物
#尺寸大小隨你開心
#防水輕盈簡單三個願望一次滿足
#Colantotte Taiwan @colantottetw",3530,1,"['送禮自用兩相宜', 'Colantotte', '尺寸大小隨你開心', '防水輕盈簡單三個願望一次滿足', '也可以先囤貨來交換禮物']"
31,2018-09-24 08:54:42,"祝大家中秋節快樂
#happymeal #happymood",2694,12,"['happymeal', 'happymood']"
32,2018-09-23 10:05:02,"感謝ETSU 給我機會，第一次的經驗就獻給你了
#ETSU #gobucs #football",4271,14,"['gobucs', 'ETSU', 'football']"
33,2018-09-13 13:03:22,"俊瀚目前人已在東田納西州大學(East Tennessee State University)接受 Dr. @jpnsatok 及Dr. @drbraddeweese 針對俊瀚各項動作上的建議及訓練，這次在ETSU的訓練將為期一個月，教練們對於俊瀚在第一週的表現讚譽有加，俊瀚也會利用這一個月努力學習並認知自己的弱點(weakness)。這次除了將進行全程各項的監控(monitoring)之外，教練們還會給予俊瀚各方面的建議及知識的補充。讓我們一起期待俊瀚朝向''更快、更高、更强”(“Faster，Higher，Stronger”)邁進吧！

#teamFuting
#ETSU East Tennessee State University
#BecomeanOlympian

by S小編",4307,18,"['teamFuting', 'ETSU', 'BecomeanOlympian']"
34,2018-08-29 20:33:39,"狂賀！！！
恭喜俊瀚在剛剛200公尺以20'23以非常些微的差距拿下銀牌銀牌銀牌！並且刷新全國紀錄，挺進0.1秒！ 相信有看轉播的大家都能感受到俊瀚拼搏的精神，俊瀚讓我們看到一場非常精彩的比賽，接下來俊瀚還有與隊友的4X100公尺接力，讓我們加油聲不要停繼續為他們加油！！ 8/29
21:10(當地) 22:10(台灣) 4X100MR 預賽

8/30
19:10(當地) 20:10(台灣) 4X100MR 決賽 ＊若賽程時間更動，以官方時間為準。

官方網站：https://en.asiangames2018.id/
賽事直播網址：https://www.youtube.com/watch…
官方直播網址：https://www.youtube.com/c…/UC7oWYw9vZbkDwCi81hJpZTQ/featured

#AsianGames2018
#ATHLETICS
#200M
#adidas
#長庚運動醫學團隊
#巨匠-就醬學外語
#Jaybird
#Doritos *感謝R小編提供照片

by S編",6793,209,"['200M', 'AsianGames2018', 'Jaybird', 'adidas', 'ATHLETICS', 'Doritos', '巨匠', '長庚運動醫學團隊']"
35,2018-08-28 12:14:19,"亞運快訊）
恭喜俊瀚在200公尺預賽中以20'95的佳績分組第一輕鬆舒服挺進準決賽，下一場將在台灣時間20:15登場，為俊瀚的加油聲繼續給他催落去！！！！ 8/28
19:15(當地) 20:15(台灣) 200M 準決賽

8/29
19:05(當地) 20:05(台灣) 200M 決賽
21:10(當地) 22:10(台灣) 4X100MR 預賽

8/30
19:10(當地) 20:10(台灣) 4X100MR 決賽 ＊若賽程時間更動，以官方時間為準。

官方網站：https://en.asiangames2018.id/
賽事直播網址：https://www.youtube.com/watch…
官方直播網址：https://www.youtube.com/c…/UC7oWYw9vZbkDwCi81hJpZTQ/featured

#AsianGames2018
#ATHLETICS
#200M
#adidas
#長庚運動醫學團隊
#巨匠-就醬學外語
#Jaybird
#Doritos *感謝R小編提供照片

by S編",4647,46,"['200M', 'AsianGames2018', 'Jaybird', 'adidas', 'ATHLETICS', 'Doritos', '巨匠', '長庚運動醫學團隊']"
36,2018-08-23 09:08:48,"【2018雅加達亞運】距離田徑項目開賽只剩下兩天了，更動過後的賽程表熱騰騰的出爐了，俊瀚這次將參加100公尺、200公尺、4X100公尺接力三個項目時間橫跨6天，這不僅挑戰選手的技術也考驗選手的耐力及恢復等能力。請讓我們一起為奮力一搏的選手們加油集氣，也讓我們期待俊瀚再次帶給大家熱血沸騰的感覺！

俊瀚賽程表（當地與台灣時差一小時）
8/25
19:00(當地)  20:00(台灣)  100M 預賽

8/26
18:45(當地)  19:45(台灣)  100M 準決賽 
21:25(當地)  22:25(台灣)  100M 決賽

8/28
10:15(當地)  11:15(台灣)  200M 預賽
19:15(當地)  20:15(台灣)  200M 準決賽

8/29
19:05(當地)  20:05(台灣)  200M 決賽
21:10(當地)  22:10(台灣)  4X100MR 預賽

8/30
19:10(當地)  20:10(台灣)  4X100MR 決賽 ＊若賽程時間更動，以官方時間為準。

官方網站：https://en.asiangames2018.id/
賽事直播網址：https://www.youtube.com/watch?v=b8sNKRZpF_Q&list=PLXpYB9vilmbRMPusnXJUVRdY5pLhLhOK_&index=22
官方直播網址：https://www.youtube.com/channel/UC7oWYw9vZbkDwCi81hJpZTQ/featured

#AsianGames2018
#ATHLETICS
#adidas​
#長庚運動醫學團隊
#巨匠-就醬學外語
#Jaybird
#Doritos

by S編",3791,27,"['AsianGames2018', 'Jaybird', 'adidas', 'ATHLETICS', 'Doritos', '巨匠', '長庚運動醫學團隊']"
37,2018-08-21 21:32:46,"俊瀚已經順利抵達印尼雅加達開始備戰25號開始的亞運賽事，讓我們一起期待俊瀚精彩的表現吧！

#帥氣新戰鞋
#Amis
#族語的部分 
#O satadamaay ko lalomaan
#Family is everything 
#2018AsianGame
#adidas",2912,22,"['Family', 'adidas', 'O', '2018AsianGame', '族語的部分', '帥氣新戰鞋', 'Amis']"
38,2018-08-10 16:11:05,"‘’花蓮的碎石變多了，但來訪的客人卻變少了‘’ 希望大家能重拾對美麗花蓮的信心，歡迎大家一起揪團去花蓮玩，最會玩最歡樂的花蓮人歡迎大家。
#花蓮很好就等你們來 
#來自花蓮的邀請
#有空記得來花蓮玩 
#S編",2209,6,"['S編', '有空記得來花蓮玩', '花蓮很好就等你們來', '來自花蓮的邀請']"
39,2018-08-03 15:43:17,"【2018亞運集氣】
2018雅加達亞運倒數剩下不到20天，為了幫俊瀚幫中華隊加油集氣。俊瀚這次亞運的對手如雲競爭十分激烈，因此大家的集氣加油就是俊瀚最好的動力。所以本粉絲專頁塵封已久的抽獎活動復活了，這次抽出的獎項十分豐富！
詳細活動內容請參見俊瀚的臉書粉絲專頁
臉書搜尋： 楊俊瀚Hank Yang

#2018雅加達亞洲運動會
#田徑
#楊俊瀚
#一起為選手加油
#中華奧會 中華奧會活動粉絲專頁
#adidas adidas 
#血液基金會 台灣血液基金會

by S編",2878,10,"['楊俊瀚', 'adidas', '血液基金會', '一起為選手加油', '中華奧會', '2018雅加達亞洲運動會', '田徑']"
40,2018-07-22 16:12:55,adidas Sports Base 2018,2112,1,[]
41,2018-07-02 20:46:27,"四年一度的足球盛事，讓我們一起瘋世足吧！！
說說你們支持哪一隊吧？

#cocacola 
#森巴軍團",2161,17,"['cocacola', '森巴軍團']"
42,2018-06-16 17:50:07,"快訊！俊瀚在2018日本大學田徑公開賽決賽中順風0.2跑出10秒11的成績順利拿下金牌，而這成績也再次打破準決賽創下的全國紀錄，持續往10秒內的極速挑戰中。恭喜俊瀚不斷的刷新自己的全國紀錄！

#100m
#10秒11
#新全國紀錄
#TPE
#臺灣體育運動大學

感謝田徑協會提供照片

by S編",6400,58,"['10秒11', 'TPE', '臺灣體育運動大學', '100m', '新全國紀錄']"
43,2018-05-25 19:20:41,"狂賀！俊瀚剛剛在2018臺灣田徑公開賽男子100公尺決賽中以10秒20優秀的成績平個人最佳成績，擊敗其他好手們順利把金牌保留在台灣，今年俊瀚的狀態都有明顯的提升，就讓我們一起期待俊瀚在8月份亞運的精彩表現吧！ （俊瀚賽程表）
5/25
21:05 男子組 4x100m 預賽

5/26
19:05 男子組 4x100m 決賽

官方網址：http://taiwanopen.athletics.org.tw/
網路直播網址：https://www.youtube.com/watch?v=R0nBBoC7kOY

#2018臺灣國際田徑公開賽
#adidas_tw adidas
#Doritostw Doritos
#Jaybird Jaybird
長庚運動醫學團隊
#100m
#Gold

by S小編",2994,10,"['Jaybird', 'Gold', '2018臺灣國際田徑公開賽', 'adidas_tw', '100m', 'Doritostw']"
44,2018-05-25 16:08:57,"恭喜俊瀚在剛剛的臺灣國際田徑公開賽中100公尺預賽跑出10秒12的佳績，雖然因為風速順風2.6超過2.0成績不予以紀錄，不過俊瀚還是保持良好的狀態持續突破自己的極限。決賽將在晚間7點登場，還沒有進場的粉絲朋友們還有機會趕快一起來為俊瀚加油！！！ （俊瀚賽程表）
5/25
19:06 男子組 100m 決賽 
21:05 男子組 4x100m 預賽

5/26
19:05 男子組 4x100m 決賽

官方網址：http://taiwanopen.athletics.org.tw/
網路直播網址：https://www.youtube.com/watch?v=R0nBBoC7kOY *感謝照片由W小編提供

#2018臺灣國際田徑公開賽
#adidas_tw adidas
#Doritostw Doritos
#Jaybird Jaybird
長庚運動醫學團隊
#100m

by S小編",3545,21,"['Jaybird', '2018臺灣國際田徑公開賽', 'adidas_tw', '100m', 'Doritostw']"
45,2018-05-22 22:03:34,"剩沒幾天眾所矚目的臺灣國際田徑公開賽就要在台北田徑場登場了，這次的賽事是從5/25(五)～5/26(六)兩天。俊瀚會參加這次的男子100公尺項目與各方強勁的好手一同比拼，除此之外還有許多矚目的項目也等著大家一同進場觀賞，賽事完全免費也非常歡迎大家一起進場為選手加油，讓我們一起重溫去年世大運加油的盛況吧！ （俊瀚賽程表）
5/25
15:35 男子組  100m 預賽
19:06 男子組  100m 決賽 
21:05 男子組  4x100m 預賽

5/26
19:05 男子組  4x100m 決賽

官方網址：http://taiwanopen.athletics.org.tw/

網路直播網址：https://www.youtube.com/watch?v=R0nBBoC7kOY *臺灣國際田徑公開賽觀賽重點整理取自中華民國田徑協會

#2018臺灣國際田徑公開賽
#adidas_tw adidas
#Doritos.tw Doritos 
#Jaybird Jaybird
#長庚運動醫學團隊
#100m
#4x100m

by S小編",3639,12,"['Jaybird', '4x100m', '2018臺灣國際田徑公開賽', 'Doritos', 'adidas_tw', '100m', '長庚運動醫學團隊']"
46,2018-05-02 15:02:14,狂賀！！！俊瀚剛剛在200公尺決賽中跑出20秒33的佳績打破全國紀錄及大會紀錄！ *註：顯示器為參考成績,6521,40,[]
47,2018-03-19 13:37:55,"俊瀚在結束昨天參加萬金石馬拉松活動後，立馬今天就與學長 @chaotsun_cheng 鄭兆村和 黃士峰 及薛聖融教練 一起前往大陸四川與隊友們會合進行為期一個月的移地訓練！ 期待俊瀚及隊友們能在四川集訓之後成績獲得進一步的提升！！！ *感謝田徑之友張旖旂 WaWa 提供照片

by S編",4470,1,[]
48,2018-03-13 15:21:05,"最近除了準備訓練，還要努力學英文！
我的口說有進步💪💪
現在填表有免費課程拿https://goo.gl/w9tqCK
還可以抽我的簽名運動水壺！
立刻搜尋 🔎巨匠就醬學外語

快來和我一起學英文，為台灣爭光！ 
#巨匠線上真人 #一起學英文
#最適合自己的學習方式",1608,0,"['最適合自己的學習方式', '一起學英文', '巨匠線上真人']"
49,2018-01-15 09:44:24,"俊瀚與學長 @chiehchen_tw  @kyo112522 之前一同去平溪為長者們換燈的紀錄片出來嘍
完整版：https://youtu.be/a3OTYxK4r3E  #飛利浦 #點一道好光 #飛利浦照明創新為你",1861,4,"['飛利浦', '飛利浦照明創新為你', '點一道好光']"
50,2018-01-10 17:38:53,"很開心能跟 @jaybirdsport 合作成為品牌大使，Jaybird無線運動耳機防水輕便真的很好用。 音樂是我在賽前、熱身、放鬆心情時的夥伴，所以有好的耳機也是不可或缺的。 歡迎大家也一起來享受看看無線音樂的快感。
#jaybird #jaybirdfreedom2 #jaybirdrun 
#s編#感謝R編/W編提供照片",3700,8,"['jaybird', 's編', 'jaybirdrun', 'jaybirdfreedom2', '感謝R編']"
51,2017-12-26 21:40:52,很感謝企業願意熱心贊助運動選手們，有你們的支持我們會更加努力創造更好的成績！ #企業贊助感恩餐會 #一路相伴感謝有你 #中華奧會 #楊小姐,5279,18,"['中華奧會', '企業贊助感恩餐會', '一路相伴感謝有你', '楊小姐']"
52,2017-12-16 23:55:04,傳說中的簽名卡實在是太難抽了，本尊也抽不到啊～,5908,15,[]
53,2017-11-17 08:58:57,"有粉絲製作了這麼棒的作品，真的是太酷了！真的非常感謝大家這麼支持俊瀚。

#好作品一定要跟大家分享#s編",2079,0,"['好作品一定要跟大家分享', 's編']"
54,2017-10-27 11:46:41,這次全運會以三金一銀的成績結束今年的賽事，接下來就是繼續準備明年的亞運會。  這一年對我來說真的是做夢也想不到的一年，非常豐富。  明年又是新的開始，我將會繼續努力突破自己的極限！  不管是粉絲朋友家人教練贊助商們的支持與鼓勵，我都真的非常感謝。 期待我們下次的相見，也請大家能繼續支持田徑運動，讓更多人認識田徑的美好！,6795,19,[]
55,2017-10-25 15:33:55,恭喜俊瀚在200公尺以20‘56的佳績順利摘下第三金！  Congratulations!! Hank just got the gold medal in the national game!!! 🥇 #106全國運動會 #trackandfield #200meters #goldmedal #niketaiwan #s編,5742,5,"['niketaiwan', 'goldmedal', 's編', '106全國運動會', '200meters', 'trackandfield']"
56,2017-10-24 13:06:49,全運會200公尺準決賽就要來嘍！你還不來看嗎？ #106全國運動會 #trackandfield #200meters #niketaiwan #s編,6601,21,"['niketaiwan', 's編', '106全國運動會', '200meters', 'trackandfield']"
57,2017-09-14 09:32:43,感謝 #outsidebrick 送我這麼帥的樂高小人偶，超酷的耶！,4796,7,['outsidebrick']
58,2017-09-01 15:32:21,,7205,49,[]
59,2017-08-29 01:05:02,"這次的世界大學運動會田徑項目已經順利落幕了，真的很感謝不管是到現場或是從網路或是其他管道來為我們加油的粉絲們，這是我從有開始比賽以來最多人一起參加的比賽了，因為這幾天賽程的關係可能有很多人沒辦法合到照或是簽到名的我也覺得很抱歉，之後有機會一定補給你們。

這次的成績不管如何或是有沒有失誤，也都還是希望大家能多鼓勵我們選手。我們大家日以繼夜的辛苦訓練就為了在能在賽場上展現，每個人都會有狀況好或是不好的時候，希望大家能多以鼓勵的方式代替謾罵，不管在哪個團隊都是一樣，沒有人願意輸。

除了感謝我們龐大的粉絲加油團們之外，也很感謝中華田徑協會、長官、教練、物理治療師、林醫師、長庚醫療團隊、體能訓練師、贊助商、隊友、朋友、家人們、媒體朋友們以及現在正在看這篇的你。因為有你們我才可以奪牌，就像我之前說的這面獎牌是為大家拿的！ --- 楊俊瀚",15556,190,[]
60,2017-08-27 12:49:45,恭喜剛剛TPE 4X100公尺接力隊以39.23的佳績跑出SB以分組第一總排第二的姿態順利晉級決賽，決賽將在明天晚上18:50登場！！！ *感謝R小編提供照片,6778,30,[]
61,2017-08-25 19:14:33,"俊瀚真的非常非常感謝大家對獲得金牌的鼓勵與支持，同時感受到大家與俊瀚一起比賽的感覺真的很好。但俊瀚還有兩項要繼續再戰，必須沈澱自己把自己的狀態調整到最好，繼續迎戰每一秒的精彩！ 【俊瀚賽程表】
地點：台北田徑場
8/26 18:20 200M準決賽  20:05 200M決賽
8/27 11:20 4X100MR(接力) 預賽
8/28 18:50 4X100MR(接力) 決賽
*賽事時間若有更動會再更新

#一起世大運
#中華隊加油
#ASUS ZenFone4 精彩時刻
#即使在弱光源下ZenFone4一樣好用喔
#大家一直都在
#沈澱再爆發

by S小編",8171,59,"['大家一直都在', '中華隊加油', 'ASUS', '沈澱再爆發', '一起世大運', '即使在弱光源下ZenFone4一樣好用喔']"
62,2017-08-25 00:35:27,"感謝大家的歡呼聲與加油聲，俊瀚能得金牌也是因為有大家的支持。在田徑運動短跑項目中是追求速度的極限，往往0.01秒的差距就差很多了。 接下來的200公尺俊瀚也將展現他傲人的後段加速能力，請大家拭目以待！！！ ＊感謝2017世大運組委會提供終點攝影照片 【俊瀚賽程表】

地點：台北田徑場
8/25 11:15 200M預賽
8/26 18:20 200M準決賽  20:05 200M決賽

8/27 11:20 4X100MR(接力) 預賽
8/28 18:50 4X100MR(接力) 決賽
*賽事時間若有更動會再更新 
#teamtpe 
#2017臺北世大運 Taipei 2017 Universiade - 世大運
#Universiade2017
#tpe
#TF
#100M
#Goldmedal

by S小編",4422,26,"['Goldmedal', 'TF', 'teamtpe', 'Universiade2017', '100M', '2017臺北世大運', 'tpe']"
63,2017-08-24 22:07:49,俊瀚在賽後也收到總統的賀電，也興奮的跟媽媽擁抱！！ #Universiade2017 #100M #goldmedal #teamtpe #感謝照片由田徑之友提供,4440,21,"['goldmedal', 'teamtpe', 'Universiade2017', '100M', '感謝照片由田徑之友提供']"
64,2017-08-24 21:23:13,狂賀恭喜俊瀚在男子100公尺中拿下田徑首金！！！ 接下來還有更多賽事請大家繼續給俊瀚加油下去唷 #teamtpe #Universiade2017 #TF #100M #goldmedal,5637,63,"['TF', 'goldmedal', 'teamtpe', 'Universiade2017', '100M']"
65,2017-08-20 01:02:44,"順利完成任務，很高興能擔任這次的掌旗官，雖然中間有些小插曲但這些都不能夠阻擋我們前進。 希望大家把焦點聚集在來自世界各地的運動員們，接下來才是真正的開始

#Peace
#teamtpe
#2017臺北世大運 Taipei 2017 Universiade - 世大運
#Universiade2017
#tpe
#臺北我們的主場
#我們回家比賽
#開幕式",2344,24,"['我們回家比賽', 'teamtpe', 'Peace', 'Universiade2017', '開幕式', '臺北我們的主場', '2017臺北世大運', 'tpe']"
66,2017-08-18 12:32:06,"距離俊瀚比賽只剩5天了，明晚的開幕式俊瀚很光榮地被選為擔任掌旗官，希望在接下來的賽事大家都能進場為俊瀚他們加油，還沒買票的趕快看準時間買票喔，我們一直都在！ 【俊瀚賽程表】
地點：台北田徑場
8/23  10:30  100M預賽  18:35  100M複賽
8/24  19:25  100M準決賽  20:40  100M決賽
8/25  11:15  200M預賽  17:00  200M複賽*
8/26  18:20  200M準決賽  20:05  200M決賽
8/27  11:20 4X100MR(接力) 預賽
8/28  18:50 4X100MR(接力) 決賽 *賽事時間若有更動會再更新

田徑項目賽程表：https://www.2017.taipei/…/d0e6f77e-41f4-48c5-9bca-466d2b1af…
世大運官方網站：https://www.2017.taipei/home
購票網站：https://tickets.2017.taipei/

#teamtpe 
#2017臺北世大運 Taipei 2017 Universiade - 世大運
#Universiade2017
#tpe
#TF #100M #200M #4X100MR
#Nike Nike Taiwan
#臺北我們的主場
#主場優勢需要你的進場支持
#我們一直都在 ＊感謝今週刊提供照片

by S 小編",2277,8,"['200M', '主場優勢需要你的進場支持', 'TF', 'teamtpe', 'Nike', 'Universiade2017', '100M', '臺北我們的主場', '2017臺北世大運', '我們一直都在', 'tpe', '4X100MR']"
67,2017-08-17 21:03:50,"剛剛聽到確認能再次擔任掌旗官的時候我十分驚訝，我沒有想過會是我，可能是因為賽程安排的關係，所以才找我吧。這是繼上次青奧之後第二次擔任掌旗官，其實覺得滿有壓力的，但是也很謝謝國家給我這個機會，這是一個重大的責任也是份榮耀，開幕過後我就會好好沉澱，繼續準備比賽，中華隊加油！

#teamtpe 
#universiade2017 
#2017臺北世大運 
#掌旗官",1912,22,"['teamtpe', '掌旗官', '2017臺北世大運', 'universiade2017']"
68,2017-08-12 16:18:06,"倒數一個禮拜了，大家海嘯支持吧！一起進場為世大運選手加油 
#universiade2017 #teamtpe #tf #tpe #2017臺北世大運 #請為我加油",1067,3,"['請為我加油', 'teamtpe', 'tf', '2017臺北世大運', 'tpe', 'universiade2017']"
69,2017-07-24 20:57:58,"俊瀚帥氣的世大運團服照，世大運也進入最後倒數階段了，還沒買票的你還在等什麼？一起揪團進場為選手加油，展現最強主場優勢！

#teamtpe #2017臺北世大運 #universiade2017 #tpe #tf #世大運倒數",1237,0,"['teamtpe', 'tf', '2017臺北世大運', '世大運倒數', 'tpe', 'universiade2017']"
70,2017-07-20 12:20:16,"俊瀚以及眾多花蓮田徑好手們回到了花蓮來傳遞世大運聖火嘍

#teamtpe #2017臺北世大運 #nike #colantotte #楊俊瀚HankYang #世大運倒數29天#小編",998,0,"['teamtpe', 'nike', '楊俊瀚HankYang', '世大運倒數29天', '小編', '2017臺北世大運', 'colantotte']"
71,2017-07-17 10:11:01,"昨天去拍一個帥的，期待期待😎
#nike #楊俊瀚HankYang",1481,4,"['nike', '楊俊瀚HankYang']"
72,2017-07-11 15:26:26,"歡迎俊瀚以及中華隊榮耀歸來，接連的比賽及路途也讓選手們疲勞爆滿，真的是辛苦各位選手們了。

俊瀚也非常感謝一直照顧他們的物理治療師、教練、田徑協會，當然還有這麼多一直支持著俊瀚的家人粉絲朋友們。你們的支持與鼓勵都是俊瀚進步的動力！

接下來俊瀚也會專心備戰下個月要到來的 Taipei 2017 Universiade - 世大運，這次能在台北舉辦真的是很不容易，希望大家都能進場為選手們加油，大家一起相約台北田徑場唷！讓我們一起期待俊瀚又會創造更多的佳績！

感謝R小編提供照片～辛苦了

#teamtpe #asianathleticschampionships2017 #一金一銅 #台灣最速 #nike #colantotte 
by S小編",1293,3,"['teamtpe', 'nike', '台灣最速', '一金一銅', 'asianathleticschampionships2017', 'colantotte']"
73,2017-07-10 20:00:45,"夏天才剛開始，卻日頭炎炎，薇佳的洗顏霜，讓俊瀚在訓練流汗後能把毛孔裡的髒東西一次洗淨，還可以改善粉刺問題也不會有緊繃的感覺。再搭配抗痘精華，可以讓痘痘發炎問題獲得舒緩，出油的狀況也改善許多。在辛苦訓練之後，還是能擁有一副帥氣清爽的好臉蛋。

@swissvitatw #swissvita #洗淨毛孔不緊繃 #保濕保養一次完成 #深度清潔 #抗痘新鮮貨 #完美控油 #油水平衡 #緊縮毛孔 
薇佳網址：https://goo.gl/4dopZk 
By S小編",1132,1,"['抗痘新鮮貨', '洗淨毛孔不緊繃', '完美控油', 'swissvita', '深度清潔', '油水平衡', '保濕保養一次完成', '緊縮毛孔']"
74,2017-07-10 00:28:46,"Step by step. Next one is the Universiade Taipei 2017. We are coming. 
感謝圖片取自田徑協會以及WOWsight影片

#200m #goldmedal #teamtpe #asianathleticschampionships2017 #楊俊瀚HankYang #nike #colantotte",1242,14,"['goldmedal', 'teamtpe', 'nike', 'colantotte', 'asianathleticschampionships2017', '200m', '楊俊瀚HankYang']"
75,2017-07-09 21:05:53,"恭喜俊瀚拿下AAC2017男子200公尺金牌，歷史性的一刻啊！

Congrats to Hank that he just won the 200M at AAC. This is an amazing achievement.

#楊俊瀚HankYang #asianathleticschampionships2017 #200m #goldmedal #nike #colantotte #楊俊瀚HankYang",755,10,"['goldmedal', 'nike', 'colantotte', 'asianathleticschampionships2017', '200m', '楊俊瀚HankYang']"
76,2017-07-08 13:31:18,"很開心能獲得AAC2017 100公尺銅牌🥉 ，謝謝大家的支持與鼓勵。

It's my honor to get the bronze medal of 100M. Thank you everyone😄 *照片感謝各家現場特派記者及@張旖旂熱心提供

#100m #bronzemedal #4x100mrelay #asianathleticschampionships2017 #楊俊瀚HankYang #nike #colantotte",1242,3,"['nike', 'bronzemedal', 'colantotte', '100m', '4x100mrelay', 'asianathleticschampionships2017', '楊俊瀚HankYang']"
77,2017-07-05 08:33:21,"就在明天，突破自己的一天

#teamtpe #tf #asianathleticschampionships2017  #楊俊瀚HankYang  #nike  #colantotte  #100m  #200m  #4x100mrelay#小編#早起的鳥兒有鮮肉可以看",1409,1,"['早起的鳥兒有鮮肉可以看', 'teamtpe', 'nike', 'colantotte', 'tf', '小編', '100m', '4x100mrelay', 'asianathleticschampionships2017', '200m', '楊俊瀚HankYang']"
78,2017-07-02 23:34:16,"俊瀚和中華代表隊已經整裝出發前往印度布巴內什瓦爾參加亞錦賽，俊瀚將參加100公尺、200公尺、4X100公尺接力項目唷！請大家一起幫辛苦的選手們加油集氣吧！

Hank and the National team have gone to India to join the Asian Athletics Championships 2017 and Hank will compete in 100M, 200M, and 4X100M relay. Let's cheer them up and expect them will win the prizes 
#楊俊瀚HankYang 
#asianathleticschampionships2017 
#Nike
#colantotte 
#找找看俊瀚在哪裡",932,1,"['找找看俊瀚在哪裡', 'Nike', 'colantotte', 'asianathleticschampionships2017', '楊俊瀚HankYang']"
79,2017-07-02 08:07:27,"俊瀚今天就要啟程前往印度參加亞洲田徑錦標賽。俊瀚準備好了，你們呢？

#楊俊瀚HankYang 
#asianathleticschampionships2017 
#Nike @niketaiwan 
#colantotte 
#粉絲福利時間😂😂",1451,9,"['Nike', 'colantotte', '粉絲福利時間', 'asianathleticschampionships2017', '楊俊瀚HankYang']"
