,time,post_caption,likes,comments,tags
0,2019-12-15 16:51:49,Needed some fresh air to recharge for next week’s training 🔋🧘🏻‍♀️☀️⛰🌊,854,14,[]
1,2019-12-12 21:16:36,Just jumping up and down and hitting some tennis balls here and there🎾😜,977,26,[]
2,2019-12-07 19:35:43,"明天12/8週日，我們即將在中廣與MOMOTV的「藹玲幸福相談所」與大家見面喔，非常開心能夠來到中廣與吳若權大哥一起聊聊，不只是球場上的話題，網球給我們家人帶來的影響，還有生活中最真實的我們(笑)，歡迎大家一起在週日下午聽聽我們的分享，有許多成長過程的少女情懷和滿滿的笑料，跟我們一起期待明天的播出吧～

12/8（日）
下午4點收聽中廣流行網與大家空中相會，
下午5點觀賞MOMOTV201台或線上影音與大家見面！

MOMOTV 201台
首播：每周日17:00
重播：每週六12:00，前2集 / 17:00前1集 　每週日12:00，前1集

中廣流行網，收聽頻率：
FM103.3 台北、基隆、桃園、高雄、屏東、玉里
FM102.9 新竹、苗栗
FM102.1 台中、南投、台東、花蓮、宜蘭、彰化
FM103.1 嘉義、雲林、台南",710,6,[]
3,2019-12-07 18:45:52,"整週的訓練終於撐到週末了😁

When you finally finish the whole week of training 😁 @breathe_apparel_",1299,22,[]
4,2019-12-05 23:40:03,剛剛舉行完點燈儀式的聖誕小角落🎄🦌⭐️✨ My little Christmas corner🎄🦌⭐️✨ #明明只是裝電池硬要說點燈 #還是要有儀式感 #人家聖誕樹比大的我們比可愛,416,10,"['還是要有儀式感', '明明只是裝電池硬要說點燈', '人家聖誕樹比大的我們比可愛']"
5,2019-11-30 15:17:04,"今天一早我們來到了中壢網球場為慶祝第50屆的四維膠帶學童盃，還記得自己還是小學生的時候，每個學期最期待的就是四維學童盃的來臨，不僅能與其他小選手們切磋球技，最重要的是能夠見到當時最厲害的選手王思婷，也是我從小立志當職業選手的偶像。
在近年來，四維盃也不斷的在進步，從以前四維盃平均報名人數約兩百多位小選手，截至本屆已經增加到六百多位，人數成長了足足有2.5倍之多，在少子化的趨勢之下，網球人口不斷的成長，四維盃可說是最大推手之一，50屆以來孕育出了許多的職業選手，也讓更多小朋友接觸到網球項目，包含在五年前把二年級組的比賽用球改為減壓球，讓更多年紀小的選手們能夠避免傷害之外，打起來也更為上手，如此貼心的改變，也讓小選手們有更大的機會開啟他們的網球之門。
我相信網球不只可以是運動、教育、也可以是興趣，甚至是職業。
如果在當時沒有四維膠帶願意向下紮根，恐怕很多的小選手們也不會有認識網球的機會，所以今天很開心能夠一起回到現場見證第50屆的四維盃，更祝福接下來能邁向下一步100屆的里程碑。",731,8,[]
6,2019-11-24 16:54:53,Starting our preseason with big 😃💪🏼not sure how much longer we can keep it tho😅,952,13,[]
7,2019-11-22 18:27:25,😌💆🏻‍♀️,1182,22,[]
8,2019-11-19 15:11:52,"So glad to be able to have this opportunity to have my first experience with curling 🥌 and to visit the Ice Park Curling Hall with @yama37curl the world best player/Olympic athlete in this sport! Even as an athlete, there still so much to learn from each other, and to realize how different the way we can train and to prepare our performances is truly amazing! #curling #winterolympics",755,14,"['curling', 'winterolympics']"
9,2019-11-16 23:25:10,Somewhere on your journey don’t forget to turn around and enjoy the view.,899,13,[]
10,2019-11-08 19:56:23,New hair💇🏻‍♀️ with my best hairdresser @jinwgo_tung ✨ #eroshair,905,12,['eroshair']
11,2019-10-29 23:07:48,And these two showed up at our practice today👻🤗 @martinahingis80,1448,29,[]
12,2019-10-29 21:27:31,"美美的花草
美美的餐點
美美的鄭潔 
美美的夜晚
💐🌷🌹🌺🌸🌼🌿#花廚",958,12,['花廚']
13,2019-10-26 21:42:49,And the unofficial ones👻👻 #strikeapose #dressedupforthis #WTAFinals #Shenzhen,1795,29,"['Shenzhen', 'dressedupforthis', 'WTAFinals', 'strikeapose']"
14,2019-10-26 21:32:03,The official iconic photo of @wtafinals 2019 🏙📸💜✨,835,4,[]
15,2019-10-25 22:33:53,The best crew💅🏻💄💋🧚🏼‍♀️ 💖#wtafinals #wta @shiseido_corp #shiseido #chansis,596,6,"['shiseido', 'wtafinals', 'chansis', 'wta']"
16,2019-10-25 21:03:02,Player Gala Evening and Draw Ceremony 💅🏻💄👠💃🏻🎾 @wtafinals @wta #chansis,1703,34,['chansis']
17,2019-10-24 23:58:11,Checked in at the center court💜 #wtafinals  #chansis,886,12,"['chansis', 'wtafinals']"
18,2019-10-23 16:25:00,First hit✅ #wtafinals #chansis #wta,826,13,"['chansis', 'wtafinals', 'wta']"
19,2019-10-22 16:47:32,Ready to go🛫 @wtafinals #chansis #lasttournamentoftheyear,1173,21,"['chansis', 'lasttournamentoftheyear']"
20,2019-10-20 20:13:59,所以在練了一整個星期後，今天是唯一的假日，去了大稻埕📸 吃了好友介紹的下午茶☕️做了久違的光療💅🏻 嗯...充電充得很充實呢⚡️🔋#其實我還想看黑魔女 #想做的事很多時間卻很少,1647,27,"['其實我還想看黑魔女', '想做的事很多時間卻很少']"
21,2019-10-20 18:45:33,復古的傲嬌🖤 #大稻埕,1074,12,['大稻埕']
22,2019-10-16 14:18:57,This explained why it was a good session 🎾😆🌺💙,1011,13,[]
23,2019-10-12 19:32:16,Waiting for someone taking me to dinner🌆 #thegucciwall,1364,33,['thegucciwall']
24,2019-10-11 01:40:21,🦀️ #秋蟹 #大閘蟹 #foodporn #crabs,426,5,"['大閘蟹', '秋蟹', 'foodporn', 'crabs']"
25,2019-10-09 17:04:08,Stay hydrated 🍻 #teabreak #greentea #with #saltypannacotta #sogood #cheers,1152,32,"['greentea', 'sogood', 'cheers', 'with', 'saltypannacotta', 'teabreak']"
26,2019-10-07 20:40:57,"今年與皓晴擁有的一個很精彩的賽季，而我們也繼2015、2016第三度一起進入WTA年終賽，期待2019最後一個比賽的來臨！

Had a great season with @angelhcchan , and now we are very happy to announce that we are qualified as a team for the @wtafinals the third time, can’t wait for our last tournament of 2019, see you in Shenzhen the end of October!
#chansisters #chansis",938,19,"['chansisters', 'chansis']"
27,2019-10-05 18:39:29,Ladies night 💕👧🏻🧒🏻👩🏻🥞🍿🥤🍭,746,6,[]
28,2019-10-05 00:35:05,"唱完不難，是唱好很難呀... #兜圈真的很難唱嗎
#還好我是運動員",1061,46,"['還好我是運動員', '兜圈真的很難唱嗎']"
29,2019-10-04 21:21:27,"有幸曾被小燕姐訪問🙌🏼 #藝能界傳奇
#一人一張小燕姐
#小燕姐終身成就獎",995,5,"['一人一張小燕姐', '小燕姐終身成就獎', '藝能界傳奇']"
30,2019-10-03 14:06:18,"Thank you Beijing, for all the sweet memories to bring back home with me💌 till next year👋🏼",471,9,[]
31,2019-09-30 23:01:01,Miss this pretty girl so much👸🏼💕💕 so nice to see you back @katia_bondarenko2019,1222,18,[]
32,2019-09-24 18:54:09,Had a good start here in Wuhan with some love☺️ #wuhanopen,1033,22,['wuhanopen']
33,2019-09-23 18:33:54,武漢👋🏼 #wuhan #chansis,767,10,"['chansis', 'wuhan']"
34,2019-09-21 22:06:58,"4th title this year with @angelhcchan 🏆 @torayppo #torayppo #wta #chansis 
在921地震20週年的這天，與皓晴一起在大阪拿下冠軍，讓這天更加別具意義。
我們每個人都有屬於自己的難關，也都有心裡的仗要打，別輕易的用表面去定義一個人，每個人都有自己的掙扎與懦弱，但願
能夠用尊重與珍惜去面對彼此。

本季女雙第四座冠軍🏆",1878,67,"['chansis', 'torayppo', 'wta']"
35,2019-09-21 00:12:13,"半夜，懵懵懂懂的醒來，發現停電後想摸黑去上廁所，想下床發現地上滿滿散落物品，看著窗外月光下的電線桿納悶為什麼是歪的？睡在旁邊的皓晴醒來因為害怕開始哭泣，這時突然聽到隔壁房間媽媽喊著：「我的孩子！我的孩子！」。 那鼓忽然排山倒海而來的恐懼感，直到現在都還清清楚楚的記得。

20年前的今天，在半夜1:47分發生超過100秒的天搖地動，讓許多人的生命經歷了極大的轉折，當時班上同學、鄰居一夕之間少了好幾位，很多人遮風擋雨的家，也在一個轉眼間淪為廢墟，我們住的那條街，每棟房子都無一倖免。

很幸運的當時我們家人都沒有因此而受傷，在鄰居的幫忙下，逃出已經極度傾斜，一樓已經消失的家。在逃出之後的那幾天，都會聽見附近傳出的求救聲，直到聲音隨著時間慢慢的消失。

這是我極不願意回想的回憶，多希望只是一場惡夢，我想也有很多人有著這個20年前留下來的傷疤。

我感謝上帝，讓我們平安的經歷這場的劇變，也讓我在這20年來，在球場上奮鬥的時候更多了一份動力與感激，在面對傷病困擾的時候，沒有因此而失去信念。雖然我贏的每一場球、拿下的每一座冠軍都無法減輕曾經帶來的傷害與悲痛，可是我始終相信我在球場上的努力，能給曾經經歷過這種悲傷的朋友們，帶來一些希望和力量。

在921大地震20週年的這天，提醒著我人類是多麼的渺小，卻又多麼的堅強。感恩那些曾經的善良，給了多少人機會與希望。

讓我們為當時不幸的罹難者禱告，也容許我們給20年前害怕的自己一個溫暖的擁抱。

#921地震20週年",1274,28,['921地震20週年']
36,2019-09-19 20:59:32,"Today is your first blank page of your 26 years old, and you are writing down a good start🌟  Happy 26th birthday, my dearest lil sister, may that smile will never change🎂💕 @angelhcchan #happy26th #happybirthday #birthdaygirl",1174,21,"['happy26th', 'happybirthday', 'birthdaygirl']"
37,2019-09-19 19:35:12,Birthday girl brought the luck today🌟 #semifinals #torayppo @torayppo @angelhcchan #chansis,949,18,"['semifinals', 'torayppo', 'chansis']"
38,2019-09-18 20:29:35,When in Japan🤤🥞 #pancakes #sufflepancake,691,14,"['sufflepancake', 'pancakes']"
39,2019-09-17 21:16:48,Osaka✨,1652,18,[]
40,2019-09-13 13:56:34,"如果連高掛夜空的月亮都有陰晴圓缺，那我們不也沒有事事追求完美的必須嗎？

或許所謂圓滿，就是能夠包容自己的缺乏、擁抱缺憾，也才能展開雙手迎接屬於自己滿月。有時候別只想著完美，生活上的每個階段就像月亮一樣，也都有人抬頭欣賞。

中秋佳節祝福大家連假的心情都能跟今晚的月一樣明亮皎潔。

Happy Mid Autumn Festival🌕🥮🍁",1018,16,[]
41,2019-09-10 19:36:56,Nothing but blue skies💙💙💙 #summertime #summervibes,1115,14,"['summertime', 'summervibes']"
42,2019-09-10 18:44:06,#KissedBySun ⛰🧡,1664,15,['KissedBySun']
43,2019-09-09 15:50:44,Now the house smells like scone 👩‍🍳 #scones #cranberry #mykindofrelaxation,593,14,"['mykindofrelaxation', 'cranberry', 'scones']"
44,2019-09-06 01:30:56,"Had another good run here at the @usopen with @ivan_dodig , not through to the end but at least one of the Chans is in the finals on Saturday! Wish her and @mvenus3 nothing but all the best🏆",1309,16,[]
45,2019-09-03 11:27:16,The smiles of survived from a tough match and through to semis of @usopen ! @ivan_dodig,1040,22,[]
46,2019-09-02 09:19:59,"Day in day out, win or lose, we still got to keep the head up, plus a good partner would help you keep it too😉
Mixed onto quaters!",1198,20,[]
47,2019-09-01 05:23:11,Women’s Doubles 1st Round ✅ #USOpen2019 #Chansis,1118,19,"['Chansis', 'USOpen2019']"
48,2019-08-31 10:22:54,"Reunited for the Open, and got our first win in NYC #usopen2019 #mixeddoubles @ivan_dodig",1498,23,"['mixeddoubles', 'usopen2019']"
49,2019-08-29 23:24:28,Starting the day with a cup of good coffee☕️😎,1232,32,[]
50,2019-08-27 09:59:04,One of those Now York nights💫🌃 #manhattan #newyork #simba #leogirl,1100,13,"['simba', 'manhattan', 'leogirl', 'newyork']"
51,2019-08-26 05:36:48,Another great practice with Liezel st the @usopen @liezelhuber #sogladtohaveyouoncourt #missingtheolddays #formernumber1,820,7,"['sogladtohaveyouoncourt', 'formernumber1', 'missingtheolddays']"
52,2019-08-25 05:50:29,This time of the year🎾🔥 @usopen #usopen2019,1176,20,['usopen2019']
53,2019-08-18 08:50:58,How nice is it to have someone brought one of my favorite cake in the world as my birthday cake? 🎂 💕💕🥰 #HARBS #NYC,897,55,"['NYC', 'HARBS']"
54,2019-08-18 00:29:59,"時間是流動著的，每個人有著不同的節奏、追求著不同的時區，而往往結果也不一定循著計劃成真。
但也因此生活中多了很多精彩，繞了幾次遠路，也遇見了許多風景， 而迷霧縈繞的下一刻誰說不會是風和日麗？

人生旅途中，沒有什麼是自己可以完全控制的，只要確定自己要前往的方向，總有到達的一天，在平順的時候好好衝刺，但偶爾不小心繞點路又何妨，停下來好好欣賞一番，不錯過也不枉費上帝的安排也挺浪漫不是？

敬我的第30個8/17🥂 #30th #birthday",1334,40,"['birthday', '30th']"
55,2019-08-17 10:09:02,"When they say: what matters is not the destination, it’s the journey 🚉🕰 #grandcentralstation #nyc #newyork #thebigapple",1302,26,"['grandcentralstation', 'nyc', 'thebigapple', 'newyork']"
56,2019-08-16 23:58:29,👋🏼 🍎,606,13,[]
57,2019-08-14 12:03:32,"Strong women don’t have attitude, they have standards and boundaries.",2067,36,[]
58,2019-08-04 01:09:02,Greeting from Toronto👋🏼 #RC19  #chansis #jetlagged,1207,20,"['chansis', 'jetlagged', 'RC19']"
59,2019-07-31 18:50:38,🌄💛✨#goldenhour #summertime #nofilterneeded,1103,16,"['goldenhour', 'summertime', 'nofilterneeded']"
60,2019-07-30 19:38:46,"學長是一定要挺的，
但詹麵好吃是真的！

囤貨是必須，堅果清爽、川麻濃郁、激麻舒爽，三種口味好難下決定，那...就都一起帶吧！ #詹麵 @chef_jamestw 
圖二取自三立新聞網。",880,10,['詹麵']
61,2019-07-28 15:44:26,🦁👑🧡 #lionking #simba #myfav #disney #movie,1426,20,"['lionking', 'disney', 'movie', 'myfav', 'simba']"
62,2019-07-26 18:01:15,Covered in sweat 🎾🏃🏻‍♀️💦 💦💦 #summer #trainingday,835,13,"['summer', 'trainingday']"
63,2019-07-25 20:34:31,Thanks for this amazing beautiful seasonal father’s day cake 🍰 it tastes even better than how it looks😋💕 @boiteabijoux_tw #珠寶盒法式點心坊 #父親節限定 #foodporn #foodie #dessert #frenchdessert,961,18,"['foodporn', 'dessert', '父親節限定', 'frenchdessert', '珠寶盒法式點心坊', 'foodie']"
64,2019-07-24 16:40:05,When I’m home at Summer ☀️🤸🏻‍♀️💦⛰🌊 #鹹鹹的夏天 #summertime #sweaty #exploring  #taipei,1442,27,"['sweaty', 'exploring', '鹹鹹的夏天', 'summertime', 'taipei']"
65,2019-07-21 22:09:18,"在這為期三天的夏令營，與小朋友度過了一個忙碌充實卻又美好的週末，從一開始的害羞猶豫到最後變成要找姊姊單挑，看到孩子們對於網球的熱愛被點燃，是我們這次收穫最大的禮物了！
謝謝家長們對於我們的信任，也謝謝圓山聯誼會大力支持，以及教練團們的全力配合，才能讓這次的夏令營圓滿落幕！
不管最後孩子們有沒有選擇成為網球選手，能夠成為他們邁出的其中一步，我們已深感榮幸。第一次舉辦夏令營也讓我們學習到許多，希望未來有機會與更多孩子們接觸，成為啟發他們對網球產生熱情的一員。
#圓山聯誼會 #圓山大飯店 
#詹家姊妹X圓山Fun假日夏令營",967,4,"['圓山聯誼會', '圓山大飯店', '詹家姊妹X圓山Fun假日夏令營']"
66,2019-07-20 21:51:32,"今天的突如其來暴雨，讓我們下午的網球課程必須移駕至室內教室，但完全沒有影響到小朋友對網球的熱情🤩🤩我們還是在室內教室裡打得不亦樂乎呢！
#圓山大飯店 #圓山聯誼會
#詹家姊妹X圓山Fun假日夏令營",1638,14,"['圓山聯誼會', '圓山大飯店', '詹家姊妹X圓山Fun假日夏令營']"
67,2019-07-20 01:09:34,"今天圓山Fun假日夏令營正式開跑囉～
很開心在分享座談會與大家見面聊聊，在一片歡笑聲中度過，等不及明天上球場和小選手們一起享受網球的樂趣了🤗🤗🤗 #圓山大飯店 #圓山聯誼會 
#詹家姊妹X圓山Fun假日夏令營
#summercamp #weekend #chansis",1400,17,"['圓山聯誼會', '詹家姊妹X圓山Fun假日夏令營', 'chansis', 'summercamp', '圓山大飯店', 'weekend']"
68,2019-07-18 19:03:05,The new hair mood🥰 @eroshairofficial,1843,42,[]
69,2019-07-16 02:59:44,About last night🏆🥂 #championsdinner #wimbledon2019 #bestteam #mensinblack,1555,26,"['bestteam', 'championsdinner', 'wimbledon2019', 'mensinblack']"
70,2019-07-15 10:01:21,Loving this dress from @havingaballdh so much that I almost didn’t want to return it 🥰🥰🥰#wimbledon2019 #championsdinner,1515,28,"['championsdinner', 'wimbledon2019']"
71,2019-07-15 06:41:42,The Champion’s Dinner 🏆🥂💃🏻👠 #Wimbledon2019,3353,82,['Wimbledon2019']
72,2019-07-15 02:52:39,"A Grand Slam title, a very special moment, a dream come true. A #Wimbledon trophy 🏆",3178,72,['Wimbledon']
73,2019-07-15 01:44:06,🌱🏆💚 We’ve made it!!!!!!!! #wimbledon2019 #championship  #mixeddoubles #champion,2458,63,"['mixeddoubles', 'championship', 'champion', 'wimbledon2019']"
74,2019-07-14 03:36:27,Recharged with amazing dinner at #dintaifung for the tmr’s finals 🥟🥢🌟 #bestfood #withbestquality #thankyou,1584,34,"['withbestquality', 'dintaifung', 'bestfood', 'thankyou']"
75,2019-07-13 03:05:34,"This finals feeling 🤩🤩 #wimbledon #sw19 @ivan_dodig
Photo credit: @_joycelau",1520,20,"['sw19', 'wimbledon']"
76,2019-07-12 03:12:20,"Finished work with smiles 🙋🏻‍♀️🙋🏼‍♂️ #ontosemis #wimbledon #sw19 @ivan_dodig

Photo credit: @_joycelau",1529,24,"['sw19', 'ontosemis', 'wimbledon']"
77,2019-07-11 02:17:02,"Onto quaters💪🏼💪🏼 #wimbledon #sw19
Photo credit: @_joycelau",1322,19,"['sw19', 'wimbledon']"
78,2019-07-07 19:44:18,This Sunday feeling ☺️🍦💐🌳 #Hydepark #london,1811,29,"['Hydepark', 'london']"
79,2019-07-06 22:33:33,After the first 2min of cursing I finally find my inner peace🥶🥶🤬🤬🥶🥶🤭😐😌 #icebath #youknowhowitis,1079,22,"['icebath', 'youknowhowitis']"
80,2019-07-06 04:51:56,This kinda winning energy 🌱🤘🏼💪🏼👍🏼🤩 #wimbledon #R16 #chansis #theChans,2283,38,"['R16', 'chansis', 'theChans', 'wimbledon']"
81,2019-07-03 20:28:04,1st round ✅ at @wimbledon 🌱🏆👯‍♀️ #chansis @angelhcchan,1325,20,['chansis']
82,2019-06-30 19:17:37,Saying hi from my lovely house at @wimbledon 💐🌱🌼💜🏡 #iwishitsmine,1593,26,['iwishitsmine']
83,2019-06-30 03:18:27,🌱Title No.3 for 2019🏆🏆🏆 #chansis #naturevalleyinternational @wta @angelhcchan,1495,45,"['naturevalleyinternational', 'chansis']"
84,2019-06-29 03:17:41,Finals 👯‍♀️ #naturevalleyinternational #Eastbourne #chansis @lta @angelhcchan,1198,19,"['naturevalleyinternational', 'chansis', 'Eastbourne']"
85,2019-06-21 23:27:10,One of those travel days 🚌💨💨 #offtonext #betweentournaments,880,14,"['offtonext', 'betweentournaments']"
86,2019-06-15 23:20:03,Mission accomplished🥇#teamspirit #ChineseTaipei #FedCup,1367,21,"['ChineseTaipei', 'FedCup', 'teamspirit']"
87,2019-06-14 19:12:28,前幾天在社群媒體限時動態問大家關於夏令營的想法，竟然高達80%的朋友們有興趣，而我也一直對此感到期待，既然如此，我們就把這個想法化成現實行動吧！ 🔊現在，有機會在這個七月，在圓山大飯店聯誼會與大家見面👋🏼👋🏼 🔔從即日起開始接受報名至7/10止，我們有分享會與夏令營兩個部分，在今年夏天將會獻出我們的教學處女秀（笑），希望有興趣的小朋友和家長們一起加入我們的行列，也期待在這熱情的夏天，在圓山聯誼會網球場與大家見面🎾🎾🎾 💁🏻‍♀️以下為本活動資訊，歡迎來電圓山大飯店報名☎️ 🔶本活動為圓山聯誼會主辦，詹家姊妹為公益出席教學及分享。,630,11,[]
88,2019-06-12 23:58:40,The team🎾 #FedCup #Dushanbe #Tajikistan #chansis,1335,15,"['FedCup', 'Tajikistan', 'Dushanbe', 'chansis']"
89,2019-06-12 19:14:59,#FedCup time🎾,990,10,['FedCup']
90,2019-06-11 05:06:56,"See you next time Paris, a very special city in my heart💜",1303,8,[]
91,2019-06-10 16:38:05,"如果，在台北有個夏令營，你們要一起來玩玩網球嗎？💁🏻‍♀️🎾👧🏻🧒🏻😇
If there is a summer camp in Taipei, would you come and join us?",1563,41,[]
92,2019-06-07 23:26:23,"So, we completed the perfect 10 here in @rolandgarros 🏆🏆 #2ndtitle #backtoback #frenchopen #mixeddoubles #bestpartner @ivan_dodig",2851,106,"['frenchopen', 'bestpartner', '2ndtitle', 'mixeddoubles', 'backtoback']"
93,2019-06-06 21:41:34,One more to go to get the perfect 10. #mixeddoubles #final @rolandgarros @ivan_dodig,1315,22,"['mixeddoubles', 'final']"
94,2019-06-05 02:47:02,Our 8th straight win in Roland-Garros✅  @ivan_dodig @rolandgarros #mixeddoubles #semifinals,1303,17,"['mixeddoubles', 'semifinals']"
95,2019-06-03 03:45:04,Quarterfinals bound #mixeddoubles #littledodigbehindus #lovehiscutelilface @ivan_dodig @rolandgarros,1064,10,"['mixeddoubles', 'lovehiscutelilface', 'littledodigbehindus']"
96,2019-06-01 03:05:20,"You can’t promise to win every time, but you can make sure you give it all when you step on court.
#chansis will be back soon, but for now, let’s enjoy some mixed doubles💪🏼💪🏼 #idemo @ivan_dodig @rolandgarros",1537,19,"['chansis', 'idemo']"
97,2019-05-30 19:32:53,"We were lucky enough to get the W.O. for our first round doubles, but we still got a good practice match today at Roland-Garros, ready for round 2💪🏼💪🏼 #chansis @rolandgarros",1345,17,['chansis']
98,2019-05-27 03:21:27,When your best friend really came to meet you at the Eiffel Tower 🤩🥰🥳 #BFF #Paris,1351,8,"['BFF', 'Paris']"
99,2019-05-26 00:30:04,When communication is everything 🗣🤔👌🏼 #RG19 #court1 #tournamentprep #chansis,794,7,"['chansis', 'RG19', 'tournamentprep', 'court1']"
100,2019-05-25 04:49:17,Meet me at the Eiffel Tower 🖤 #paris #cityoflove,1315,14,"['cityoflove', 'paris']"
101,2019-05-23 20:01:07,👯‍♀️ always nice to be back 🧡💚@rolandgarros #RG19 #frenchopen #chansis @angelhcchan #myfavoriteslam,1214,13,"['chansis', 'RG19', 'frenchopen', 'myfavoriteslam']"
102,2019-05-20 18:33:15,#520,1227,20,['520']
103,2019-05-17 21:49:57,From 3 match points down to semifinals 💪🏼💪🏼 #ibi19 @internazionalibnlditalia #chansis,1031,9,"['chansis', 'ibi19']"
104,2019-05-17 04:34:42,"難得在歐洲相遇，羅馬街頭、梵蒂岡、家鄉味，還有不曾間斷的笑聲～

#駱建勛 繼續加油喔💪🏼💪🏼💪🏼",1092,4,['駱建勛']
105,2019-05-16 23:28:56,"If you are hunting for good coffee, walking in to a place opened more than 250 years will never be a bad choice☕️ #Rome #coffeelover",1001,17,"['coffeelover', 'Rome']"
106,2019-05-15 02:23:41,Onto next round @internazionalibnlditalia #ibi19 #chansis,769,10,"['chansis', 'ibi19']"
107,2019-05-13 20:20:53,"Being an top athlete, it takes strategy.  #ittakeswta @wta",768,9,['ittakeswta']
108,2019-05-12 15:58:04,"總是給予我最大的支持，也成就我內心柔軟而堅強的女人，母親節快樂💐💝 Happy Mother’s Day to the women who bring me to this world, and always give me the best support she can.
#happymothersday",872,4,['happymothersday']
109,2019-05-09 04:21:07,🏃🏻‍♀️Keep moving on 👈🏼 #plazamajor #madrid,832,13,"['plazamajor', 'madrid']"
110,2019-05-06 00:54:55,Having some local historic sweets which never let you down 🍫 ☕️ #Spanish #churros #chocolatedip #since1894,1109,11,"['churros', 'chocolatedip', 'since1894', 'Spanish']"
111,2019-05-04 02:49:01,"Since the dinner is so late here in Spain, so why not add a little touristy walk? 🌳🐻🇪🇸 #Spain #Madrid #puertadelsol",910,10,"['Madrid', 'Spain', 'puertadelsol']"
112,2019-05-01 20:17:19,"Made it to the Magic Box,and I kinda liked the ride today🖤 #hola @mutuamadridopen 👋🏼",692,8,['hola']
113,2019-04-29 23:43:27,Europe swing can’t starts with out @evaairways 💚🛫 #chansis @angelhcchan,879,12,['chansis']
114,2019-04-29 18:40:25,"The clay season preparation is officially finished, we are so grateful to being able to train at home and using these amazing facilities for the last 3 weeks, there is nothing better than lying on your own sofa and sleeping on your own bed after a long training day! And thanks to the team, who makes us push a little extra everyday, and help us to get ready for the clay season! #bestteam @grandhoteltaipei #民航局網球俱樂部 @siskorama @fedescalabrino @yuchou9 #readyforclay #chansis #preparation #training #clayseason",1185,9,"['preparation', '民航局網球俱樂部', 'training', 'chansis', 'bestteam', 'readyforclay', 'clayseason']"
115,2019-04-25 16:56:05,When he said “it’s done” 🎾🏃🏻‍♀️🏃🏻‍♀️🙃🤪😁 @angelhcchan @siskorama #clayseason #training #chansis @grandhoteltaipei,1206,11,"['chansis', 'training', 'clayseason']"
116,2019-04-24 15:33:26,The best way to enjoy when it’s sunny and 35°C out here☀️🏊🏼‍♀️💙#summeriscoming #getyourbathingsuitready #taipei #april @regenttaipei,1790,24,"['april', 'getyourbathingsuitready', 'taipei', 'summeriscoming']"
117,2019-04-21 16:50:55,"When you can’t find the sunshine, be the sunshine 🌞🧡 #dontwaitforit #bethelight #andbekind #happysunday #happyeaster",1436,23,"['dontwaitforit', 'andbekind', 'bethelight', 'happysunday', 'happyeaster']"
118,2019-04-20 15:29:07,"That’s how we rock at training!! Another good solid week has been done, nothing feels better than worked hard with passion💪🏼💪🏼 #teamwork #bestteam #chansis #practicemakesperfect #clayseason #preparation @angelhcchan @fedescalabrino @siskorama @yuchou9",885,5,"['preparation', 'teamwork', 'chansis', 'bestteam', 'clayseason', 'practicemakesperfect']"
119,2019-04-18 15:51:05,With our new Ultra 100L Bold Edition 💙⚔️🦓 @wilsontennis @angelhcchan #chansis #ultra100Lboldedition,1270,14,"['chansis', 'ultra100Lboldedition']"
120,2019-04-17 12:33:23,Pool session Wednesday 🏊🏼‍♀️ 🧜🏼‍♀️🐬 #training #inwater #pretendingitsdayoff #butno #chansis  @angelhcchan @siskorama @fedescalabrino @yuchou9 @regenttaipei,1253,12,"['butno', 'training', 'chansis', 'inwater', 'pretendingitsdayoff']"
121,2019-04-15 18:22:18,The faces of when Monday training is done😬🤪 #chansis,1196,9,['chansis']
122,2019-04-13 15:12:11,Just in case you are wondering what we up to recently 🏃🏻‍♀️🕺🏼🤸🏻‍♀️🏋🏻‍♀️💦💦💦 @angelhcchan @siskorama @fedescalabrino #claycourt #preparetion #intervaltraining #footworks #chansis,478,8,"['claycourt', 'preparetion', 'intervaltraining', 'chansis', 'footworks']"
123,2019-04-09 11:48:29,This corner feels kinda cozy🚅🍱🥢 #eatingbystanding #withaview #立吞 #便當 #inthetrain #lunchbox @genquo,991,5,"['withaview', '便當', 'lunchbox', 'inthetrain', '立吞', 'eatingbystanding']"
124,2019-04-08 19:47:18,Are you that person of someone? Or you are looking for your someone? 🤔🤔 @genquo,1227,17,[]
125,2019-04-08 14:46:37,"Thank you for such a great time, it was nice to be able to share stories with you😊 
And thank you for taking me to the Yuba place that I always wanted to go 🤤🥰 @miyukato1121 #kyoto #tennislife #湯葉料理",1219,8,"['湯葉料理', 'kyoto', 'tennislife']"
126,2019-04-06 19:49:12,The feeling of surrounding by pink bubbles🥰🌸💕 #cherryblossom #sakura,1489,23,"['cherryblossom', 'sakura']"
127,2019-04-02 17:17:12,"Thanks for the fresh look😇@jinwgo_tung @eroshairofficial 
I don’t know about you, but I loved it✨",1206,20,[]
128,2019-04-02 16:07:43,💇🏻‍♀️🙋🏻‍♀️💁🏻‍♀️cut so much hair at once for the first time in 10 years😱😱 @jinwgo_tung @eroshairofficial,1379,31,[]
129,2019-03-31 13:31:00,Onboard with @evaairways feels like🥰💚✈️,1082,17,[]
130,2019-03-31 03:49:47,"Thanks Miami for another great tournament, had amazing time out there at Hard Rock Stadium, can’t wait to come back next year🧡 @miamiopen @angelhcchan #chansis",1009,20,['chansis']
131,2019-03-27 02:31:42,She’s just like a wall✋🏼⛔️ #sealedthewin #angelthewall #chansis #semifinalsnow @angelhcchan @miamiopen,1062,23,"['chansis', 'semifinalsnow', 'sealedthewin', 'angelthewall']"
132,2019-03-27 02:04:04,👋🏼 to semifinals👯‍♀️ @miamiopen @angelhcchan #chansis,777,18,['chansis']
133,2019-03-26 07:32:49,Couple of points from our @miamiopen R16 match today🎾 @angelhcchan #chansis,832,13,['chansis']
134,2019-03-26 04:41:50,"Feeling better every day😊 but still coughing sometimes😅 
Made our way into quarterfinals here at @miamiopen #oops #chansis @angelhcchan",1358,28,"['chansis', 'oops']"
135,2019-03-24 08:43:59,"So glad that We were able to win this match today, I’ve been feeling sick after Indian Wells, so I didn’t practice for 1 week, not the way how we prepare tournaments...was pretty tough during the match, but I’m really happy that we made it at the end!
#onto2ndround @Miami open @angelhcchan #chansis 
因為打完上一站之後就陷入一個咳到沒天沒地的狀態，至少都要花一兩個小時才能入睡，每天起床的前一小時都在擤鼻涕還有跟我的支氣管對抗...連續看了三次醫生，在比賽前整整一星期沒有練球..只有比賽前熱身了20分鐘就上場，比賽中還是時不時的咳，不敢和皓晴擊掌只怕她被我傳染.... 今天的目標就是希望自己能完成比賽，沒想到能在最後拿下勝利，這是這幾天繼終於克服我最害怕的咳嗽藥水之外最開心的事了... 希望自己身體能趕緊恢復，除此之外盡量不給自己太多壓力，比賽一場一場來！

#邁阿密公開賽",1500,25,"['chansis', 'onto2ndround', '邁阿密公開賽']"
136,2019-03-16 01:56:35,"It was not good enough, but on the right track, thank you Indian Wells for the warm support, we will get ready for the next challenge! #chansis @angelhcchan @bnpparibasopen",834,14,['chansis']
137,2019-03-13 06:24:46,"The toughest match will always create stronger athletes, so when it comes, take it and make the effort, for nothing but yourselves. 
@bnpparibasopen @angelhcchan #tennisparadise #chansis #semifinals",1513,42,"['semifinals', 'chansis', 'tennisparadise']"
138,2019-03-11 08:32:42,@bnpparibasopen Round 2 #chansis @angelhcchan,541,7,['chansis']
139,2019-03-11 06:54:29,Onto QF👯‍♀️ @angelhcchan you looked great even you are faded😂 #sorry #itstheportraitcamera #buggyselfie #winningselfie @bnpparibasopen #chansis,1107,17,"['sorry', 'buggyselfie', 'chansis', 'winningselfie', 'itstheportraitcamera']"
140,2019-03-09 13:24:43,"Had a good match out there, a great start for @bnpparibasopen 👯‍♀️ #chansis",1008,11,['chansis']
141,2019-03-09 04:54:53,"We should all be inspiring each other, because we know we are capable💪🏼💪🏼 #HappyInternationalWomensDay 😘 #BalanceforBetter #ItTakesWTA #IWD2019",1197,13,"['IWD2019', 'HappyInternationalWomensDay', 'ItTakesWTA', 'BalanceforBetter']"
142,2019-03-06 05:56:06,Thanks for inviting me #lastnight #cititasteoftennis,778,7,"['lastnight', 'cititasteoftennis']"
143,2019-03-05 12:46:37,A great party with good food and good fun is definitely helping my jet lag👠🍴🎾😇 @tasteoftennis,1184,10,[]
144,2019-03-05 08:21:57,Nice to be back👭 @bnpparibasopen 💐🌺🎾 #chansis @angelhcchan,940,9,['chansis']
145,2019-03-03 19:40:37,"On board with the new @jasonwu X @evaairways pajamas, am so ready to enjoy the journey to LA🛫💚 #sitbackrelaxandenjoytheflight",1532,18,['sitbackrelaxandenjoytheflight']
146,2019-03-02 16:57:07,"This boy in the picture was watching our practice today at the court side, he witnessed that my sister hit me twice on my back with heavy shots💥😖 and than he jump on his bicycle to the nearest convenient store as fast as possible 🚴🏼‍♂️💨 than hand me the a bag of ice and told me it seems very pain full so he want me to ice it... what a sweet move of him💕💕 #feelloved #whatagentalman #bestfanever",1285,21,"['feelloved', 'whatagentalman', 'bestfanever']"
147,2019-03-01 22:00:18,"如果說新興國中是台灣網球選手的搖籃，相信很多人都會跟我一樣覺得並不為過呀～在全盛時期，學校裡有多達40名選手，而陳南教練（我們都稱他大陳老師）更是學校網球隊的靈魂人物！從訓練規劃、場地分配、精神喊話、到各處國外比賽等等，都要精心的安排。

很開心今天可以跟幾位學長姐和學弟妹（皓晴也是😂），一起邀請老師用餐，聊了好多小時候比賽的事情，還有好多小時候做過的蠢事，當然也感謝老師在當時對我們的用心和指導。

現在我們都長大了，老師年齡也漸漸大了，雖然還是非常熱衷於網球，也依然對比賽有很多很棒的見解，體力依舊一極棒，但能有這樣的機會一起重溫以前的回憶，關心老師的現況，或許也可以讓老師偶爾想起的時候會心一笑，希望這樣的聚餐能夠常常實現，這樣，在我們長大後，還能有新的回憶與老師一起分享。",989,9,[]
148,2019-02-26 19:53:51,"Life is amazing, so as you🥂 #salut #toyou #tome #toeverything",1619,38,"['toyou', 'toeverything', 'tome', 'salut']"
149,2019-02-23 23:25:36,"Had great couple of weeks in Middle East, always lots of fun and sharing the court with each other😏😁 #tillnextyear #chansis @angelhcchan",1122,13,"['chansis', 'tillnextyear']"
150,2019-02-22 04:05:04,Semifinals arrived👭  @ddftennis @angelhcchan #chansis,1228,19,['chansis']
151,2019-02-20 22:40:09,Sista winning selfie 👭🤳 #quaterfinals @ddftennis #chansis @angelhcchan,1250,20,"['chansis', 'quaterfinals']"
152,2019-02-20 02:54:15,"Thanks for having me out there❤️🎾 #Repost @ddftennis with @get_repost
・・・
The @tennisemirates kids clinic was a hit with the kids. Offering fun and exciting games to kids of all skill levels. They even had a surprise visit from @ajlatom @timeababos and @latishayjchan Check out the whole thing here ⬆️ #DDFTennis",399,4,"['Repost', 'DDFTennis']"
153,2019-02-19 16:36:24,Met some young players this morning with @ddftennis such a fun time to share the court with kids🎾❤️👧🏼🧒🏻👦🏽 #bitshy #buttheyaregood,1073,9,"['buttheyaregood', 'bitshy']"
154,2019-02-18 22:50:18,"On court right the way after the travel day yesterday, got through to 2nd round, and I think we are not the only one who was happy our there😇😄 @ddftennis @angelhcchan #chansis #ballgirls #dubai",1128,14,"['dubai', 'chansis', 'ballgirls']"
155,2019-02-18 00:43:34,"After the final, travel day comes right after🛫 Really miss the time that just chilling at the poolside at Four Seasons Doha🕶😌",2152,41,[]
156,2019-02-17 20:09:51,2016🏆 VS 2019🏆 #QatarTotalOpen @qatartennis @wta @angelhcchan #chansis,1360,19,"['QatarTotalOpen', 'chansis']"
157,2019-02-16 23:35:03,The feeling of winning the same tournament twice🥳🤗🏆 #2ndtitleof2019 #chansis @angelhcchan,1962,53,"['2ndtitleof2019', 'chansis']"
158,2019-02-16 00:13:33,Back to the final here at #qatartotalopen 💪🏼💪🏼 @angelhcchan @qatartennis @wta #chansis,1296,26,"['qatartotalopen', 'chansis']"
159,2019-02-14 23:01:55,Throw back Thursday and Happy Valentine’s Day💞 #tbt #happyvalentinesday,1328,22,"['happyvalentinesday', 'tbt']"
160,2019-02-14 22:21:58,I’m sure you can tell who was working harder during the match by sweating competition 🎾🏃🏻‍♀️💦😜 #notreally #normallyisweatmuchmorethanher #chansis #semifinals @qatartennis @wta,1514,25,"['semifinals', 'notreally', 'normallyisweatmuchmorethanher', 'chansis']"
161,2019-02-13 03:16:08,Through to the quarterfinals under the cold and windy conditions 🌬🎾🥶 @qatartennis @wta #chansis @angelhcchan,1070,13,['chansis']
162,2019-02-12 02:32:26,Tournament Gala Dinner👠💄🥂 #QatarTotalOpen19 @qatartennis,963,11,['QatarTotalOpen19']
163,2019-02-08 21:42:39,Preparation begins 🎾 @qatartennis,942,15,[]
164,2019-02-08 16:41:23,Just chilling at the poolside after breakfast at the @fsdoha with @angelhcchan ☀️🕶🏝,1196,9,[]
165,2019-02-07 15:00:08,"Off to Doha🛫️
出發杜哈🛫️ #比賽當走春 #飛行必備口罩 #chansis @angelhcchan",985,19,"['chansis', '飛行必備口罩', '比賽當走春']"
166,2019-02-04 13:09:01,"除夕當天依然要動呲動，訓練不能停，但年節禮數還是不能少！請收下我們熱騰騰的祝福，希望大家在新的一年能夠諸事順心、平安喜樂🐷🧧🎊 Non stop training on the day of Lunar New Year’s Eve, so we decide to brought some warm greetings and wish you all have have great, healthy, and remarkable Pig year🐷🧧🎊
#lunarnewyear #yearofpig #readyfortheredenvelopes",1426,29,"['lunarnewyear', 'readyfortheredenvelopes', 'yearofpig']"
167,2019-02-03 15:55:52,好難得我們都在台灣👻👻👻 ⛳️🎾 It’s pretty rare to see us in Taiwan at the same time👻👻👻⛳️🎾 @yanitseng @angelhcchan,1418,13,[]
168,2019-02-01 22:42:30,Guess who’s here for the Lunar New Year?  #giant #pikachu #taipei,1092,15,"['giant', 'pikachu', 'taipei']"
169,2019-01-28 19:52:22,"趕在年前進場保養，請吳濬哲院長賜我神針prp，雖然在開打前還是有貼心提醒院長溫柔一點，但在推藥的時候我還是忍不住喊痛呀....為了能夠追求進步和高強度表現，有些痛還是得咬牙撐過去。

謝謝院長15年來的照顧，讓我還能在球場上奔馳。
#院長每次都笑我怕痛 #但每次都幫我加油 #拍照還在偷轉我剛打完針的手

#吳濬哲骨科診所",1164,5,"['吳濬哲骨科診所', '院長每次都笑我怕痛', '但每次都幫我加油', '拍照還在偷轉我剛打完針的手']"
170,2019-01-23 19:40:10,"Thank you Australia, it’s been a great month for us, to start our season this way gave us a lot of confidence, and we enjoyed the time here so much! 
Now it’s time for a little break, thanks for all the support here in Australia, will be back for next year with more fun doubles!
#chansis",1412,16,['chansis']
171,2019-01-20 13:59:00,That feeling of back to quarterfinals of @australianopen with my sister👯‍♀️💞 @angelhcchan @australianopen #Chansis,1660,43,['Chansis']
172,2019-01-18 15:47:20,"Arrived at round 16 with straight sets👭 was quite a long day because of the weather🌧 but got some amazing support today from the court side was worth waiting😇 🙌🏼🤳
#Chansis #ao19",1756,24,"['Chansis', 'ao19']"
173,2019-01-17 14:15:45,"Into 2nd round with a ✌🏼
@australianopen #chansis @angelhcchan #fanstime",905,8,"['chansis', 'fanstime']"
174,2019-01-16 12:36:58,"Had some good fun today talking about doubles at the @australianopen , will be playing our first round match tmr at Melbourne park, stay tune! #chansis",1287,16,['chansis']
175,2019-01-14 17:13:12,"有一種幸運，是你的工作正是你所熱愛的事，而且你時時刻刻都可以享受它。
#星期一不憂鬱 
The feeling of being able to do what you love all the time🎾 #nomoremondayblue #lovewhatido #tennis",1679,19,"['星期一不憂鬱', 'lovewhatido', 'tennis', 'nomoremondayblue']"
176,2019-01-12 15:11:41,"2nd week of the year, 1st 🏆 of the season. 
#chansis @angelhcchan 
Photo credit: @hobart_tennis",1604,43,['chansis']
177,2019-01-11 14:14:10,Through to the final 👯‍♀️ @hobart_tennis @wta #chansis #2ndfinaloftheyear,1061,18,"['chansis', '2ndfinaloftheyear']"
178,2019-01-10 14:09:03,Met some cute Aussie friends today🦘👯‍♀️🤳 it took me some time to finally feed them🤗🤔😖😯😌🤩 #bravery #iwastooexcited #andscaredatthesametime #kangaroos #babykangaroo #kangarooselfie #wheninaustralia #tasmania #chansis,1544,10,"['babykangaroo', 'wheninaustralia', 'kangaroos', 'bravery', 'chansis', 'kangarooselfie', 'iwastooexcited', 'tasmania', 'andscaredatthesametime']"
179,2019-01-09 14:26:37,Discovering the highest mountain of Hobart ⛰  #mtwellington #hobart #travellife #tasmania #australia #chansis @angelhcchan,1148,7,"['australia', 'chansis', 'hobart', 'tasmania', 'travellife', 'mtwellington']"
180,2019-01-08 18:43:06,First round ✅ at @hobart_tennis #chansis @angelhcchan #quarterfinals,1050,10,"['chansis', 'quarterfinals']"
181,2019-01-07 09:14:36,Hello from Tassie👋🏼🏃🏻‍♀️🏃🏻‍♀️🛳⚓️ #tasmania #hobart @angelhcchan #chansis,1176,9,"['tasmania', 'chansis', 'hobart']"
182,2019-01-05 11:07:31,"2019賽季在布里斯本的第一週比賽，最終我們拿下了亞軍。
今天對手在比賽中的表現相當出色，拿下冠軍也是名副其實，恭喜她們！

新的一季有一個好的開始，尤其在我個人經歷了花了四個月的時間休養治療與重新訓練,印證了我們年底訓練的效果，也對於自我的表現有一定的信心，但拿下亞軍也提醒著我們還有需要努力與進步的空間，很開心我們合體的第一週就能進入決賽，接下來會持續積極面對每一場比賽。

Even though at the end we didn’t win the tournament, but I will still call it a great week, we had a lot of fun and feeling confident on court, thank to the pre season preparation.

At the same time we would like to congrats to the Winner today Nicole and Kveta, they were playing amazing today, and deserve the win.

Will be off to Hobart soon, and looking forward for the coming up matches.
#firsttournamentoftheseason #chansis",1889,31,"['firsttournamentoftheseason', 'chansis']"
183,2019-01-04 13:57:46,Hello to the final👋🏼 @brisbanetennis #brisbanetennis @wta @angelhcchan #chansis,1613,29,"['chansis', 'brisbanetennis']"
184,2019-01-02 14:33:54,"Another good day in the office, through to semifinals of @brisbanetennis 
#chansis @angelhcchan @wta",1356,13,['chansis']
185,2019-01-01 08:48:43,"Missing the fireworks last night, but woke up this morning and had my first run of 2019, that’s another way to celebrate 🏃🏻‍♀️💦🥳🎉",909,7,[]
186,2018-12-31 19:51:56,"謝謝你2018，雖然你不是生涯最豐收的一年，但卻讓我的心更加豐盛。
這一年來，經歷了失去與獲得，放下和付出，寫下了紀錄也被迫放棄賽季。

有很多時候的獲得，伴隨著我們看不見的失去，但有時候的失去卻給了我們一種深層的領受與收穫。

我們每一個人的故事，都是靠著這樣的時刻拼湊出來的，其中當然包括了開心與難過、甚至痛苦與挫折，但也因為如此，讓我們懂得什麼是放下和給予、讓我們學會分享溫暖。因爲這些經歷讓我們懂得什麼是同理心，因為最終痛苦的感受會轉化為溫暖的力量，讓我們越來越勇敢。

在未來的一年，希望自己可以有更多的學習，學習如何做自己，如何在與內心打架的時候不再執著，學會善待自己，不再輕易的折磨。

2019我在這裡等你喔！我期待著新的一年帶來的精彩，讓我有更多篇章寫進我人生的筆記本裡。

Thank you 2018, this may not be the best year of my tennis career, but it is a year which enrich me as a person.

This year I’ve been through some good moments and bad moments, they are all very remarkable, for example winning a grand slam title and being unable to finish the whole season.

Some times you don’t get what you want, but it teach to so much in life, and some times it seems very successful, but you might ignore what you are loosing at the same time.

Every stories of life, includes happiness, sadness, struggles and painful moments, but thank to that, we learn how and when to let go, we learn how to share love with others.

Because these life experiences let us know what empathy is, because the ultimate painful feeling will turn into a new strength, making us become more and more brave every single time.

In the coming year, I hope that I learn not to stubborn when I’m fighting with myself, learn to be kind to others and my own soul.

2019 I am waiting for you right here! I am looking forward to another amazing year, so that I have more chapters to write in the book of my life.
#goodbye2018 #hello2019",1222,16,"['hello2019', 'goodbye2018']"
187,2018-12-31 15:35:07,"休養四個月後的第一場比賽，帶點緊張又興奮的心情😝

非常開心能用新賽季首勝迎接新的一年👍🏼👍🏼 After a 4 months resting and recovery, was a bit nervous but exiting about the first match😝

But definitely very happy to walking into the new year with a win👍🏼👍🏼 @angelhcchan @brisbanetennis @wta #chansis",1348,22,['chansis']
188,2018-12-28 15:22:35,First stop of the year @brisbanetennis @angelhcchan 👭 #chansis #backtogether #spotthecroc,1563,20,"['chansis', 'backtogether', 'spotthecroc']"
189,2018-12-27 18:10:40,First day of Brisbane 🛬☀️🏃🏻‍♀️🏃🏻‍♀️💦💦 @angelhcchan #chansis,1193,9,['chansis']
190,2018-12-26 23:30:09,"從九月之後的第一次飛行，睽違4個月重新回歸賽場。
我們南半球見🇦🇺 See you at down under 🇦🇺 #evaair",900,13,['evaair']
191,2018-12-25 20:00:34,"關於聖誕節，我多了一個身分，威尼斯船伕🎁🧢🛶 你們今年聖誕節禮物抽到什麼呢？

From this Christmas, my new identity is a boatman from Vanezia🎁🧢🛶 What did you get for Christmas gift?",1045,18,[]
192,2018-12-24 23:05:34,Received a incredibly beautiful cake from #1789 just made my Christmas Eve❤️🎄❤️🎄❤️🎄❤️,419,6,['1789']
193,2018-12-24 18:45:46,Wishing all of you out there Merry Christmas!!🎅🏻🎄🎊🎊🎁🎁🎁🎁🎁🎁🎁🎁🎁🎁 #Chansis @angelhcchan,1355,18,['Chansis']
194,2018-12-22 18:05:33,"很榮幸可以再次參與Love Life一年一度的93病房聖誕報佳音，一個能夠堅持十年的公益活動，需要的是很堅定的信念，更需要的是彼此之間祝福與感動的流動。
謝謝黑哥、范范姐一路堅持，也讓這個Love Life家庭越來越龐大，影響越來越多的生命，希望這份感動和正面能量能繼續流動在這個社會上，讓我們彼此成為對方的祝福和力量。 #lovelife @blackielovelife @fanfan",1008,5,['lovelife']
195,2018-12-21 18:42:49,"今天是微樂心溫度「集眾力．送愛心 年終歡樂派對」，很開心能夠在現場把我準備的禮物親手送給與我配對的辰辰，也很開心看見每個小朋友收到禮物後嬌羞的笑容。

有時候對於我們來說習以為常的事物，對這些小朋友來說，卻是遙不可及的夢想，所以也非常感謝所有參與認養禮物的朋友們，因為你的愛心，讓孩子臉上堆滿天真的笑容，有個難忘的聖誕，也暫時忘卻病痛，能夠擁有這樣的機會，也要謝謝台灣大哥大基金會，在每年這個時候為孩子們送暖，讓我們一起帶給孩子們微笑。

#微樂志工
#台灣大哥大基金會",690,2,"['台灣大哥大基金會', '微樂志工']"
196,2018-12-17 11:55:41,Be fearless in the pursuite of what sets your soul on fire. #Mondaymotivation,1280,10,['Mondaymotivation']
197,2018-12-13 12:23:26,Getting ready for the new season💪🏼🎾🏃🏻‍♀️💯 #chansis  #teamwork,876,14,"['chansis', 'teamwork']"
198,2018-12-12 20:19:41,"在練了一個早上的體能，再與小學妹陳佩萱練了一下午的球，回家後趕緊進廚房準備豐盛的晚餐的補充一下😋

After a long training day, started to prepare dinner as soon as I got home, and now is time for bon appetit 😋

#謝謝佩萱
#自己煮的最健康
#這也算體能訓練嗎",1247,10,"['謝謝佩萱', '這也算體能訓練嗎', '自己煮的最健康']"
199,2018-12-08 18:41:24,"演講首場成就達成☑️ 謝謝東方匯理銀行的邀約，也願意配合我的時間行程狀況之下，讓我到現場與大家分享我的故事。

今天是我演講的處女秀，在現場大家都不知情的狀況下，我只能裝得很有經驗，殊不知這段時間，每天晚上練完球、回到家，就開始在客廳自言自語，不斷的修正內容、框架，只為了能夠讓自己的經歷經過整理後，轉化為文字分享給大家。上場前，還因為擔心自己表現不好，讓自己好緊張.... 不過還好現場的大家，給予我的回饋讓我很開心，我很榮幸可以與你們分享我的故事、我的信念，也謝謝你們的每一聲加油與謝謝，因為你們不知道你們的每一聲鼓勵，對我來說多麼的有力量。

我相信我的經歷不只是為我的生命、我的家人帶來衝擊，也讓我更有使命感，想與更多的人分享，讓正在努力或是經歷挫折的你們不感到孤單，也想鼓勵下一代一起努力，讓社會變得更美好而更有力量！

最後，謝謝文海哥的協助，協助我可以快速的整理出故事的框架和雛形，也在過程中不斷鼓勵我給我信心！

希望未來能用非球場的形式，有更多的機會與大家見面與分享。

Merci Credit Agricole Corporate & Investment Bank.",1068,10,[]
200,2018-12-06 20:15:11,When someone ask me what you’ve been up to? 🎾🎾🎾🎾🎾🎾🎾🎾🎾🎾💦💦,560,6,[]
201,2018-12-04 09:52:43,"我那年輕有為的哈佛畢業生舅舅（其實我們一樣大，只是輩份不同啦！）又出新書啦～ 「美國留學攻略」-曾文哲

想要出國留學，申請美國名校的小撇步，都在內容裡！ 「美國留學攻略」已經在11/20上市了，12/8更有新書座談會，可以現場與文哲討論他的留學經驗喔！ ★ 2018/11/20（二）各大網路書店上市
博客來：https://pse.is/C4785
金石堂：https://pse.is/BTHHA
誠品：https://pse.is/C57U9
讀冊：https://pse.is/C3KML
時報悅讀網：https://pse.is/BUQMW ★ 2018/11/23（五）全台實體書店正式上市，販售地點包括誠品書店、金石堂書店、三民書局、紀伊國屋書店、政大書城、墊腳石等連鎖書店 ★ 海外購書（上市時間會比國內晚1~2週）
1. 馬來西亞：可在大眾、紀伊國屋書店購買
2. 新加坡：可在大眾、紀伊國屋、友聯等書店購買
3. 香港：香港商務、三聯書店、中華書局、田園書屋等書店均可購買

另外這本書的電子書版本
稍晚也將在博客來以及美國Amazon推出～ ★ 新書座談會
時間：12/08（六）15:00-17:00
地點：誠品臺大店 3F 藝文閣樓（臺北市大安區新生南路三段98號）
※ 不需報名、自由入場",411,0,[]
202,2018-12-02 15:56:35,Beauty begins at the moment you decide to be yourself. ☀️🕶🧢🌊 #Sunday #vibes,1756,24,"['Sunday', 'vibes']"
203,2018-12-01 16:13:29,"回到訓練模式的感覺真好，雖然體能狀況因為休養下降了許多，但也因此我能更了解我的身體，也強烈的感受到對於訓練的渴望！

Back to the training mode after almost 3 months, it’s nice to be healthy again! I feel the hunger of my body, and ready for a solid push!",1501,18,[]
204,2018-11-29 22:05:01,"距離上次見面已經三年了，現在竟然已經是個兩歲兒子的母親了....
#時間過得好快 #想念一起奮戰的日子 #鄭潔 #搭檔一陣子朋友一輩子

So happy to see you after 3 years, and you are a mother of a 2 year old boy already😲🥰🥰 #ZhengJie #ExPartner #MissTheOldDays #TimeFlies",1397,17,"['想念一起奮戰的日子', 'TimeFlies', '鄭潔', '時間過得好快', 'ExPartner', 'ZhengJie', 'MissTheOldDays', '搭檔一陣子朋友一輩子']"
205,2018-11-27 19:40:57,"If my smile can make your day, that would be the best thing I can do for you.🎾👧🏻👩🏻💁🏻‍♀️🧒🏻😇",1033,11,[]
206,2018-11-12 22:38:55,"It’s amazing to be able to watch this back home, what an inspiration. @serenawilliams #beingserena",760,5,['beingserena']
207,2018-11-08 18:18:25,"能夠為另一個生命創造出快樂，是生命中讓人最快樂的事。

今天下午我參與了一件讓我快樂一整天的活動，我出席了台灣大哥大基金會微樂心溫度第四屆冬季送禮活動，並擔任名人志工。
從昨晚得知會有兩位小朋友來到現場，就決定要給小朋友們一個驚喜，決定前一晚就在家自己做抹茶乳酪蛋糕帶到記者會給小朋友們一起分享，看到小朋友的笑容真的帶給我開心一整天的動力！

謝謝台灣大哥大基金會在四年前創辦了「微樂心溫度」這個平台，讓我們每一個人都可以透過手機認養禮物，去擔任某位小朋友的聖誕老公公。我相信每個人在成長過程或是生活裡都一定受過別人的幫助，而有能力盡一份心力去散播笑容，是增加社會正面能量很棒的方式之一。

如果你也想成為別人的聖誕老公公，手機快下載「微樂心溫度」APP，幾個簡單步驟，即可展開傳遞笑容的旅程囉！

#台灣大哥大基金會
#微樂心溫度

照片提供：台灣大哥大基金會、陳俊吉攝影師。",839,7,"['台灣大哥大基金會', '微樂心溫度']"
208,2018-11-05 19:06:03,"想奮力突破、征服，
連自己都懷疑自己的感受，
連自己有時都對自己無力。
或許該屈服，
不是卑躬屈膝、不是忍辱負重，
但是堅定的相信善良的力量和上帝的安排。
每一天感恩，感恩一點一滴的進步，
每一天知足，對自己曾經擁有過感到幸運與知足。",1479,12,[]
209,2018-11-02 22:27:48,"Thanks for having me, many more decades to come @taiwantatler #TWtatlerball2018 #happybirthday",1197,22,"['TWtatlerball2018', 'happybirthday']"
210,2018-11-02 20:25:03,"Happy 10th birthday @taiwantatler 💋💃🏻🍾🥂 #twtatlerball2018
Thanks @sophiaritz1990 and @eroshairofficial for dressing us up❤️",1834,31,['twtatlerball2018']
211,2018-10-24 16:35:54,"Daily treatment.
療程日常。",388,10,[]
212,2018-10-21 13:07:18,"For a girl who grow up in supermarket, this feels like home 🛒 
最喜歡逛超市了～果然是在超市長大的女孩兒🛒",1817,19,[]
213,2018-10-19 15:51:19,"身為運動員，身體即是我們的最大資產，即便休養期，也還是不能怠惰💪🏼
Resting but not stopping.",978,9,[]
214,2018-10-17 19:22:57,"好久沒有到93病房跟大家聚聚了，趁著最近休養的空檔，帶著自己準備的蛋糕餅乾回來看看大家，也重新擦亮餅乾姐姐的招牌(誤)

謝謝你們總是給我力量，總是那麼勇敢那麼溫暖，每次與你們的相遇都給我很大的鼓勵，提醒著我要懂得愛自己、珍惜當下，謝謝青青姐的愛心帶著我拜訪大家，希望你們喜歡今天的點心，然後下次可以再繼續來跟大家下午茶囉～

#LoveLife",1271,11,['LoveLife']
215,2018-10-17 12:56:17,"好久沒有烘培了，有點生疏，但今天是為了特別的人準備的小點心💝

It’s been a long time since last time I bakes, but today, it’s for someone special 💝",1133,20,[]
216,2018-10-16 19:27:46,"今天在南港展覽館跟大家說早安，就是因為參加2018台北紡織展的開幕典禮，真的是非常的榮幸也很開心可以一起共襄盛舉支持，也了解到我們現在已經有以環保以及與運動產業結合的創新科技。
你能想像排汗衫裡竟然有海洋廢棄塑膠的成分嗎！？
能夠這樣回收再生產出高品質的紡織品，銷售到世界各地，確確實實是我們的驕傲，也歡迎大家近期可以來南港展覽館逛逛這1000多家的攤位，來發掘到底還有什麼我們不知道的技術和高品質產品喔！",696,3,[]
217,2018-10-16 11:05:04,Good morning 🐝,1603,20,[]
218,2018-10-14 21:41:33,Main course 😂 #athleteway #youknow,702,11,"['youknow', 'athleteway']"
219,2018-10-14 21:13:14,All in one pot🍤🍝🥘 #homemade #dinner,640,11,"['dinner', 'homemade']"
220,2018-10-14 15:06:51,"你的週末行程是什麼呢？

What’s your Sunday activity?

#Taipei #101building #elephantmountain #sundayvibe",1182,13,"['elephantmountain', '101building', 'sundayvibe', 'Taipei']"
221,2018-10-11 13:36:05,"Enjoying life in every moment🎈

享受受限的樂趣。
換個角度讓心情不受限🎈",1260,15,[]
222,2018-10-02 16:49:50,"今天趁著天氣好跟媽媽一起到海邊走走，遇到了一位大姐自己在海邊怡然自得的自拍，於是就問需不需要幫忙拍照，結果大姐還教我怎麼拍，而且的拍照技術還比我好，把我們拍的好美😝😝
覺得好欣賞獨立又懂得愛自己的女性，過自己想過的人生，是多有勇氣又有魅力的生活方式呀～",1186,12,[]
223,2018-10-01 02:06:54,Can’t be happier for you my dear🎈 perfect timing to announce this awesome news!! @martinahingis80  #congratulations #newfamilymember #cantwaittomeetyou #babygirl #throwbacktoNY,1315,13,"['cantwaittomeetyou', 'newfamilymember', 'babygirl', 'congratulations', 'throwbacktoNY']"
224,2018-09-28 18:17:43,"2018賽季對於我來說已經提早結束了，相信很多朋友們也已經觀察到從美網身體不適棄權之後，一直都沒有比賽，紐約返台後也立即到醫院檢查，醫生的診斷是因為過勞引發自律神經失調以及相關症狀，與我在2013年因身體因素缺席了七個月的賽季是類似的情況，原以為透過幾次的治療可以即時恢復，但可惜身體還是沒辦法如期趕上，而這個問題事實上一直都困擾著我，我只能不斷監督身體不適發生次數的多寡與程度，來配合適當的治療和休息。

在這段期間裡我一直很努力的回到賽場上，但因為身體的不允許，讓我無法在這麼短的時間內回到崗位，也無法保住去年的積分，對我來說也是相對有些心理上的壓力，但畢竟這就是職業網球選手殘酷的一面，只要不參賽，排名很快就被取代，所以在賽程與身體之間的平衡，一直是選手最大的功課。

雖然這不是我所希望劃下賽季句點的方式，但我也知道自己已經盡了所能去爭取好的表現，除了緊湊的職業賽，能夠再一次披上亞運戰袍，仍然是我最榮幸的一件事，即便今年有很多的不完美，但也因為這些不完美才讓奮鬥的過程更有價值。

謝謝今年依然追著我的行程表為我加油的朋友們，我依然會努力盡快回到賽場上與大家見面！",1825,57,[]
225,2018-09-27 22:01:15,Exercise of the day😋 療癒的夜晚😋  #pomelo,644,11,['pomelo']
226,2018-09-24 14:48:31,Inhale... exhale....😌 今晚誰要跟我一起舉頭望明月🧚🏼‍♀️🌕 #中秋節快樂,1332,18,['中秋節快樂']
227,2018-09-22 17:51:34,"今晚十點別忘了鎖定76台 Win TV 四端紅人會，看看端哥和我吃了什麼美食（誤）也聽聽我們到底聊了什麼話題吧🧐 
今晚沒空的話，目前wintv重播時間為：
9/23 0200-0300  2200-2300

而在9/24（ㄧ）之後在YouTube 也會有完整訪問影片喔！

#四端紅人會 #李四端",1295,9,"['李四端', '四端紅人會']"
228,2018-09-21 10:34:47,The power of surrendering 🧘🏻‍♀️,1147,12,[]
229,2018-09-10 22:34:07,This is the kind of smile when you get to have the beef noodle soup you loved since you were in your mom’s belly ❤️😋🙋🏻‍♀️,1992,33,[]
230,2018-09-09 18:12:33,"今天是採芭女孩😂👩🏻‍🌾💚
If you fine no dumbbells, try some guavas💪🏼😂👩🏻‍🌾💚",1345,22,[]
231,2018-09-07 07:46:50,"真心覺得空姐是非常辛苦的工作，無時無刻都在調整時差，在高空中忍著睡意優雅的服務每一位乘客，只為了讓乘客有舒適、安全的旅程..
身為職業選手，飛行的次數也很頻繁，除了休息之外，在機艙裡最喜歡有空姐來找我們聊天，覺得她們工作真的很辛苦，有時候大家聊聊天拍拍照飛行時間倒是過得挺快，聊各城市有什麼景點、美食呀，交換彼此的口袋名單，有時候還會遇到曾經載過我們的組員敘敘舊呢！
雖然時常的長途飛行與時差有時候的確也是蠻辛苦的，但有著專業又優雅，還帶著一點活潑的空姐的陪伴，總讓我們旅途能放鬆舒適一些。簡單來說，就是能讓我們有種回到家的感覺。

謝謝長榮航空減輕我們的旅行負擔，也謝謝你們栽培出這麼優秀的空服組員們！ @evaairways 💚",1512,11,[]
232,2018-09-04 06:39:15,"Pain is real, but so is hope.
I’ll be back on court soon, but for now I am giving myself a little space. 
#givingyourbest #knowingyourlimits #soyoucangofurther",1860,37,"['knowingyourlimits', 'givingyourbest', 'soyoucangofurther']"
233,2018-08-31 10:25:33,Through to round 2🤜🏼🤛🏼 @vichka35 @usopen,1556,15,[]
234,2018-08-30 06:51:03,Preparation @usopen,1402,15,[]
235,2018-08-25 18:11:18,"2018雅加達-巨港亞運網球項目已落幕，對於無法拿下金牌還是對自己不諒解，不諒解自己的是無法完成各界寄與的厚望，與辜負團隊的支持。

雖然在決定參加亞運前心裡拉扯糾結了很久，世大運的事件一度讓我心寒，飽受憂鬱所苦，關閉了自己的心，也抗拒再一次成為代表隊。過了好長一段時間才有辦法調適自己的內心，在思考很久之後才終於決定再次披上亞運戰袍出賽。

這是參加四屆亞運以來第一次沒有拿下金牌，對於我來說心裡特別過不去，放棄保住世界第一的機會就是為了回來為中華隊爭取金牌，但卻讓它擦身而過... 但是我還是要對此次我們網球中華隊教練團、球員、支援團、防護員們以及我的搭檔皓晴致上最誠摯的感謝，讓我們在巨港的每一天都很團結，一同努力奮鬥到最後一刻，大家真的辛苦了，相信下一屆我們會更好的，也祝福其他中華隊的選手能夠繼續在亞運有出色的表現。",2329,117,[]
236,2018-08-24 13:11:18,Into Final! One last fight☝🏼 @angelhcchan #Chansis #asiangames2018 #GoTPE,1630,33,"['Chansis', 'asiangames2018', 'GoTPE']"
237,2018-08-23 15:19:39,Saved a match point and onto semis! #chansis #teamwork #GoTPE #AsianGames2018,1483,18,"['chansis', 'AsianGames2018', 'teamwork', 'GoTPE']"
238,2018-08-22 19:36:36,Onto quarters 👭 #AsianGames2018 #Chansis #GoTPE,1894,19,"['AsianGames2018', 'Chansis', 'GoTPE']"
239,2018-08-21 13:33:00,Last practice before the action. #asiangames2018 #palembang #GoTPE,1409,20,"['palembang', 'asiangames2018', 'GoTPE']"
240,2018-08-18 20:02:43,"雅加達-巨港亞運網球項目，明天正式開打，大家一起努力💪🏼 Jakarta Palembang Asian Games Tennis starts tomorrow, let’s do it 💪🏼 @olympics_tpe",1371,12,[]
241,2018-08-17 15:05:45,"在步入了29歲的這一天，我在巨港亞運選手村醒來。昨晚因為班機不斷延誤，抵達時間已經很晚，加上時差和感冒，用微小動力的蓮蓬頭洗個澡，沒吃飯倒頭就睡。早上因為不遮光窗簾被陽光叫醒，揉揉眼睛轉身滑開手機，看到好多的生日祝福訊息，讓我覺得自己還是幸運幸福的。

經歷了昨天一整天的旅行，從早上五點半起床，到抵達選手村已經是當地時間晚上十點半，因為飛機上偶有亂流，無法安心補眠，雖然很累，但一抵達巨港就有穿著代表隊制服的團本部接機，當地警察一路開道，送我們到選手村的當下，就有我們女子隊蕭丞邑教練來迎接我們，協助我們搬行李、領我們到房間及詢問補充基本日常用品，一進房間就收到我一直心心念念的吹風機，教練團也在我們宿舍一樓歡迎我們，讓我們在這簡陋的硬體設備裡感受到團隊溫暖。

記得小時候13-14歲常常來東南亞比賽，印尼更是常來，當時總是努力著、告訴自己一定要不斷突破，有一天讓自己打到更高層級比賽、帶家人和團隊去更先進的城市、住更好的旅館。如今很感恩的所有大型賽事都已成為常客，完成自己小選手時代的願望。今天早上醒來邊整理房間的同時，心裏的感受也是一言難盡，經歷了許多光榮時刻與風風雨雨，帶著大滿貫冠軍和世界第一的光環回到印尼、在這簡陋的亞運村醒來，讓我不禁回頭看見自己走過的路，也提醒著我的初心，因著努力，讓我完成夢想，也得以四度披上亞運戰袍，爭取不只是單純個人的光榮。

對於今年的生日，感觸特別的多，簡陋的環境，豐盛的內心。期望自己能夠維持這份初心，面對每一個挑戰。

祝我29歲生日快樂。
8.17.2018 Palembang, Indonesia.",2197,85,[]
242,2018-08-16 08:27:32,Off we go to Palembang Asian Games👭🛫 @angelhcchan @olympics_tpe,2615,49,[]
243,2018-08-13 12:05:22,"Unfortunately we didn’t win the title this week, but it was only 2 points away from us, congrats to our opponents, it was a really good match, we all gave our best out there. But this is only the first tournament for me and Katia playing as a team, and we are both really positive and happy with the result for the start, looking forward for our next tournament.

很可惜的最後羅傑斯盃以兩分之差以亞軍作收，不過第一次跟Katia搭配就能夠有這樣好的成績我們彼此都很開心，感謝這一個星期支持我們的朋友們！
有些朋友可能已經知道下一週的女雙世界排名我將會重新回到世界第一，對我來說是個很大的鼓舞也是很興奮的消息，但更興奮的是，我即將參加的雅加達、巨港亞運，雖然參加亞運也讓我放棄保住下一站去年在辛辛那提冠軍的900積分的機會，等同於下下週就確定要讓出世界第一的席次，但我還是覺得能夠出戰亞運是非常大的榮幸。
現在我正趕往機場的路上從北美回到亞洲，即刻調整時差、身體適應，準備8/19開打的亞運，將會盡全力奪下最好成績。
@couperogers @katemakarova1 @wta",1249,23,[]
244,2018-08-12 11:02:47,FINALS TOMORROW !! @couperogers @katemakarova1 @wta,1207,28,[]
245,2018-08-11 08:31:32,Girls into semifinals with big smile 😁😁 @couperogers @katemakarova1 @wta,1176,15,[]
246,2018-08-10 07:57:46,"When you are in Montreal, you can’t miss this place. #ViandeFumee #smokedmeat #brisket #sandwich #schwartzs #since1928",1379,16,"['ViandeFumee', 'sandwich', 'smokedmeat', 'schwartzs', 'since1928', 'brisket']"
247,2018-08-09 02:37:54,Got our first win together with @katemakarova1 and into quarterfinals of @couperogers ✌🏼✌🏼,1189,14,[]
248,2018-08-06 07:45:49,"I love this cute little girl💓👧🏻💓#Repost @mubadalasvc with @get_repost
・・・
👧🤗 So cute! #NetGeneration #MubadalaSVC",1022,4,"['MubadalaSVC', 'NetGeneration', 'Repost']"
249,2018-08-06 06:54:14,,1617,44,[]
250,2018-08-06 06:53:43,,525,1,[]
251,2018-08-06 06:35:50,"A great week here at @mubadalasvc , was a lot of fun to play here, we enjoyed all the support out there! Thanks to Kveta for playing with me, even this is the only tournament we play together, but still  very happy with the title 🏆😇
Photo credit:WTA #kvetapeschke",1374,26,['kvetapeschke']
252,2018-08-05 10:37:08,Into finals tomorrow at the @mubadalasvc with Kveta😇 #KvetaPeschke,1197,16,['KvetaPeschke']
253,2018-08-02 12:09:38,My day off @ San Francisco🌁💐🚃,1431,15,[]
254,2018-07-31 12:46:41,"Had a amazing dinner with these lovely girls at Ding Tai Fung, after recovered from food coma, we are going to the gym😂 #dingtaifung #fundinner #girlsnightout #lovedumplings @dintaifungusa",1357,18,"['fundinner', 'dingtaifung', 'girlsnightout', 'lovedumplings']"
255,2018-07-31 08:50:07,Friendship goals💞 #InternationaFriendshipDay,1553,14,['InternationaFriendshipDay']
256,2018-07-28 08:45:07,"With the jet lag, needed extra focus to put the eyes on the ball 🎾👀🧐 #15h #jetlag #sanjosestateuniversity",1125,8,"['jetlag', 'sanjosestateuniversity', '15h']"
257,2018-07-22 16:15:08,"Love my new CAMO designed ULTRA, so happy to be part of this campaign, fresh look, fresh energy, can’t wait to bring it on tour with me💙👀😍 好喜歡我的新款藍色迷彩系列的ULTRA球拍，很開心能夠成為Wilson迷彩計畫的一員，新的外觀、新的火花，已經等不及帶著它跟我一起參加巡迴賽了💙👀😍
@wilsontennis",1733,16,[]
258,2018-07-20 21:20:37,I get butterflies just thinking about the next time I’ll see you🦋💙,1208,11,[]
259,2018-07-14 05:04:39,"Thank you @Wimbledon for another great memory, until next year🌱😘👋🏼 photo credit: Wimbledon",1323,18,[]
260,2018-07-11 03:43:53,7th win and still on the count 7️⃣💪🏼 #quarterfinals @Wimbledon @ivan_dodig,1654,25,['quarterfinals']
261,2018-07-08 03:11:17,6th win for the team 🤙🏼🌱 #waytogo #idemo @ivan_dodig,1590,22,"['waytogo', 'idemo']"
262,2018-07-06 02:40:47,Collected our first win together @wimbledon 🌱🍓🎾 #ontonext,2170,31,['ontonext']
263,2018-07-03 01:35:16,❄️ 🛀🏼 #icycold,1388,12,['icycold']
264,2018-07-01 23:50:19,Preparation 🎾👀 #wimbledon2018 @wimbledon,1222,12,['wimbledon2018']
265,2018-06-29 06:10:42,🌙💙 #moonriver,393,6,['moonriver']
266,2018-06-27 04:57:29,Finishing a day with a happy dinner😋,885,4,[]
267,2018-06-26 23:24:40,Embrace what makes you stronger. #canbetough #ifthatswhatittakes,1071,10,"['canbetough', 'ifthatswhatittakes']"
268,2018-06-23 00:32:11,Arrived at the beautiful sunshine Eastbourne 🚌💁🏻‍♀️☀️⛱🌊,1262,18,[]
269,2018-06-19 17:02:44,"Your mind believe everything you tell it. 
Feed it faith. 
Feed it truth. 
Feed it with love.☕️ #pretendingitsdayoff #waitingformycoffee",1349,21,"['waitingformycoffee', 'pretendingitsdayoff']"
270,2018-06-19 05:01:28,Just another after dinner walk😌 #Birmingham #canal,1054,9,"['canal', 'Birmingham']"
271,2018-06-15 23:13:07,"Finish the day with a smile, that’s the kind of vibe I want.🙋🏻‍♀️💁🏻‍♂️ #stretchingtime #cooldown #donefortheday",1677,22,"['donefortheday', 'cooldown', 'stretchingtime']"
272,2018-06-15 03:18:39,First hit on 🌱🎾👋🏼 #Birmingham #grassseason,1221,9,"['Birmingham', 'grassseason']"
273,2018-06-13 02:45:36,What if... everything you are going through is preparing you what you asked for.,1082,13,[]
274,2018-06-08 03:30:09,"混雙大滿貫達成✅

沒想到會是在這樣的情況下拿下第一座混雙冠軍，從一開始的肋骨扭傷到拿下冠軍，一切都來得太快，感謝上帝的眷顧，在這麼出其不意的一刻讓這個禮物出現，謝謝自己和搭檔包括團隊的努力、理解和彼此鼓勵，讓這兩星期這麼豐盛。
也謝謝我可愛的前搭檔Martina連續兩場來幫我們打氣，讓我真心感受到真正的搭檔是一輩子的，那種一同奮鬥革命情感與彼此包容，讓我們成為彼此生命中的一部分。
最後謝謝所有支持我們的朋友，包括現場、電視機前、電腦前、手機前的朋友，你們的加油都是我的動力，期待之後有更多的精彩比賽帶給大家！

Our first Mixed Doubles title✅

Didn’t expect this at the beginning of the tournament, because of my strained rib, so wasn’t sure if is able to compete in mixed, but at the end we end up winning the title and having a lot of fun on court!
And thanks to my ex partner Martina Hingis to come and support for us, so happy to have her in the team, good partners will become part of each other, thanks to her for being here for me!
And finally, thanks for all the fans who supported us for last weeks! We really enjoyed playing in front of you, and see you next year in Paris!
@rolandgarros @ivan_dodig @martinahingis80",2683,62,[]
275,2018-06-07 00:16:10,My partners (including 1 ex😅) is having a very serious conversation about tomorrow’s final🤣🤣 but with out me??? @martinahingis80 @ivan_dodig,1733,29,[]
276,2018-06-07 00:02:44,"再一次經歷三盤逆轉，拿下第四場勝利進入法網混雙決賽😅😅
謝謝今天到場的朋友，明天將會全力以赴！

Our 4th win got us into the Final of Mixed Doubles here in Roland Garros!
@rolandgarros @ivan_dodig",1682,20,[]
277,2018-06-06 07:39:53,"一整季的努力和團隊的互相配合，讓這一刻得以實現。

Year long of hard work and team works, makes moment like this came true.

@martinahingis80  @itf__tennis 
#ITFWorldChampions",1325,11,['ITFWorldChampions']
278,2018-06-06 05:19:17,"These moments. 
@martinahingis80 @itf__tennis 
#momentsforlife #2017worldchampions",1214,5,"['momentsforlife', '2017worldchampions']"
279,2018-06-06 03:41:27,"Reunited 👭 @martinahingis80 
#Repost @martinahingis80 with @get_repost
・・・
back together again with @latishayjchan!",1560,14,['Repost']
280,2018-06-05 02:26:34,"今天混雙八強現場好多台灣朋友來為我們加油，從一進場就喊著我的名字為我歡呼，比賽中我真的很感動，你們的每一句加油對我來說意義都非常重大，我知道支持我的朋友很多，只是都默默的支持我，在我耳邊跟我說加油，在電腦電視前關注我的比賽，在謠言面前也都以沈默與無視表示支持。

帶有不同意見的聲音因為急於讓大家認同，於是大聲疾呼的詔告天下，但我聽過一位前輩說：「欣賞ㄧ個人，始於顏值，敬於才華，合於性格，久於善良，終於人品。」真正有智慧的人會花時間去觀察並了解一個人，所以別擔心謠言的三言兩語，努力做好自己才會吸引更多磁場相似的靈魂接近。

我相信善良是一種選擇，但當善良沈默，也是默許著不善的發生，或許你的一聲加油，成為別人繼續堅持善良的動力。

感謝那些願意為我大聲說出加油的朋友，因為你的勇氣讓我更堅定往前走。",1737,37,[]
281,2018-06-05 02:25:48,"Record our 3rd win here at ROLAND-GARROS, onto semis!! Was a really tough match today, our opponents were playing very well, glad at the final set we stayed strong and aggressive to get the W!! @ivan_dodig @rolandgarros #rg18 
拿下我們搭配的第三場勝利進入法網混雙四強，今天的比賽也是非常的接近，但在第三盤搶十最後關鍵我們兩個都發揮的很強勢，順利拿下比賽！",939,6,['rg18']
282,2018-06-03 20:30:33,Good win with a good fight! Onto quarters💪🏼💪🏼 @rolandgarros @ivan_dodig #RG18 #mixeddoubles,1303,8,"['mixeddoubles', 'RG18']"
283,2018-06-01 19:42:39,"與新搭檔混雙晉級第二輪，喜歡今天在場上的自在。

Onto next round with my new mixed doubles partner @ivan_dodig loved the way we play!
@rolandgarros #RG18",1379,16,['RG18']
284,2018-05-30 22:10:57,"R2 arrived🧡💚
☀️✔️
😁✔️
🎾✔️
@rolandgarros @matteksands #RG2018",1386,17,['RG2018']
285,2018-05-29 16:24:01,Early morning session🕗🎾,874,4,[]
286,2018-05-27 23:30:04,"Team of crocs 🐊 
Time to get the new collections😍 @Lacoste #teamlacoste #backthecrocs",911,4,"['teamlacoste', 'backthecrocs']"
287,2018-05-23 20:43:57,Onto semis with smiles😁😄 @luck_luksika @wta_strasbourg,969,10,[]
288,2018-05-22 19:24:16,Had fun on court with @luck_luksika today! Onto QF @wta_strasbourg 💁🏻‍♀️,1141,5,[]
289,2018-05-21 01:54:17,"Daily routine 💁🏻‍♀️
#footworks #reactions #faster #lower #clayseason",859,7,"['faster', 'lower', 'footworks', 'clayseason', 'reactions']"
290,2018-05-18 19:09:37,"Morning session 🏃🏻‍♀️🏃🏽‍♂️x city guiding 
#Strasbourg  #cathédralenortredame",1286,2,"['Strasbourg', 'cathédralenortredame']"
291,2018-05-15 19:07:32,"When you can’t control what’s happening, challenge yourself to control the way you respond, that’s where your power is. 
#itisyourchoise #tobestrong",1084,11,"['itisyourchoise', 'tobestrong']"
292,2018-05-13 18:47:12,"Thank you for always supporting me and being there for me whenever I need you, happy Mother’s Day to my role model💐",1316,9,[]
293,2018-05-12 03:56:14,Ciao Roma🌹 #vaticana #roma #piazzasanpietro,1377,6,"['piazzasanpietro', 'roma', 'vaticana']"
294,2018-05-11 06:14:36,"經歷了三盤的奮戰，無緣進入馬德里公開賽四強，但仍然是一場好的比賽，也看見自己在比賽中的不足下星期羅馬公開賽持續努力！

Didn’t make it today,but a good match to find out what wasn’t enough from myself.
Keep working hard! Next stop,Rome.

Photo credit:Jimmie48 (twitter)",1182,13,[]
295,2018-05-10 03:40:47,"Onto quarters!! Was a great come back from 2-5 down 2nd set,thanks for the support💪🏼💪🏼😘will be back at Magic Box tmr afternoon for our quarterfinal match! @matteksands @mutuamadridopen @wta",1165,10,[]
296,2018-05-07 21:49:06,Had so much fun with this girl! Onto next round 💃🏻 @matteksands @mutuamadridopen @wta,1299,12,[]
297,2018-05-04 21:32:33,Nice to be back to @mutuamadridopen 👋🏼 #hola,815,7,['hola']
298,2018-05-04 03:17:23,"轉機等了14個小時🤪
由於法航員工罷工，原訂飛馬德里班機無預警取消，雖然不是第一次，但還是挺累的..重新訂了新的班機，但還是一延再延... #好想睡覺 #時差 #長途旅行 #轉機人生

The face of waited 14 hours for the connecting flight,because Air France workers strikes🤪 #jetlag",1302,20,"['時差', '長途旅行', '轉機人生', '好想睡覺', 'jetlag']"
299,2018-05-02 23:46:00,"出發巴黎囉～讓我來看看我等等要用法式料理還是台式家鄉味🤔🤤 Ready for depart to Europe,first stop Paris! Lemme see which meal I’m gonna take French or Taiwanese🤔🤤 @evaairways",1163,11,[]
