,time,post_caption,likes,comments,tags
0,2019-12-25 23:58:05,"就這樣過完聖誕節🎄看到圈圈那麼期待聖誕老公公來送禮物給他然後忙著拆禮物的他就覺得小孩好天真可愛！等蜜蜜長大是不是也是一樣呢？
#齁齁齁🎅 #聖誕快樂🎄 
#小時候沒過過聖誕節
#聖誕老公公長什麼樣子🤔
#平安健康就是福",1901,3,"['小時候沒過過聖誕節', '聖誕快樂', '平安健康就是福', '聖誕老公公長什麼樣子', '齁齁齁']"
1,2019-12-19 21:11:54,"保持強悍又帶點時尚，成熟男人專用的G-SHOCK
#碳纖維防護構造手錶
#是不是現在手錶有碳纖維是基本
#正式場合或休閒穿搭的秘密武器
#GSHOCK
#GSHOCKTAIWAN
#GSTEEL
#GSTB200",2047,10,"['正式場合或休閒穿搭的秘密武器', 'GSTB200', '是不是現在手錶有碳纖維是基本', '碳纖維防護構造手錶', 'GSHOCK', 'GSHOCKTAIWAN', 'GSTEEL']"
2,2019-12-17 03:26:24,"永遠愛的耐克
#nike  #18歲到現在 #說不出的感謝
#😘😘😘😘😘😘😘😘😘😘😘",2288,6,"['說不出的感謝', 'nike', '18歲到現在']"
3,2019-12-09 15:25:30,"松蔚叔叔下三分雨囉 偶像來的！
#懂籃球的三歲小孩 #懂比👌
#下次有機會也幫爸爸比一比👌
#圈圈⭕️ #dreamers",3608,26,"['懂比', '懂籃球的三歲小孩', 'dreamers', '⭕️', '下次有機會也幫爸爸比一比']"
4,2019-12-02 23:50:22,"星期一的家庭聚會...
#😍😍😍😍😍
#❤️❤️❤️❤️❤️
#沒有什麼比家庭更重要
#吃好喝好來 #圈圈蜜蜜 
#兩位悄悄的長大中
#調適一下心情",2843,6,"['圈圈蜜蜜', '吃好喝好來', '兩位悄悄的長大中', '沒有什麼比家庭更重要', '調適一下心情', '❤️']"
5,2019-11-30 17:50:54,"難得的相聚🤦‍♂️
#圈圈⭕️ #田蜜蜜
#睡死的爸爸😴",2707,3,"['田蜜蜜', '⭕️', '睡死的爸爸']"
6,2019-11-14 23:37:38,"今日聚會...
#大閘蟹之日 #螃蟹配白酒 #絕配
#就是要吃好的",2777,11,"['絕配', '大閘蟹之日', '螃蟹配白酒', '就是要吃好的']"
7,2019-11-12 19:16:33,"訓練結束一定要吃點好的
#壽喜梅花豚燒
@品田牧場彰化中正店",2068,5,['壽喜梅花豚燒']
8,2019-11-11 14:57:53,"之前參加G-SHOCK 3x3的活動又燃起了我的手錶魂，而且錶殼和錶圈都用碳纖維強化，更輕更耐用，以前G-SHOCK就是摔不壞了，現在變成摔不爛嗎？
#圈圈也是G-SHOCK 愛好者
#圈特別指定我要藍色的
#碳纖維核心防護構造
#四重感應器可測量方位氣壓高度溫度和計算步數
#可與專屬應用程式連接用手機就能輕鬆掌握活動記錄
#我對於這種大錶徑又是越野風格的手錶真的無法抵抗啊
#GSHOCK
#GSHOCKTAIWAN
#GGB100",2265,9,"['可與專屬應用程式連接用手機就能輕鬆掌握活動記錄', '我對於這種大錶徑又是越野風格的手錶真的無法抵抗啊', 'GSHOCKTAIWAN', 'GGB100', '四重感應器可測量方位氣壓高度溫度和計算步數', '圈特別指定我要藍色的', '碳纖維核心防護構造', 'GSHOCK', '圈圈也是G']"
9,2019-11-07 18:10:29,"小蜜蜜笑瞇瞇
#蜜蜜 #開心😃 #爸爸的心頭肉",1229,9,"['爸爸的心頭肉', '開心', '蜜蜜']"
10,2019-11-03 19:46:15,"新的賽季就快要開始了，夢想家全新的面貌呈現，這是一個新的挑戰！希望大家可以踴躍進場為我們加油💪
#明天11/4可以開始搶票囉！
#全省7-11 ibon都可以搶票喔
#夢想D力量 #夢想無極限 
#最強吉祥物🦄️🦄️
#GoDreamers",924,8,"['GoDreamers', '明天11', '全省7', '最強吉祥物', '夢想無極限', '夢想D力量']"
11,2019-11-02 14:22:55,"哥哥必須要疼愛妹妹
#蜜蜜一臉開心
#圈圈⭕️ #蜜蜜
#兄妹情深",1986,4,"['兄妹情深', '蜜蜜一臉開心', '⭕️', '蜜蜜']"
12,2019-10-30 19:32:33,"夢想的力量
#夢想無極限 #dreamers",1206,5,"['夢想無極限', 'dreamers']"
13,2019-10-28 03:16:53,"寶貝們爸爸想你們了
#圈圈⭕️ #蜜蜜",2725,13,"['⭕️', '蜜蜜']"
14,2019-10-22 12:15:16,"怎麼了這位龐克女孩🤔
#蜜蜜 #我的龐克女娃 
#為什麼表情一個樣呢",3146,11,"['我的龐克女娃', '為什麼表情一個樣呢', '蜜蜜']"
15,2019-10-18 22:29:13,"幾天不見你會跳舞了🤧
#看到莫名感動餒 #圈圈⭕️
#好可愛",1765,11,"['好可愛', '⭕️', '看到莫名感動餒']"
16,2019-10-17 20:37:58,"訓練完聚聚
吃飯囉⋯⋯好吃好喝！
#感謝黑哥請吃晚餐
#春陽茶室 #鳳梨蜜烏龍
#彰化就是小吃好吃
#老闆比壯的
#永成爌肉飯 #60年老店",3501,8,"['鳳梨蜜烏龍', '彰化就是小吃好吃', '60年老店', '永成爌肉飯', '感謝黑哥請吃晚餐', '春陽茶室', '老闆比壯的']"
17,2019-09-30 15:55:01,"你到底來陪我看腳的還是來下午茶的
🤷🏻‍♂️🤷🏻‍♂️🤷🏻‍♂️🤦‍♂️🤦‍♂️🤦‍♂️👨‍👦👨‍👦👨‍👦
#說得真好聽 #爸爸我要陪你看腳腳 
#領個錢配備都拿好了 #無法拒絕
#圈圈⭕️",2248,14,"['無法拒絕', '爸爸我要陪你看腳腳', '說得真好聽', '⭕️', '領個錢配備都拿好了']"
18,2019-09-23 11:08:02,"球季備戰中，每天早晚兩次的高強度練球準備把自己調整成最佳狀態💪🏻 很多朋友會問我運動之後補充什麼飲料比較好?運動飲料含糖是不是不好?跟大家分享一下👉🏻 運動後補充適量的糖分其實是有幫助的喔 ，因為在大量劇烈運動之後，含糖運動飲料不僅可以舒緩疲勞感以及促進蛋白質修復肌肉的受損，這個時候攝取適量糖分是不會變胖的喔！與喝水相比，更能幫助身體留住水分、補充電解質及延緩運動表現下降，促進高水平運動表現！ 
至於運動飲料怎麼選擇，其實很簡單，如果以高強度的運動狀態來說（像練球）我就會選擇寶礦力水得，相對含糖量較高，如果比較低強度的運動我會補充含糖量較低的寶礦力ion water，也就是淺藍色的寶礦力，是最低熱量的運動飲料（是不是非常容易理解） 
近年健身變成全民運動，不只要動的對，運動後正確的補充觀念也是非常重要的喔！不僅可以幫助身體跟發揮運動效能，還可以事半功倍！ 
一起動起來，也別忘了來開始準備支持夢想家今年即將開始的賽程💪🏻
#POCARISWEAT
#寶礦力
#寶礦力水得
#汗動無限可能
#寶礦力ionwater
#清爽補給新選擇",3080,26,"['汗動無限可能', '寶礦力ionwater', 'POCARISWEAT', '寶礦力水得', '清爽補給新選擇', '寶礦力']"
19,2019-09-22 21:36:56,"👨‍👦夜間班親子活動
現在小孩的玩具到底是給誰玩的？
🤷🏻‍♂️🤷🏻‍♂️🤷🏻‍♂️就為了一句話🤦‍♂️🤦‍♂️🤦‍♂️
👶：爸爸我想要蓋房子
#就這樣我默默的蓋了一個半小時  #蓋一個腦子差點燒掉 #有難度
#好險蓋的還不錯 #圈圈⭕️ #成就感🤩",1803,7,"['成就感', '有難度', '就這樣我默默的蓋了一個半小時', '蓋一個腦子差點燒掉', '好險蓋的還不錯', '⭕️']"
20,2019-09-22 16:08:43,昨天很高興跟志傑一起出席G-SHOCK街頭霸王戰的活動，G-SHOCK 一直都是我很喜歡的手錶品牌，我自己也蒐藏了不少他們不同錶款（應該很多人都擁有數隻G-SHOCK吧🙋🏽‍♂）昨天結合籃球活動，也看到很多後起籃球新秀一起參與，很開心的一場活動,1713,3,[]
21,2019-09-13 18:22:39,"從小到大最愛的G-SHOCK也來支持籃球運動，
喜歡籃球的朋友們，9/21 18:30 統一時代百貨台北店不見不散！
活動詳情：https://reurl.cc/L1dLxK
#GSHOCKTAIWAN
#GSHOCK3x3街頭霸王戰2019
#這就是強悍",1262,11,"['這就是強悍', 'GSHOCK3x3街頭霸王戰2019', 'GSHOCKTAIWAN']"
22,2019-09-13 07:55:41,"這次有了吧...
大家都問為什麼沒有學林哥？因為他不在台北呀！
#dreamers",2950,45,['dreamers']
23,2019-09-10 23:23:55,"大家拍手歡迎👏👏👏👏
#終於到齊囉
#看大家都po我也來跟進一下
#dreamers",3116,9,"['終於到齊囉', '看大家都po我也來跟進一下', 'dreamers']"
24,2019-09-02 00:12:02,"大寶貝明天要去幼兒園囉！
#圈圈⭕️ #交新朋友 #加油寶貝
#你會喜歡的",3000,8,"['你會喜歡的', '加油寶貝', '交新朋友', '⭕️']"
25,2019-08-23 06:12:29,"動物園之旅，結束後問圈圈你最喜歡什麼動物呀？！圈：長頸鹿🦒
#自己開車去動物園真有趣 #長頸鹿真的很可愛 #近距離接觸 #最後一幕舅舅視角 #超級好玩 #感謝舅舅舅媽安排動物園一遊 #圈圈⭕️ @alec_coke",2246,9,"['最後一幕舅舅視角', '感謝舅舅舅媽安排動物園一遊', '近距離接觸', '超級好玩', '長頸鹿真的很可愛', '自己開車去動物園真有趣', '⭕️']"
26,2019-08-13 19:40:25,"父子倆的機場等待時光...
#等等再等啊等 #圈的全新造型 
#第一次帶耳機的圈 #圈圈⭕️
#下巴黑黑的是怎麼了 
#再次恭喜我的大寶貝恢復健康
#謝謝大家的關心跟有效的建議
#🙇‍♂️🙇‍♂️🙇‍♂️ #準備出發囉",2806,10,"['圈的全新造型', '謝謝大家的關心跟有效的建議', '下巴黑黑的是怎麼了', '再次恭喜我的大寶貝恢復健康', '第一次帶耳機的圈', '等等再等啊等', '準備出發囉', '⭕️']"
27,2019-08-13 08:19:08,"我的大寶貝生病了...
#這是目前我看過最高的 #41度 
#圈圈⭕️ #趕快好起來 #持續發燒中 
#腺病毒🖕#圈圈很乖會乖乖吃藥
#爸媽真心疼",2286,22,"['41度', '腺病毒', '爸媽真心疼', '趕快好起來', '持續發燒中', '圈圈很乖會乖乖吃藥', '這是目前我看過最高的', '⭕️']"
28,2019-08-12 08:58:29,每次圈圈到長官這裡都充滿無限活力！#可以不要每天都問阿全阿伯爸爸今天要騎腳踏車嗎 #圈圈⭕️ #挑戰戰繩拉一波 #拉完全身酸痛帶抽筋 #believetraining,1864,3,"['believetraining', '可以不要每天都問阿全阿伯爸爸今天要騎腳踏車嗎', '挑戰戰繩拉一波', '拉完全身酸痛帶抽筋', '⭕️']"
29,2019-08-08 13:11:26,"父親節來跟大家分享一下育兒好物-小朋友的安全是我最重視的，所以家裡兩個小孩都各自擁有自己的安全座椅，才時隔三年最近發現 Maxi-Cosi推出了360度旋轉汽座，之前的汽座只能雙向（正面及面向座椅）所以常常上車要放小孩的時候角度不好放，這款汽座可以360度旋轉，不管上車的角度，或是坐在後座需要挑戰小孩位置，都超級方便！ 大力推薦家有新生兒的爸媽入手
*建議大家後向到愈久愈好(AXISSFIX PLUS可後向到2歲 )，保護幼兒脆弱的頭頸

購買還包含「5年保固、事故換新」售後服務，讓爸媽使用起來更放心。
翔盛國際baby888",1328,9,[]
30,2019-08-02 18:20:40,"泡泡水...
#下午悠閒時光 #親子時間 #圈圈⭕️",2828,7,"['親子時間', '⭕️', '下午悠閒時光']"
31,2019-07-30 12:02:32,"連兩天🤦‍♂️哭出人生新高峰...
#圈圈⭕️ #發燒真難過 #不是說以後要當醫生 #為什麼那麼怕看醫生呢 
#小孩生病真是累 #看了真心疼",3034,13,"['不是說以後要當醫生', '為什麼那麼怕看醫生呢', '看了真心疼', '小孩生病真是累', '發燒真難過', '⭕️']"
32,2019-07-25 23:32:38,"第一次的皮秒雷射好緊張餒！
所以來張四連拍吧⋯⋯
#皮秒雷射 #第一次總是比較痛🤣
#聽說我的招牌黑眼圈也有消失的機會 #臉麻麻der @museedunuage",2112,9,"['臉麻麻der', '皮秒雷射', '聽說我的招牌黑眼圈也有消失的機會', '第一次總是比較痛']"
33,2019-07-23 16:11:58,"跑進網美店躲雨，喝著悠閒的下午茶☕️！
#下大雨就是要喝咖啡☕️
#屁孩不受控 #就是要到家樓下的網美店🤣",2882,3,"['屁孩不受控', '☕️', '就是要到家樓下的網美店']"
34,2019-07-22 13:45:39,"一天天的努力一點點的進步💪
#快讓疼痛感消失 #今日的大砲很厲害👍 #感謝長官的攝影讓我看出動作的不同與好壞 #但為什麼幾乎每張都有圈 #圈圈⭕️ #believetraining #相信自己",1789,5,"['believetraining', '快讓疼痛感消失', '但為什麼幾乎每張都有圈', '感謝長官的攝影讓我看出動作的不同與好壞', '相信自己', '⭕️', '今日的大砲很厲害']"
35,2019-07-21 11:11:42,"兩位小老闆聊天聊到自己喜歡吃什麼，結果就決定開麵包店了
#原來他們都喜歡吃甜甜圈🍩
#真的很認真討論 #圈圈⭕️
#圈最近真的很喜歡交朋友
#玩開了不回家😱😱 #看小朋友玩真好玩 
#我小時候也是劇情王",1508,5,"['我小時候也是劇情王', '圈最近真的很喜歡交朋友', '真的很認真討論', '原來他們都喜歡吃甜甜圈', '玩開了不回家', '看小朋友玩真好玩', '⭕️']"
36,2019-07-18 23:21:54,"新的場地新的開始 @focus__training 
看看我那念哥 @lancechen0408 粗壯滴手臂
#大家來訓練 #再衝一波 #believetraining 
#就是喜歡念哥粗壯的手臂💪",2158,5,"['believetraining', '大家來訓練', '就是喜歡念哥粗壯的手臂', '再衝一波']"
37,2019-07-17 23:00:34,"我問圈圈他是誰...圈說：爺爺👴
#圈圈⭕️ #笑死我了 #睡前笑一波 
#晚安 #完全就是田氏眼袋啊",2828,23,"['笑死我了', '晚安', '完全就是田氏眼袋啊', '睡前笑一波', '⭕️']"
38,2019-07-15 13:08:29,"歡迎蜜蜜回家囉
#圈硬要跟蜜一起睡 #圈圈蜜蜜 #yasmine",2484,5,"['圈硬要跟蜜一起睡', '圈圈蜜蜜', 'yasmine']"
39,2019-07-14 10:50:47,"拋兒棄女出來喝一杯...☕️
久違的雙人早午餐，看來之後有得忙了🥵🥵🥵
#難得的休假日 #尬一杯咖啡 #好吃的早午餐 #出來一下下就想念 #圈圈蜜蜜",4230,3,"['圈圈蜜蜜', '尬一杯咖啡', '出來一下下就想念', '好吃的早午餐', '難得的休假日']"
40,2019-07-13 18:28:59,"這遊戲玩的是什麼🤔 
#擠一起就對了 #放電去 #大安森林公園 #圈圈⭕️ #小時候有玩過嗎我 #話說圈一直在把妹",1593,1,"['擠一起就對了', '小時候有玩過嗎我', '放電去', '話說圈一直在把妹', '大安森林公園', '⭕️']"
41,2019-07-12 20:04:34,"來個四連拍吧！
#田蜜蜜 #yasmine #0y15d 
#愛你 #😘😘😘",2182,4,"['田蜜蜜', '0y15d', 'yasmine', '愛你']"
42,2019-07-08 20:20:33,"未來英雄們
#beheroes",1359,1,['beheroes']
43,2019-07-08 20:19:21,"未來英雄們
#beheroes",989,0,['beheroes']
44,2019-07-08 20:02:07,"從台中站一直到台北站，這幾天的訓練實在是太充實了，看到那麼多喜愛籃球的未來英雄努力認真的模樣，用力的揮灑汗水看到真的滿滿的感動...希望這熱情能一直延續下去！
@be_heroes @amigo012206 @lancechen0408 @beastlin12 @terrychou15 @hsien_ming_chang #曾文鼎 #未來英雄 #beheroes #國泰金控 #鮮乳坊 #辛苦認真的所有工作人員及助教 #滿滿感動 #認真態度 #圓滿成功 #💪💪💪 #老闆的顏值就是高",1319,0,"['辛苦認真的所有工作人員及助教', 'beheroes', '鮮乳坊', '圓滿成功', '認真態度', '曾文鼎', '未來英雄', '老闆的顏值就是高', '國泰金控', '滿滿感動']"
45,2019-07-05 11:19:01,"到底像誰？是想到什麼笑成這樣？
#田蜜蜜 #0y10d #愛笑的蜜蜜",2402,10,"['田蜜蜜', '0y10d', '愛笑的蜜蜜']"
46,2019-06-27 20:49:45,"6/26田蜜蜜的到來 @weiweitc 
希望一家四口👨‍👩‍👧‍👦在未來的日子都甜甜蜜蜜！
#我的前世情人 #老婆辛苦了 #圈圈當哥哥了
#大家好我叫蜜蜜",5321,163,"['我的前世情人', '大家好我叫蜜蜜', '老婆辛苦了', '圈圈當哥哥了']"
47,2019-06-24 21:18:19,"大家喜歡我的新眼鏡造型嗎？

好像以前都是粗框沒有配過細框耶！重點是陽光下就變成太陽眼鏡🕶  一鏡兩用也太方便了吧😎
👨：爸爸這樣好看嗎？👦：好看
有嚴重閃光輕微近視的我平常真的不會隱形眼鏡，有了這個眼鏡之後，既輕便又好搭！ @transitions_tw 
#全視線 #輕鬆自在 #直奔2.0",3656,27,"['輕鬆自在', '全視線', '直奔2']"
48,2019-06-22 15:39:20,"真可惜因為私人因素沒辦法參與這次純粹做好事的行程，大家都辛苦了！
#純粹做好事 #感謝每個辛苦付出的人 #一年要比一年還好 #我的全勤獎沒了 #照片裡沒有我 #明天定要全程參與 #岳哥抱歉我找不到你的照片",2580,3,"['純粹做好事', '明天定要全程參與', '一年要比一年還好', '照片裡沒有我', '感謝每個辛苦付出的人', '我的全勤獎沒了', '岳哥抱歉我找不到你的照片']"
49,2019-06-15 10:45:00,"難得的好天氣，就是要帶著兒子去動一動呀！
#believetraining#不要停#堅持✊🏿#感謝長官一早大力相挺😘",1852,4,"['believetraining', '感謝長官一早大力相挺', '✊', '不要停']"
50,2019-06-13 11:11:35,"每次的訓練都是為了讓自己更進一步
#岳兒早上好
#感謝今日一早起床的夥伴們
#believetraining",2241,10,"['believetraining', '感謝今日一早起床的夥伴們', '岳兒早上好']"
51,2019-06-10 17:26:15,"結束今年的經典賽心中滿滿的感動，球迷的到場支持、年輕球員一直在進步不斷的努力、老將全心全意的繼續追逐籃球不停下腳步！每年經典賽都在不斷的進步！
#辛苦所有工作人員
#感謝所有熱愛與支持籃球的球迷們
#各位球員教練辛苦了💪💪
#往更好的方向前進
#beheroes",3728,21,"['感謝所有熱愛與支持籃球的球迷們', '往更好的方向前進', 'beheroes', '辛苦所有工作人員', '各位球員教練辛苦了']"
52,2019-06-07 17:43:46,"來唷....
#👍👍👍
#👏👏👏",1675,6,[]
53,2019-06-05 17:14:17,"居然跳的比我好🤦‍♂️
#believetraining#從小培訓#圈圈⭕️",2339,7,"['believetraining', '從小培訓', '⭕️']"
54,2019-06-04 14:51:36,"訓練搭配飲食
#believetraining#動起來",1776,16,"['believetraining', '動起來']"
55,2019-06-02 18:18:27,"天梭表一直很支持各類運動，除了這次籃球跟NBA合作，還有很多運動項目的結合，我覺得是上山下海都很適合的錶款，錶款的樣子跟平日的穿搭也都很好搭配，不管休閒或正式日常非常適合每天配戴的品牌
#tissotwatch #Tissot #nba",2566,2,"['tissotwatch', 'nba', 'Tissot']"
56,2019-05-29 14:21:42,"圈圈陪著爸爸練一波
#圈圈⭕️#感覺圈練的比較多#believetraining",1768,5,"['believetraining', '感覺圈練的比較多', '⭕️']"
57,2019-05-28 17:13:09,"只能說繩子真的太厲害了👍
#Believetraining#每天的訓練就是更進一步的動力#🤜🏾🤛🏾#真的很好躺",1770,3,"['Believetraining', '真的很好躺', '每天的訓練就是更進一步的動力']"
58,2019-05-26 12:06:43,"💇‍♂️
#👅👅#圈圈⭕️",2526,17,['⭕️']
59,2019-05-23 23:26:13,"倒數2週，BE HEROES經典對決籃球賽就要開打啦！
貼心提醒還沒買票的大家記得趕快搶票，
已經買票的朋友更要注意不要錯過台灣經典品牌廣源良提供的超級多好康唷，
廣源良球迷獨享優惠活動由此去：https://www.cucumber.com.tw/ec/tw/eventreg.aspx?Id=5
憑門票除了可以抽黃金世代球員簽名商品、享有廣源良官網購物全館88折之外，只要加入臉書社團「廣源良🌱良友福利社」，
就有機會在6/9上午與黃金世代一起參觀廣源良體驗工廠，
大家千萬不要錯過呀！ *廣源良🌱良友福利社社團👉https://www.facebook.com/groups/kylfriends/
*BE HEROES經典對決籃球賽搶票GO👉https://reurl.cc/5VDoG",1321,7,[]
60,2019-05-22 13:40:06,"第三天的訓練身體開始慢慢習慣了，看來不能習慣的依舊是腳踝，不管了痛就用力跳吧跳到不能動再說吧！
#謝謝今天陪伴我訓練的人#圈圈⭕️#謝謝輝哥 
@yihuei_12#感謝長官招待及提供照片",2305,9,"['⭕️', '感謝長官招待及提供照片', '謝謝輝哥', '謝謝今天陪伴我訓練的人']"
61,2019-05-18 14:16:47,"這次的母親節我們在墾丁度過，帶著爸媽跟圈圈拉近祖孫的感情，也是圈第一次去墾丁，沒想到圈圈這麼喜歡玩水，玩到全身發抖還是不願意起來一直吵著還要玩，只能說華泰瑞苑太適合親子同樂了！算一算我們住了也好幾次，每次去還是很舒服，重點是圈也愛！
#墾丁遊#華泰瑞苑#母親節#圈圈⭕️
#開心最重要",3190,8,"['華泰瑞苑', '開心最重要', '墾丁遊', '母親節', '⭕️']"
62,2019-05-18 13:51:54,"動一動動次動
#流汗就是舒服",1873,2,['流汗就是舒服']
63,2019-05-17 08:16:57,"上一堂結束跟圈說下次上課要聽教練的話哦，不要再去用手手碰球，結果這堂課沒碰過一次球，進步了！在一旁看的我很開心！才四堂課就進步那麼多
#其實是有威脅不聽話就再也不來了
#Zachary#圈圈⭕️
#是圈自己要選1號的",1870,11,"['Zachary', '⭕️', '是圈自己要選1號的', '其實是有威脅不聽話就再也不來了']"
64,2019-05-12 12:11:55,#打卡送薯球唷😋😋,783,2,['打卡送薯球唷']
65,2019-05-05 21:29:27,"親子日！大家一起遛小孩....
爸媽們都在認真什麼🤔
#為了孩子什麼都要會一點
#這恐龍畫的..好像還可以
#但好像只能遠遠看🦕",4154,8,"['但好像只能遠遠看', '為了孩子什麼都要會一點', '這恐龍畫的']"
66,2019-05-02 11:27:17,"如何喝水喝的跟國王一樣 ，不要懷疑，看看我的杯子上面寫了甚麼 🤣  身為運動員的我，水對我們來說真的太重要了，不只一般人每天日常一定至少要喝2000cc 以上的水，對運動員來說在日常的練習中補充水分更是非常關鍵的需要，可是要怎麼喝好水？ 最近家裡裝了一台Voca 瞬熱飲水機，可以設定自己喜好的溫度還有水量，對家裡每個人有不同需求跟喜好真的好方便，也可以提醒家裡每個人有沒有喝夠足夠的水量，重點是，操作超級簡單，連圈圈都會使用 (我們來請圈圈示範給大家看)，非常適合懶人家庭，爸爸們可以趁現在出手當做母親節禮物 (藉送禮之名....一舉數得，全家都可以使用🤣)
#圈圈⭕️#多喝水對身體好#喝十百🤔",2578,5,"['喝十百', '⭕️', '多喝水對身體好']"
67,2019-04-23 11:27:11,"只能說無敵呀！欲罷不能⋯⋯
沒想到圈也那麼喜歡
#大人小孩都喜歡
#無敵滷味
#混在一起吃也好吃喔😋",3430,1,"['大人小孩都喜歡', '混在一起吃也好吃喔', '無敵滷味']"
68,2019-04-17 09:12:12,"一早玩貼紙變裝秀！
#圈圈⭕️
爸爸問為什麼你不變呢
圈說爸爸變就好🤦‍♂️你變這樣去練球
#謝謝你田圈圈⭕️",2609,12,['⭕️']
69,2019-04-14 15:25:46,"帥一波系列
#圈圈⭕️",2218,9,['⭕️']
70,2019-04-11 13:56:16,"別人拍團體照，你去湊什麼熱鬧
#🤦‍♂️🤦‍♂️📷
#聽說之前已經拍好幾張了
#圈圈⭕️
#有那麼急著想去上學嗎？",2329,26,"['有那麼急著想去上學嗎', '⭕️', '聽說之前已經拍好幾張了']"
71,2019-04-04 03:03:42,"不管怎麼樣！一切都在酒裡！
#都會更好
#dreamers",2335,33,"['都會更好', 'dreamers']"
72,2019-03-28 19:50:01,"媽媽問圈圈你在幹嘛？
圈圈說我在跟爸爸撒嬌...
圈啊！你這樣叫爸爸怎麼回彰化呢？
#圈圈⭕️
#感謝媽媽拍的那麼好
#每次看每次笑",3515,13,"['每次看每次笑', '感謝媽媽拍的那麼好', '⭕️']"
73,2019-03-14 18:18:37,"剪完頭髮還有電動可以打，真是太適合我了！
#圈圈好像也很愛😍
#難道我是被籃球耽誤的電競選手也要跟你們說嗎🤣
#Classic經典理髮廳",1502,12,"['圈圈好像也很愛', '難道我是被籃球耽誤的電競選手也要跟你們說嗎', 'Classic經典理髮廳']"
74,2019-03-14 09:40:48,🥰,2386,4,[]
75,2019-02-15 11:15:22,"充滿活力的第一餐
#早餐很重要
#吃飽訓練去💪💪",1581,11,"['吃飽訓練去', '早餐很重要']"
76,2019-02-11 11:43:18,"一起練完一起躺
#believetraining
#圈圈⭕️",2555,11,"['believetraining', '⭕️']"
77,2019-02-07 11:56:09,"忙了好一陣子終於趕在年前搬進剛裝潢好的房子，多了很多親子共享空間，完全就是一個充滿歡樂的親子角落
今年樂高還特別推出了一款應景限量粉紅豬樂高，也太可愛了正好呼應我們今年即將報到的豬小弟/豬小妹？
#台灣樂高#限量版
#新年快樂
#最愛玩樂高",2872,20,"['最愛玩樂高', '限量版', '新年快樂', '台灣樂高']"
78,2019-02-04 21:14:11,"豐盛的年夜飯...感謝爸媽一早就開始準備，讓我們開心迎接新的一年
#祝大家新年快樂
#🐷諸事順心
#順順利利",4121,24,"['祝大家新年快樂', '順順利利']"
79,2019-02-01 08:03:00,"早安...
#衝刺一波
#感謝全哥一早的陪伴😘
#搬完鐵準備搬家",1965,12,"['感謝全哥一早的陪伴', '衝刺一波', '搬完鐵準備搬家']"
80,2019-01-23 20:32:45,"雖然還是有點卡但已經好很多了！
#有種痛真的不知道怎麼形容
#加油💪
#感謝幫我訓練跟治療的你們
#😘😘😘",2797,56,"['有種痛真的不知道怎麼形容', '加油', '感謝幫我訓練跟治療的你們']"
81,2019-01-13 10:16:34,"好吃成這樣要怎麼辦🥰🥰🥰
#犇牛肉食堂#南山微風#圈圈最愛的肉肉#滿足",1772,3,"['南山微風', '犇牛肉食堂', '滿足', '圈圈最愛的肉肉']"
82,2019-01-03 10:59:40,"經典語錄用在一大早超級適合
#經典中的經典
#believetraining
#🏃🏼‍♂️🏃🏼‍♂️🏃🏼‍♂️💪💪💪
#感謝長官辛苦了",2181,13,"['believetraining', '經典中的經典', '感謝長官辛苦了']"
83,2018-12-31 10:28:30,"2018的最後一天希望把所有的不愉快都拋到一邊！開心的迎接2019的到來！當然要更努力去面對每一天！
#nike#順啦#niketaiwan #justdoit",2553,19,"['justdoit', 'nike', 'niketaiwan', '順啦']"
84,2018-12-29 13:44:06,"每天一早起床就說，我要跟爸爸去訓練，一到就開始跑來跑去搬東搬西
#圈圈⭕️
#真心覺得你也蠻累的
#不斷調整自己💪
#長官的衣服不錯喔🤣
#謝謝阿全阿伯提供那麼好的場地跟訓練",2770,10,"['不斷調整自己', '長官的衣服不錯喔', '真心覺得你也蠻累的', '⭕️', '謝謝阿全阿伯提供那麼好的場地跟訓練']"
85,2018-12-24 05:49:50,"痛在自己身上有誰知道你傷多深，只看到你的外表但還是要加油💪不懂吧永遠都不懂，懂的人一語就破
#不足的地方自己補
#謝謝指教
#了解了
#藉口永遠都是藉口
#只要有心無所不能",2260,64,"['只要有心無所不能', '了解了', '不足的地方自己補', '謝謝指教', '藉口永遠都是藉口']"
86,2018-12-10 17:50:00,"難得的假期陪圈圈外出走走！
穿上經典#jordan11特別款45
#難得穿上父子鞋
#nike#jordan11concord 
#圈圈⭕️",3444,14,"['jordan11特別款45', '難得穿上父子鞋', 'nike', 'jordan11concord', '⭕️']"
87,2018-12-10 08:27:17,"雖然自己的表現不如自己預期，但我還是會努力的回到球場上，不過非常幸運我有這些超強的隊友們，不管是默契拼勁大家更有一顆不認輸的心！這兩場比賽充分感覺到球迷們的熱情支持，大家也把主場的勝利拿下了！開局開的很好，一定要持續下去！！
#六連勝
#godreamers
#謝謝所有支持夢想家的人
#沒有你們沒有我們
#fightingGarrett",3085,46,"['fightingGarrett', 'godreamers', '六連勝', '沒有你們沒有我們', '謝謝所有支持夢想家的人']"
88,2018-12-09 12:14:44,"很久沒在台灣打球了，看到了滿滿的人潮滿滿的熱情滿滿的感動！謝謝大家對我們的支持，我們會更加努力拿下主場甚至客場的每場勝利💪💪
#大家辛苦了💪
#感謝每一位到場支持的球迷們
#謝謝每一位球迷的支持
#加油💪",3447,29,"['謝謝每一位球迷的支持', '加油', '感謝每一位到場支持的球迷們', '大家辛苦了']"
89,2018-12-07 18:37:17,"星期六票已完售！
謝謝大家對我們的支持！
#開幕戰就在明天
#星期日的票還有喔
#godreamers",2403,19,"['星期日的票還有喔', '開幕戰就在明天', 'godreamers']"
90,2018-12-04 22:29:55,"哇...太美味的一餐了！上次到香港比賽沒有吃到，因為排隊排得太長了實在沒辦法，覺得有點可惜！沒想到回來台灣後竟然有榮幸被受邀去品嚐米其林美味的#甘牌燒味！圈圈也愛吃到吃不停，實在是好吃到不行呀還在回味😋😋😋
#甘牌燒味#taipei101#越多人越好吃
#圈圈⭕️#吃飽滿足回彰化",2643,8,"['甘牌燒味', '越多人越好吃', '吃飽滿足回彰化', 'taipei101', '⭕️']"
91,2018-12-03 15:01:51,"謝謝當地台商跟球迷加油支持，讓我們在客場也有主場的感覺！大家辛苦了，回主場繼續連勝下去💪💪
#世念好帥
#四連勝👏👏👏
#godreamers
#回家囉主場見",2873,24,"['世念好帥', '回家囉主場見', 'godreamers', '四連勝']"
92,2018-12-01 17:16:37,"兩個男人去買內褲也是挺尷尬的
#看這粗壯的手臂
#店員的眼神👀👀
#🤨🤨🤨
#ck",2765,9,"['看這粗壯的手臂', 'ck', '店員的眼神']"
93,2018-11-30 20:21:56,"人要比車兇😏
#過馬路真的要小心
#一個不注意就掰了👋",1116,10,"['一個不注意就掰了', '過馬路真的要小心']"
94,2018-11-27 12:35:52,哇~迫不及待全家一起穿上Timberland 經典黃靴! 連圈都可以一起來帥一下😎 #timberlandtaiwan #timberland 45周年慶,2110,8,"['timberlandtaiwan', 'timberland']"
95,2018-11-26 15:08:01,"吃個早午餐吧！圈圈超愛的薯絲
#圈圈⭕️
#Mone
#好吃😋",3882,8,"['⭕️', 'Mone', '好吃']"
96,2018-11-25 11:14:50,"萬事起頭難，但有個不錯的開始就持續下去吧！加油💪
#godreamers
#帶著三連勝回家",4006,55,"['godreamers', '帶著三連勝回家']"
97,2018-11-21 10:20:03,"美好的巧遇，完美的早餐
#謝書哥請我們吃早餐😘
#好好吃一頓晚上衝一波
#🤧🤧🤧
#godreamers",3272,9,"['謝書哥請我們吃早餐', 'godreamers', '好好吃一頓晚上衝一波']"
98,2018-11-16 13:15:12,"來吧！準備好了就出發吧
#DREAMRES
#寶島夢想家
#第一次跟隊
#坐飛機腳會不會腫呢？🤔🤔
#陳世念",3420,38,"['寶島夢想家', '第一次跟隊', 'DREAMRES', '坐飛機腳會不會腫呢', '陳世念']"
99,2018-11-13 15:01:32,"練習完去間貓咪義式餐廳，可愛的貓咪好吃的餐點！點完餐點去買單時結果差$偶扣😅只好尷尬的說一聲等等給你唷！最後闆娘熱情的說聲沒有關係！用合照來結束這美麗的誤會🤣🤣🤣
#放點零錢在口袋
#零錢真的很重要
#謝謝闆娘的貼心
#空空的皮包
#偶扣🤦‍♂️🤦‍♂️🤦‍♂️",1063,12,"['謝謝闆娘的貼心', '放點零錢在口袋', '零錢真的很重要', '偶扣', '空空的皮包']"
100,2018-11-11 20:45:16,"回台北一直不停的在喂兒...
#圈圈⭕️
#太瘦了多吃一點",2753,8,"['太瘦了多吃一點', '⭕️']"
101,2018-10-29 22:15:02,"決心
#第二季 #formosadreamers #記者會#陳世念#陳孝榮#李學林",2653,18,"['第二季', 'formosadreamers', '陳孝榮', '李學林', '陳世念', '記者會']"
102,2018-10-26 19:35:18,"訓練完累累的，必須好好來吃一頓
#陳世念
#在彰化的日子
#豬排好好吃",2361,25,"['豬排好好吃', '陳世念', '在彰化的日子']"
103,2018-10-16 11:14:11,"新體驗
第一次參加外地記者會
#菲律賓
#Formosa Dreamers",2079,8,"['菲律賓', 'Formosa']"
104,2018-10-16 10:41:28,"是不是可以考慮發展一下
#圈圈⭕️
#買個鮮芋仙也要擺",1445,1,"['買個鮮芋仙也要擺', '⭕️']"
105,2018-10-15 14:03:01,"先飛一波
#菲律賓",2005,1,['菲律賓']
106,2018-10-13 10:17:03,"回到家就是要看這個笑
你....表現不錯👍
#圈圈⭕️
#保持永遠開心",1476,5,"['保持永遠開心', '⭕️']"
107,2018-10-07 10:04:58,"假日等吃早餐的節奏
#圈圈⭕️
#無敵佩佩豬",2342,6,"['⭕️', '無敵佩佩豬']"
108,2018-10-02 21:22:29,"來幫爸爸拉一組
#圈圈⭕️",2611,10,['⭕️']
109,2018-09-29 21:57:35,"吃飽飯自己洗碗才能換來一瓶美味的奶奶🍼
#圈圈⭕️
#看來找到一技之長了🤦‍♂️
#然後說自己要出去賺錢😭
#這樣好嗎🤷🏻‍♂️",2218,14,"['看來找到一技之長了', '這樣好嗎', '⭕️', '然後說自己要出去賺錢']"
110,2018-09-24 10:38:56,"大家中秋節都有烤肉嗎？
中秋烤肉除了吃好也要喝好！在大吃大喝的情況下，自己試完之後覺得一定要推薦給大家，真心介紹一個不錯的酵素給大家，剛好有在做抽獎活動，大家快去看看唷！
韓國HB水果酵素官網
https://www.facebook.com/HBtaiwan/

#中秋節快樂#韓國hb酵素#好順",1266,4,"['好順', '韓國hb酵素', '中秋節快樂']"
111,2018-09-20 17:34:28,"時間越來越近！加油就衝著一波
#believe
#咬牙
#痠啊",1618,14,"['咬牙', '痠啊', 'believe']"
112,2018-09-18 14:00:34,"陪練
#圈圈⭕️
#累翻#極痠",1564,2,"['累翻', '極痠', '⭕️']"
113,2018-09-16 22:50:20,"一個悠閒的下午...
#還是蠻累的
#吹著風看飛機
#圈圈⭕️",2105,4,"['還是蠻累的', '⭕️', '吹著風看飛機']"
114,2018-09-15 10:49:18,"美美的一天就從訓練開始...
#TRX#BELIEVE#",1626,16,"['BELIEVE', 'TRX']"
115,2018-09-14 12:15:41,"昨天上了一天充實的TRX，結束後收到一則影片訊息（就是它）有人聽得懂他（圈）在說什麼嗎？
#圈圈⭕️
#好險有個好翻譯👩‍👦
#聽懂後再聽一次笑死我了🤣🤣",1562,17,"['⭕️', '好險有個好翻譯', '聽懂後再聽一次笑死我了']"
116,2018-09-13 23:18:17,"今天才真正感受到TRX的專業課程，有好多好多不知道的細節，雖然整天課程時間很長，謝謝老師耐心細心的講解，讓我們更了解TRX的訓練方式！謝謝各位學員的整天陪伴跟最後舉手🙋🙋‍♂️解答所有的問題讓我們的總複習更加深印象！
@tflgary @paulyueh 
#總之是個充滿歡樂跟充實的一天
#感謝長官的照顧
#美美的食材跟充滿能量的咖啡
#變成自己的一部分加油💪
#TRX
#Believe",2102,6,"['TRX', '變成自己的一部分加油', '美美的食材跟充滿能量的咖啡', 'Believe', '總之是個充滿歡樂跟充實的一天', '感謝長官的照顧']"
117,2018-09-12 23:12:45,"經過幾個月的深思熟慮，是的，我決定加入寶島夢想家，中間的過程也轉折很多，我只能說謝謝夢想家對我的看重，從三月一直很有誠意的跟我接觸，讓我更加了解這隻新成立的球隊
雖然已經35歲，可是我的身體狀況沒有問題，腳也在積極復健中，我希望還是有個舞台繼續讓我發揮（大家放心，我還沒有想要養老🤪），還想在自己熱愛的這片土地上，在滿場支持我的球迷中，在我最愛的家人面前，再打出一場一場的好球，繼續在我的籃球生涯寫下紀錄
謝謝大家過去十幾年的支持，這是一個新的起飛點，你們也準備好了嗎？",4851,182,[]
118,2018-09-12 11:51:52,"才踢多少而已..臉色那麼難看
#加量不加價#腿在抖什麼
#衝啊#踹死你
#🤢🤢🤢",2027,18,"['踹死你', '衝啊', '加量不加價', '腿在抖什麼']"
119,2018-09-11 19:35:21,"這幾天強烈感覺到大家的關心，真的也沒想到一時感覺徬徨的發文，會引起大家這麼踴躍的給了我這麼多的意見，每一則留言我都認真看了，這四年雖然我不在台灣可是謝謝大家沒有忘了我，我，真的，想家了
不管去哪闖蕩，最後一站終究是家
一旦我做出最後決定會很快跟大家分享，也希望在球場上再看到大家熟悉的面孔",3825,148,[]
120,2018-09-10 15:50:13,"哇靠...真心有累到，不過爽爽的
#Believe
#好場地不浪費",1179,7,"['Believe', '好場地不浪費']"
121,2018-09-10 09:51:43,"早安！！又是一波美味早安😋
看來要你陪我吃個早餐還是有條件的🤦‍♂️🤷🏻‍♂️
#從巧虎跳佩佩豬
#兩個他都愛
#圈圈⭕️",1535,7,"['兩個他都愛', '⭕️', '從巧虎跳佩佩豬']"
122,2018-09-08 14:47:38,"這麼好的場地不練一下怎麼可以！
終於可以好好放開來動了
#圈圈⭕️
#沒想到這麼有興趣
#加油💪",1484,10,"['加油', '⭕️', '沒想到這麼有興趣']"
123,2018-08-31 09:25:55,"早餐是很重要滴！還有圈圈⭕️的早晨陪吃☺️#圈圈⭕️
#一早一酵素便便都排除
#吃好喝好當然也要拉好囉👍
http://seller.pcstore.com.tw/S178504580/C1205914033.htm",1521,5,"['一早一酵素便便都排除', '⭕️', '吃好喝好當然也要拉好囉']"
124,2018-08-29 23:38:57,"今年，我想了很多想了很久，身為一個球員，身為一個父親，到底該如何取捨，孩子的成長錯過就不再，身為球員的成就，一樣錯過就不再，我想了好久好久，好難，近期告訴大家我的決定..........抉擇中
大家可以給我一些意見嗎？",3718,204,[]
125,2018-08-29 23:19:12,"手機雖然壞了！但也是種朦朧美！
#是不是手機該換了
#救命啊
#拍什麼呀？",1275,8,"['拍什麼呀', '救命啊', '是不是手機該換了']"
126,2018-08-29 11:49:54,"這早餐吃的🤔
#爽欸#這款酵素會不會太猛
http://seller.pcstore.com.tw/S178504580/C1205914033.htm
#只有舒服啦#棒棒的👍",1142,4,"['這款酵素會不會太猛', '只有舒服啦', '棒棒的', '爽欸']"
127,2018-08-20 18:22:22,"這幾天跑下來還沒有吃的多勒...
#🤣🤣🤣🤣
#要撐住呀
#lei加油💪
媽的坐樹下休息還被鳥屎攻擊
#🖕🐦",1995,17,"['要撐住呀', 'lei加油']"
128,2018-08-17 08:12:24,"已不像年輕小夥子一樣，跑完一點感覺都沒有！
#每天的雙腿都很有感
#現在能夠爬起來已經很不錯了
#加油撐住呀💪
#👏👏👏👏👏
#我行的我來啦🏃🏃🏃
#一個🏃代表一圈",1440,21,"['現在能夠爬起來已經很不錯了', '加油撐住呀', '每天的雙腿都很有感', '我行的我來啦', '一個']"
129,2018-08-16 07:37:03,"#早安#一早的活力開始💪
#國父紀念館#好餓呀🤨",1453,10,"['好餓呀', '一早的活力開始', '早安', '國父紀念館']"
130,2018-08-11 12:41:03,"不錯吃！圈圈愛吃之一，爽爽的！
#狗牌帽狗牌衣
#圈圈⭕️",1342,5,"['狗牌帽狗牌衣', '⭕️']"
131,2018-07-31 10:08:46,"活力一天從早開始...
#加油💪
#好吃😋",1029,4,"['加油', '好吃']"
132,2018-07-29 11:26:02,"生日快樂寶拉拉
#難得炸開的開心家庭日
#請問開牛肉麵店的去哪了
#請問打飯兵去哪了
#全他媽睡光光
#剩下的只有洗碗工🤦🏻‍♂️",1188,0,"['全他媽睡光光', '剩下的只有洗碗工', '請問開牛肉麵店的去哪了', '請問打飯兵去哪了', '難得炸開的開心家庭日']"
133,2018-07-26 18:32:26,"灌灌灌
#圈圈⭕️",1247,5,['⭕️']
134,2018-07-20 15:21:27,"抽一波💪當抽獎在抽🤦🏻‍♂️
#爽爽得兒
#抽出在進入🤣🤣",885,6,"['抽出在進入', '爽爽得兒']"
135,2018-07-17 12:56:01,"真的要這樣笑🤦🏻‍♂️
是不是太勉強你了🤔
#圈圈⭕️
#太魯閣晶英酒店",1906,5,"['太魯閣晶英酒店', '⭕️']"
136,2018-07-15 23:20:36,"進第一球就是舒服
#撐住啊
#世界盃",1259,6,"['世界盃', '撐住啊']"
137,2018-07-14 11:06:58,"虎啊！
#圈圈⭕️
#竟然可以就這樣自嗨起來",1235,7,"['⭕️', '竟然可以就這樣自嗨起來']"
138,2018-07-12 23:24:06,"如果世足要看成這樣就乾脆不要看了...
#有那麼累嗎？
#其實有",1033,6,"['有那麼累嗎', '其實有']"
139,2018-07-11 19:59:48,"#都不要理
#圈圈⭕️",1767,13,"['都不要理', '⭕️']"
140,2018-06-30 00:33:26,"加油👍！一直都在💪💪💪
#Togetherwestand",2974,14,['Togetherwestand']
141,2018-06-25 18:30:42,"新遊戲
#圈圈⭕️
#吃手怪",999,3,"['吃手怪', '⭕️']"
142,2018-06-23 09:53:47,"週末公園早餐趴
#圈圈⭕️
#咻咻咻",1472,6,"['咻咻咻', '⭕️']"
143,2018-06-21 15:38:24,"可愛的寶貝圈難得配合我拍照
#圈圈⭕️
#完全就是爸爸自嗨
#邊拍邊笑🤣🤣",1018,1,"['完全就是爸爸自嗨', '⭕️', '邊拍邊笑']"
144,2018-06-20 13:10:48,"跳跳跳
#圈圈⭕️",719,0,['⭕️']
145,2018-06-18 09:16:28,,1391,2,[]
146,2018-06-16 11:15:58,先來個早午餐,1485,0,[]
147,2018-06-14 14:56:54,"還沒下雨前趕快帶兒子去放放電
結果把自己的電也放完了
#圈圈⭕️
#曬太陽☀️ #難得的父子鞦韆時光",1491,0,"['☀️', '難得的父子鞦韆時光', '⭕️']"
148,2018-06-08 18:03:44,"終於....
#👏👏👏",713,2,[]
149,2018-06-06 21:46:37,"謝謝祥叔送的生日禮物🎁圈圈⭕️愛不釋手🤦🏻‍♂️
@diesel0622 
#圈圈⭕️
#好像很容易上手
#感覺很快就可以存滿了
#親朋好友可以多來家裡坐坐啊🤩",1148,16,"['好像很容易上手', '親朋好友可以多來家裡坐坐啊', '⭕️', '感覺很快就可以存滿了']"
150,2018-06-01 16:00:27,"祝我生日快樂🎂🎊🎁
#希望圈圈⭕️能健康快樂成長
#希望家人朋友平安健康幸福快樂
#$$$$$$$$$$$$
#圈圈⭕️
#謝謝家人的生日大餐",1877,66,"['希望家人朋友平安健康幸福快樂', '能健康快樂成長', '謝謝家人的生日大餐', '⭕️']"
151,2018-05-29 21:04:30,"嗨～
#圈圈⭕️",1262,18,['⭕️']
152,2018-05-25 23:17:40,預備備.....集合囉！太多人私訊問我身上的衣服了，在這邊一次回覆大家~ 蝦皮商店獨家!!! https://goo.gl/RfE6pA #BEHEROES,1702,16,['BEHEROES']
153,2018-05-21 17:31:45,"因為去年的比賽沒有拍到覺得很可惜，所以這次特別拍了下來！真的非常感謝展逸行銷的用心👍👍👍
#展逸行銷 👏👏👏
#每年都讓我們那麼驚喜又開心😘😘😘
#beheroes經典再現籃球賽",1640,1,"['每年都讓我們那麼驚喜又開心', '展逸行銷', 'beheroes經典再現籃球賽']"
154,2018-05-21 12:35:06,"出發....
#圈圈⭕️
#圈圈第一次韓國行
#乖乖滴好嗎🙇‍♂️",1626,7,"['圈圈第一次韓國行', '乖乖滴好嗎', '⭕️']"
155,2018-05-20 22:24:07,"完美的傳承
#林志傑#楊敬敏#陳世念#曾文鼎#田壘
#黃金世代未來之星大家加油
#開心的一天",2561,33,"['田壘', '開心的一天', '黃金世代未來之星大家加油', '曾文鼎', '楊敬敏', '林志傑', '陳世念']"
156,2018-05-20 11:30:24,"出發！來一場精彩的比賽吧！
#本人跑不了兒子代替跑
#圈圈⭕️
#beheroes經典再現",1082,10,"['⭕️', '本人跑不了兒子代替跑', 'beheroes經典再現']"
157,2018-05-17 14:44:08,"這鏡子的魔力🤫
#準備向館長看齊的一個概念
#都是騙人的
#也太放大了吧🤦🏻‍♂️",1430,20,"['準備向館長看齊的一個概念', '都是騙人的', '也太放大了吧']"
158,2018-05-16 17:44:19,"做這台機器腳實在是太爽了
趁圈圈看虎的時候快做
#🤩🤩🤩#感謝長官的愛",755,5,['感謝長官的愛']
159,2018-05-13 22:46:01,"奔跑吧！屁孩
#拉著哥哥一起跑
#拉著婆婆動一動
#圈圈⭕️",741,2,"['拉著婆婆動一動', '⭕️', '拉著哥哥一起跑']"
160,2018-05-11 21:57:29,"一個禮拜個溝通終於讓今天的上課比較順利，但還有進步的空間！
#圈圈⭕️
#雖然哭哭但還是有認真的時候
#加油💪",1001,2,"['雖然哭哭但還是有認真的時候', '加油', '⭕️']"
161,2018-05-09 12:55:47,"先來走個1200...再來吃個120😋
#小小累
#沒想到還不錯吃欸
#份量剛剛好",794,2,"['小小累', '份量剛剛好', '沒想到還不錯吃欸']"
162,2018-05-08 21:09:42,"#未來英雄訓練營 
教練會議中

壘哥板書:
體能-阿敏
籃板-阿鼎
運球-世念
切入-志傑
便當-田壘 XD

https://goo.gl/BSfjag",1171,11,['未來英雄訓練營']
163,2018-05-08 12:22:25,"來吧！
#感謝緯哥的陪伴
#謝謝兩兩
#開始復健之路",1126,10,"['感謝緯哥的陪伴', '開始復健之路', '謝謝兩兩']"
164,2018-05-07 17:56:19,"為什麼不洗澡呢？
#圈圈⭕️
#髒髒好不好？好🤔",1469,4,"['髒髒好不好', '⭕️']"
165,2018-05-04 19:22:16,"兒啊！到底想跟我玩什麼呢？
#猜不透
#圈圈⭕️
#一路喊著爸爸，你到底要什麼🤔",808,5,"['⭕️', '一路喊著爸爸', '猜不透']"
166,2018-05-02 13:26:56,"集合
#開始準備囉
#開會做好之後的事情
#一步一步實現夢想👣",1614,6,"['開始準備囉', '一步一步實現夢想', '開會做好之後的事情']"
167,2018-05-02 11:17:39,第一次帶圈圈上閱讀課，表現得還算不錯😄#圈圈⭕️ #難得的配合和專注,1155,2,"['難得的配合和專注', '⭕️']"
168,2018-05-01 08:48:54,"一整天雖然不受控的讓我們到一個快爆炸的邊緣又很累，不過你開心我就開心，這也算一種回憶吧！
#香港迪士尼樂園 
#圈圈⭕️
#第一次體驗",1024,2,"['⭕️', '第一次體驗', '香港迪士尼樂園']"
169,2018-04-29 23:07:31,"今天瘋狂吃水但明天才是重點！
#圈圈⭕️
#圈穿浴袍怎麼那麼可愛😋",1168,2,"['圈穿浴袍怎麼那麼可愛', '⭕️']"
170,2018-04-28 23:13:36,"出門走走
#香港夜晚
#飲啦
#晚安圈圈⭕️",435,1,"['香港夜晚', '飲啦', '⭕️']"
171,2018-04-28 08:03:14,"早安
#霧茫茫
#下雨囉",471,3,"['霧茫茫', '下雨囉']"
172,2018-04-27 19:33:11,"遜...不會喝！😤
#圈圈⭕️
#下午再不睡覺啊
#吃飯吃到睡著吧",1224,5,"['吃飯吃到睡著吧', '⭕️', '下午再不睡覺啊']"
173,2018-04-27 13:48:48,"圈圈的第一次香港行
#圈圈⭕️
#抓不住的小孩 
#瘋了",1206,2,"['瘋了', '⭕️', '抓不住的小孩']"
174,2018-04-25 10:24:20,"我剪✌️
每次都只有剛剪完好看，第二天就不見了
#抓頭髮好麻煩 
#吹頭髮好累 
#就這樣吧
#😅😅😅",1350,14,"['就這樣吧', '吹頭髮好累', '抓頭髮好麻煩']"
175,2018-04-24 13:53:48,"難得不是腳對著我😅
#圈圈⭕️
#這樣睡多好呀👏",1020,5,"['⭕️', '這樣睡多好呀']"
176,2018-04-22 17:41:09,"🤦🏻‍♂️
你不睡午覺沒關係，有必要這樣嗎？
#圈圈⭕️
#不讓你睡🤷🏻‍♂️
#🤦🏻‍♂️🤦🏻‍♂️🤦🏻‍♂️🤦🏻‍♂️
#😤😤😤😤",832,6,"['不讓你睡', '⭕️']"
177,2018-04-21 19:04:01,"真的要這樣貼心嗎？
#圈圈⭕️
#要永遠這樣貼心下去
#😘😘😘😘",880,6,"['⭕️', '要永遠這樣貼心下去']"
178,2018-04-20 11:23:31,"爺爺婆婆帶圈圈去玩溜滑梯！剩下我跟奶奶的咖啡時間
#奶奶好像活在自己的手機世界裡
#難得的悠閒時光 
#與家人的聚會",839,4,"['難得的悠閒時光', '奶奶好像活在自己的手機世界裡', '與家人的聚會']"
179,2018-04-19 20:10:37,"經典再現☄️到時候大家球場見
#BEHEROES經典再現籃球賽 #0420IBON開賣 #0520彰化見",592,11,"['0520彰化見', '0420IBON開賣', 'BEHEROES經典再現籃球賽']"
180,2018-04-19 12:07:26,"小小童工....一擦不可收拾
#圈圈⭕️",846,5,['⭕️']
181,2018-04-17 22:53:59,"又香又好吃😋
#能不能好好睡覺
#這是要我睡多久🤔
#還好只有小朋友的味道",921,6,"['能不能好好睡覺', '還好只有小朋友的味道', '這是要我睡多久']"
182,2018-04-14 16:14:58,"再來一次！但配角換人了
#爸爸溜完媽媽溜
#圈圈⭕️
#看來以後會常來咻咻咻",491,3,"['看來以後會常來咻咻咻', '⭕️', '爸爸溜完媽媽溜']"
183,2018-04-12 16:57:53,"又是放電的一天！結果爸爸們比小朋友放的還快🤨
#圈圈⭕️
#看到小岳叔叔就跑
#與寶拉妹妹一起放電
#公園真是個好地方
#好一個重力加速度
#放電成功直接斷電",762,4,"['放電成功直接斷電', '與寶拉妹妹一起放電', '好一個重力加速度', '看到小岳叔叔就跑', '公園真是個好地方', '⭕️']"
184,2018-04-11 20:13:41,"陪圈圈下樓去公園玩，結果.....
#不能走動那麼慘
#防蚊真的很重要
#感覺要被蚊子吸乾了😓",917,1,"['防蚊真的很重要', '不能走動那麼慘', '感覺要被蚊子吸乾了']"
185,2018-04-10 10:14:47,"起床硬要幫忙刮鬍子，我沒辦法帶你出門，只好在陽台曬太陽吧
#感到你的貼心
#圈圈⭕️",896,6,"['⭕️', '感到你的貼心']"
186,2018-04-06 17:15:54,"假期總是不能待在家，也要出去跳一跳
#跳一個跳流血了
#開心的圈圈⭕️
#興奮到褲子也不穿",742,0,"['跳一個跳流血了', '⭕️', '興奮到褲子也不穿']"
187,2018-04-05 08:23:52,"誰能告訴我，是圈高還是巧虎高呢？這樣到底幾公分呀？
#圈圈⭕️
#巧虎永遠是圈的好朋友
#好像比爸爸小時候高
#肯定是比媽媽小時候高
#這整套蜘蛛人的裝扮是不是可以換一下呢🤔",770,6,"['肯定是比媽媽小時候高', '這整套蜘蛛人的裝扮是不是可以換一下呢', '巧虎永遠是圈的好朋友', '好像比爸爸小時候高', '⭕️']"
188,2018-04-02 22:59:20,"來啊！就不信搞不定你...
#到底要我處理你幾次
#看你不順眼就開了你
#全麻感覺還是怪怪的🤨
#開刀一定要空腹嗎
#餓了我一整天 啃",795,42,"['餓了我一整天', '到底要我處理你幾次', '全麻感覺還是怪怪的', '開刀一定要空腹嗎', '看你不順眼就開了你']"
189,2018-03-31 09:51:59,"終於願意讓車動了，而不是原地空轉方向盤👏👏
#帥哥開帥車
#爸爸也想有一台
#圈圈⭕️
#速度飆起來",630,6,"['速度飆起來', '⭕️', '帥哥開帥車', '爸爸也想有一台']"
190,2018-03-29 16:29:51,"圈啊⋯不是每個轉的都那麼好玩吧🤦🏻‍♂️
#公園趴新發現
#轉到不亦樂乎
#轉吧七彩霓虹燈",566,5,"['轉吧七彩霓虹燈', '轉到不亦樂乎', '公園趴新發現']"
191,2018-03-28 12:55:17,"整天就是一個忙，修頭修腳修身體🤦🏻‍♂️
#要咳到什麼時候
#不是一次搞定嗎？
#腳啊腳啊變舒服吧",802,8,"['要咳到什麼時候', '不是一次搞定嗎', '腳啊腳啊變舒服吧']"
192,2018-03-22 09:44:56,"咳咳咳...😰希望一次搞定
#玻璃娃娃
#爛鼻子#爛喉嚨",694,8,"['爛鼻子', '爛喉嚨', '玻璃娃娃']"
193,2018-03-18 19:36:38,"巧虎就是有這樣的魔力！下午放電放光光
#巧虎島
#圈圈⭕️",636,4,"['巧虎島', '⭕️']"
194,2018-03-17 13:40:46,"笑得那麼開心就為了一句「謝謝你喔圈圈」
#開心週末
#圈圈⭕️
#愛你唷",857,3,"['愛你唷', '開心週末', '⭕️']"
195,2018-03-15 09:37:49,"好天氣配上好心情，遛兒遛到心坎裡！
圈圈兩歲了，自己的意見越來越多，看看他自己的搭配，感謝Rookie Taiwan有那麼齊全的兒童裝備，是不是非常帥氣🤪
#Rookie Taiwan 
#nike
#converse
#levis
#帥氣",657,5,"['levis', 'converse', '帥氣', 'nike', 'Rookie']"
196,2018-03-11 08:31:04,"生日快樂🎂🎊🎊
#時間過的真快
#爸爸愛你
#圈圈⭕️
#特別的日子",852,11,"['時間過的真快', '特別的日子', '爸爸愛你', '⭕️']"
197,2018-03-08 11:58:47,"My gym 新體驗
但怎麼拿了球結果用踢的呢？
#放電時間
#不受控制 
#My gym",419,3,"['放電時間', '不受控制', 'My']"
198,2018-03-06 16:33:17,"機器人初體驗
#哭慘了
#田甜圈",460,6,"['哭慘了', '田甜圈']"
199,2018-03-04 14:36:24,"#一生只有一次HBL
#hbl30週年
#nike",731,7,"['一生只有一次HBL', 'nike', 'hbl30週年']"
