,time,post_caption,likes,comments,tags
0,2019-12-11 20:09:16,"說走就走的旅行🧳沖繩一樣的城市不一樣的心情🎧
#沖繩
#旅遊
#放假",213,8,"['放假', '沖繩', '旅遊']"
1,2019-12-05 19:51:43,"2019/12/1 
台東公益路跑大使😆
感謝知本老爺的邀請，讓跑步能夠以更溫馨的方式傳遞健康也散播愛，很棒的活動希望能夠年年持續續辦下去👍
#跑步做公益
#台東知本老爺酒店 #公益路跑#公益大使#黑孩子黑咖啡 #21k#6k#42k
#大頭#三鐵一姐",220,7,"['公益大使', '42k', '台東知本老爺酒店', '三鐵一姐', '21k', '6k', '公益路跑', '跑步做公益', '黑孩子黑咖啡', '大頭']"
2,2019-12-05 19:41:10,"2019/9/1
佐渡太空人鐵人賽
好久沒有發文來個大頭鐵人貼😆
#sw3.8k bike190k Run42k#236k#超級鐵人三項#日本#japan #sado #大頭",247,11,"['日本', 'sw3', '超級鐵人三項', 'sado', '236k', 'japan', '大頭']"
3,2019-05-15 21:14:20,"這是打電動破台的概念
來來來快來破台😆
極速20 踩踏1小時有514樓，一不做二不休，乾脆踩它個2小時吧！
就這樣爬了1000多層樓👣
台北101爬10次的概念😆
姐真的沒有很愛爬樓梯....
#running #101#taiwan #taipei #taipei101#runup#階梯#爬樓梯#走#汗#階梯機2小時#leve20#2019#運動#筆記",203,7,"['走', '運動', '筆記', '階梯', 'leve20', 'runup', '2019', '階梯機2小時', 'taipei', '爬樓梯', 'taipei101', '汗', '101', 'taiwan', 'running']"
4,2019-05-10 17:55:39,"IG怎麼變英文版啦！！！ 改個文章直接按到刪除鍵😂

好不容易創下3小時階梯機記錄，硬是要重新再噗文留下個人記錄，
這是一個在階梯機上噴汗的午後人生。
#爬樓梯#101#登高#runup#跑#走#階梯#小紅鞋#雨#running#life #lifestyle #healthylifestyle #new#record#leve 15-20#李筱瑜#三鐵一姐",189,15,"['走', 'running', 'leve', '階梯', 'runup', '跑', 'record', '爬樓梯', '三鐵一姐', 'life', 'new', '雨', '101', 'lifestyle', '李筱瑜', '小紅鞋', '登高', 'healthylifestyle']"
5,2019-05-04 16:10:41,"2019 中國信託 台北101垂直馬拉松
事隔多年再次踏上101高塔，心裏非常的期待與開心，與超鐵賽的耐力賽相較101登高賽事的高強度，要簽下那張報名表真的需要勇氣💪
相隔10年再參賽，許多好朋友特別起個大早來加油，心境上感到特別的開心。
我的姐姐為了讓我多睡幾小時，特別訂了市區的飯店讓我能多休息。
姐～我就算喘到流口水，也得拼個獎金請大家吃飯，還好有拼到台灣總ㄧ，可以請大家吃飯⋯⋯｛金額200元｝😆😆😆
感謝48號張景森大哥穿夾腳拖，在後方狂追給我壓力與動力😆
#2019CTBCTaipei101
#中國信託台北101垂直馬拉松
#Taipei101RUNUP
#富邦文教基金會
#昇恆昌
#優質創新康軒文教基金會
#Ziv專業型運動太陽眼鏡
#恆星單車
#DWDTriathlon休閒鐵人社團
#COOLA有機防曬
#李筱瑜官方後援會
#李筱瑜三鐵一姐
#390公尺
#2046階",343,12,"['恆星單車', '富邦文教基金會', '李筱瑜官方後援會', 'COOLA有機防曬', '昇恆昌', '2046階', '優質創新康軒文教基金會', '李筱瑜三鐵一姐', '2019CTBCTaipei101', 'Taipei101RUNUP', 'DWDTriathlon休閒鐵人社團', '中國信託台北101垂直馬拉松', '390公尺', 'Ziv專業型運動太陽眼鏡']"
6,2019-03-12 05:20:51,早安沖繩swimming time !,227,6,[]
7,2019-01-17 00:13:23,"划船機真的是需要耐心專注力與毅力
10000m划船最辛苦還是屁股⋯⋯😆
陸上划船划到變水上😆#10000m
#划船機#gym #汗だく #划船",202,3,"['10000m', 'gym', '划船', '划船機', '汗だく']"
8,2019-01-12 23:23:53,"唉啊～退步了.....
這個角度廣角鏡頭真的很重要

#廣角 #鏡頭
#Weight training#gymlife  #gymtime 
#重訓 #屁股 #長腿 #小短腿",161,3,"['廣角', '重訓', '小短腿', '屁股', 'Weight', 'gymtime', '長腿', '鏡頭', 'gymlife']"
9,2019-01-09 22:34:29,"🐷年步步高升！
#2019#豬年#步步高升#階梯#run",193,1,"['步步高升', '階梯', '豬年', '2019', 'run']"
10,2018-12-03 20:24:11,"黃昏暖暖的夕陽
#風櫃嘴 #夕陽 #taiwan #Taipei #running #暖#sunset",325,15,"['暖', 'Taipei', '夕陽', 'taiwan', 'running', 'sunset', '風櫃嘴']"
11,2018-11-27 20:24:33,"多年前的照片...
這手臂到底是練了啥麼⋯⋯🤔
看著現在肉肉的手臂中......
#冬季訓練
#鐵人三項
#running #2019#japan #training 
#doit #okinawa",392,15,"['doit', '2019', 'training', 'running', '鐵人三項', 'okinawa', 'japan', '冬季訓練']"
12,2018-11-20 22:38:05,"台東老爺酒店 
2018/12/23知本溫泉FUN公益路跑
您的報名費50%將捐贈給社團法人臺東縣失智者關懷協會！
讓我們一起開心運動做公益！
#台東老爺酒店
#知本溫泉Fun公益路跑
#知本溫泉公益路跑愛心大使李筱瑜",216,1,"['台東老爺酒店', '知本溫泉公益路跑愛心大使李筱瑜', '知本溫泉Fun公益路跑']"
13,2018-09-20 22:54:07,"台灣東部天然湧泉游泳池
頂著大太陽也能游到失溫😆
水裡的魚兒看起來都好美味
#台東景點 #台東森林公園 #活水湖 #東台灣 #ironmantraining #ironman #irowoman #靜 #swimming #湧泉 #魚",451,11,"['東台灣', 'irowoman', 'ironmantraining', '活水湖', 'ironman', '湧泉', '台東森林公園', 'swimming', '靜', '台東景點', '魚']"
14,2018-09-14 17:56:38,"致青春！
原來我以前是這樣的身材😆
自己激勵自己！
#青春的小鳥一去不復返 
#年輕 
#跑
#run 
#miss",351,15,"['跑', 'run', '青春的小鳥一去不復返', 'miss', '年輕']"
15,2018-07-21 15:51:20,"難得化妝了一定要拍一下😆
短髮髮型用電捲棒捲一捲挺有型的",149,3,[]
16,2018-07-20 15:43:25,"夏天天氣熱熱記得多喝水
#summertime #run #running #water#維他命c",202,10,"['summertime', '維他命c', 'run', 'water', 'running']"
17,2018-07-17 09:45:51,"讚嘆神剪
剪了個髮就換了個人👍
#神剪
#hpark",194,9,"['hpark', '神剪']"
18,2018-07-10 17:46:48,"訓練是為了遇見更好的自己
我們都不斷的朝向目標前進
有時辛苦訓練會進步
但有時卻是進一步退兩步
遇到這樣的情況是堅持還是放棄
決定的都是自己
加油💪
#ironman #running #run#sunglasses #ziv #台灣製造 #黑#初心#ironmantraining #動
#澎湖IRONMAN",323,10,"['ziv', '動', 'ironman', 'ironmantraining', '澎湖IRONMAN', '黑', 'sunglasses', 'run', 'running', '初心', '台灣製造']"
19,2018-07-01 23:01:11,"今年首次來到海邊～
這姿勢看海很療癒😆
#ziv#ironman #台灣製造 #sunglasses #運動型太陽眼鏡 #ironmantraining #summer ##sun #suny#funkita",328,5,"['ziv', 'suny', 'ironman', 'ironmantraining', 'funkita', 'sunglasses', 'summer', 'sun', '台灣製造', '運動型太陽眼鏡']"
20,2018-06-24 17:05:17,"有時候我們會失去一些動力
只有自己靜下心來去面對一切
也許需要一點時間
感謝我的家人與朋友
給我了我許多的寬容與空間",348,12,[]
21,2018-06-14 21:20:31,"自拍～自以為在拍廣告的概念😆

ZIV floating 系列一戴上我就笑了，寶麗來鏡片讓眼前的世界變得清晰了。

ZIV floating 系列一掉到水裡，我笑了，鏡架的專利漂浮設計讓眼鏡浮在水面上了。

聽說想買的人哭了，因為一上市就缺貨了。😆 ziv #台灣製造 #ziv專業型運動太陽眼鏡 太陽眼鏡 #跑步#風櫃嘴#floating#sunglasses #李筱瑜 #黑#鐵人三項",355,12,"['跑步', 'floating', '黑', 'sunglasses', '李筱瑜', 'ziv專業型運動太陽眼鏡', '鐵人三項', '風櫃嘴', '台灣製造']"
22,2018-05-02 15:35:15,"風雨增鬥志
平坦的道路舒適
但充滿挑戰的路程更迷人
從訓練與比賽從中重新檢視自己
每一次的過程與都是經驗的累積",368,6,[]
23,2018-04-22 23:29:47,"西班牙小區內的教堂 兩年前每天早上游泳時都會經過，今年住在市區外，乘著假日騎腳踏車回來逛逛感覺挺懷念..
每年都覺得不會再回來.....卻一直回來😆",139,2,[]
24,2018-04-01 03:04:42,"Thanks for this training journey
It's time to go home
#sweethome🏡 
#Love training #love life #love #triathlon#🇪🇸#ironman#2018#taiwan #taipei#hardwork #keepgoing #Triathlon# Athlete
#stronger",208,5,"['ironman', 'sweethome', 'taipei', '2018', 'love', 'hardwork', 'keepgoing', 'taiwan', 'Triathlon', 'stronger', 'triathlon', 'Love']"
25,2018-03-24 05:39:14,"After long-distance training on Friday
I need to lie down 
Watching the sunset feel peaceful
#5000mswimming #4hourbike
#30minrun
#triathlon #ironmantraining #hardwork #friday #taiwan",121,1,"['ironmantraining', '5000mswimming', 'friday', '30minrun', '4hourbike', 'hardwork', 'taiwan', 'triathlon']"
26,2018-03-19 02:21:02,Competitions and Training Awesome Sunday in 🇪🇸. . #spain #running #21k #runer#needspeed#sunday#pure#race,140,0,"['pure', 'race', '21k', 'sunday', 'runer', 'running', 'needspeed', 'spain']"
27,2018-03-16 03:02:38,"嗨 🇹🇼
我目前在西班牙移地訓練中，很可惜今年沒有辦法跟大家在台東參加IRONMAN系列賽。
聽說今年不但多了Iron Girl賽事，鼓勵了更多新手女生相約挑戰鐵人三項，大家也即將在活動現場感受到更溫馨的Girl Power! 因為IRONMAN的Women For Tri計畫即將在台東登場，舉辦團跑、分享會等活動。這是Women For Tri 首次加入亞洲區賽事，十分難得！女鐵人們將有更多機會交朋友聊鐵人生活，雖然我沒辦法現場與大家同樂，但❤️與大家同在囉！
預祝參賽的鐵人們順利平安完賽，不論是要破PB、挑戰初鐵，都別忘了初衷，快樂享受比賽過程！
#IRONMANTAIWAN #ironman#irongirl#wonmenfortri#girlpower #台灣#台東#鐵人三項#im703taiwan",260,0,"['wonmenfortri', 'ironman', 'IRONMANTAIWAN', 'im703taiwan', '台東', 'irongirl', '鐵人三項', '台灣', 'girlpower']"
28,2018-02-18 19:32:26,"Morning swimming 🏊 
A new record of my life
Thanks for crazy birthday swimming schedule
We did it 10000m great swimming with team 
Hard training makes us strong 😍  #swimbikerun #swinning #strong#spain #hardworker #ironmantraining #ironman #ironmantaiwan #newrecord #lovelife #believe #10000#justdoit #smile #everyday#enjoycakes #yame#trithlon",196,3,"['enjoycakes', 'everyday', 'ironmantraining', 'ironman', 'hardworker', 'ironmantaiwan', 'swinning', 'newrecord', 'smile', '10000', 'lovelife', 'yame', 'strong', 'believe', 'trithlon', 'justdoit', 'spain', 'swimbikerun']"
29,2018-02-09 00:51:32,"Thank my roommate
 Prepare training tools
Very lucky to have German friends
Ironman friends all nice 👍  #ironmantraining #ironman #ironmantaiwan #ironman2018#Cycle#ttbi#indoorcycling #汗#week1#do#2018goals #spain 
#majorca",146,0,"['majorca', 'week1', 'ironmantaiwan', 'ironman', 'ironmantraining', 'indoorcycling', '汗', 'do', 'ttbi', '2018goals', 'Cycle', 'spain', 'ironman2018']"
30,2018-02-08 02:24:16,"Smart phone beauty film features are lie😆😆😆 明明就練習後剛睡醒，準備接著下一段練習，ㄧ頭亂髮美拍功能可以拍成這樣......真的很騙人
#美拍#睡醒#亂髮#浮誇
#訓練中可以這樣😳
#ironmantraining #防噪耳機真的很重要#ironman#耳機",192,18,"['亂髮', 'ironmantraining', '防噪耳機真的很重要', 'ironman', '睡醒', '耳機', '訓練中可以這樣', '美拍', '浮誇']"
31,2018-02-07 15:56:45,"Back to swimming again 😬
Is Getting better everyday 
第一週每天肩膀酸脖子痛腰也酸，每天起床必須側身才起得來，感覺一週老了20歲昨晚台灣大地震 希望大家平安

#swimbikerun #swing #hardworker",139,4,"['hardworker', 'swing', 'swimbikerun']"
32,2018-02-06 23:53:29,"外騎所有裝備都刷毛上陣
經過唯一開門的烘培店衝進去外帶，好大一條巧克力可頌
The bakery in the town chocolate cakes very delicious
The best in the town
#bike #bikeriding #bakery #coolweather #可頌#plaza #teatime##ironman #ironmantraining",175,8,"['coolweather', 'teatime', 'ironman', 'ironmantraining', '可頌', 'plaza', 'bakery', 'bike', 'bikeriding']"
33,2018-02-06 03:34:26,"3 hours long run 1 hour recovery easy bike ride today  Everyone goes out to eat pizza
I miss Taiwan food
Cook fried rice and chicken soup

椰子油炒飯非常香
洋蔥椰子油 薑 醬油 黃芥茉 下鍋炒火雞肉 加上隔夜飯 下鍋 炒出香噴噴的家鄉味 我打算天天吃炒飯😆
#ironman#ironmantraining #ironmanfood #ironmantaiwan #running #soup #friedrice #椰子油#運動員#",154,4,"['ironmantraining', 'ironmantaiwan', 'ironman', 'ironmanfood', 'soup', '椰子油', '運動員', 'running', 'friedrice']"
34,2018-02-05 00:50:20,"鐵人聚餐 這一餐的豬排大的我得分3天食用，大家都吃光自己的份量，實在好會吃
分成三次料理 #豬排炒飯 #豬排夾吐司 #豬排丼飯#ㄧ豬三吃
台灣的鹹酥雞 派克雞排路邊攤大贏！
台灣是美食天堂
一踏出國門變得會#煮飯#賢慧#節儉 在台灣其實只會煮泡麵😆
#ironman #ironmanfood#ironmaneating ##ironmantraining #出門在外#吃#food",134,1,"['豬排炒飯', '吃', 'ironman', 'ironmantraining', '豬排夾吐司', 'ㄧ豬三吃', 'ironmanfood', 'food', '豬排丼飯', '節儉', '出門在外', '賢慧', 'ironmaneating', '煮飯']"
35,2018-02-03 01:41:05,"Welcome to Europe
還好我肚子脹氣不覺得餓😆
#等待#food#goodnight #學習#耐心#ironmanfood #wait#learn#ironmantraining #ironman#ironmantalk#spain",99,3,"['等待', 'wait', 'ironmantraining', 'ironman', 'ironmantalk', '耐心', 'learn', 'goodnight', 'ironmanfood', '學習', 'spain', 'food']"
36,2018-02-02 14:56:28,"再次回到訓練
感謝旅程中遇見的每個人
帶給我的力量

Back to training again
Thanks to everyone I met during the trip
Give me the power
 #ironmantaiwan #ironman #ironmantraining #spain#2018goals #thankful#Homestay😆",130,7,"['ironmantraining', 'ironman', 'ironmantaiwan', 'thankful', 'Homestay', '2018goals', 'spain']"
37,2018-01-28 23:10:30,"北海岸從新開始的起點
#北海岸#從新開始 #出發#目標#堅定#2018",302,3,"['出發', '2018', '堅定', '從新開始', '目標', '北海岸']"
38,2018-01-25 20:27:44,"八里海岸其實挺美的
Home sweet home 
# Bali#八里#早晨#散步#陽光#冷風#Home",152,2,"['八里', '散步', '冷風', '早晨', 'Home', '陽光']"
39,2018-01-24 19:52:09,"金葉草莓塔怎麼這麼好吃😋
想一整個自己吃真是瘋了我
#金葉蛋糕
#草莓塔
#好吃",158,4,"['好吃', '金葉蛋糕', '草莓塔']"
40,2017-11-20 18:32:25,"馬來西亞喬治城壁畫
喬治城街頭藝術創作，為城市增添了許多色彩。
#ironman#travel #李小龍#Georgetown #Penang
#Malaysia.#Tourists. #mural",185,5,"['mural', 'Georgetown', 'ironman', '李小龍', 'Penang', 'Malaysia', 'Tourists', 'travel']"
41,2017-11-19 17:37:47,#Swimming 🏊 #suny #poolday #雙層公寓#lifestyle #ironman #taiwan #travel #malaysiaironman#malaysia #檳城,206,7,"['suny', 'ironman', 'malaysiaironman', 'malaysia', 'poolday', 'Swimming', '檳城', '雙層公寓', 'lifestyle', 'taiwan', 'travel']"
42,2017-10-23 21:37:52,"休息了一段時間，身體恢復了許多，想回去訓練了💪😬
#ironman #ironmantraining #秋天 #swimming #germany #lake #travel #hardworker #2018",166,8,"['ironmantraining', 'ironman', '秋天', 'hardworker', 'swimming', '2018', 'lake', 'germany', 'travel']"
43,2017-10-17 22:47:23,"New setting
Take me fly away😆
#ironman #taiwan #i #ironmantraining #fly #bike #ttbike #loveofmylife #taipei#恆星單車",155,0,"['恆星單車', 'fly', 'ironmantraining', 'ironman', 'loveofmylife', 'ttbike', 'i', 'taipei', 'taiwan', 'bike']"
44,2017-10-15 22:19:22,"找回騎車的初衷～
#taiwan #ironman #rides #lifestyle #ttbike #ironmangi",258,4,"['rides', 'ironman', 'ttbike', 'ironmangi', 'lifestyle', 'taiwan']"
45,2017-10-09 18:23:43,"夜景虎頭山
#埔里 
#taiwan 
#夜景
#散步路徑",119,1,"['散步路徑', '夜景', 'taiwan', '埔里']"
46,2017-10-08 19:10:00,"大坑登山步道
#taiwan #taichung #登山#hike #大坑 #假日",141,1,"['假日', '大坑', '登山', 'hike', 'taiwan', 'taichung']"
47,2017-10-07 20:13:16,"台灣的高山武嶺3275m
#武嶺#最愛#爬坡#lovelife#埔里#taiwan #taiwantrip #bike",184,3,"['武嶺', '埔里', 'lovelife', '最愛', 'taiwan', 'taiwantrip', '爬坡', 'bike']"
48,2017-10-04 19:25:46,"中秋節之不烤肉😆
#中秋節#雪場蟹 #吃貨 #taiwan #taiwan",132,1,"['中秋節', '吃貨', 'taiwan', '雪場蟹']"
49,2017-10-04 00:14:13,#penghu#夢幻沙灘#夕陽#白沙#外婆的澎湖灣#loungstay,116,0,"['白沙', '外婆的澎湖灣', '夢幻沙灘', 'loungstay', '夕陽', 'penghu']"
50,2017-10-02 23:20:55,#ironmantaiwan #58#japan #澎湖#鐵人三項 #ironman,136,0,"['ironmantaiwan', 'ironman', '58', '澎湖', '鐵人三項', 'japan']"
51,2017-10-02 14:01:21,##ironmantaiwan,128,3,['ironmantaiwan']
52,2017-09-19 18:45:11,"好久沒有穿上戰服站在海邊了，回到最初的海岸線。
#外木山 #海#背影#初衷#鐵人三項",217,2,"['海', '初衷', '外木山', '背影', '鐵人三項']"
53,2017-08-05 16:25:24,#sup #海#lifestyle #happybirthday #taiwan #金山#taipei,208,6,"['海', '金山', 'taipei', 'happybirthday', 'lifestyle', 'taiwan', 'sup']"
54,2017-07-31 23:31:36,"歐洲賽事之旅😬

從七月開始，亞洲在積分結算的8月20日之前，並沒有全程的賽事，但是我的積分還不足以前進kona，所以在預算有限及賽道的評估下，選擇了在三週內參加兩場226賽事，所以繼 #imfrankfurt  創下pb之後，調整兩週續戰 #imzurich 。

第一項游泳狀況相當不錯，創下今年游泳佳績信心十足。

自行車山路的地形是我選擇這場賽事的主要因素，第一圈90公里以2小時28分的速度完成，這樣的地形能保持這樣的速度自己都感到驚訝，預計可以在5小時左右結束180公里自行車的項目，但山路在體力上的耗損比想像中來的大，為了追前方的選手在第一圈puch 的太猛，導致第二圈後半段整個大爆炸😅⋯⋯ 體力的耗損延續到跑步項目，才剛進到跑步項目已經開始邊跑邊吐了（還好是上面吐不是下面吐😆)，但還是想追回落後的時間，告訴自己再痛苦都要撐住，不到終點不輕言放棄，這場賽事天氣狀況挺熱的，對我來說應當是優勢，但在身體狀況不好的狀況下也是加倍的難受，沿途加油民眾相當的熱情，還有新認識的德國與瑞士鐵人幫忙加油，帶著他們的鼓舞以10小時09分回到終點......比預計慢了30分鐘整個大爆炸。

這次的比賽經驗讓我學習到永遠不要忘記保持耐心，而且這一趟見識到歐洲選手們的實力真的是相當堅強以及穩定，訓練環境和運動風氣也讓人印象深刻，很高興能在這個夏天把自己放在這競爭激烈的兩場比賽讓自己成長，也希望讓自己能離目標再更進一步。

今年為Kona積分努力的賽事正式在這場畫下句點，很可惜沒能達成目標擠進那扇窄門，但是革命尚未成功，尚需努力再努力。所以將從八月底開始繼續為明年的積分努力！

感謝ㄧ路以來支持我的贊助商以及朋友們，每次賽後看到大家的熱情支持和留言都讓人感到滿滿的暖意。你們是我前進的最佳後盾，讓我能一直安心的往目標邁進著！

另外這趟真的遇到好多貴人，總是適時的給我協助，讓我這趟旅程充滿驚喜與意外（好的那種😂） Joseph 謝謝我的教練，每次訓練都能讓我累個半死但是卻又能適時的活過來，下次我還要去煩你們喔。
Thanks my coach Jo, I am always get progress with your training. Thanks for everything you have done to me at this month, you are really a super coach!

Diana 謝謝妳一直以來對我的照顧，有妳這個朋友真的很幸運，希望有一天也能和你一起sub 9。
Thanks Diana, you are always taking care of me, and I am really glad that have a friend like you. Hope one day I can sub 9 just like you.

Steffen and Claudia，在你們飯店的訓練是我參加過的訓練最棒的一次，一起練習每天還有晚餐可以期待，真是太幸福了。
Thanks Steffen and Claudia, I am really enjoy the staying with you. Nice lake, wonderful food, sweet room, and especially Duna! Really really thank you for everything.

Andrea 謝謝妳分享妳的豪宅給我們住，還全程陪我們參與賽事，一定要找場比賽一起奔馳～
Thanks Andrea, thanks for the hospitality in Switzerland, happy to meet a nice friend like you. Hope can meet you next time and have fun together again.

#富邦文教基金會
#優質創新康軒文教
#中華航空
#SUPRARACE速豹
#Ziv專業型運動太陽眼鏡
#Santini義大利自行車服
#Rotor
#恆星單車
#PureYogaTaiwan
#長庚醫院運動醫療社群
#DWDTriathlon休閒鐵人社團
#李筱瑜官方後援會
#yesIRONMAN",232,11,"['恆星單車', '富邦文教基金會', 'yesIRONMAN', '李筱瑜官方後援會', 'Ziv專業型運動太陽眼鏡', 'Rotor', 'imfrankfurt', '優質創新康軒文教', 'Santini義大利自行車服', 'imzurich', 'PureYogaTaiwan', '長庚醫院運動醫療社群', 'SUPRARACE速豹', 'DWDTriathlon休閒鐵人社團', '中華航空']"
55,2017-07-25 16:01:15,#ironman #ironmantraining #ironmanzurich #dog #lovedogs #taiwan#germany #summer,168,1,"['ironmanzurich', 'ironmantraining', 'ironman', 'summer', 'dog', 'lovedogs', 'taiwan', 'germany']"
56,2017-07-25 02:42:52,"Lake swimming best clothing!!
#ironman #ironmantraining #ironmanzurich #lake #taiwan#germany #summer",155,1,"['ironmanzurich', 'ironmantraining', 'ironman', 'summer', 'taiwan', 'lake', 'germany']"
57,2017-07-24 02:18:05,"這犬兒越看越可愛🐶
#dog #merseburg #germany",169,5,"['germany', 'dog', 'merseburg']"
58,2017-07-17 04:07:23,"柏林博物館之旅
#中文導覽#柏林#柏林圍牆#博物館島",117,0,"['中文導覽', '柏林圍牆', '博物館島', '柏林']"
59,2017-07-12 02:23:23,"今年夏天選擇了兩場歐洲的比賽，第一場便是位在法蘭克福的歐洲冠軍賽．

德國一向是鐵人三項運動超級強的國家，許多的世界冠軍都來自於德國，所以這場法蘭克福舉辦的冠軍賽強度更是不在話下．報名之後，看到洋洋灑灑的職業選手參賽名單，男子組六十多名，女子組二十八名，其中更不乏許多知名的冠軍選手，所以賽前看到名單，心就先涼了半截．再仔細查了去年的成績，發現職業女子選手９小時４０分才能擠進前１０，更是讓人還沒比就開始頭痛．

不過既然都來了，且前兩周在德國教練的安排和訓練下，感覺自己的狀況還不錯，就帶著挑戰自己極限的心情來面對這一場高手雲集的賽事．

今天的水溫２４度，雖然不能穿防寒衣但是游起來感覺還可以，只是分齡組的可以穿防寒衣，前導部隊游的超快又兇狠，讓人有種在怒海求生的感覺．

騎車更是凶狠不在話下，就在開始騎才１５分鐘的時候，我從一堆車裡面衝出來正想要超車，竟然被裁判舉牌說我跟車，罰時５分鐘．就算心中再多不滿感覺再委屈，也只能乖乖進罰時帳等時間一分一秒的過．騎車路段全程封路，有些路段會經過小鎮，有許多上上下下的坡，路邊加油的民眾相當的多，讓選手們遇到上坡反而更是加把勁往前衝．只是路邊常常看到主辦單位放的稻草堆，似乎是很怕選手速度太快而衝出去，畢竟這是冠軍賽，大家的速度真的非常的快．好在沒人真的衝出去．

跑步是在市中心沿著美茵河跑，景色相當怡人，最後終點更是設在重要景點羅馬廣場裡面搭建的大舞台，兩旁滿滿的都是加油的民眾，沿著紅地毯跑進來接受歡呼感覺實在太爽了．最後以９小時３７分１０秒第十名完成比賽，完成對自己賽前設定的目標還順便小破一下ＰＢ．不過開心只能一兩天，就得乖乖回去繼續練習備戰瑞士！

另外要特別感謝我的教練 Joseph Spindler以及德國選手 Diana Riesler，在歐洲的訓練上對我的所有協助，才能在這麼短的時間裡面創下好成績．Thank you for all the training and supporting here.

感謝我的贊助商們，是你們的支持讓我能夠在這裡練習，挑戰更強的對手來讓自己更進步！！！ #富邦文教基金會
#中華航空

#Ziv專業型運動太陽眼鏡
#Santini義大利自行車服
#Rotor
#恆星單車
#PureYogaTaiwan
#長庚醫院運動醫療社群
#DWDTriathlon休閒鐵人社團
#李筱瑜官方後援會",356,16,"['恆星單車', '富邦文教基金會', '李筱瑜官方後援會', 'Rotor', 'Santini義大利自行車服', 'PureYogaTaiwan', '長庚醫院運動醫療社群', 'DWDTriathlon休閒鐵人社團', '中華航空', 'Ziv專業型運動太陽眼鏡']"
60,2017-07-08 05:59:10,"另人眼睛驚艷的德國古城區
#germany #歷史#里程#championship #IRONMAN",125,4,"['里程', 'championship', '歷史', 'IRONMAN', 'germany']"
61,2017-07-08 05:51:49,"🇩🇪歐洲世界冠軍賽
#germany #IRONMAN #championship#lifestyle",216,5,"['IRONMAN', 'germany', 'championship', 'lifestyle']"
62,2017-06-30 21:00:25,This week's Germany is a bit cold#ironmantraining #Germany,126,2,"['ironmantraining', 'Germany']"
63,2017-06-28 15:10:55,"德國鄉間河岸村莊
#loungstay #德國#訓練#移動#ironmantraining #靜#歐洲",201,8,"['移動', 'ironmantraining', '訓練', '歐洲', '德國', 'loungstay', '靜']"
64,2017-06-23 00:15:56,"歐洲行ㄧ日旅行德國與瑞士
#旅 #訓練#比賽#loungstay #瑞士#德國IRONMAN世界冠軍賽 #瑞士IRONMAN#中華航空",130,3,"['德國IRONMAN世界冠軍賽', '訓練', '瑞士', '旅', 'loungstay', '瑞士IRONMAN', '比賽', '中華航空']"
65,2017-06-23 00:05:05,"瑞士初體驗物價真的嚇屎我了😅
#瑞士#lifestyle #瑞士IRONMAN #旅",99,4,"['瑞士IRONMAN', 'lifestyle', '瑞士', '旅']"
66,2017-06-14 21:52:35,Ironman703japan  #nagoya #ironmanjapan #lifestyle,135,2,"['nagoya', 'lifestyle', 'ironmanjapan']"
67,2017-06-10 19:57:08,Japan 70.3 Ironman #ironmanjapan #ironmantaiwan #nagoya #shoaoyuli#lifestyle#瑪莎拉蒂#MASERATI,145,5,"['ironmantaiwan', '瑪莎拉蒂', 'nagoya', 'lifestyle', 'MASERATI', 'shoaoyuli', 'ironmanjapan']"
68,2017-06-09 23:17:08,"名古屋70.3IRONMAN
#ironmanjapan #lifestyle #日本#中華航空",99,2,"['日本', 'lifestyle', '中華航空', 'ironmanjapan']"
69,2017-06-02 22:59:13,"浮誇的power700w真是夠了😆
#雨天 #訓練台#車上的倉鼠#轉動正能量#lifestyle #神力女超人系列",120,1,"['轉動正能量', '神力女超人系列', 'lifestyle', '雨天', '訓練台', '車上的倉鼠']"
70,2017-05-29 23:12:57,"夏季!! IRONMAN積分下半年賽事即將展開!

#ironman
#日本70.3
#瑞士
#德國IRONMAN世界冠軍賽
#瑞士IRONMAN
#菲律賓70.3
#夏威夷!?",151,3,"['菲律賓70', '德國IRONMAN世界冠軍賽', 'ironman', '日本70', '瑞士', '瑞士IRONMAN', '夏威夷']"
71,2017-05-27 14:54:51,"一出門就下雨100%中獎率！
#雨神#洗車 #santini #rotor #rotorinpower",168,5,"['洗車', 'santini', '雨神', 'rotorinpower', 'rotor']"
72,2017-05-24 20:22:51,"雨神實在太愛我......
#applepen #🌧️#santini#洗車",128,1,"['santini', 'applepen', '洗車']"
73,2017-05-22 20:47:42,"2017
飛翔吧～下一站！？
#飛#展翅",138,2,"['展翅', '飛']"
74,2017-05-21 00:11:13,"新加坡晨騎..沒睡飽有如宿醉般的神遊😆😆😆
#新加坡#騎#機場#繞圈#神遊",164,1,"['新加坡', '騎', '繞圈', '神遊', '機場']"
75,2017-05-19 23:05:42,"我的最愛
#奶#鴛鴦奶茶#亞昆#新加坡 #美味",84,2,"['新加坡', '亞昆', '美味', '鴛鴦奶茶', '奶']"
76,2017-05-19 23:03:44,"新加坡美食😆
#肉骨茶#新加坡#美味",97,4,"['新加坡', '美味', '肉骨茶']"
77,2017-05-14 19:29:43,"猴子出沒請減速慢行
#猴#石碇 #雨天#santini",152,3,"['santini', '猴', '石碇', '雨天']"
78,2017-05-13 23:38:42,"母親節
換下運動服回家陪媽媽吃飯😆
#人好多#母親節#家#孩子#旅程#感恩#靴子#redwing #levis #501#還是家居服舒服分#穿這鞋跑得起來的都是神",100,3,"['旅程', '501', '孩子', '還是家居服舒服分', '穿這鞋跑得起來的都是神', '家', '人好多', '靴子', '感恩', 'redwing', 'levis', '母親節']"
79,2017-05-11 19:26:52,"夏日防曬不怕肌膚受傷！
#coola #沒水的泳池#曬#有機防曬產品#美肌#皮膚#曬#50+50會不會等於100",124,0,"['有機防曬產品', '50', '曬', '美肌', '沒水的泳池', 'coola', '皮膚']"
80,2017-05-08 14:53:33,"雨天還是要出門到車店串門子😆
#台北#雨天
#santini義大利專業自行車服 #超級瑪莉#東京#奧運#期待喔",131,0,"['超級瑪莉', 'santini義大利專業自行車服', '期待喔', '東京', '台北', '奧運', '雨天']"
81,2017-05-05 22:03:05,"前方的道路 有時清晰 有時迷惘 
路途上四通八達 ，用啥麼樣的方式抵達目標真的是一門學問，人生的路途上還有好多事情要學習。
#不是別人奸詐是自己單純
#保持初衷
#相信一切都有最好的安排
#朝著人生的目標走去
#ZIV運動型太陽眼鏡",252,3,"['保持初衷', '相信一切都有最好的安排', '不是別人奸詐是自己單純', '朝著人生的目標走去', 'ZIV運動型太陽眼鏡']"
82,2017-05-03 17:38:18,"朝著堅定的目標向前走，沒有指標可以告訴妳哪個方向是正確的，只有跟著心的感覺走。
#心的方向#歡喜#塗鴉#力量#找尋#目標",124,0,"['心的方向', '找尋', '力量', '歡喜', '塗鴉', '目標']"
83,2017-05-02 15:00:27,"泳池畔的鹹蛋超人
#知本老爺酒店 #鹹蛋超人#東台灣#休息是為了走更長的路",131,1,"['東台灣', '鹹蛋超人', '休息是為了走更長的路', '知本老爺酒店']"
84,2017-05-01 16:34:19,"夢想的小貨車
#貨車 USA#texas #小鎮#旅遊",84,0,"['小鎮', 'texas', '貨車', '旅遊']"
85,2017-04-29 09:51:17,"IFEELU嗯哼～😆😆😆
#austin #車#跑車",98,0,"['跑車', '車', 'austin']"
86,2017-04-29 09:07:46,"鐵人洗車工😄😄
#texas #travels #lifestyle #display #舞工#sexfish #性感小魚😆😆😆",106,0,"['travels', 'sexfish', 'texas', '舞工', '性感小魚', 'display', 'lifestyle']"
87,2017-04-26 06:57:21,"In-N-Out-Burger
#travels #texas #burgers",142,10,"['texas', 'travels', 'burgers']"
88,2017-04-26 05:10:12,"Sunday in Austin 😆
#US#texas #swimming pool #outdoor #travels #lifestyle ilovemylife #lifestyle",90,0,"['travels', 'US', 'texas', 'swimming', 'outdoor', 'lifestyle']"
89,2017-04-22 08:00:15,#ironmantri #ironman #lifestyle #ironmantexas #58#twn#taipei#2017ironmantex,192,2,"['ironmantri', 'ironman', '2017ironmantex', 'taipei', 'ironmantexas', 'lifestyle', '58', 'twn']"
90,2017-04-21 08:51:23,"IRONMANTX Two days to go
#ironman #Imtx#德州#天氣好熱 #taiwan#taipei",228,10,"['ironman', 'Imtx', 'taipei', 'taiwan', '天氣好熱', '德州']"
91,2017-04-19 00:49:27,"跑步機恰恰😆😆😆
#lifestyle #ilovemylife #ironman #IRONMANTexas#IRONMANTAIWAN",105,1,"['ironman', 'ilovemylife', 'IRONMANTAIWAN', 'lifestyle', 'IRONMANTexas']"
92,2017-04-15 16:41:20,"雷茶 清肝降火
#santini義大利專業自行車服 #香港 #彩虹衫 #香港 #2017場地單車世界錦標賽 #古早味#青草茶#苦茶
#香港的吃",181,4,"['彩虹衫', '古早味', 'santini義大利專業自行車服', '香港的吃', '苦茶', '2017場地單車世界錦標賽', '香港', '青草茶']"
93,2017-04-14 18:06:41,#單車#2017場地單車世界錦標賽 世界錦標賽#香港#場地賽#santini義大利專業自行車服#彩虹衫,123,0,"['彩虹衫', 'santini義大利專業自行車服', '香港', '場地賽', '2017場地單車世界錦標賽', '單車']"
94,2017-04-09 23:00:51,咖啡蛋糕與週日完美的搭配😬#lifestyle #ilovemylife #漸入佳境,99,5,"['ilovemylife', '漸入佳境', 'lifestyle']"
95,2017-04-02 23:32:39,"新營國小傑出校友
#我#我以我的母校為榮#新營國小#百年校慶#傑出校友",141,6,"['我', '百年校慶', '我以我的母校為榮', '新營國小', '傑出校友']"
96,2017-04-01 23:59:31,#坪林#重機#自行車#吹冷風#爬坡#like4like #lifestyle #santini #ok蹦#二輪,135,1,"['吹冷風', '二輪', 'santini', 'ok蹦', 'like4like', '重機', 'lifestyle', '自行車', '坪林', '爬坡']"
97,2017-03-30 09:52:49,#疤痕#記憶#清除#一勞永逸#沒在怕#不能碰水一週#太難了#縫好醜很害怕,82,1,"['不能碰水一週', '記憶', '太難了', '沒在怕', '疤痕', '一勞永逸', '縫好醜很害怕', '清除']"
98,2017-03-29 18:43:04,短髮#韓風#方便#帥氣#爽,156,8,"['爽', '帥氣', '方便', '韓風']"
99,2017-03-28 23:35:46,"才做一下就被問是不是當兵的.......
軍人髮型是可以留這麼可愛的嗎！？
#迪卡儂#逛#遊樂場#好玩",170,7,"['遊樂場', '逛', '好玩', '迪卡儂']"
100,2017-03-27 18:46:45,"#taipeibicycleshow  #santini 
展覽場簽名初體驗",152,5,"['santini', 'taipeibicycleshow']"
101,2017-03-26 22:52:20,"換個髮型人都不殺了
#這樣怎麼出來混#運動員轉文青#該剃光頭了😆",130,8,"['運動員轉文青', '該剃光頭了', '這樣怎麼出來混']"
102,2017-03-24 15:39:27,Taipei Cycle  #ziv,132,7,['ziv']
103,2017-03-23 14:05:02,"Taiwan Bicycle Show
#santini #taipeibicycleshow",112,2,"['santini', 'taipeibicycleshow']"
104,2017-03-19 20:56:38,"IRONMAN70.3TAIWAN
Is not my day 
記取每次的失敗，經驗是人生最寶貴的禮物，凡事總有第一次，我會好好的記得。",230,14,[]
105,2017-03-18 20:11:41,"IRONMANTAIWAN 
今年積分賽首戰從IRONMAN70.3TAIWAN開始
#鐵人魂#太陽剛#鐵人夢#太夢幻#鐵人#燃燒生命熱力的人#加油",196,6,"['太陽剛', '鐵人', '燃燒生命熱力的人', '鐵人魂', '太夢幻', '加油', '鐵人夢']"
106,2017-03-18 20:06:30,"#IRONMAN70.3TAIWAN
鐵人魂從515開始！",162,4,['IRONMAN70']
107,2017-03-15 23:06:53,We miss you 😘 #ironmantaiwan #台東#鐵人三項#taiwan #台11線 #東台灣,101,9,"['東台灣', 'ironmantaiwan', '台東', '台11線', 'taiwan', '鐵人三項']"
108,2017-03-04 03:54:10,"The last training 
Just Ride it!
All the training partners are great triathlon athletes  #hardwork everyday together💪  #選手的友誼#🇪🇸#拜拜#istimetogohome#stronger #thankful #taipei",77,5,"['istimetogohome', 'thankful', 'taipei', 'hardwork', 'stronger', '拜拜', '選手的友誼']"
109,2017-02-24 05:00:36,"珍惜每次訓練的時刻 ！
#西班牙 #mylife#hardwork #ironmantraining #ironmantaiwan #stronger #bikes#neverquit#spain#santsatvador",134,11,"['neverquit', 'ironmantaiwan', 'ironmantraining', 'mylife', 'bikes', 'santsatvador', 'hardwork', 'stronger', 'spain', '西班牙']"
110,2017-02-22 05:03:18,"是門裡還是門外？
#半天假#咖啡#蛋糕#hardwors#陽光#西班牙",119,1,"['半天假', '陽光', 'hardwors', '咖啡', '蛋糕', '西班牙']"
111,2017-02-19 04:47:21,"Getting better and stronger
#hardworkworks#tracksession#ironmantraining #ironmanwon #ironmantaiwan#西班牙#800m",127,3,"['hardworkworks', 'ironmantraining', 'ironmantaiwan', 'tracksession', '800m', 'ironmanwon', '西班牙']"
112,2017-02-17 02:31:47,"Another day on the bike
Work with professional athletes
 Every training is great
#hardworkworks#professionalathlete#西班牙#歐洲移地訓練#ironmantaiwan#ironman #ironmantraining#triathlon",145,0,"['hardworkworks', 'ironmantaiwan', 'ironman', 'ironmantraining', 'professionalathlete', 'triathlon', '歐洲移地訓練', '西班牙']"
113,2017-02-14 01:08:12,"西班牙的每一扇門都好有特色
#門#西班牙#ceepo#bike#hardwork #Professionalathletes#lifestyle",108,1,"['門', 'Professionalathletes', 'hardwork', 'lifestyle', 'ceepo', 'bike', '西班牙']"
114,2017-02-13 02:02:17,"是情人節快到了嗎？
#很冷最好是穿的出門😆#西班牙#週末#長距離#ceepo#hardwork #",118,1,"['長距離', 'hardwork', '很冷最好是穿的出門', '週末', 'ceepo', '西班牙']"
115,2017-02-12 03:25:18,"歐洲的的美來自於歷史與建築
每一扇門每一扇窗，都深深吸引我的目光。
#教堂#西班牙#neverforget #ceepokatana#ceepo#2017#hardwork",110,6,"['neverforget', '教堂', '西班牙', 'hardwork', '2017', 'ceepo', 'ceepokatana']"
116,2017-02-10 15:56:09,"長棍麵包與自行車的日子😁
#西班牙#hardwork #ironmantraining",136,8,"['hardwork', 'ironmantraining', '西班牙']"
117,2017-02-06 16:31:00,"西班牙的黃昏粉紅色的天空
#窗外風景#西班牙#hardwork #life #2017",110,3,"['窗外風景', 'hardwork', 'life', '2017', '西班牙']"
118,2017-02-04 04:48:11,"西班牙移地訓練
每一扇門後都有不同的人生故事
來自不同的國家講著不同的語言
卻有著相同的目標一同努力著
緣分就是這麼的神奇的
走到哪都有鐵人照顧
感覺幸運😆
#街道#西班牙#訓練#正向的力量#hardwork #感謝",147,1,"['街道', '訓練', '正向的力量', '感謝', 'hardwork', '西班牙']"
119,2017-02-02 17:19:26,"西班牙壽司之夜
#hardwork #移地訓練#鐵人三項ironman #壽司#西班牙",80,2,"['移地訓練', 'hardwork', '壽司', '鐵人三項ironman', '西班牙']"
120,2017-01-25 00:46:02,"台北冬季=雨季 
#taipeilife #triathlete #indoorcycle #鐵人訓練中 #hardwork #2017top10",127,5,"['indoorcycle', 'taipeilife', '2017top10', 'hardwork', 'triathlete', '鐵人訓練中']"
121,2017-01-22 09:07:16,"星期天all you can swim😆
#橫著游#躺著游#任你游😆#游到不要不要的#游泳#星期天#暗黑出發#鐵人訓練中",122,1,"['任你游', '鐵人訓練中', '暗黑出發', '躺著游', '游到不要不要的', '游泳', '星期天', '橫著游']"
122,2017-01-12 23:10:43,"假日的銀座街頭行人專用
#假期#日本#銀座#散步#悠閒#東京",71,2,"['散步', '日本', '假期', '東京', '悠閒', '銀座']"
123,2017-01-08 22:53:58,"這是一種冷屎都要逛的概念
#傘#行#走#看#吃",108,3,"['走', '看', '吃', '傘', '行']"
124,2017-01-08 18:06:38,"早晨的咖啡香～是如此的接近～
#咖啡#肯亞#早晨#轉角",86,4,"['轉角', '咖啡', '肯亞', '早晨']"
125,2017-01-07 20:14:55,"皇居20公里初體驗
#人好多#跑就對#低溫不是我的菜#皇居散歩",85,2,"['低溫不是我的菜', '人好多', '皇居散歩', '跑就對']"
126,2017-01-05 23:09:49,"水溫30度真是游泳的天堂
終於不用游到一半冷到落荒而逃，熱呼呼的游完5000m的好舒服～開心
#EMBA的CEO們都好認真
#30度好棒棒
#有人游到整個人快熟了
#2017鐵人們都開工訓練了
#公館刮包好好吃
#有人內褲弔仔地上好好笑",163,1,"['有人內褲弔仔地上好好笑', '有人游到整個人快熟了', '公館刮包好好吃', 'EMBA的CEO們都好認真', '30度好棒棒', '2017鐵人們都開工訓練了']"
127,2017-01-04 17:01:30,"老朋友吃飯吧～愛妳們啦😘
#love #支持#2017都是大老闆",113,3,"['支持', '2017都是大老闆', 'love']"
128,2017-01-03 14:04:41,"迎向2017台灣市府開場影片
#三立都會台#taipei #2017#三鐵一姐#李筱瑜#鐵人#電視TV",52,0,"['鐵人', '電視TV', '三鐵一姐', 'taipei', '李筱瑜', '三立都會台', '2017']"
129,2017-01-02 13:09:54,"第一次站在市府前跨年 
一路走來的辛苦在此刻特別的有感覺。
#淚水在眼眶#感恩有你們 #夏威夷世界冠軍賽 #鐵人三項 #2017Top10 #Taipei#taipei101#台北市政府#2017#世界大學運動會在台灣#Taiwan #台灣運動之光#奧運選手#羽球選手周天成#舉重選手許淑淨#職棒選手陽岱鋼#台灣跑最快的男人楊俊瀚#神射手熊梅茜#鐵人三項職業選手李筱瑜#亞洲一姐李筱瑜",84,0,"['台灣運動之光', '世界大學運動會在台灣', '台北市政府', '鐵人三項', '鐵人三項職業選手李筱瑜', '奧運選手', 'Taipei', 'taipei101', '感恩有你們', 'Taiwan', '職棒選手陽岱鋼', '2017Top10', '神射手熊梅茜', '台灣跑最快的男人楊俊瀚', '舉重選手許淑淨', '2017', '夏威夷世界冠軍賽', '亞洲一姐李筱瑜', '羽球選手周天成', '淚水在眼眶']"
130,2017-01-01 03:06:09,"2017新年快樂
感謝2016年一切的好壞我都欣然接受，我相信每次的磨練，都將讓我們身心靈都更加的成長與圓滿，更堅強更堅定的朝著目標前進！
愛與珍惜身旁的家人朋友們！
謝謝你們！
#愛永遠不會變
#擁抱
#世界大學運動會在台灣
#台灣運動之光
#台北#台灣人#台灣#跨年#倒數#台上風光#煙火#前景#艱辛#沒有問題#看著我#我會努力#40歲😳#小短腿#走出自己的路#累#目標#堅持#為自己的所愛#2017 10月等待#靈魂
#鐵人三項
#2017Top10
#夏威夷世界冠軍賽
#亞洲鐵人一姐李筱瑜
#lishiaoyu",106,0,"['擁抱', '台灣人', '沒有問題', '台灣運動之光', '跨年', '世界大學運動會在台灣', '我會努力', '靈魂', '亞洲鐵人一姐李筱瑜', '前景', '為自己的所愛', '40歲', '鐵人三項', '累', '2017Top10', '目標', 'lishiaoyu', '走出自己的路', '倒數', '2017', '愛永遠不會變', '台灣', '夏威夷世界冠軍賽', '台上風光', '台北', '艱辛', '煙火', '小短腿', '看著我', '堅持']"
131,2016-12-30 23:34:02,"2016年台北市政府跨年晚會就是明天囉！我會在台上和大家一起倒數計時喔！！請大家務必穿暖和，帶著我們對2016的感恩， 一起在倒數計時中許下2017年的新願望！！！ ＃謝謝精彩的2016年
＃謝謝每一位支持我的朋友
＃我不是壓軸歌手不會有情歌對唱的橋段
＃來看煙火許願吧",107,1,[]
132,2016-12-30 12:07:10,早晨再怎麼睡不飽都要爬起來跟越野女神練習.....（只是慢跑我可以😆）#睡不飽#天好黑#跑就對了#越野女神RUTh#跑步話好多二人組#是空姐還是運動員一直飛來飛去耶,147,0,"['跑就對了', '天好黑', '睡不飽', '是空姐還是運動員一直飛來飛去耶', '越野女神RUTh', '跑步話好多二人組']"
133,2016-12-29 09:45:18,"精彩的2016年
獲選亞洲最佳長距離職業女子運動員
#三鐵一姐#lishiaoyu#鐵人三項#226 #kona#不設限就沒有極限",107,1,"['226', 'kona', 'lishiaoyu', '三鐵一姐', '不設限就沒有極限', '鐵人三項']"
134,2016-12-15 23:52:50,"訂製三鐵服豹紋路線
#Santini#專業自行車服#三鐵服#義大利手工訂製#三鐵一姐李筱瑜 #職業女鐵人 #IRONMAN #初心",169,0,"['專業自行車服', '職業女鐵人', '三鐵服', '義大利手工訂製', 'Santini', 'IRONMAN', '初心', '三鐵一姐李筱瑜']"
135,2016-12-07 20:33:30,"2002亞洲健美錦標賽歲月啊⋯⋯
#健美#第一次也是最後一次#人生就是啥麼都要試#擺姿勢好難#我真的不壯#鐵人比較適合我#我不愛舉啞鈴😆",193,11,"['鐵人比較適合我', '我真的不壯', '我不愛舉啞鈴', '擺姿勢好難', '第一次也是最後一次', '健美', '人生就是啥麼都要試']"
136,2016-12-02 10:30:45,"國家地理華人探險家論壇
突破極限中尋找和挑戰自我
#松山文創園區#國家地理雜誌中文版#國家地理雜誌 #鐵人三項#三鐵一姐李筱瑜#IRONMAN#職業女鐵人#初心",100,0,"['職業女鐵人', '松山文創園區', '國家地理雜誌中文版', '國家地理雜誌', 'IRONMAN', '初心', '鐵人三項', '三鐵一姐李筱瑜']"
137,2016-11-28 13:52:42,"Pure x Alessandro Sigismondi:

Stretch to release tension in body and mind.
#ThePureEmotion #PureDetermination #AHHH #PureYoga #yoga #determination",116,1,"['determination', 'PureYoga', 'ThePureEmotion', 'AHHH', 'yoga', 'PureDetermination']"
138,2016-11-27 22:55:42,"謝謝國家地理雜誌肯定我們的努力，獲得2016華人探險家的殊榮，今年只有三位女性得主，覺得倍受鼓勵也很感動其他兩位多年來的堅持和膽識！

不斷地探索未知、挑戰不可能，就能一步一步完成目標，也更有機會幫助更多人！大家一起用勇氣和智慧來成為自己生命的探險家吧！
#國家地理雜誌#2016華人探險家
鐵人三項#三鐵一姐#初心",135,0,"['初心', '國家地理雜誌', '三鐵一姐', '2016華人探險家']"
139,2016-11-25 12:46:43,Photo shoot  #santini #豹紋鐵人衣#鐵人三項#ziv運動型太陽眼鏡#是豹貓😆,121,0,"['是豹貓', 'santini', 'ziv運動型太陽眼鏡', '豹紋鐵人衣', '鐵人三項']"
140,2016-11-11 18:35:58,"準備好了燃燒吧烈日
#ironmanmalaysia #ceepobikes #三鐵一姐李筱瑜 #11/12來吧！#TWN",157,5,"['ironmanmalaysia', '11', 'ceepobikes', 'TWN', '三鐵一姐李筱瑜']"
141,2016-11-11 18:32:53,"鐵人賽前熱身活動
#ironmanmalaysia #ironmankids",114,1,"['ironmankids', 'ironmanmalaysia']"
142,2016-11-10 17:37:39,"國家地理華人探險家
跨出超越自己的那一步
#初心 #ironmanmalaysia #國家地理雜誌#ironmankona#226#富邦文教基金#santini#ziv#dwdtriathlon #ceepobikes #三鐵一姐李筱瑜#lishiaoyu",138,1,"['226', 'ziv', 'lishiaoyu', 'ironmanmalaysia', 'santini', '富邦文教基金', '國家地理雜誌', 'dwdtriathlon', 'ironmankona', '初心', 'ceepobikes', '三鐵一姐李筱瑜']"
143,2016-11-05 23:04:28,"台北教育大學田徑場
#無止境的轉圈#226 #初心 #台灣人 #耐心堅持與毅力",188,1,"['226', '台灣人', '無止境的轉圈', '初心', '耐心堅持與毅力']"
144,2016-11-02 22:02:57,"國家地理
#2016華人探險家論壇#nationalgeographicmagazine#ironman#三鐵一姐#李筱瑜lishiaoyu#堅持到底永不放棄#耐心堅持與毅力#熱情#226#台灣人#職業女鐵人",100,2,"['堅持到底永不放棄', '226', '李筱瑜lishiaoyu', '台灣人', 'ironman', '職業女鐵人', '2016華人探險家論壇', '三鐵一姐', '熱情', 'nationalgeographicmagazine', '耐心堅持與毅力']"
145,2016-10-30 23:09:08,每年的粉紅十月全球乳癌防治月，我們綐會見面 - 感謝三䥫一姐李筱瑜、經紀人Trisha Chen連著二年來幫忙，為公益募款貢獻心力。也感謝今天指導粉紅公益跑者瑜珈的Una Chan老師。同時更感謝所有參與的朋友、客戶、贊助商品木宣言和雅詩蘭黛以及所有工作人員。Chloe Chen、Hurk Chang，今年粉紅十月活動圓滿結束。#粉紅十月乳癌防治月#雅詩蘭黛#木宣言#pure#是運動也是感動#女人要更愛自己,78,0,"['pure', '雅詩蘭黛', '女人要更愛自己', '木宣言', '粉紅十月乳癌防治月', '是運動也是感動']"
146,2016-10-27 22:22:56,Hard work every day😆😆#ironmantraining #phuket #ironmanmalaysia,116,0,"['phuket', 'ironmantraining', 'ironmanmalaysia']"
147,2016-10-13 21:45:29,"普吉島鐵人訓練日
#ironmanmalaysia #初心 #回到最初的訓練地 #李筱瑜 #亞洲三鐵一姐李筱瑜 #shiaoyuli#thanyapuraphuket #三鐵一姐 #ceepokatana#台灣一姐#kona#",130,0,"['回到最初的訓練地', 'kona', '亞洲三鐵一姐李筱瑜', 'thanyapuraphuket', 'ironmanmalaysia', 'shiaoyuli', '三鐵一姐', '李筱瑜', '台灣一姐', '初心', 'ceepokatana']"
148,2016-10-10 22:33:07,"選手的補給不能等😆😆😆
#恆星單車#披薩#雨天",191,8,"['恆星單車', '披薩', '雨天']"
149,2016-10-07 19:30:53,"明後兩天很榮幸受台東知本老爺飯店的邀請來演講與馬拉松路跑活動，颱風的影響我們的班機在空中盤旋了一會才下降.......在風雨中依然壯麗的台東，我們風雨無阻的來了，大家明天見！！
#台東知本老爺飯店
#知本老爺義文講座",176,0,"['台東知本老爺飯店', '知本老爺義文講座']"
150,2016-10-06 12:50:55,"停 空 想 聲音 靜止。
#下一站#起點#終點#原點",156,5,"['起點', '下一站', '終點', '原點']"
151,2016-10-05 23:41:12,#2017IRONMAN#seeyounextyear,100,1,"['2017IRONMAN', 'seeyounextyear']"
152,2016-10-03 22:20:44,"澎湖的夕陽大自然的色彩 怎麼拍都好看！
#純真#跑步#孩子辛苦你了😆#IMTAIWAN#休息日#澎湖好棒棒",152,4,"['休息日', '跑步', 'IMTAIWAN', '澎湖好棒棒', '孩子辛苦你了', '純真']"
153,2016-10-02 20:59:54,"相當精彩的一天充滿炙熱的回憶😁澎湖好樣的！謝謝大家的支持！
#IMTAIWAN 
#富邦文教基金會
#Ziv專業型運動太陽眼鏡
#CeepoTriathlonBike
#Santini義大利自行車服
#Rotor
#Asics
#Waypoint
#臺北市松山運動中心
#恆星單車
#FirdayBikefit
#PureYogaTaiwan
#DWDTriathlon休閒鐵人社團
#DVTT醫聲論壇鐵人隊
#李筱瑜官方後援會",212,9,"['恆星單車', '富邦文教基金會', 'Waypoint', '臺北市松山運動中心', 'FirdayBikefit', '李筱瑜官方後援會', 'CeepoTriathlonBike', 'Rotor', 'Santini義大利自行車服', 'Asics', 'PureYogaTaiwan', 'DWDTriathlon休閒鐵人社團', 'IMTAIWAN', 'DVTT醫聲論壇鐵人隊', 'Ziv專業型運動太陽眼鏡']"
154,2016-10-01 19:06:58,#IMTAIWAN #PRONO31 #ceepobikes #ZIV運動型太陽眼鏡 #三鐵一姐 #GOTAIWAN!!,130,0,"['三鐵一姐', 'GOTAIWAN', 'PRONO31', 'ZIV運動型太陽眼鏡', 'ceepobikes', 'IMTAIWAN']"
155,2016-09-30 15:08:13,"大家報到了嗎！？
IRONMAN TAIWAN報到完成 選手編號31號！
#IMTAIWAN #IRONMANPENGHU鐵人三項#三鐵一姐#ZIV運動型太陽眼鏡#ceepobikes",147,1,"['IRONMANPENGHU鐵人三項', '三鐵一姐', 'ZIV運動型太陽眼鏡', 'ceepobikes', 'IMTAIWAN']"
156,2016-09-27 20:27:05,"轉角遇到滑步車！
#就愛小車#颱風天#非騎不可#腿短推較快",144,0,"['非騎不可', '颱風天', '腿短推較快', '就愛小車']"
157,2016-09-24 20:27:35,"跑吧！奔跑吧！
#IMTAIWAN #快與慢的心境#保持初衷#2017準備啟動#香港purefintess",162,0,"['保持初衷', '2017準備啟動', '香港purefintess', 'IMTAIWAN', '快與慢的心境']"
158,2016-09-24 16:57:12,"迷克夏珍珠好吃喔⋯⋯就這樣天天迷惑我的心
#IMTAIWAN#迷克夏#腦波很弱#上癮",106,0,"['腦波很弱', 'IMTAIWAN', '迷克夏', '上癮']"
159,2016-09-22 17:38:21,"公視
世界這YOUNG說
#做就對了#命運掌握在自己手上#用嘴說不如行動去做#開始了就不要放棄#起點終點#學習與痛苦相處#公視世界這YOUNG說",155,1,"['開始了就不要放棄', '起點終點', '學習與痛苦相處', '用嘴說不如行動去做', '做就對了', '公視世界這YOUNG說', '命運掌握在自己手上']"
160,2016-09-20 18:50:27,"專注每一次的訓練
#IMTAIWAN",164,0,['IMTAIWAN']
161,2016-09-19 22:04:17,"外婆的澎湖灣 
烈日 強風 都是我的最愛
##IMTAIWAN#ceepobikes",179,1,"['ceepobikes', 'IMTAIWAN']"
162,2016-09-10 22:25:34,"雨中的106.平溪.福隆.石碇.台北.
別有一番風味。
#IRONMANTAIWAN #雨#上坡10首歌#熟悉的感覺 #5小時的雨#洗淨一身的塵埃#重生",164,6,"['上坡10首歌', '5小時的雨', '重生', 'IRONMANTAIWAN', '雨', '熟悉的感覺', '洗淨一身的塵埃']"
163,2016-09-09 19:26:00,"鐵人實境秀
訓練 生活 態度 鐵人
#鐵人在訓練與工作的路上#鐵人瘋#實境秀是來真的#藝人變身鐵人#鐵人訓練不是開玩笑的😁#沒有痠痛哪裡來的成績#督促自己#逼到極限突破極限",133,0,"['實境秀是來真的', '鐵人訓練不是開玩笑的', '沒有痠痛哪裡來的成績', '藝人變身鐵人', '逼到極限突破極限', '鐵人瘋', '鐵人在訓練與工作的路上', '督促自己']"
164,2016-09-05 22:32:43,"台大EMBA大三鐵兩岸鐵人齊聚！

#山不在高3275只是數字#鐵人車也是爬坡利器#使出渾身吃奶之力#信念#堅持到底成就一切#心定即是禪定#殘念是最好的激勵明年再來喔～",135,0,"['堅持到底成就一切', '鐵人車也是爬坡利器', '山不在高3275只是數字', '殘念是最好的激勵明年再來喔', '信念', '心定即是禪定', '使出渾身吃奶之力']"
165,2016-09-02 19:23:13,"北風大叔
訓練的路程上還好有您們！
風不止 腳不停 熱血沸騰！
#承受孤獨 #知足感恩 #鐵人訓練永無止境 #北風團#2017 kona #IRONMANTaiwan",91,0,"['承受孤獨', '北風團', '知足感恩', '鐵人訓練永無止境', '2017', 'IRONMANTaiwan']"
166,2016-08-20 08:52:23,"志賀高原
猶如巨大的磁場，吸引了來自世界各國的運動員。
#鐵人三項#IRONMANTAIWAN#堅持是為了看見更好的自己 #生命的價值",117,4,"['鐵人三項', 'IRONMANTAIWAN', '生命的價值', '堅持是為了看見更好的自己']"
167,2016-08-15 20:49:15,#三鐵一姐 #IRONMANTAIWAN #夢想的達成沒有捷徑#小短腿來了#遇強則強#鐵人訓練永無止境#承受孤獨#寧靜#山野#熊來了,113,0,"['承受孤獨', 'IRONMANTAIWAN', '熊來了', '寧靜', '三鐵一姐', '夢想的達成沒有捷徑', '山野', '遇強則強', '鐵人訓練永無止境', '小短腿來了']"
168,2016-08-05 19:55:49,"2175志賀高原50日圓水蜜桃
#IRONMANTAIWAN",77,2,['IRONMANTAIWAN']
169,2016-07-31 12:15:37,"動與靜
#pureyoga #熱瑜伽#改變由內而外#吃素等我開悟#筋骨越硬腦子也硬#折到變慈眉善目#水腫也是一種美",138,3,"['熱瑜伽', '吃素等我開悟', '筋骨越硬腦子也硬', '水腫也是一種美', '折到變慈眉善目', '改變由內而外', 'pureyoga']"
170,2016-07-19 22:44:54,"我愛夏天！
#ironmantaiwan #ironmantriathlon #ceepotriathlonbikes #santini #ziv運動型太陽眼鏡#IRONMANTAIWAN",158,2,"['ironmantaiwan', 'santini', 'ziv運動型太陽眼鏡', 'IRONMANTAIWAN', 'ironmantriathlon', 'ceepotriathlonbikes']"
171,2016-07-16 10:14:45,#challengetaiwan#人生總是留下點啥麼#沒有痛苦哪來的收穫#感恩我所擁有的一切#付出才有收穫#堅持不一定成功但不堅持哪來的收穫,154,2,"['堅持不一定成功但不堅持哪來的收穫', '人生總是留下點啥麼', '感恩我所擁有的一切', '沒有痛苦哪來的收穫', 'challengetaiwan', '付出才有收穫']"
172,2016-07-15 19:34:22,"日本鐵人雜誌專訪
#ironmanmagazine #lumina #ironmantaiwan #ceepotriathlonbikes #ziv運動型太陽眼鏡 
#ironmanjapan #kona",110,2,"['ironmanmagazine', 'kona', 'ironmantaiwan', 'lumina', 'ziv運動型太陽眼鏡', 'ironmanjapan', 'ceepotriathlonbikes']"
173,2016-07-13 22:10:16,"久違的間歇跑！
#開啟速度的大門#50趟#義氣是跑出來的#汗水是用噴的兄弟#台北田徑場💨 謝謝大家的加油",100,2,"['開啟速度的大門', '汗水是用噴的兄弟', '義氣是跑出來的', '台北田徑場', '50趟']"
174,2016-07-10 04:51:43,"往前不斷的向前 永遠有更遠大的目標等著我們去完成！
#回到基礎#重訓我不愛#六塊肌很難嗎#冠軍我愛你抱緊緊#繼續努力 #除了感激我無法再有別的語言",100,0,"['六塊肌很難嗎', '回到基礎', '重訓我不愛', '除了感激我無法再有別的語言', '繼續努力', '冠軍我愛你抱緊緊']"
175,2016-06-27 22:28:06,"終點起點重新❤️開始！
#游到呆掉#游到世界的盡頭#居然游錯課表",116,5,"['居然游錯課表', '游到呆掉', '游到世界的盡頭']"
176,2016-06-21 19:52:38,"韓國汗真浴初體驗
#滿地的玫瑰鹽#擦背#海景#放鬆#豬骨湯#小旅行",91,5,"['小旅行', '滿地的玫瑰鹽', '豬骨湯', '海景', '擦背', '放鬆']"
177,2016-06-18 10:09:25,"#IRONMAN70.3 #BUSAN #TAIWAN TEAM! 
#korea #釜山 #taiwan #ironman #ironmankorea #🇰🇷",117,2,"['BUSAN', 'ironman', 'korea', 'TAIWAN', '釜山', 'ironmankorea', 'taiwan', 'IRONMAN70']"
178,2016-06-14 22:38:49,"Success is walking from failure to failure with no loss of enthusiasm.
成功是百屈不撓後依然不失熱情。
#不怕困難只怕不夠努力 #堅持信念夢想實現 #過程與結果 #堅持與歷練 #繼續前進",127,1,"['堅持與歷練', '堅持信念夢想實現', '過程與結果', '繼續前進', '不怕困難只怕不夠努力']"
179,2016-06-13 14:38:10,"中部機場IRONMAN 
#每步都算數 #堅持與歷練 #我愛強勁的對手#過程與結果 #堅持信念夢想實現 #不怕困難只怕不夠努力",142,5,"['每步都算數', '堅持與歷練', '堅持信念夢想實現', '過程與結果', '我愛強勁的對手', '不怕困難只怕不夠努力']"
180,2016-06-09 22:43:34,"日本中部機場70.3到著^_^
#日本中部機場703IRONMAN #我愛名古屋#啥麼都好吃#TOYOKOINN每年都來住#一切比照去年就好",96,2,"['TOYOKOINN每年都來住', '啥麼都好吃', '日本中部機場703IRONMAN', '我愛名古屋', '一切比照去年就好']"
181,2016-06-08 22:16:21,"怎麼跑個步背肌賁張成這樣！
#姐真的沒練重量#我真的沒看起來那麼壯#我是鐵人不是鋼鐵人#我不是先生好嗎#是溫柔不是娘#跑步吧我的愛",91,2,"['我真的沒看起來那麼壯', '姐真的沒練重量', '我不是先生好嗎', '跑步吧我的愛', '是溫柔不是娘', '我是鐵人不是鋼鐵人']"
182,2016-06-02 00:11:08,"游出封鎖線夏日就是要泡水
#沒游到流汗不算是練習#有人一起練真好#鐵人三項 #ironman#三鐵一姐#游進一小內",86,2,"['ironman', '有人一起練真好', '沒游到流汗不算是練習', '三鐵一姐', '游進一小內', '鐵人三項']"
183,2016-05-25 23:01:37,"夏天快來吧！！！！
#是不是夏天身材自然會變好#心無旁騖的年紀#奔跑的心#該來練ㄧ練炫腹肌了#要起飛了",134,4,"['是不是夏天身材自然會變好', '心無旁騖的年紀', '要起飛了', '奔跑的心', '該來練ㄧ練炫腹肌了']"
184,2016-05-13 12:41:45,"鐵人夏天都穿絲襪來著……
#天然的最好#我愛夏天# it was may#需要美甲一下#思念是一種病xD",69,3,"['需要美甲一下', '天然的最好', '思念是一種病xD', '我愛夏天']"
185,2016-05-08 19:04:33,"Challenge Taiwan 母親節快樂
#特別想起媽媽的日子#有妳所以才有我#持續努力 #辛苦但一切都是值得的#我一直都在#冠軍留台灣",94,3,"['我一直都在', '辛苦但一切都是值得的', '有妳所以才有我', '特別想起媽媽的日子', '持續努力', '冠軍留台灣']"
186,2016-05-07 21:58:29,"Challenge Taiwan冠軍留台灣!!
一路走來有太多的感謝！
#challengetaiwan ##ceepobikes #ziv運動型太陽眼鏡 #santini  #富邦文教基金會#感恩的心 #持續努力#說到做到💪 #一分耕耘一分收穫 #我一直都會在｜",134,2,"['富邦文教基金會', 'santini', 'ziv運動型太陽眼鏡', '說到做到', 'challengetaiwan', '感恩的心', '一分耕耘一分收穫', '持續努力', 'ceepobikes', '我一直都會在']"
187,2016-05-05 18:49:51,"Challenge Taiwan 
3800m的線感覺好遠要游兩圈！！
#challengetaiwan #線感覺有點遠...#我是魚我是魚#我是鐵人 #我的最愛不會改變",72,0,"['我是魚我是魚', '線感覺有點遠', 'challengetaiwan', '我的最愛不會改變', '我是鐵人']"
188,2016-05-04 23:33:37,"Santini環義系列車服！！
#santini #閃亮#舒適#穿帥帥是否會騎比較快#ziv運動型太陽眼鏡#我的最愛",64,1,"['穿帥帥是否會騎比較快', '舒適', '我的最愛', 'santini', 'ziv運動型太陽眼鏡', '閃亮']"
189,2016-05-04 21:45:44,"Challenge Taiwan 
人生就是要不停的挑戰不停的蛻變！！
#challengetaiwan #怎麼都是老外啊#比就對了 #一年是要來台東幾次#桂田酒店游泳池好棒#我愛台東",48,0,"['一年是要來台東幾次', 'challengetaiwan', '怎麼都是老外啊', '比就對了', '我愛台東', '桂田酒店游泳池好棒']"
190,2016-05-02 22:14:04,"不愛游泳前的掙扎…但喜歡游完泳的舒爽！！
#游就對了#衣服鬆了…#游泳好餓#怎麼游怎麼沉…#3800m一小時完成很難嗎！#凡事做就對了 #illmissyou",71,1,"['illmissyou', '游就對了', '怎麼游怎麼沉', '衣服鬆了', '3800m一小時完成很難嗎', '游泳好餓', '凡事做就對了']"
191,2016-04-24 00:41:59,"往前走或停下來都是自己的選擇！
#沒有人可以#決心#堅持信念#ironman #最愛 #neverforget#lifejourney #loveforever #imwithyou",66,0,"['決心', 'imwithyou', 'ironman', 'neverforget', '沒有人可以', '堅持信念', 'lifejourney', '最愛', 'loveforever']"
192,2016-04-12 16:45:20,"日本70.3 ironman雜誌文宣
訓練追求的不只是冠軍與成績，而是在努力的過程中看見更好的自己，也讓世界看見台灣。",65,0,[]
193,2016-03-28 23:51:00,"Ironman70.3 Taiwan 
每次的比賽總有新的體驗 不斷的反省 修正與調整 精進自我 實現夢想與目標",102,9,[]
194,2016-03-18 14:29:42,訴說著過去.原本以為已經過去了，原來還是會隱隱的痛著....#殷瑗小聚節目,64,5,['殷瑗小聚節目']
195,2016-03-18 00:19:32,雨天寒流訓練的好工具！！,57,2,[]
196,2016-03-04 15:58:31,新聞挖挖哇！,47,0,[]
197,2016-01-30 17:11:16,Happy swimming :-D,52,1,[]
198,2016-01-29 02:20:07,Wow 職業自行車隊陣容龐大車隊保姆車都好酷啊！！,36,0,[]
199,2016-01-27 03:06:42,"歐洲移地訓練
陽光汗水 痠痛 夥伴 一同往目標前進！
珍惜現在  自己有多麼的幸福與幸運！

#堅持夢想 永不放棄
#ceepobikes
#taiwanese 
#ziv 
#mallorca ",72,6,"['ziv', 'mallorca', '堅持夢想', 'ceepobikes', 'taiwanese']"
200,2016-01-24 04:06:10,西班牙的夜晚有穿越時空的感覺,34,1,[]
201,2016-01-07 15:21:05,"重新回到起點!!!
#trithlon #ironman #ceepo TRIATHLON Bike#life#love#waypoint",63,3,"['ironman', 'waypoint', 'life', 'love', 'trithlon', 'ceepo']"
202,2015-12-26 21:31:08,"前進世界冠軍賽
出書小短腿來了  演講
電視錄影談論性節目 做菜節目 綜藝類型
2015年精彩的一年 感謝",60,0,[]
203,2015-12-11 20:57:48,"日本70.3IRONMAN開催 居然上網頁封面了!!!
是否該考慮去學日文往日本藝能界發展😆",52,2,[]
204,2015-12-08 12:18:28,"少康會客室訪談２０１５/12/07播出
繼續努力",62,2,[]
205,2015-12-03 14:42:58,"人生的歷練
曾幾何時變的不再害怕人群，欣然面對鏡頭顯得自信自在。

感恩這一切無論好與壞",51,6,[]
206,2015-11-20 14:14:59,松煙文創 棚拍採訪,37,0,[]
207,2015-11-10 22:17:33,墾丁 簽書會 人生總是充滿驚喜,36,0,[]
208,2015-11-08 18:34:54,"2016花蓮太魯閣路跑代言
跨過每個起點  邁向終點
期待每年都能與更好的自己相遇!!",41,0,[]
209,2015-11-06 20:55:28,"與去年的自己的相遇😆😆😆
太魯閣馬拉松代言人
威剛科技形象大使",34,0,[]
210,2015-10-29 17:23:34,臺灣夏威夷  墾丁,41,1,[]
211,2015-10-12 16:18:53,"明年我會再回來！！！
#ceepotriathlonbikes 
#taiwanese 
#ziv
#zipp 
#sram 
#li shiao yu",59,6,"['ziv', 'sram', 'li', 'zipp', 'taiwanese', 'ceepotriathlonbikes']"
212,2015-10-10 02:17:18,中西文化真是不一樣，照片嚇到我媽了！哈哈,19,1,[]
213,2015-10-09 16:12:54,夏威夷的天氣穿這樣跑就對了！！！,54,2,[]
214,2015-10-06 14:44:58,My lucky Day,44,4,[]
215,2015-10-04 11:23:15,"與世界第七名職業女子選手拍照開心
明年目標世界前十(握拳)",47,1,[]
216,2015-09-05 22:06:08,"終於面對了！！
開始游泳吧！！",24,0,[]
217,2015-08-30 01:30:35,"日本IRONMAN冠軍三連霸
感謝北海道這塊土地與背後的支持者
 更謝謝您們一路的陪伴！！",18,1,[]
218,2015-08-24 16:08:32,"Yes, let's go to Kona as a pro from Tawian!!",20,1,[]
219,2015-08-20 20:03:57,2015/8/20洞爺湖IRONMAN報到,12,1,[]
220,2015-08-17 23:24:12,只有背影還可以!?,25,0,[]
221,2015-08-07 23:08:28,"2014/8月
一年了
去年的我很低潮
不好意思讓您們耽心了
現在的我很好謝謝您們一路的陪伴",8,2,[]
222,2015-07-25 11:51:44,"起點  每次都有許多的情緒在心中翻滾
經歷的過程 與結果都是好的開始",15,0,[]
223,2015-07-20 21:04:54,"IRONMAN UK BOLTON 
PRO TOP10 2015/07/19",26,2,[]
224,2015-06-10 17:21:23,"2015/6/7 
日本70.3 IRONMAN 冠軍
外表平靜內心波濤洶湧
內心滿滿的感謝",26,0,[]
225,2015-06-01 09:23:00,Good Day,19,2,[]
226,2015-05-29 10:21:23,珍惜每個時刻!!,32,1,[]
227,2015-05-05 23:18:20,"宜蘭世界跑跑日!!!
跟自己約定明年拿冠軍!?",10,1,[]
228,2015-04-15 11:12:30,2015 TAIWAN Ironman4/12,22,1,[]
