,time,post_caption,likes,comments,tags
0,2019-12-10 15:58:01,"2019盧彥勳國際網球俱樂部冬季訓練，邁入第三星期

盧彥勳國際網球團隊，在珠海橫琴球場主辦的2019冬季訓練，本週已經邁入第三星期。

本星期又加入更多的職業選手進來，包含目前的韓國一哥 Soonwoo Kwon (KOR) 權順宇 ATP 88名；柏衍 ATP 229； 台灣新生代小將何承叡(ATP 883)；
香港台維斯盃隊員計維宇； 北京隊的主將王楚涵(ATP 940)。 本星期計有13位男子選手及6位女子選手，在盧彥勳國際網球俱樂部中，進行冬季訓練。

Player and Coach Yen-Hsun Lu (TPE) 盧彥勳 (ATP PTR 71)
Player Soonwoo Kwon (KOR) 權順宇 (ATP 88)
Player Yan Bai (CHN) 柏衍 (ATP 216)
Player Tung-Lin Wu (TPE) 吳東霖 (ATP237)
Player Tsung-Hua Yang (TPE) 楊宗樺 (ATP 291)
Player Ray Ho(TPE) 何承叡 (ATP 883)
Player Chuhan Wang (CHN) 王楚涵
Player Seong-Gook Oh (KOR) (ATP 657 Double)
Player Wai-Yu KAI (HKG) 紀維宇 
player Xian Yao ZHOU (CHN) 周顯垚 (18歲)
Player Kuan Yu CHEN (TPE) 陳觀宇 (18歲)
Player Yu-Hsiang SU (TPE) 蘇鈺翔(19歲)
Player YeHua ZHOU (CHN) 周葉華 (ITF Junior 1100，16歲)
Player 李秀媛(21歲)
Player LEE, JAESI (KOR) 李在詩 12歲
Player LEE, JAEAH (KOR) 李在雅 12歲
Player CHANG, Jun Hyuk(KOR) 張俊赫15歲
Player CHANG, WOO HYUK(KOR) 張佑赫15歲
Player Chan Wilva (HKG) 陳奕珺 11歲
Coach Danai Udomchoke (THA)
Coach Im Kyu Tae Im (KOR) 
Coach Norman Bingeser (GER)
Coach 葉弘毅 (TPE)
Coach Ramazan Nureev (RUS)
Coach 毛銘 (TPE)
 Conditioning Coach James turnbull(GBR)
Conditioning Coach 陳曉謙 （TPE）
長庚運動傷害防護師 addway(TPE) 張家維
穿線師 丹于豪 Michael Dan (TPE)
攝影師 Sunghyeon kim (KOR) Andy 金性炫
團隊管理 Thomas Lu (TPE) 盧威儒
#2019PRESeason
#心元資本
#長庚運動醫學團隊
#TEAMLu",267,0,"['長庚運動醫學團隊', 'TEAMLu', '心元資本', '2019PRESeason']"
1,2019-11-28 10:34:02,"Preseason 2019/2020 🎾🏋🏻🚴🏻‍♂️🏊🏻🧘‍♀️
⠀
Working on my comeback! 💪",617,4,[]
2,2019-09-13 23:43:04,"Amazing time in Singapore at the @foxsportsasia office, thanks to everyone involved!
. 
#Repost @jasondlp
・・・
As a fantastic, feel good @usopen closes, it brings to an end a fine season of grand slam tennis on @foxsportsasia it’s been a fun journey hasn’t it? Huge thanks to the tireless @lurendy @nollers74 @edrussell + producers @aniiruddh @bebe_lee + our super resilient & conscientious crew. Missing the brilliant @danielahantuchovaofficial @vijayamritraj007 @tamarine_tammy @samsmithtennis1 @benborghini from this pic 🙏🏼👊🏼👍🏼🎾 see you for the @australianopen starting 20 Jan 2020! We’ve also got the @lavercup coming up from Geneva 🇨🇭20-22 Sept 🙌🏼👏🏼🎾
.
.
.
.
.
#tennis #majortennis #tennistv #grandslamtennis #usopentennis #foxsportsasia #sportstv #sportsanchor #luyenhsun #rendylu #danielahantuchova #lovemyjob
#embracetheovernightshift #tvstudio #lovesport #lovetennis",413,1,"['danielahantuchova', 'rendylu', 'lovetennis', 'sportstv', 'luyenhsun', 'embracetheovernightshift', 'grandslamtennis', 'sportsanchor', 'usopentennis', 'tvstudio', 'lovemyjob', 'foxsportsasia', 'lovesport', 'tennis', 'tennistv', 'majortennis', 'Repost']"
3,2019-09-07 19:47:08,"#Repost @jianyang1979
・・・
A budding #book #entrepreneur needs solutions. Possibly even a combination of #storefriendly #storage AND #workfriendly workshop space. Welcome to #singapore @storefriendlysg @storefriendlygroup. #grandopening #futureproof #havetissuewilltravel #flushablefashion",166,1,"['storefriendly', 'entrepreneur', 'singapore', 'grandopening', 'futureproof', 'book', 'havetissuewilltravel', 'flushablefashion', 'workfriendly', 'storage', 'Repost']"
4,2019-07-05 04:33:01,"今天下午練完球，得知孩子的書屋創辦人陳爸突然離世的消息，真的非常震驚、遺憾。

想起2014年與書屋的緣分，當時與陳爸聊了很多，實在很佩服他創立孩子的書屋的決心，這麼多年來希望用教育改變這些孩子的生活，不管再艱困他的初心一直不變，每每想到陳爸的精神或看到一些書屋的消息，內心依舊充滿感動。

雖然陳爸已經離開，但我相信陳爸的精神會永遠留下，謝謝你，陳爸！很高興也很榮幸認識你和孩子的書屋。

https://m.ltn.com.tw/amp/news/life/breakingnews/2842727",369,0,[]
5,2019-06-17 11:29:32,"Team @adidas @adidas_tw #Taiwan
⠀
⠀
⠀
@JLin7 | @ChenWeiYin0721 💪👊",341,2,['Taiwan']
6,2019-06-10 14:45:31,"15 amazing days commentating @RolandGarros 🎾 for @FoxSportsAsia in Singapore office. 
Thank you to the whole team. 👊
. 
#Repost @jasondlp
・・・
So #grateful for this #crew @foxsportsasia What. A. Team 👊🏼👍🏼👏🏼🙏🏼 15 days of @rolandgarros and we crushed it. 🙏🏼 to @lurendy who survived 2 weeks of long, late hours in a studio with me, my crap jokes, tall tales and awful coffee ☕️🙏🏼👏🏼🎾
.
.
.
.
#frenchopen #rolandgarros2019 #foxsportsasia #team #productionteam #sportsbroadcast #sportstv #smallcrewhugeoutput #lovewhatyoudo #lovemyjob #tvpresenter #tvanchor @supertewwy @bebe_lee #rendylu #luyenhsun",375,2,"['grateful', 'sportsbroadcast', 'rendylu', 'team', 'frenchopen', 'sportstv', 'crew', 'smallcrewhugeoutput', 'tvanchor', 'productionteam', 'luyenhsun', 'rolandgarros2019', 'lovewhatyoudo', 'lovemyjob', 'foxsportsasia', 'tvpresenter', 'Repost']"
7,2019-05-27 15:33:27,"✈️長榮世界跑，跑向全世界✈️
「長榮航空城市觀光半程馬拉松」啟動記者會，台灣健兒熱力相挺！
⠀
2019「長榮航空城市觀光半程馬拉松」今日舉辦啟動記者會首推「世界跑」概念， 邀集全世界愛旅遊、愛路跑的朋友，於今年10/27在台灣熱力開跑🏃‍♂🏃‍♀
⠀
啟動記者會現場，星光閃耀魅力四射，小潔不得不戴上太陽眼鏡🤩，由「世界球后」戴資穎👑、「網球男單好手」盧彥勳🎾、「羽球王子」王子維🏸，及2018長榮航空城市觀光馬拉松男子半馬組冠軍周庭印🏃‍♂、女子10公里組冠軍謝千鶴🏃‍♀，一同為馬拉松年度盛事暖身，引爆跑者熱力。
⠀
扼腕錯過2018，2019別再猶豫👉報名就對了：https://bit.ly/2X4NAsK
⠀
#長榮馬拉松 #運動不只身體好
#還有好多禮物可以拿
#小潔已揪團報名了 #快來陪我跑",443,2,"['運動不只身體好', '長榮馬拉松', '小潔已揪團報名了', '還有好多禮物可以拿', '快來陪我跑']"
8,2019-04-04 22:04:36,"I have just been appointed as the #GPTCA National President for Taiwan 🇹🇼!
. 
Thank you Global Professional Tennis Coach Association for your trust and believe in me! 🙏🎾👊
. 
#TheProCoachingGoldStandard #ATPCertified",632,7,"['GPTCA', 'TheProCoachingGoldStandard', 'ATPCertified']"
9,2019-03-16 15:51:33,"I m happy to be part of the journey! 👊
. 
#Repost @projectsixfoundation
・・・
We are delighted and humbled to announce Lu Yen-Hsun from Taiwan, better known as Rendy Lu, as a P6F Ambassador.

Rendy is a professional tennis player with a career high ATP ranking of 33 in 2010. He is also a current member of the #ATP Player Council. 
Rendy became the first Taiwanese player to reach a quarter-finals of a Grand Slam losing to Novak Djokovic at Wimbledon in 2010 but not before  defeating Andy Roddick in 5 sets in the previous match. 
Rendy is regarded as one of the nicest and perhaps most hardest working players on the ATP Circuit with a record 28 ATP Challenger Titles to his name. 
Most importantly, Rendy embraces the opportunity to give back to the community and shares the values of P6F in ensuring children are actively participating in sports and physical activity. Rendy has contributed his time significantly to projects in his home country of Taiwan as well as abroad including Cambodia where he has helped support P6F in delivering coaching courses and clinics. 
We are proud to have you on board and welcome to the P6F family! 
#taiwan #taiwanese #tennis #basketball #soccer #sports #coaching #project6f #physicaleducation #active #futuregeneration #inclusion #philippines #cambodia #australia",963,9,"['cambodia', 'project6f', 'coaching', 'philippines', 'australia', 'taiwan', 'tennis', 'physicaleducation', 'active', 'futuregeneration', 'inclusion', 'sports', 'basketball', 'taiwanese', 'ATP', 'soccer', 'Repost']"
10,2019-02-04 21:31:09,"阿公，第一次孫都到齊來看你囉
我跟辰辰說：我們今天去山上找阿公
辰說：什麼時候”阿公”會變出來啊？
我說：我也很希望”阿公”能變出來，只能以後我們去找他了！
. 
Wei-Chen asked me: When Grandpa will show up 
I told him: I wish he could show up but we will see him in the future ❤️",570,3,[]
11,2019-02-04 21:23:02,"今天是小年夜，特別帶上樂高的「「放大版迷你豬」，跟各位拜個早年，祝福各位新的一年闔家平安、金豬報喜、豬事圓滿、豬事吉祥、恭喜發財。

特別感謝台灣樂高，送同屬豬年的我，這一隻專屬豬年限定全台限量16隻「放大版迷你豬」，跟各位分享，祝大家新年快樂！

Happy Chinese New Year! Best wishes to a healthy and prosperous year of the Pig!

#LEGO #台灣樂高 #LNY #豬年限定 
#放大版迷你豬",587,5,"['放大版迷你豬', '豬年限定', 'LEGO', '台灣樂高', 'LNY']"
12,2019-01-28 08:12:05,"That’s a wrap from another incredible 2 weeks @AustralianOpen on @FOXSportsAsia it’s been a journey & a lot of fun! 
Thanks to @jasondlp @danialhantuchovaofficial & @Clijsterskim + #tamarinetanasugarn, awesome experience with you guys! 
Thank you to everyone! 🙏🏼",537,1,['tamarinetanasugarn']
13,2019-01-26 20:37:48,"And... after 5 hours trying... there we go! 😂🙏💪
.
#Repost @foxsports.tw
.
大賽開打前，讓盧一哥來送上賽事前瞻。今晚的冠軍，也將同步登上女單世界球后寶座呦😎😎
@lurendy @foxsportsasia @foxsportsaus",353,3,['Repost']
14,2019-01-26 17:15:43,"🙏😂
.
#Repost @jasondlp
・・・
Watch for 5 seconds... Not too many takes I promise! @lurendy crushing this broadcasting lark on @foxsportsasia and making it all a lot of fun during long days in the studio 😂😂😁👊🏼🙏🏼🎾
.
.
.
.
.
#tennis #tennistv #foxsportsasia #ausopen2019 #ausopen #broadcast #piecetocamera #sportstv #rendylu #tvstudio #tvbroadcast #grandslamtennis",441,3,"['piecetocamera', 'rendylu', 'sportstv', 'broadcast', 'tvbroadcast', 'ausopen2019', 'grandslamtennis', 'ausopen', 'tvstudio', 'foxsportsasia', 'tennis', 'tennistv', 'Repost']"
15,2019-01-22 18:35:42,"Back at work commentating for @FoxSportsAsia

2019年澳洲公開賽，因為肩膀開刀，仍在復健當中，所以缺席了。但仍應FOX新加坡總部的邀請，擔任2019年澳洲公開賽，亞洲區的英文球評，算是變相的參與澳洲公開賽…… 當然看著其他球員在球場上精采的表現，也希望自己能快點復元，儘快再回到職業戰場，和他們廝殺

#AusOpen 
#FOXSports",694,9,"['AusOpen', 'FOXSports']"
16,2018-12-13 03:55:46,"感謝國立彰化師範大學的邀請和師生交流，每次回到學校就感到自己又回到最初單純為夢想努力的時候！

#彰化師範大學
#專注當下這唯一自己能控制的事情",556,6,"['彰化師範大學', '專注當下這唯一自己能控制的事情']"
17,2018-11-30 07:41:34,"財團法人罕見疾病基金會--面向未來 勇於挑戰 2018

今天下午來參加罕見疾病基金會，舉辦的罕見疾病獎助學金頒獎典禮，共有304位得獎者。每位小朋友都很棒很努力，家長們也都辛苦了，真的很感動！

球場上的每一秒每一個勝利，都是濃縮了幾十年的努力，我很幸運有掌聲相伴。罕見疾病大多無法治癒，病友的每一秒鐘，都在和疾病爭取機會，你們為我鼓掌的雙手，其實也能成為支持他們的力量，我是盧彥勳，讓我們一起為罕病兒加油。

郵政劃撥:  戶名：財團法人罕見疾病基金會
 帳號：19343551

罕見疾病基金會：http://www.tfrd.org.tw/tfrd/home
捐款方式：http://www.tfrd.org.tw/tfrd/help_a

#財團法人罕見疾病基金會
#面向未來
#勇於挑戰2018",462,3,"['財團法人罕見疾病基金會', '面向未來', '勇於挑戰2018']"
18,2018-11-08 04:48:24,"2018台中世界花卉博覽會  聆聽花開的聲音

感謝台中市政府的邀請，在林依瑩副市長的陪同及介紹及導覽員生動的解說下，今天來后里園區參觀2018台中世界花卉博覽會，讓我們充份的瞭解台中世界花博的核心理念。后里園區不止可以讓我們更瞭解我們台灣中部大甲溪及雪山山脈的自然環境及生態，更充滿了國際文化、環境教育意義，園區每個角落都提醒民眾要為大自然盡一份心力、與之共存，希望自己保留這份感動，在日常生活中實踐綠色行動。

這一次因禍得福，剛好因為肩膀開刀，在台灣休養復健，才有機會參與到這樣的盛會，參觀完真的很感動。2018台中世界花卉博覽會 ，真很很值得大家一起來- 「聆聽花開的聲音」

非常感謝及肯定台中市府團隊創造這樣的場域，讓全民、國外的遊客來參觀，若有時間將再帶家人一同參觀花博。

#2018台中世界花卉博覽會
#聆聽花開的聲音
#守護生態
#保育石虎",515,6,"['守護生態', '2018台中世界花卉博覽會', '聆聽花開的聲音', '保育石虎']"
19,2018-11-08 04:47:05,感謝虹蘭姊的邀請，很高興有機會和這麼多小球員做接觸和交流😄，所有選手都很棒喔👍,330,0,[]
20,2018-10-20 22:55:32,人、事、物都不斷改變，唯獨思念唯一不變 ！ ❤️🙏,759,7,[]
21,2018-10-08 11:37:27,"昨天剛從德國復健回國，今天非常榮幸受邀，參加「2018 基隆長庚醫院情人湖健走活動」。感謝長庚醫院，每年舉辦這麼有意義的健走活動，讓大家一起走出戶外，享受大自然！

#長庚醫院基隆情人湖院區",400,1,['長庚醫院基隆情人湖院區']
22,2018-09-06 01:51:26,"Having a great time in Singapore with the @foxsportsasia #tennis family for our @usopen coverage. Thank you @jasondlp! .
.
.
.
#grandslamtennis #usopen #flushingmeadows #foxsportsasia #broadcast #tennistv #sportstv #tvanchor #tvstudio #presenter #suitandtie",799,2,"['suitandtie', 'sportstv', 'broadcast', 'grandslamtennis', 'usopen', 'flushingmeadows', 'presenter', 'tvstudio', 'tvanchor', 'foxsportsasia', 'tennis', 'tennistv']"
23,2018-06-30 12:10:27,"Looking forward to represent my colleagues for another 2 years, thank you all! 🙏
. 
#ATPWorldTour
#PlayerCouncil",408,8,"['PlayerCouncil', 'ATPWorldTour']"
24,2018-06-11 20:10:29,"盧彥勳肩膀關結脣撕裂，進行手術
. 
盧彥勳在法網因為肩傷退賽之後，積極的法國巴黎進行檢查，並且和法網的醫師、ATP的運動傷害治療師及團隊討論，接下來該如何治療。最終在經紀人Dirk hordoff、物理治療師Stefan Duell強烈建議之下，來德國慕尼黑接受手術治療，日前手術也順利完成，目前正在休養中，並準備進入下一階段的術後復健。
. 
盧彥勳在去年冬季訓練時，發現賽季中的肩傷又浮現了，回長庚醫院檢查後，發現是肩膀關結脣撕裂。一般需要開刀治療，但術後整個復健過程需9個月，在考量盧彥勳的年紀，及認為盧彥勳關結脣撕裂並沒有像投手那麼嚴重，長庚林瀛洲醫師建議先用復健的方式來治療；盧彥勳也特地在今年一月份，赴澳洲公開賽，找06年澳網幫他開手肘的醫生檢查及討論，也獲得相同的建議。所以盧彥勳積極的在長庚運動醫療團隊的協助之下，做相關的復健療程，希望能趕上接下來的法網及溫布頓公開賽。初期看起來很順利，在四月份的訓練，也沒有明顯的疼痛發生；但五月初開始參加首爾挑戰賽後，打完第一場比賽，肩膀疼痛的感覺又開始產生，雖然經過治療，仍然未能減緩。林瀛洲醫師認為盧彥勳的傷勢有進步，足以應付訓練，但可能還不足以應付比賽的強度。
.
雖然盧彥勳來法網期間，仍然積極的治療，希望還有機會打法網，但無奈經評估後，仍然無法上場，遂放棄了法網的賽事，並尋求更進一步的治療。在德國經紀人Dirk hordoff、物理治療師Stefan Duell及法網醫生的推薦下，盧彥勳前往德國慕尼黑接受歐洲肩傷的權威醫生 Dr. Peter Habermeyer的診斷。Dr. Peter Habermeyer經驗豐富，曾為溫布頓冠軍伊凡尼塞維奇開過刀，盧彥勳的教練Danai Udomcoke也曾接受他的手術。在Dr. Peter Habermeye診斷後，他認為盧彥的傷勢，開刀治療才有機會復元。

盧彥勳和團隊討論後，決定接受醫生Dr. Peter Habermeye開刀治療，醫生也特別安排於本星期在慕尼黑進行手術，手術過程也很順利完成。因為手術後，至少需要進行至少九個月的復健，這也代表盧彥勳將不會參加接下來的溫布頓公開賽及美國公開賽，也趕不上八月底在印尼雅加達亞運會。盧彥勳術後的復健，將由長庚運動醫學團隊接手。

盧彥勳表示，和團隊對下這個決定也很煎熬，尤其在職業生涯尾聲的時候動刀。但他表示即便自己年紀愈來愈大了，但不管接下來球賽的輸贏，也要用較好的身體狀況，打好每一場球賽，到職業生涯正式告一段落，這是對自己負責也是對支持我的球迷負責。

Rendy has labral tear in the shoulder and underwent operation 
During winter training the end of last year, Rendy's shoulder injury re-surfaced. After diagnostic, it was determined to be labral tear. Normally this type of injury requires surgery. Considering Rendy's age plus the long 9-month recovery time, doctors recommended to go thru rehab instead. After several months of rehab, Rendy started practicing in early April and came back on tour. However, after the first round match at Seoul Challenger in early May, the shoulder pain came back. After a few weeks of therapy, the pain continued and Rendy had to withdraw from French Open. After discussing with agent Dirk Hordoff, physio Stefan Duell and French Open doctor, Rendy came to Munich in Germany to receive treatment from Dr. Peter Habermeyer, an expert in shoulder injury. Dr. Habermeyer recommended Rendy to get surgery to have better chance of full recovery. 
This week, Rendy just completed a successful surgery. Now Rendy starts the recovery stage and the process will be long, at least 9 months. This means Rendy will miss Wimbledon, US Open, and the Asian Games.",872,59,[]
25,2018-05-23 03:34:48,"Back in Paris @RolandGarros👌

#FrenchOpen 🎾",754,16,['FrenchOpen']
26,2018-04-28 03:07:00,"重新踏上征途
. 
已將近半年未參加一場賽事，受傷整整休息了近四個月。經過不斷的訓練和復健，下星期將參加首爾挑戰賽，當作我傷後復出的第一項賽事。雖然不知道這一次是否能順利再回到戰場上，但我及團隊將盡全力拼戰，希望各位再給以我們祝福和鼓勵……一切交給上帝!
. 
Back to the journey
. 
It has been almost half a year since I last played a tournament. I have been recovering for nearly four months due to injury. After series of training and rehab, I will finally play at the Seoul Challenger next week, my first tournament after coming back to the tour. I don't know if I will be able to get back on the court healthy, but my team and I will give our best shot. Wish us luck! And, hope God will take care of us.
. 
#TeamLu
#長榮航空 
#EvaAir
#長庚運動醫療團隊
#adidas
#儲存易
#YoungLiving 
#悠樂芳",788,25,"['悠樂芳', 'adidas', '長榮航空', '長庚運動醫療團隊', 'EvaAir', '儲存易', 'YoungLiving', 'TeamLu']"
27,2018-04-14 00:02:59,"非常榮幸成為飛利浦Sonicare智能護齦音波震動牙刷的品牌大使。自己之前都是使用手動的牙刷，在使用電動牙刷後，才發現原來電動牙刷真的比手動牙刷刷得還更乾淨，尤其飛利浦Sonicare智能護齦音波震動牙刷。每分鐘31000次的音波震動，更能有效清潔牙菌斑，每次刷完牙，就像去給牙醫洗過牙一樣。

另外之前去看牙醫時，牙醫總是說我刷牙太大力了，容易導至牙齦受傷，而飛利浦Sonicare智能護齦音波震動牙刷，提供了壓感測的功能，隨時提醒我。真的覺得飛利浦Sonicare智能護齦音波震動牙刷，非常好用，也成為我現在出國征戰的必備裝備之一。

歡迎大家到飛利浦Sonicare粉絲團了解更多
. 
https://www.facebook.com/PhilipsSonicaretw/
. 
或也能分享潔淨挑戰Campaign site
. 
https://goo.gl/DbVJzy
. 
#飛利浦Sonicare智能護齦音波震動牙刷
#音波震動極淨完美
#31000次的堅持",291,1,"['音波震動極淨完美', '31000次的堅持', '飛利浦Sonicare智能護齦音波震動牙刷']"
28,2018-04-12 14:55:02,"Training is going well so far, looking forward to coming back to @ATPWorldTour soon! Thank you @ImpactTennisAcademy and @ImpactSportsClub for the support!

#TeamLu",331,3,['TeamLu']
29,2018-04-09 02:13:23,"個人空間大躍進! Coworking Space 共同工作空間！
趁空到「儲存易」整理私人物品時，發現個人空間的利用真是創意無限啊！只要一張桌子和椅子就可以變成個人辦公室，24小時自由進出、空調除濕和免費無線上網，三五人要開會時，還有共同空間的會議桌椅，簡直媲美商務中心。這讓我想起，有點像進化版的學生時代K書中心，這麼安靜舒適的環境，讀書或辦公的效率應該很好！
共同工作空間(Coworking Space) >> https://www.store-friendly.com.tw ＃儲存易 ＃共同工作空間 
#storefriendly",281,0,['storefriendly']
30,2018-04-01 18:37:08,"在孩子眼中，醫院總是冰冰冷冷的，當孩子生病不舒服時，總是恐懼害怕來醫院，如果可以有讓人感覺溫暖的空間，對這些孩子和家人來說，是多麼及時的安慰和幸福。今年特別在3月31日長庚醫院舉辦「兒童節關懷活動」，長庚志工隊將醫院變身成兒童遊樂天地，用遊戲、玩具讓孩子們暫時忘卻病痛。志工隊今年來了一位戰癌勇士，因經歷過病痛所以更能體驗孩子生病的無助與恐懼。

今天我也非常榮幸，受邀來參與關懷病童這麼有意義的活動。自己是三個小孩的爸爸，對小朋友受病痛之苦，更能感同深受，尤其看到深受病魔煎熬的小朋友，更是心疼，而各位陪小朋友的爸爸媽媽們，也都辛苦了。

祝福所有的小朋友兒童節快樂，願上帝讓所有的小朋友都平安健康，讓各位深受病魔折磨的小朋友也能儘早康復，也對各位陪同照顧病童的爸爸媽媽說聲「您們辛苦了！但請加油挺住，因為你們是小朋友的支柱！」 當然在此也非常感謝「長庚志工隊」，有你們的陪伴，相信小朋友會忘掉許多生病的痛苦。

#歡慶兒童節活動
#長庚醫院
#長庚運動醫療團隊",414,2,"['長庚醫院', '長庚運動醫療團隊', '歡慶兒童節活動']"
31,2018-03-15 10:38:02,"造就我的，不是一瞬間的勝利掌聲
而是刻苦訓練的汗水與逆境

#我就是我#盧彥勳#台灣一哥

創造專屬自己的

Creator ID >> https://goo.gl/3JMWw3

#adidas #HereToCreate",608,6,"['HereToCreate', '台灣一哥', 'adidas', '盧彥勳', '我就是我']"
32,2018-03-08 05:28:57,‪Great to be back on the court!‬ ‪#StepByStep ‬,454,2,['StepByStep']
33,2018-02-17 05:25:10,"Congrats Roger!!!
. 
#Repost @atpworldtour
・・・
No. Caption. Needed.",601,3,['Repost']
34,2017-12-28 14:01:50,"Thank you guys! 🙏
. 
#Repost @impacttennisacademy
・・・
ATP Pro Camp is coming to a close. 
What a great experience and not just super tennis players but great people 
Quality always beats quantity and having six different national number 1 ATP Players made it one of the strongest training camps ever assembled in the Southern Hemisphere 
Eleven different countries were represented 
South Korea 🇰🇷 , England 🏴󠁧󠁢󠁥󠁮󠁧󠁿, Taiwan 🇹🇼 , Germany 🇩🇪, China 🇨🇳, India 🇮🇳, Georgia 🇬🇪, Vietnam 🇻🇳 , Australia 🇦🇺, Thailand 🇹🇭 and Japan 🇯🇵 Shows that tennis can really bring people together 
WIshing everyone a successful season and so glad we all worked together as competitors and friends

Thanks to Novotel and Ibis Impact

#ATP #Tennis #players #procamps #impacttennisacademy",305,3,"['players', 'impacttennisacademy', 'procamps', 'ATP', 'Tennis', 'Repost']"
35,2017-12-18 13:20:30,"#Repost @impacttennisacademy
・・・
As we hit the half way mark of our 2nd Annual ATP Pro Camp here at the Academy wanted to share the first video we did with the boys

Such a great atmosphere and everyone really bringing it everyday

Please follow their fan pages 
https://www.facebook.com/NikolozBasilash/

https://www.facebook.com/yukibhambri/

https://www.facebook.com/LuRendy/

https://www.facebook.com/hoangnam2502/

@_diwu @hyeon519 @yoshihito0927 @yukibhambri @lurendy @nikolozbasilashvili @atpworldtour #atptennis #impacttennisacademy",105,1,"['impacttennisacademy', 'Repost', 'atptennis']"
36,2017-12-18 00:07:45,"Didn’t win but had a lot of fun, thank you @impacttennisacademy for the invitation! #GreatTeam #Preseason #Bangkok #ImpactTennisAcademy ————————————————————————
Congratulations to Jason Tseng who defeated all of us and won ............the Go Kart race tonight
And welcome to Asian Games Gold Medallist Yo-Yo Nishioka who will also join us for ATP Pro Camp this week
Good things happen when great guys work together

1st Jason Tseng
2nd Rendy Lu
3rd Physio Addway
4th Manager Thomas 
5th Trainer James T
6th Physio Evan
7th Yuks
8th Yo-Yo
9th Chunger",253,1,"['GreatTeam', 'Bangkok', 'Preseason', 'ImpactTennisAcademy']"
37,2017-12-08 10:52:44,"In Bangkok now @impacttennisacademy preparing with my friend and @nextgenfinals winner @hyeon519 for 2018 @atpworldtour season! 
#TeamLu
#LetsDoIt",425,11,"['TeamLu', 'LetsDoIt']"
38,2017-12-08 00:16:50,"身為運動員，為了隨時保持最佳狀態迎向挑戰，需要比一般人更重視營養的攝取，在挑選產品時，除了要注意產品本身的功能與成分，我也一直相信，產品背後的品牌，若能秉持好的理念，產品品質也就更值得被信賴。

這次非常榮幸，受邀擔任Young Living悠樂芳的健康品牌大使，成為2018年度的營養補給品系列與寧夏杞子紅代言人。二十多年來受到全球各地消費者肯定的美國知名品牌悠樂芳，其希望啟發他人追求健康、有意義及豐盛生活的正向態度就與我重視健康的生活態度不謀而合。在11/3的週年慶活動上，我很開心能出席並與總經理共同宣布在美國熱銷的兩項營養補充品正式引進台灣：強調益生菌保健的「Life 9 悠活9」與增強體能的「Sulfurzyme勁捷配方」，期待能與悠樂芳一同鼓勵更多人追求身心靈的健康與豐盛。

#YoungLiving #悠樂芳
#寧夏杞子紅
#勁捷配方膠囊食品
#悠活9膠囊食品",322,0,"['悠樂芳', '悠活9膠囊食品', 'YoungLiving', '勁捷配方膠囊食品', '寧夏杞子紅']"
39,2017-11-05 15:35:45,"Very happy to welcome two more members to our family, thank you to my lovely wife! ❤️ #TwinBoys",1233,33,['TwinBoys']
40,2017-10-17 11:49:34,Nice to be back in Ningbo!,284,0,[]
41,2017-10-17 11:47:14,@SHRolexMasters - Always a pleasure to compete at this great @ATPWorldTour event!‬,401,0,[]
42,2017-10-07 15:21:52,#Shanghai #ATP #🎾,506,4,"['Shanghai', 'ATP']"
43,2017-09-28 18:01:07,"Thank you guys! 🙏
. 
#Repost @chengduopentennis
・・・
Quarterfinals!!! Congrats @baghdatisofficial and @lurendy!! #chengduopen #atpworldtour #atp250 #winners #happy #groupfie",686,2,"['happy', 'chengduopen', 'groupfie', 'atp250', 'winners', 'atpworldtour', 'Repost']"
44,2017-09-08 23:28:20,#TeamLu back in Shanghai for the next tournament!,346,1,['TeamLu']
45,2017-09-08 23:22:45,"Fun time @USOpen with my friend @Hyeon519 👌👊
#TeamChungLu",558,2,['TeamChungLu']
46,2017-09-05 02:02:33,"結束2017美國公開賽，終於可以回台灣了，走遍全世界，還是自己的家鄉「台灣」最棒！搭遍全世界的航空公司，還是台灣的「長榮航空」服務最好，最親切! 
ps.期待長榮航空的新制服
. 
Finished my 2017 @USOpen campaign, finally able to go home. Having flown different airlines from all over the world, still enjoy EVA Air the most, having the best service. 
#EvaAir
#Taiwan
#TeamLU",695,2,"['EvaAir', 'Taiwan', 'TeamLU']"
47,2017-09-03 04:06:50,Thank you for competing with me @USOpen doubles competition! @Hyeon519 #TeamChungLu,609,5,['TeamChungLu']
48,2017-08-27 23:04:03,"Thank you @Bounce_Can for supporting me @USOpen!
#Prepare #Perform #Recover #GrabLife #BounceBalls #Protein #Energy #Vegan #GlutenFree #NewYorkCity #Tennis",578,7,"['NewYorkCity', 'Perform', 'Recover', 'GlutenFree', 'Energy', 'BounceBalls', 'Prepare', 'Tennis', 'Vegan', 'GrabLife', 'Protein']"
49,2017-08-26 21:11:41,"🙏👊
. 
#Repost @stefanduell
・・・
1⃣0⃣ years - one team!
. 
In New York at @USOpen. One of the tennis players I am working with this time is @LuRendy and exactly this month we are celebrating 10 years of working together.
. 
It has been an incredible journey so far, thank you Rendy for your trust in my work. Hopefully many more years to go! 🤜🤛
. 
I am happy that we could manage together every single injury situation in the quickest possible way over the past decade!
.
Special thanks to my mentor Klaus Eder and the whole team of @EdenReha who also helped a lot over the years! 🙏
.
#TeamWork is the 🗝
————————————————————————
Partner: 
@BLACKROLL® | @SportslineHK | @DynamicTape | @Premax.co | @Seirin_Global | @VossWorld | @Bounce_Can | @Bounce_UK | @adidas————————————————————————
#Friendship #Trust #Believe #TeamSpirit #Physiotherapy #Osteopathy #Fisioterapia #Fisioterapeuta #Osteopatia #Fisio #Physio #Therapy #PhysicalTherapy #Chiropractic #Sportstherapy #Yoga #Pilates #CrossFit #Blackroll #Fitness #Training #Rehab #Stretching #Gym #Sport #USOpen #NewYork #Tennis",332,3,"['Fitness', 'Blackroll', 'Osteopatia', 'TeamWork', 'Pilates', 'Sport', 'Training', 'Osteopathy', 'Physiotherapy', 'Fisioterapeuta', 'Fisio', 'Tennis', 'Stretching', 'NewYork', 'Yoga', 'PhysicalTherapy', 'Physio', 'Chiropractic', 'Believe', 'Gym', 'TeamSpirit', 'Friendship', 'Rehab', 'Fisioterapia', 'Therapy', 'CrossFit', 'Trust', 'USOpen', 'Sportstherapy', 'Repost']"
50,2017-08-26 20:01:20,Practice @USOpen #TeamLu,442,1,['TeamLu']
51,2017-08-25 21:38:20,In New York City for @USOpen! 🗽🎾 #TeamLu,733,5,['TeamLu']
52,2017-08-19 10:15:48,"First day of work at one of the best @ATPWorldTour 250 events done! ✔️ Love this tournament, perfect preparation for @USOpen! @WinstonSalemOpen #TeamLu",385,1,['TeamLu']
53,2017-08-17 06:48:57,"On my way to USA for @WinstonSalemOpen and @USOpen, wish me luck! #TeamLu",711,11,['TeamLu']
54,2017-08-14 21:12:16,🎂✨❤️,613,13,[]
55,2017-08-13 04:52:05,Thank you guys! #TeamLu 💪,384,4,['TeamLu']
56,2017-08-12 19:40:59,🏆 #29,553,10,['29']
57,2017-08-11 21:47:48,"Happy Birthday to my coach @danai_udomchoke, thank you for all your hard work day by day!!! #TeamLu",316,2,['TeamLu']
58,2017-08-09 20:02:27,"#TeamWork is the 🗝! I m very greatful to have such amazing people around me! 
#TeamLu",317,1,"['TeamLu', 'TeamWork']"
59,2017-08-06 20:47:19,🏆 #28 🐼,591,8,['28']
60,2017-08-01 19:40:25,Happy to be back on track! #TeamLu,359,0,['TeamLu']
61,2017-07-28 11:45:40,#Working,432,5,['Working']
62,2017-07-25 17:57:38,#Bangkok #Thailand #Practice #TeamLu @impacttennisacademy,376,1,"['TeamLu', 'Practice', 'Bangkok', 'Thailand']"
63,2017-07-10 17:39:11,@Wimbledon 🌱🎾🍓,354,1,[]
64,2017-07-06 16:04:50,"#Team @adidas Taiwan at Gongguan Station 
#RendyLu 🎾 #JeremyLin 🏀 #WeiYinChen ⚾️
#ThreeStripes #HereToCreate #adidas",629,6,"['HereToCreate', 'adidas', 'JeremyLin', 'RendyLu', 'ThreeStripes', 'WeiYinChen', 'Team']"
65,2017-07-03 07:47:19,@Wimbledon #TeamLu 🌱🎾,545,6,['TeamLu']
66,2017-06-29 17:35:48,"Arrived in London for my favorite tournament!
Thank you @Wimbledon for providing me the same locker the last 10 years! 🙏🌱🎾😊",739,7,[]
67,2017-06-03 20:21:06,Thank you @RolandGarros and @FFTennis for the incredible support to us competitors at French Open! #Recovery #CryoTherapy #IceLab -110° Celsius ❄️⛄️😂,518,8,"['IceLab', 'CryoTherapy', 'Recovery']"
68,2017-05-26 19:18:35,Practice @RolandGarros #TeamLu 😊♥️,569,8,['TeamLu']
69,2017-05-24 17:59:08,"In Paris for @RolandGarros! 
#RG17",608,10,['RG17']
70,2017-04-29 19:53:03,"Traditional barbecue dinner at Gimcheon, Korea #TeamLu 🔥🍗🍖🥓🍤🍚🍻😂",348,4,['TeamLu']
71,2017-04-28 21:11:51,"搭乘長榮航空夢想彩繪機，出發去韓國比賽，老婆兒子特地來送機。感謝長榮航空的支持，讓我們可以舒適的出國征戰。
#長榮航空
#EvaAir",421,0,"['長榮航空', 'EvaAir']"
72,2017-04-27 02:28:48,"拿下華國三太子國際挑戰賽冠軍後，今天到 EVA Airways Corp.  長榮航空 分享冠軍的喜悅，謝謝長榮航空的支持！接下來要搭著長榮航空，征戰韓國、及歐洲，直到溫布頓後，再回到台灣了！

#EVAAirways 
#長榮航空",482,6,"['長榮航空', 'EVAAirways']"
73,2017-04-27 02:21:56,"#Repost @trxtraining
・・・
Do what you love, love what you do.
.
Professional tennis player, Rendy Lu, puts in the work with TRX. 🎾
.
📷: @lurendy
.
#MakeItPersonal #TRX #SuspensionTrainer",253,1,"['MakeItPersonal', 'TRX', 'SuspensionTrainer', 'Repost']"
74,2017-04-23 21:29:28,"‪Very happy to win the title at my home town tournament, thank you everybody for the support! #27 #TeamLu 🏆‬",581,13,"['27', 'TeamLu']"
75,2017-04-22 20:27:57,Happy to play final tomorrow at my home town tournament! #SantaiziATP #TeamLu,598,10,"['TeamLu', 'SantaiziATP']"
76,2017-04-20 23:56:48,Always tough to play against a friend...,678,10,[]
77,2017-04-17 04:05:48,"天氣漸漸轉熱了，這次在台灣訓練，也感受到夏天來臨的氣氛。趁在台灣這幾週，訓練之餘也幫忙家中換季，發現冬季用的厚棉被、大衣、羽絨服、行李箱等是最佔空間，也常讓人煩惱該如何妥善收納？感謝儲存易提供客製化存放空間，讓我家可以輕鬆收納無煩惱。儲存易空間，可以幫到你。www.store-friendly.com.tw

#儲存易空間
#storefriendly",333,0,"['儲存易空間', 'storefriendly']"
78,2017-04-17 04:02:46,"備戰 三太子國際男子網球挑戰賽，keep fighting!

Practice in Taipei for my home town tournament! 
#TeamLu",430,2,['TeamLu']
79,2017-04-14 18:59:22,"Team @adidas #Taiwan
.
.
.
.
.
@jlin7 #WeiYinChen",491,7,"['WeiYinChen', 'Taiwan']"
80,2017-04-10 23:04:58,"我是盧彥勳，相信自己，一定可以改變！」
「不是所有球員都像我如此幸運，運動員要面對的壓力不只在球場上，連球場下都處處充滿挑戰...」
「很多人問我以後會不會讓自己的小孩去打球，我會讓他學習，但以現在這樣的環境...」
「明明道路就已經是石頭路了，你還要在道路上放一大堆的針、刺，然後讓他們踏在上面嗎？」 - 4/17修法即將進入關鍵時刻，全民展現對修法開放協會、加入協會的期待與熱情，請為你愛的運動站出來，現在就上網連署勾選你想加入的協會，展現全民期待加入協會的熱情與能量！ 🎯立即上我們的新網站連署，勾選你熱愛的單項運動協會！ http://votionary.com/FGT/ #盧彥勳 #網球國手 #台灣球王  #相信自己一定可以改變",301,2,"['盧彥勳', '網球國手', '台灣球王', '相信自己一定可以改變']"
81,2017-04-10 21:37:49,"體能訓練師James抵達台灣，開始訓練，備戰即將到來的台灣 三太子國際男子網球挑戰賽

#三太子國際男子網球挑戰賽

#TeamLu",361,3,"['TeamLu', '三太子國際男子網球挑戰賽']"
82,2017-04-04 13:51:59,❤️🙏,419,0,[]
83,2017-03-31 16:35:08,"參加「Fair Game！Taiwan！體育改革聯會」召開的「全力衝刺，加速改革」記者會

盧彥勳今天出席參加「Fair Game！Taiwan！體育改革聯會」31日上午召開「全力衝刺，加速改革」記者會，邀請許多台灣體壇好手齊聚一堂，包括射擊選手林怡君、排球選手黃培閎、游泳選手丁聖祐、游泳國手唐聖捷，以及職棒工會辦公室主任趙子維等，一起發聲、支持體育改革。此外，多名跨黨派立委也到場，包括民進黨何欣純、張廖萬堅；時代力量林昶佐、高潞以用等人，國民黨立委許毓仁雖有事無法前往，仍派助理到場表達支持，無分黨派，一起力挺體育改革！

盧彥勳結束北美賽季返台後，即擔任本次記者會選手代表，表態支持改革，他表示，今天之所以站出來，就是要與全民站在同一陣線上，強調並不是要造成對立，只是希望協會能夠更公開、透明，透過體育改革，讓台灣的體育環境能夠更好，也給下一代選手們更好的環境。  以下是盧彥勳發言全文
「我覺得自己非常的幸運！我的網球生涯中，在一些很困頓丶很關鍵的時刻，往往能夠獲得許多長輩貴人的即時幫助，才讓我得以繼續堅持下去。但並不是每個運動員都這麼幸運！  每位運動員的養成都非常辛苦，但我們的環境和制度卻又常常無法即時給予他們良好的協助，使得他們在孤獨的奮鬥路上倍加艱辛。  基於自己運動生涯中的許多體會，同時也是替年輕選手感到擔憂，所以今天才會站出來支持改革。
希望透過改革，使協會更公開透明，讓選手能獲得更公平丶更專業的對待及照顧，也讓更多對體育有熱情的人士能參與其中，來提升體育環境。
最後，在此呼籲大家一起來支持和監督這樣的體育改革！」 林怡君在會中也表示，體育改革其實不只是要改革協會、首長等上位者，而是連底下所有真正在處理事情的人都要一起改革，才不會換湯不換藥，真正改變現在的生態。

在本次體育改革聯會到場發聲的還有立委林昶佐、高潞以用、何欣純、張廖萬堅等人；林昶佐表示，目前已經將國民體育法修正排入會期，預計4月中就能進入審查。

另外，體育改革聯會在記者會中公佈最新製作的網站，號召全民一起加入協會，讓所有關心各項運動的民眾，能夠進到網站中，填寫自己所想加入的協會，表達對台灣體育的意見、期望，集結更多關注力量，以加速修法。 
FGT!體育改革聯會！
連署網頁
http://votionary.com/FGT/

#FairGame
#Taiwan
#體育改革聯會",498,2,"['FairGame', '體育改革聯會', 'Taiwan']"
84,2017-03-31 05:39:02,❤️,325,1,[]
85,2017-03-28 07:16:26,Time to go home... #FamilyTime ❤️,435,4,['FamilyTime']
86,2017-03-27 22:30:48,"#Repost @tennisweek.de
・・・
Our new drawing of Yen-Hsun “Rendy“ Lu! Taiwanese professional tennis player. Born on August 14, 1983 in Taipei (Chinese Taipai, Taiwan). Current ATP singles ranking: 64. Current ATP doubles ranking: 317. #Tennis #lu #yenhsunlu #rendylu #lurendy #taiwan #draw #drawing #drawingoftheday #art #artwork #artoftheday #Kunst #sketch #sketchbook #Illustration #portrait #portraits #Sport #Zeichnung #painting #instatennis #tennispro #tennistime #tennislife",374,3,"['sketch', 'portrait', 'Sport', 'Kunst', 'rendylu', 'tennislife', 'Illustration', 'artwork', 'taiwan', 'drawing', 'tennistime', 'draw', 'Tennis', 'art', 'painting', 'sketchbook', 'lu', 'yenhsunlu', 'lurendy', 'instatennis', 'Repost', 'tennispro', 'drawingoftheday', 'Zeichnung', 'portraits', 'artoftheday']"
87,2017-03-23 21:24:05,🎾🌴☀️🐬#MiamiOpen,443,4,['MiamiOpen']
88,2017-03-20 16:57:45,‪#GoodFood #GoodFriends #GoodTimes #BubbaGump #Miami 👌‬,264,1,"['BubbaGump', 'Miami', 'GoodFriends', 'GoodFood', 'GoodTimes']"
89,2017-03-20 15:32:29,‪At the @MiamiHEAT game last night with Danai and Thomas #MiamiHeat @NBA ‬,320,0,['MiamiHeat']
90,2017-03-20 15:30:58,‪Practice @MiamiOpen with Konstantin Kravchuk #Miami #ATP 🎾🐬🌴☀️‬,328,1,"['Miami', 'ATP']"
91,2017-03-18 20:08:39,"我是盧彥勳，目前在美國達拉斯。根據聯合國統計，全球有10億兒童正面臨各種形式的暴力威脅。每5分鐘就有1名兒童因為「暴力」離開人世；(各項數據可參考附件資料)。 邀請你與我一起支持『終止兒童受暴』行動！http://www.worldvision.org.tw/EVAC/

It Takes You & Me

#終止兒童受暴你我挺身做到

#台灣世界展望會",437,2,"['台灣世界展望會', '終止兒童受暴你我挺身做到']"
92,2017-03-16 03:58:55,Preparing for doubles competition with my partner #RohanBopanna @irvingclassic #TeamBoLu 💪😊,246,3,"['TeamBoLu', 'RohanBopanna']"
93,2017-03-14 11:16:52,"First practice in Dallas @IrvingClassic, definitely different weather conditions than in Indian Wells @BNPParibasOpen ☀️➡️❄️😂",389,1,[]
94,2017-03-12 05:26:57,"‪Thank you @BNPPARIBASOPEN, looking already forward to next year! ‬🎾🌴🌵⛰",400,3,[]
95,2017-03-09 00:15:19,Great to be back at one of my favorite tournaments @BNPPARIBASOPEN 🎾🌴🌵⛰ @ATPWorldTour #TeamLu,357,1,['TeamLu']
96,2017-03-05 01:50:52,"#TeamLu has arrived @BNPParibasOpen
#Repost @stefanduell
・・・
Just got in at this beautiful place on the tennis planet @BNPParibasOpen. Definitely the best @ATPWorldTour Masters tournament of the year! #BNPParibasOpen #BNPPO17 #IndianWells #PalmSprings #California #USA #🎾🌴🌵☀️⛰",286,2,"['USA', 'California', 'BNPPO17', 'BNPParibasOpen', 'IndianWells', 'TeamLu', 'PalmSprings', 'Repost']"
97,2017-03-04 10:00:07,‪Hi Los Angeles! 🏙#Acapulco 🛫#Mexico🛬🛫#LosAngeles 🛬 #TeamLu‬,360,1,"['Acapulco', 'LosAngeles', 'TeamLu', 'Mexico']"
98,2017-03-04 01:02:47,"Last time enjoying this beautiful view, thank you @abiertomexicanodetenis! Off to Los Angeles and then by car to Indian Wells for @bnpparibasopen #Acapulco #Mexico #TeamLu",273,0,"['Acapulco', 'TeamLu', 'Mexico']"
99,2017-03-01 03:52:50,‪Working on my serve with coach @danai_udomchoke @abiertomexicanodetenis @atpworldtour #Acapulco #Mexico #ATP,279,4,"['Acapulco', 'ATP', 'Mexico']"
100,2017-02-26 19:13:20,"Thank you @DelrayBeachOpen for the great hospitality and @LeanderPaes for playing doubles with me, enjoyed it a lot! 👊🙂",325,1,[]
101,2017-02-25 22:57:54,"#TeamPaesLu
. 
#Repost @leanderpaes
・・・
‪Great to be in the Semi-Finals tomorrow with @lurendy ..Big respect to @bryanbros @mikecbryan 🎾 @atpworldtour #yonex #delraybeachopen",340,1,"['TeamPaesLu', 'delraybeachopen', 'yonex', 'Repost']"
102,2017-02-22 02:02:08,‪Looking forward to doubles competition @DelrayBeachOpen with this legend! @LeanderPaes,501,3,[]
103,2017-02-18 13:24:54,"#Repost @sarazenphotography
・・・
hard court // winter '17",247,2,['Repost']
104,2017-02-18 00:58:10,‪Great to be back! @DelrayBeachOpen @ATPWorldTour ‬🎾🌴🌞,394,4,[]
105,2017-02-17 00:25:52,"Thank you @MemphisOpen, I m looking already forward to next year. On my way to @DelrayBeachOpen. #TeamLu #Memphis🛫#Houston🛬🛫#FortLauderdale🛬",349,1,"['Houston', 'Memphis', 'TeamLu', 'FortLauderdale']"
106,2017-02-16 11:02:04,‪Having a great dinner @CorkysMemphis 🍗🍖😊‬,488,2,[]
107,2017-02-12 07:04:42,"‪Recovery is very important, thank you @FlowCryo! Greetings to @DjokerNole from -130 degrees Celsius!✌️😊‬ #Cryo #CryoTherapy #Memphis",408,1,"['Cryo', 'CryoTherapy', 'Memphis']"
108,2017-02-12 03:19:46,@MemphisOpen #Practice #Training #Preparation,345,3,"['Preparation', 'Practice', 'Training']"
109,2017-02-11 05:27:08,Really great to be back at a very nice tournament @MemphisOpen! #Memphis #ATP #USA,465,2,"['Memphis', 'ATP', 'USA']"
110,2017-02-11 04:10:08,"Thank you @Bounce_CAN for making sure I recharge my batteries before, during and after competition! #BounceBalls #BounceBites #GrabLife",350,0,"['BounceBites', 'BounceBalls', 'GrabLife']"
111,2017-02-11 03:11:15,First practice @MemphisOpen #Memphis #ATP,313,2,"['Memphis', 'ATP']"
112,2017-02-08 14:24:26,"On my way to USA, next @ATPWorldTour tournament is @MemphisOpen. Thank you @evaairways @evaairus for the support!

開工了……今天搭 EVA Airways Corp. 長榮航空  出發前往美國Memphis，開始為期8個星期的美國賽事行程，3月底才會回到台灣了。

#keepFighting 
#EvaAirways
#長榮航空
#TeamLu",326,9,"['長榮航空', 'EvaAirways', 'TeamLu', 'keepFighting']"
113,2017-02-08 14:19:22,"出國前一天，感謝 儲存易迷你倉集團 Store Friendly Self Storage Group 主席Kevin，特地從香港飛來台灣，設宴為我加油打氣，感謝儲存易對我們的支持…… #儲存易迷你倉集團 
#StoreFriendlySelfStorageGroup",241,1,"['StoreFriendlySelfStorageGroup', '儲存易迷你倉集團']"
114,2017-02-08 14:16:41,"難得今年在台灣過年，但訓練仍要進行。非常感謝過年期間，士林至善國中，林正洲校長及巫宏榮教練，借我們室內球場進行訓練……今天訓練結束，明天將前往美國夢菲斯，準備參加下星期一開始的ATP250夢菲斯公開賽，新春結束了，該開工了

#至善國中
#teamLu",272,1,"['至善國中', 'teamLu']"
115,2017-02-08 05:26:47,Thank you @SportslineHK for providing my physio @StefanDuell with @Premax.co massage cream. Best product I ever experienced on my skin! 🙏👌👊#TeamLu #Physiotherapy #Premax #Massage #Recovery #Sportsmassage #Health #Fitness,397,1,"['Fitness', 'Health', 'Recovery', 'Massage', 'Premax', 'Physiotherapy', 'TeamLu', 'Sportsmassage']"
116,2017-02-02 18:40:20,"At home in Taipei preparing for my next @ATPWorldTour journey. Upcoming tournaments are @MemphisOpen, @DelrayBeachOpen, @AbiertoMexicanoDeTenis, @BNPParibasOpen and @MiamiOpen #ATPWorldTour #USA #TeamLu",360,2,"['TeamLu', 'USA', 'ATPWorldTour']"
117,2017-01-27 23:27:29,"過年發紅包了!今年取消了夏威夷賽事，留在台灣過年！下午先去平安園爸爸那裡走走，能留在台灣過年真的很幸福……
祝福所有支持我的朋友們新年快樂，平安幸福",573,11,[]
118,2017-01-27 14:50:44,回台灣過年，這幾天來政治大學練球，拜會了政大的校長周行一校長，總務長林左裕教授特地來網球場探班。全國教職員大專盃昨天才結束，恭喜政大獲得教職員網球甲組的亞軍。政治大學也在周校長及總務長的帶領之下，體育風氣非常的盛行，政大的師生真的非常幸福。,348,1,[]
119,2017-01-13 13:50:03,Great to be back at the best Grand Slam of the year! @AustralianOpen #Melbourne #AusOpen,633,8,"['AusOpen', 'Melbourne']"
120,2017-01-12 02:33:50,"‪Thank you @ASBClassic, always a pleasure to compete in Auckland. Everything perfect organized, definitely one of the best @ATPWorldTour events!‬ 👌",354,3,[]
121,2017-01-11 14:19:24,"‪Last dinner in Auckland, off to Melbourne @AustralianOpen tomorrow #TeamLu ‬",280,1,['TeamLu']
122,2017-01-11 02:23:38,Very tough battle yesterday @ASBClassic! I was 1 set down and saved 2 MP's! Second match today on Grandstand. #TeamLu,424,4,['TeamLu']
123,2017-01-09 11:34:57,‪Some basic work with my brother to get ready for the match tomorrow! @ASBClassic @ATPWorldTour #TeamLu #FamilyWork 🙂‬,331,4,"['TeamLu', 'FamilyWork']"
124,2017-01-08 07:14:16,Good to be back! @ASBClassic @ATPWorldTour #Auckland #ATP #GreatTournament,317,1,"['GreatTournament', 'ATP', 'Auckland']"
125,2017-01-08 06:27:22,Thank you @SportslineHK for providing me with the @Blackroll and #Blackroll #Booster #KeepRolling #KeepMoving #Fascia #Release #Training #Recovery #Success,410,3,"['Blackroll', 'Recovery', 'Fascia', 'KeepRolling', 'Release', 'Success', 'Training', 'Booster', 'KeepMoving']"
126,2017-01-07 16:21:47,"We can do it! 💪😂 #Repost @stefanduell
・・・
Walking around and trying to kill Mr. Jetlag 😂after a 24h trip #Chennai🛫🛬#Dubai🛫🛬‪#Auckland #NewZealand #NZ #StreetStyle #StreetPhotography #StreetLook ‬#Travel #WanderLust #Picture #Pictures #photooftheday #pictureoftheday #pictures #photography #photographer #picturetokeep #pic #pictureoftheday #photoofday #travels #traveltheworld #travelgram #instatravel #travelingram #travephoto #instatraveling",308,5,"['WanderLust', 'NewZealand', 'NZ', 'Chennai', 'instatravel', 'Auckland', 'Dubai', 'StreetStyle', 'pic', 'travelgram', 'Picture', 'travephoto', 'Pictures', 'photography', 'picturetokeep', 'photooftheday', 'pictureoftheday', 'travels', 'photoofday', 'traveltheworld', 'StreetLook', 'photographer', 'instatraveling', 'StreetPhotography', 'Travel', 'pictures', 'travelingram', 'Repost']"
127,2017-01-03 22:10:43,‪That feeling when you just finish your first @ATPWorldTour singles match of the season with a win! #ComeOn ‬,421,3,['ComeOn']
128,2017-01-03 18:08:13,Nice memories! I won the doubles competition here @ChennaiOpen 2 times in 2005 with Rainer Schüttler and 2015 wit Jonathan Marray. #Doubles #Chennai #ATP,371,2,"['Doubles', 'ATP', 'Chennai']"
129,2017-01-02 19:28:00,‪Looking forward to play doubles this week at @ChennaiOpen with my partner @MalibuBakerman #LetsGo ‬,308,1,['LetsGo']
130,2017-01-01 09:56:03,‪Happy New Year everybody! Thank you for the great support! #BestFans ❤️‬,213,2,['BestFans']
131,2016-12-31 16:26:32,Practice with Mikhail Youzhny at @ChennaiOpen #Chennai #ATP,264,1,"['ATP', 'Chennai']"
132,2016-12-30 19:35:03,‪Thanks bro for the first hit at 2017 @ATPWorldTour @ChennaiOpen @AljazBedene 👊💪😊 ‬,364,2,[]
133,2016-12-30 17:42:07,‪#TeamLu at @chennaiopen #LetsGo ‬,282,4,"['TeamLu', 'LetsGo']"
134,2016-12-29 19:47:36,Great final practice days at @ImpactTennisAcademy with my friend @TipsarevicJanko and the team! Good luck to everyone for the upcoming season!,229,0,[]
135,2016-12-28 17:20:45,"Last dinner with family and friends here in Bangkok. Thank you @ImpactTennisAcademy, hopefully see you soon! #TeamLu",298,2,['TeamLu']
136,2016-12-28 00:22:59,3 very tough but very good training weeks in Bangkok are coming to the end. Thank you @ImpactTennisAcademy for your support! Heading to India for @ChennaiOpen tomorrow. Looking very much forward to 2017 @ATPWorldTour season! #TeamLu #LetsGo,329,3,"['TeamLu', 'LetsGo']"
137,2016-12-17 22:36:22,Looking forward to one more year of partnership with a great company! Proud ambassador of @EvaAirways! #TeamLu ✈️,237,0,['TeamLu']
138,2016-12-17 17:49:18,Full body #HIIT workout @impacttennisacademy feels like 🤢😂#Preseason #Training #TeamLu #GettingReady 🏋️🤸‍♂️🎾💪👊,159,2,"['GettingReady', 'Preseason', 'Training', 'HIIT', 'TeamLu']"
139,2016-12-17 01:57:55,‪Definitely best preseason training of my life so far with such a great training buddy! #TeamLu 🏋️🤸‍♂️😂‬,286,2,['TeamLu']
140,2016-12-16 20:54:57,【因為有你，愛不罕見！】 是誰，讓愛樂電台的同事們都轉換成迷哥迷妹模式？原來是網球名將 盧彥勳 來了！❤ 盧彥勳在忙碌的比賽行程之餘，也非常熱心公益，關懷罕見疾病病友。今天起，聽友們可以在愛樂電台頻道內聽到盧彥勳為 罕見疾病基金會 錄製的廣告。也歡迎大家到罕見疾病基金會的官網上看看，和盧彥勳一起以實際行動幫助他們！ 🎵 罕見疾病基金會網址：http://www.tfrd.org.tw/tfrd/,319,1,[]
141,2016-12-15 20:58:42,‪Preseason training camp at @ImpactTennisAcademy in #Bangkok #Thailand with some of the best tennis players of asia! Getting ready for 2017 @ATPWorldTour! #TeamSpirit #TeamWork #ComeOn 💪👊 ‬,208,1,"['TeamWork', 'ComeOn', 'Bangkok', 'Thailand', 'TeamSpirit']"
142,2016-12-12 19:21:24,‪Sightseeing in Thailand on our day off! #Preseason #Training #Family #TeamLu 🐘🎾🙂‬,375,2,"['TeamLu', 'Family', 'Preseason', 'Training']"
143,2016-12-10 23:58:41,"盧彥勳2016年冬季訓練，已將展開兩個星期了。上星期在台灣，先自主訓練，請到英國的體能訓練師James Turnbull的帶領之下，和台灣年輕好手李冠毅在台灣大學的重量訓練室，先進行一個星期的體能及重量訓練。

而這個星期，全部移師到泰國曼谷，展開為期四個星期的訓練。除了原本的台灣年輕好手李冠毅外，又加入了韓國新秀十九歲Chung Hyeon鐘賢(102名)及十八歲好手Lee Duckhee李德熙，一起訓練。Chung Hyeon及Lee Duckhee都是這一兩年，亞洲值得注意的新秀，年紀輕輕，排名都很接近百名，尤其Chung Hyeon去年更一度排名到50名左右。韓國選手的教練尹龍一和Im Kyu Tae都是當年和盧彥勳一起比賽的選手及好友，現在分別是兩位選手的教練。他們皆表示很感謝有機會讓自己選手，和盧彥勳一起訓練，並學習盧彥勳的拼戰精神。盧彥勳也表示，自己也樂於見到亞洲選手愈來愈多好手出現，希望大家一起訓練，有一些經驗能彼此交流，另外此次也特別帶上台灣新秀李冠毅，目前世界排名400名左右，希望此次讓李冠毅能學習到職業選手如何準備比賽，不管是在心態上、球場訓練上、還是體能重量訓練上，以利於他將來在職業賽事上，有更多的突破。

當然此次特別感謝Stephen koon (Manger from IMPACT Tennis Academy)
#台灣大學
#impacttennisacademy
#LUTEAM",343,4,"['台灣大學', 'LUTEAM', 'impacttennisacademy']"
144,2016-12-09 21:49:27,Recovery is very important! Getting ready for 2017 @ATPWorldTour! 😂#Preseason #Training #TeamLu @ImpactTennisAcademy,308,1,"['TeamLu', 'Preseason', 'Training']"
145,2016-12-04 08:42:04,"今天來拜訪長榮航空公司，感謝長榮航空這兩年來對盧彥勳及其團隊的支持，讓盧彥勳及其團隊能經由長榮航空提供最舒適的飛行，無後顧之憂的征戰世界各地。發言人柯金成先生也提到，長榮航空支持台灣體育不遺餘力，除了盧彥勳外，像前幾天才登上世界第一的戴資穎也是長榮航空支持的選手。盧彥勳也帶了自己的溫布頓公仔，致贈給發言人柯金成先生做紀念，發言人柯金成先生也送給盧彥勳最新長榮航空B777-300模型。 
#長榮航空
#EvaAir
#長榮航空B777-300ER
#EVAAirwaysCorp",386,2,"['長榮航空', 'EvaAir', 'EVAAirwaysCorp', '長榮航空B777']"
146,2016-11-29 16:44:07,Getting ready for 2017 @ATPWorldTour season! #TeamLu #Preseason #Training 🏋🏼‍♀️💪,370,6,"['TeamLu', 'Preseason', 'Training']"
147,2016-11-27 11:32:19,"我的假期已經接近尾聲，下週就要正式開始訓練了，休息了這麼久，心裡難免會有些不安，不知道自己能不能跟上訓練的進度？

今晚到了台東孩子的書屋的感恩音樂會，看著孩子們賣力的表演以及精彩的表現，除了感動之外，也獲得了很多力量。

孩子們，你們的表演真的很棒，我們非常享受，辰辰很認真的看了一個多小時，回家的路上仍意猶未盡，很努力的用他會表達的文字解釋他看到的表演，看來他也感受到哥哥姊姊們的努力了！

正式進入訓練前的週末，早上看到好多愛打球的孩子，晚上看到一群享受音樂及表演的孩子，真的給了我滿滿的能量，本來以為是我去替他們打氣的，反而好像我得到了更多。",397,3,[]
148,2016-11-26 22:28:04,受陳曉光老師及謝承殷校長的邀請，來光榮國小為新北市青少年網球錦標賽的小朋友們加油打氣。非常感謝新北市網球委員會的會長鄭得興會長對網球運動的支持。看到小朋友們打球，讓自己也想起小時候打球的樣子，很羨慕小朋友。當然也和各位小朋友、家長、及教練，共同勉勵，高尚的運動家精神及品德教育是比球場上的勝負更重要的，希望各位在追球勝負的同時，更應注重從小培養選手的運動家精神及品德。,291,1,[]
149,2016-11-26 22:25:57,"Thank you to my private Stringer at home in Taipei for many years of support, really appreciate it! #TeamLu 🎾💪👊",436,1,['TeamLu']
150,2016-11-21 19:57:12,Father and son #FamilyTime #QualityTime ❤️,420,4,"['FamilyTime', 'QualityTime']"
151,2016-11-17 00:19:59,"參加李遠哲院長的自傳發表會  今天非常榮幸，受邀參加李遠哲院長的自傳發表會，並讓我上台致辭，尤其在那麼多大師面前，陳建仁副總統、黃榮村部長、李有成教授、楊斯棓醫師，真覺得有點不好意思。  仔細拜讀了李院長的自傳後，真的非常感動，院長在獲得諾貝爾獎之後，放棄海外高薪與研究資源回到台灣，與「家鄉父老同甘共苦」，希望發揮其影響力來貢獻台灣、改變台灣。李院長不止參與在科學、教育、及許多台灣的社會議題，可能因為從小就是體育健將，所以對體育也非常的關心。  1999年，在我母校修德國小己故的林東瀛校長邀約之下，第一次和李院長球敘。半年後，我父親因為心肌梗塞驟逝，正值我在青少年轉職業的關鍵時期，家中少了最重要的支柱讓我們猶豫不決。但此時李院長知道我有潛力，不斷的鼓勵我，並在最艱困的幾年，幫我跟一些企業朋友慕款，讓我可以撐過去。所以彥勳現在在職業網壇有些許的成就，第一個要感謝的是李遠哲院長，沒有李院長，就沒有今天的盧彥勳。彥勳的網球路，有太多像李院長一樣愛台灣的長輩們支持，彥勳也希望將來秉持李院長貢獻台灣的精神，為台灣這塊土地盡一份心力。  在這個價值觀多元也模糊的時代，院長的自傳很值得推薦給大家，作為人生學習的典範。而裡面也提到許多社會大眾關注的問題，如教改…，閱讀完這本書，就可以很清楚的解除所有的疑惑。

圓神出版社《李遠哲傳》博客來連結",350,2,[]
152,2016-11-14 23:05:57,At home in Taipei visiting a very special person with my loved ones. R.I.P. Daddy! 🙏❤️,451,1,[]
153,2016-11-12 17:14:39,"結束一整年的賽季，才得以在家好好整理這年來的點點滴滴。不過，整理速度比想像中慢，因為一整房間的球拍、球衣、球鞋、照片，跟著我揮汗征戰一場場的賽事，這些捨不得的回憶和騰出空間給小孩玩樂的兩難選擇，讓進度陷入膠著狀態（比打球還累）。心想空間再更多一點，就可以兩全其美了？之前在國外看到家庭使用自助倉儲非常普遍，真的很方便。現在台灣也有自助倉儲的服務了，感謝亞洲130家分店的儲存易迷你倉集團，不僅提供儲物空間，提升了居住品質，還特別收藏了我的網球生涯回憶，設置「盧彥勳主題倉」，歡迎大家有空來看看。
------------------------------
盧彥勳主題倉：儲存易三重徐匯中學店（新北市三重區仁愛街751號B1）
＃儲存易＃收納＃自助倉儲＃迷你倉＃儲物空間＃網球＃回憶 #亞洲 #盧彥勳 #家庭 #孩子與我",170,0,"['亞洲', '盧彥勳', '孩子與我', '家庭']"
154,2016-10-30 21:36:51,"A long 2016 @ATPWorldTour season is getting to the end, a year with ups and downs, many experiences and challenges. After all I m really happy to finish the year among the Top 100 for the 9th time in a row, especially after a tough start to the season with an elbow surgery not knowing if I ever will be able to compete on that level again!

Sometimes you win, sometimes you loose, thats sport, thats life, but never look back, look forward and enjoy every moment. I gave everything i could in every single match this year!

Thank you so much to my family, my friends, my team (@danai_udomchoke, @stefanduell, @WeiJuLu and Addway), my sponsors (@adidastennis, @headtennis_official, @oriswatch and @evaairways) and ALL OF YOU for the great support, I would never get that far without YOU! #BestFans 
It's time for holidays now, I will take some time off and recharge my batteries and come back stronger next season!

See you guys very soon, Rendy",338,3,['BestFans']
155,2016-10-30 18:02:00,"Very greatful to have that team around me, thank you #TeamLu 💪👊👌",336,0,['TeamLu']
156,2016-10-30 17:37:59,"Another good week in China, won my 26th @ATPWorldTour Challenger title today at Suzhou! Thank you everybody for the support! #TeamLu 🏆💪",292,0,['TeamLu']
157,2016-10-23 18:46:24,"Special thanks to my team, always supporting me all the way! Very thankful to have you guys! #TeamLu 💪👊❤️",306,3,['TeamLu']
158,2016-10-23 18:42:01,Won my 25th @ATPWorldTour Challenger title today at Ningbo! Thank you everybody for the support! #TeamLu 🏆💪,535,12,['TeamLu']
159,2016-10-13 10:10:05,"Thank you @SHRolexMasters, one of the best tournaments at @ATPWorldTour. Looking already forward to next year! Off to Ningbo with my team. #TeamLu",285,2,['TeamLu']
160,2016-10-10 17:17:34,Putting some work in with my team @ShanghaiRolexMasters #Shanghai #ATP #TeamLu,327,3,"['Shanghai', 'TeamLu', 'ATP']"
161,2016-10-08 09:46:19,"辛苦訓練就是為了能應付ATP一整年的賽季，但是比賽前最怕就是遇到呼吸道感染或生病。
Nebu-Tec GmbH (www.nebu-tec.de) 的M-neb 讓我可以保持呼吸系統的健康。特別是我們常坐飛機，是極度乾燥又充滿細菌和病毒的環境，還有飯店和公共場所人多的地方，都有可能增加感染的機率，這機器可以幫助我預防和治療，而M-neb 非常輕巧好攜帶，讓我在比賽旅行和賽前準備帶來很大的幫助，是不可缺少的夥伴，很感謝NEBU-TEC的幫助與支持。

I inhale with the M-neb mobile of NEBU-TEC to keep me and my respiratory system fit. I train to be fit for the ATP World Tour throughout the season very hard. Shortly before the tournament I can not afford a failure due to infection. Especially on the road, for example in the airplane, it is very dangerous to get viruses and bacteria. Due to the low humidity on board the breathing system dries out. The contact with countless people during my travels to venues increases the risk of developing a respiratory infection enormous. Air conditioner in hotel rooms are on top also very dangerous to get sick. To avoid infection, prevent or treat I inhale therefore regularly with the M-neb mobile. The small and light inhaler accompanies me everywhere and anytime. This makes it for me an indispensable partner during my preparations, travels and competitions. Thank you to the company NEBU-TEC for the support! #Inhalation #Inhale #Prevention",337,4,"['Prevention', 'Inhalation', 'Inhale']"
162,2016-10-08 09:40:29,"Great to be back in Shanghai @ShanghaiRolexMasters, one of the best @ATPWorldTour Masters Series tournaments! #TeamLu",308,1,['TeamLu']
163,2016-10-07 09:07:17,"Arrived in Shanghai last night, getting ready for @ShanghaiRolexMasters #TeamLu",299,1,['TeamLu']
164,2016-10-02 11:38:35,That's what my team is doing while I m working @ChinaOpen 😂😂😂 #TeamLu,237,1,['TeamLu']
165,2016-09-27 07:26:00,Hot pot dinner with the team in Chengdu @ChengduOpen #TeamLu #WellDeserved 💪😊,325,3,"['WellDeserved', 'TeamLu']"
166,2016-09-23 22:59:31,"Just received some very good news: I got the WC at @ChinaOpen! Thank you @ChinaOpen, looking forward to compete at one of the best tournaments @ATPWorldTour! #ChinaOpen #ATP #Tennis",314,5,"['ATP', 'Tennis', 'ChinaOpen']"
167,2016-09-21 15:44:47,Team dinner last night in Kaohsiung. Feels good to have my family and friends with me at the tournament. #TeamLu,291,3,['TeamLu']
168,2016-09-17 20:36:24,Looking forward to compete at my home tournament in Kaohsiung/Taiwan next week! Practice in progress... #TeamLu #Taiwan 🎾💪👊,446,2,"['TeamLu', 'Taiwan']"
169,2016-09-14 00:42:13,Practice in Nanchang with my good friend Tatsuma Ito #TeamLu,372,1,['TeamLu']
170,2016-09-09 00:00:44,"今天來大遠百擔任ORIS一日店長的拍攝。
Thank you to my official partner @OrisWatch from Switzerland! #Oris #SwissMadeWatches",426,5,"['Oris', 'SwissMadeWatches']"
171,2016-09-04 19:13:35,"Time to go home with my favourite airline @EvaAirWays! Thank you @USOpen, see you next year! #TeamLu",391,3,['TeamLu']
172,2016-09-02 03:01:29,Nice practice today @USOpen Centre Court #TeamLu #NewYorkCity #Tennis,327,2,"['TeamLu', 'Tennis', 'NewYorkCity']"
173,2016-09-01 07:48:55,"Great doubles today @USOpen, thanks to my partner Janko Tipsarevic! #USOpen  #TeamLuTip",327,3,"['TeamLuTip', 'USOpen']"
174,2016-09-01 01:14:11,Very tough one yesterday! Congrats to Ivo and good luck for the rest @USOpen!,424,7,[]
175,2016-08-28 21:56:14,Always special to play a tournament and get support from fans of my home country. Thank you guys! #BestFans #Team🇹🇼,487,3,"['BestFans', 'Team']"
176,2016-08-28 03:10:02,Great to be back @USOpen #TeamLu #NewYorkCity 🗽,295,4,"['TeamLu', 'NewYorkCity']"
177,2016-08-27 14:13:36,Nice road trip with my brother @WeiJuLu and coach @Danai_Udomchoke from Winston Salem @WinstonSalemOpen to New York City! Getting ready for @USOpen 🗽 #TeamLu,376,7,['TeamLu']
178,2016-08-26 21:09:51,"Thank you @WinstonSalemOpen it was a pleasure to play here, see you next year. Off to New York for @USOpen! #TeamLu",375,3,['TeamLu']
179,2016-08-22 19:15:59,"Very tough match yesterday, happy to be through to 2nd round @WinstonSalemOpen #TeamLu #ATP #Tennis #WinstonSalem",422,5,"['ATP', 'TeamLu', 'Tennis', 'WinstonSalem']"
180,2016-08-21 00:51:16,Autograph session today @WinstonSalemOpen @ATPWorldTour,292,2,[]
181,2016-08-20 16:59:31,Great to be back at @WFUniversity and preparing for @WinstonSalem Open. We like this tournament @ATPWorldTour! #TeamLu,390,2,['TeamLu']
182,2016-08-18 13:31:29,"明天要轉往Winston Salem，離開辛辛那堤前夕，台灣同鄉會宴請了我及我的團隊，又準備了一個蛋糕，讓我再切一次蛋糕。每年來到辛辛那堤，都被同鄉會的好友們招待，真的非常感謝也很感動！

Thank you to our guest family for very nice hospitality, off to Winston Salem tomorrow. Looking forward to @WinstonSalemOpen! #TeamLu",351,7,['TeamLu']
183,2016-08-17 19:45:44,"My brother has some long jumping skills, I have to admit! 😂 #TeamLu @Olympics",309,5,['TeamLu']
184,2016-08-15 12:42:41,"Thank you everybody for all the kind birthday wishes, I had a very nice day! ❤️",417,8,[]
185,2016-08-13 18:51:28,First match today at 10 AM on court 10 @CincyTennis vs. Kyle Edmund #TeamLu #Cincinnati #ATP,431,2,"['Cincinnati', 'ATP', 'TeamLu']"
186,2016-08-13 02:32:09,"Getting some practice in with my coach @danai_udomchoke @CincyTennis, will play qualifying tomorrow. #Cincinnati #ATP #TeamLu",338,4,"['Cincinnati', 'ATP', 'TeamLu']"
187,2016-08-11 05:06:53,It went not the way I wanted but I m very grateful having been able to compete the 4th time for my country @Olympics! It's a childhood dream of every athlete I think! Heading to USA for the next @ATPWorldTour tournament @CincyTennis. Thank you @Rio2016 it was a great experience! #Team🇹🇼 #TeamLu,388,7,"['TeamLu', 'Team']"
188,2016-08-10 22:44:55,"台灣之光--許淑淨。真的很感謝及佩服許淑淨，感謝許淑淨為我們台灣連兩屆奧運拿下金牌；舉重運動的訓練是那來的辛苦、單調，佩服許淑淨能堅持到底。

這幾天也利用一些時間在選手村中，和這次里約奧運台灣代表隊選手及教練，進行了一些交流及討論。大家都是代表台灣在每一個項目的頂尖選手及教練，希望能一起努力，讓台灣的運動及體育環境更進步！

Nice meeting our @Olympics hero Shu-Ching Hsu. Congrats on the @Rio2016 gold medal, great job! #Team🇹🇼 🏋💪",806,7,['Team']
189,2016-08-07 16:54:33,"Incredible opening ceremony friday night! Thank you @Rio2016! My @Olympics journey starts tomorrow, I m very excited to compete for my country! #Rio2016 #Olympics #Team🇹🇼",483,5,"['Olympics', 'Team', 'Rio2016']"
190,2016-08-05 16:50:01,Practice on the @Rio2016 grounds. Looking forward to the @Olympics! #Team🇹🇼 #Olympics #Rio2016,563,8,"['Olympics', 'Team', 'Rio2016']"
191,2016-07-29 14:00:13,"#TeamLu at the Niagara Falls, nice day of rest before starting preparation for @Olympics #RoadToRio",398,3,"['RoadToRio', 'TeamLu']"
192,2016-07-28 21:03:38,"Congrats to Milos and good luck for the rest @RogersCupTo! It's time to get ready for @Olympics. I will stay until Sunday in Toronto for preparation and fly out to Rio on Monday, looking forward to represent my country at the Games! #TeamLu #Team🇹🇼",504,8,"['TeamLu', 'Team']"
193,2016-07-27 04:29:51,Happy with my performance today @RogersCupTo #RogersCup #Toronto @ATPWorldTour #TeamLu,644,9,"['Toronto', 'TeamLu', 'RogersCup']"
194,2016-07-25 03:23:41,Getting some work done @RogersCupTo. Looking forward to play at this great tournament! #RogersCup #Toronto,445,5,"['Toronto', 'RogersCup']"
195,2016-07-20 06:08:04,"Good start of the hard court season, happy with the win! @CitiOpen @USOpenSeries #Washington #ATP",461,4,"['ATP', 'Washington']"
196,2016-07-16 20:17:38,"Just arrived in Washington @CitiOpen: first station of a very long America trip including @CoupeRogers, @Olympics, @WinstonSalemOpen and @USOpen! Looking forward to a lot of 🎾 and 🏋 in different countries and especially to the highlight of the year representing my country in Rio @Olympics! #TeamLu #Team🇹🇼",522,6,"['TeamLu', 'Team']"
197,2016-07-14 12:59:25,"Travelling time with @EVAAirways! I m off to USA, @CitiOpen calling @ATPWorldTour #Washington #ATP",524,10,"['ATP', 'Washington']"
198,2016-07-03 20:12:28,"Time to go home after 8 weeks away, thank you #EVAAir for always taking good care of me and my team! Looking forward to 1 week with my family!",669,9,['EVAAir']
199,2016-07-01 08:27:13,"Very happy to compete for my country at the @Olympics @Rio2016 together with my female tennis colleagues Su-Wei Hsieh, Chia-Jung Chuang, Yung-Jan Chan and Hao-Ching Chan. Let's go #TeamTaiwan🇹🇼 #Olympics #Rio #Rio2016 #Tennis #ATP #WTA",506,7,"['Olympics', 'TeamTaiwan', 'Rio', 'WTA', 'ATP', 'Tennis', 'Rio2016']"
200,2016-07-01 07:44:43,"Tough match today but Andy played too good! Congrats and good luck for the rest of @Wimbledon! First round Doubles for me tomorrow with Janko Tipsarevic vs. Paes/Matkowski. #Wimbledon #Tennis #SW19

Picture credit: AELTC",621,8,"['Wimbledon', 'Tennis', 'SW19']"
201,2016-06-28 20:42:58,"First round win @Wimbledon, very happy the way I played! Next round on Thursday, thanks everybody for support! #Wimbledon #SW19 #TeamLu",770,20,"['Wimbledon', 'TeamLu', 'SW19']"
202,2016-06-26 20:24:48,Honored to be elected to the @ATPWorldTour player council. Thanks everybody voting for me! #ATP #Player #Council,267,3,"['ATP', 'Council', 'Player']"
203,2016-06-25 20:36:30,Good practice with #AljazBedene and my coach @danai_udomchoke at #Wimbledon 🎾🌱,388,1,"['Wimbledon', 'AljazBedene']"
204,2016-06-23 17:48:54,"First practice at the holy grounds @Wimbledon, feels good to be back at this magic place! #TeamLu #Wimbledon #SW19",390,2,"['Wimbledon', 'TeamLu', 'SW19']"
205,2016-06-23 01:25:01,"Just got in @Wimbledon, looking forward to 'The Championships'! #TeamLu 🎾🌱👊 #Wimbledon #SW19",618,4,"['Wimbledon', 'TeamLu', 'SW19']"
206,2016-06-21 17:37:40,One more day sightseeing with my brother before we start preparation for @Wimbledon #TeamLu👊,440,2,['TeamLu']
207,2016-06-21 01:32:04,#TeamLu meets @ChelseaFC grounds #StamfordBridge 🎾⚽️🙂,255,0,"['TeamLu', 'StamfordBridge']"
208,2016-06-21 00:16:01,Just arrived in London after 3 tough but very good weeks at ATP Challenger Tour. I m very happy after the long injury time-out to be able to compete painfree @ATPWorldTour! I played 15 Matches in a row and decided to take off next 2 days to get 100% fresh for the @Wimbledon Championships! Thank you again for incredible support everybody! #BestFans #TeamLu,448,1,"['BestFans', 'TeamLu']"
209,2016-06-20 02:43:24,Special thanks to my team for great 3 weeks! #TeamLu 💪👊🌱🎾,351,3,['TeamLu']
210,2016-06-20 01:48:23,"3 finals in a row and 2 back-to-back titles, can't be more happy! Looking forward to @Wimbledon. Thank u everybody! #TeamLu",488,4,['TeamLu']
211,2016-06-19 02:13:01,"2 matches done today, happy to play finals tomorrow at 12 noon. #AegonIlkleyTrophy #TeamLu",347,3,"['TeamLu', 'AegonIlkleyTrophy']"
212,2016-06-16 23:01:28,"Good day at the office, thank you to my fans from home for support! #🇹🇼 #TeamLu #AegonIlkleyTrophy 🌱🎾👊",678,2,"['TeamLu', 'AegonIlkleyTrophy']"
213,2016-06-16 16:51:20,"Nice recovery run with the team yesterday at beautiful Ilkley, back to work today! #AegonIlkleyTrophy #GreatBritain #TeamLu 🎾🌱👊",387,3,"['TeamLu', 'GreatBritain', 'AegonIlkleyTrophy']"
214,2016-06-13 02:33:49,Very happy for this victory especially after a half year injury time out! Thank you to my team and all of you for great support! #TeamLu #AegonSurbitonTrophy #BestFans ❤️👊🏆,663,14,"['BestFans', 'TeamLu', 'AegonSurbitonTrophy']"
215,2016-06-12 03:25:04,Very happy to play second ATP Challenger final in 2 weeks at Aegon Surbiton Trophy tomorrow! #TeamLu #AegonSurbitonTrophy 🎾🌱💪👊,483,2,"['TeamLu', 'AegonSurbitonTrophy']"
216,2016-06-10 21:55:59,"Won my quarterfinals today, semifinals tomorrow! 🌱🎾💪👊 #TeamLu #AegonSurbitonTrophy",592,4,"['TeamLu', 'AegonSurbitonTrophy']"
217,2016-06-08 21:25:48,Another good win in singles today! Happy to be through to quarterfinals! Getting ready for doubles now with my partner @dreddy_ja #Aegon #Surbiton #Trophy,400,2,"['Aegon', 'Surbiton', 'Trophy']"
218,2016-06-05 23:07:26,"Tried my best today but Dustin played too good! Well deserved champion of Manchester @dreddy_ja, congrats! Looking already forward to next weeks double action! #TeamBroLu 👊",594,5,['TeamBroLu']
219,2016-06-05 01:46:36,Visited the @ManchesterUnited footbal club after my semifinals victory today with my coach @danai_udomchoke #ManchesterUnited #OldTrafford,360,2,"['OldTrafford', 'ManchesterUnited']"
220,2016-06-01 17:53:21,"Long day yesterday but finally finished with 2 victories! Great doubles with @dreddy_ja! Day off today, will have 1 hour tennis practice and some rehab work done! #Manchester #🌱 #🎾",389,1,['Manchester']
221,2016-05-31 16:19:15,"First match singles today at 11 AM on court 1 vs. L. Glasspool, doubles 2nd match after 2:30 PM on centre court with @dreddy_ja vs. Kudla/Ram #Manchester #GrassCourt #Tennis",411,2,"['Manchester', 'Tennis', 'GrassCourt']"
222,2016-05-31 01:37:41,Good practice today in Manchester with my doubles partner @dreddy_ja for the next two tournaments! #TeamBroLu 👊,537,3,['TeamBroLu']
223,2016-05-25 18:41:15,Two days recovery work with my team @RolandGarros before leaving Paris for England to the grass court season!,368,12,[]
224,2016-05-24 22:53:09,Tough match today against World No. 1 but I m very happy to be back competing and painfree! Good Luck Novak for the rest of the tournament! #RG16 #RolandGarros,528,18,"['RG16', 'RolandGarros']"
225,2016-05-24 16:30:15,Warming up with @AndyMurray for my match today @RolandGarros #TeamLu #RG16,1653,29,"['RG16', 'TeamLu']"
226,2016-05-21 15:57:11,Just arrived @RolandGarros. Little tired from a long trip but have to get some practice in 💪👊😂#TeamLu #FrenchOpen #RG16,464,15,"['RG16', 'TeamLu', 'FrenchOpen']"
227,2016-05-21 01:09:15,"Thank you to my brother and Addway! I m off to Paris, will arrive Saturday morning 7 AM and have practice scheduled already at 10 AM on court 14. Need to get some practice in before playing No. 1 in the world. I need your support Paris fans!!! 😊 #TeamLu",364,5,['TeamLu']
228,2016-05-15 20:15:02,"盧彥勳單打屈居亞軍，浪費六個賽末點，以6:4, 3:6, 6:7(7)不敵烏克蘭對手。盧彥勳賽後久久不能釋懷，該拿下而把握不住機會。教練Udomchoke表示，雖然結果很可惜，但復出第一星期有此成績，真的很不錯。盧彥勳結束賽事後，隨即趕往曼谷，準備下一場賽事。

Lost the finals of Seoul today in a very tough match, I gave everything I had! Congrats to Sergiy who deserved the win! I m really happy to compete again painfree @ATPWorldTour and I want to thank everybody who helped me coming back, especially my fans for your great support! On our way to Bangkok already for the next one! #TeamLu 💪👊",372,3,['TeamLu']
229,2016-05-08 17:57:06,星期三晚上，出國前，特地準備一個蛋糕，提前慶祝母親節。連續幾年的母親節，好像都在韓國參賽。媽媽辛苦了，也祝福天下的媽媽母親節快樂! Happy Mother's Day to all Mums out there and especially my Mum! ❤️,278,0,[]
230,2016-05-05 21:36:09,Departing to Seoul!,310,6,[]
231,2016-05-05 06:53:19,"辰辰，爸爸要出國了，我會很想你的，你也會想爸爸嗎？

我會很想念你每天早上起床的笑臉，還有晚上幫你洗澡時，你調皮的樣子，還有睡前你總是指定我講故事給你聽，還有你大口吃飯，以及睡著後如天使般的臉龐。

這次的旅途比較長，我知道你一定會不高興，可能像上次爸爸去泰國訓練時一樣，想把我從視訊畫面中「滑走」，希望有一天你能夠理解，我真的不喜歡離開你，只是現在真的是很重要的時刻，我必須離開一段時間好好拼一下，不管結果如何我一定會加油的，至於你，爸爸只希望你健康平安就好！

也與出外打拼的爸爸或媽媽們共勉，一起加油吧！",431,6,[]
232,2016-05-01 16:02:29,"Thank you for the great practice weeks everyone! Next tournaments: Seoul, Bangkok and @RolandGarros #ComeOn 🎾💪",347,0,['ComeOn']
233,2016-04-28 16:07:01,Had a very good preparation and I m ready for my comeback @ATPWorldTour. Enjoying some family time at home right now before leaving to the first tournament after a half year injury time out! 🎾💪👪,358,5,[]
234,2016-04-22 16:04:23,#PushUp4Polio,256,0,['PushUp4Polio']
235,2016-04-21 06:02:47,Thank you for supporting #TeamLu with 2 hotel rooms the upcoming two weeks at our practice camp in Kaohsiung! 🛌🛋🛁👌👊 #85SkyTowerHotel #Kaohsiung,250,0,"['Kaohsiung', 'TeamLu', '85SkyTowerHotel']"
236,2016-04-20 16:43:22,At work in Kaohsiung #TeamLu #Comeback 🏋🎾💪,314,0,"['Comeback', 'TeamLu']"
237,2016-04-16 18:13:39,"Thank you Thailand, had a great preparation! Ready for my comeback! 🎾💪",252,1,[]
238,2016-04-12 17:00:16,Great teamwork in Thailand to get as soon as possible back on the court! #Comeback #ComeOn 🎾🏋💪,314,1,"['Comeback', 'ComeOn']"
239,2016-04-05 16:04:54,Had a nice practice session with Michael Chang #Legend #GrandSlamChampion @RolandGarros,460,0,"['Legend', 'GrandSlamChampion']"
240,2016-04-05 03:19:43,"Thank you #EVAAIR for your support! I had a very nice flight to #Bangkok, like always! 👊🙂 @EVAAirways @StarAlliance",241,1,"['EVAAIR', 'Bangkok']"
241,2016-04-04 19:13:51,Working hard in Thailand #Practice #Preparation #Comeback 🎾💪,378,1,"['Comeback', 'Preparation', 'Practice']"
242,2016-04-04 16:26:55,"Just arrived in Thailand to get ready for my Comeback, will be back soon @ATPWorldTour #Comeback #Practice #Thailand",255,2,"['Comeback', 'Practice', 'Thailand']"
243,2016-04-03 04:32:26,@StoreFriendly #StoreFriendly 🎾🙂,263,1,['StoreFriendly']
244,2016-03-27 00:15:54,"Happy Easter to Everyone!🐰Visited my father together with my family today, we miss him very much! #HappyEaster #FamilyFirst #RIPDaddy ❤️🙏",272,2,"['RIPDaddy', 'HappyEaster', 'FamilyFirst']"
245,2016-03-25 18:44:25,"Thank you to my personal stringer at home in Taipei for the help over the last years, really appreciate it! 🎾💪👊",332,0,[]
246,2016-03-09 01:39:29,Promoting 2016 Nan-Ying Cup Int'l Junior Championships. It's so much fun to work with kids and help them with my experience!  #YouthWork #Kids #Future,212,1,"['Kids', 'YouthWork', 'Future']"
247,2016-03-07 15:51:23,"Testing my physio skills with my brother, thank you @StefanDuell for the lessons! 🙌👐👌😂",257,0,[]
248,2016-03-04 17:45:46,First practice after a long injury time out @DavisCupTennis in Kaohsiung #TeamTaiwan #FeelingGood #Happy,369,1,"['FeelingGood', 'Happy', 'TeamTaiwan']"
249,2016-02-29 05:22:44,"Nice meeting my friend and President from Saab Taiwan, CS Chen with my family, thank you for your support!",285,2,[]
250,2016-02-26 21:11:23,Thank you #Saab #Taiwan for your support!,314,1,"['Taiwan', 'Saab']"
251,2016-02-19 03:53:14,"#Repost #Twitter @ATPWorldTour 
. . .

#TBT: This week in '04, @LuRendy won his 1st of a record 22 titles in Joplin. Also doubles champ with @BrunoSoares82",240,0,"['Twitter', 'Repost', 'TBT']"
252,2016-02-15 18:10:18,"Well done guys, great work of team #TaiwanOpen! @WTA_Taiwan_Open @WTA  #Taiwan #Open #WTA #Tennis #Kaohsiung",368,0,"['Open', 'TaiwanOpen', 'Kaohsiung', 'WTA', 'Taiwan', 'Tennis']"
253,2016-02-15 00:16:23,"Had the honour to tos the coin today ahead of the finals of @WTA_Taiwan_Open in Kaohsiung. Congrats @VenusWilliams on your 49th @WTA title, amazing achievement! #Taiwan #Kaohsiung #WTA #Tennis",464,4,"['Kaohsiung', 'WTA', 'Tennis', 'Taiwan']"
254,2016-02-14 23:18:21,Congrats to my brother and Steven on organizing such a great @WTA event in Taiwan @WTA_Taiwan_Open #WTA #Tennis #TaiwanOpen #Kaohsiung #Taiwan,311,0,"['TaiwanOpen', 'Kaohsiung', 'WTA', 'Taiwan', 'Tennis']"
255,2016-02-08 18:53:18,"Happy Chinese New Year everybody. It's the year of the monkey, so keep your 🐒's under control! 😂🙊
Thank you for your great support, really appreciate it! #BestFans",398,5,['BestFans']
256,2016-02-08 18:48:27,祝大家新年快樂！也為受災的朋友們祈福打氣！#🐒,292,2,[]
257,2016-02-02 16:37:54,"2 weeks post-op: Incredible result, almost ready to practice! #Rehab #Comeback #ComeOn",357,1,"['Comeback', 'ComeOn', 'Rehab']"
258,2016-01-30 11:08:36,Thank you Mr. Craig Tiley for giving me the opportunity to use the @AustralianOpen facilities to start a proper rehab with my physio @StefanDuell after an right ellbow surgery. Thats why my ellbow is already much better and I will be even earlier back on @ATPWorldTour. #Melbourne #AusOpen #Ellbow #Rehab,325,2,"['Rehab', 'AusOpen', 'Melbourne', 'Ellbow']"
259,2016-01-28 12:04:47,Thank you Dr. Hoy for your great work at my elbow! #Melbourne #Orthopaedic #Group #DrHoy #Surgery,366,8,"['Group', 'Melbourne', 'DrHoy', 'Surgery', 'Orthopaedic']"
260,2016-01-28 11:45:56,9 days post surgery: got the stitches removed just now! #Ellbow #Rehab #Melbourne #DrHoy ,302,3,"['Rehab', 'Ellbow', 'Melbourne', 'DrHoy']"
261,2016-01-26 10:38:28,Progressing... will be back soon! #Rehab #Melbourne ,396,5,"['Rehab', 'Melbourne']"
262,2016-01-22 09:50:13,"3 days post surgery I m already able to move my ellbow like this, very happy with the progress. I will stay 10 more days in Melbourne to do a proper rehab with my physio @StefanDuell. Thanks to Craig Tailey for this opportunity!",429,11,[]
263,2016-01-19 16:59:55,"Hi everyone, surgery was successful and I will be back on court soon! Thank you to Dr. Hoy for the great work! #Melbourne #Orthopaedic #Group",554,29,"['Group', 'Melbourne', 'Orthopaedic']"
264,2016-01-15 12:02:22,"Dear fans, I m really sorry to inform you that I had to pull out from @AustralianOpen cause of an right ellbow injury which requires a small surgery. I decided to undergo the surgery here in Melbourne followed by a 2 week rehab with my Physio @StefanDuell. I want to thank my good friends Prof. Lien and Prof. Chuang who supported me today at my way to the Dr. appointment. The surgery will be done on tuesday by an very experienced ellbow specialist Dr. Gregory Hoy. I also want to thank Craig Tiley (Australian Open tournament director) for his great support which I really appreciate! Talk to you guys soon I will keep you posted and wish me luck! Thanks all!",419,27,[]
265,2016-01-15 06:14:15,@ATPWorldTour #Fotoshoot 😂🎾,484,7,['Fotoshoot']
266,2016-01-14 17:52:32,#ATP #Photoshoot #Melbourne #AusOpen @ATPWorldTour @AustralianOpen @AdidasTennis @HeadTennis_Official,308,3,"['Photoshoot', 'AusOpen', 'ATP', 'Melbourne']"
267,2016-01-14 17:49:51,#ATP #Photoshoot #Melbourne #AusOpen @ATPWorldTour @AustralianOpen ,237,0,"['Photoshoot', 'AusOpen', 'ATP', 'Melbourne']"
268,2016-01-14 15:00:48,#Repost @ATPWorldTour: #ATP photo shoot in Melbourne! #behindthescenes,250,1,"['ATP', 'behindthescenes', 'Repost']"
269,2016-01-13 19:26:17,Incredible atmosphere in this arena! @AustralianOpen @RodLaverArena #AusOpen #AO2016 ,407,5,"['AusOpen', 'AO2016']"
270,2016-01-12 08:51:06,It is very important to warm up properly @AustralianOpen @ATPWorldTour @StefanDuell #Warmup #Preparation #GettingReady,401,6,"['Warmup', 'Preparation', 'GettingReady']"
271,2016-01-11 11:02:41,First practice @AustralianOpen with my @DavisCupTennis teammate Tsung-Hua Yang #Taiwan #AusOpen #AO2016,489,7,"['AusOpen', 'AO2016', 'Taiwan']"
272,2016-01-11 09:58:50,Just got in... @AustralianOpen #AusOpen #AO2016,540,6,"['AusOpen', 'AO2016']"
273,2016-01-07 18:51:40,"Just received that picture, throwback to Joplin/USA 2004 where i won my first tournament #TimeFlies #ATP #Tennis",341,3,"['TimeFlies', 'Tennis', 'ATP']"
274,2016-01-01 16:39:04,Happy New Year everybody! Thank you for all the great support! #BestFans,547,2,['BestFans']
275,2015-12-24 17:43:52,Merry Christmas everyone and thanks for your support! I m celebrating with my family and good friend @Danai_Udomchoke and his family! #MerryChristmas🎄⭐️,259,2,['MerryChristmas']
276,2015-12-22 14:14:00,"Our 2015 preseason team, thank you to everyone! Now a few days at home in #Taipei for christmas and then looking forward to start my 2016 @ATPWorldTour season in #Chennai @ChennaiOpen before heading to #Australia for @AustralianOpen! #Preseason #Pattaya #Thailand",247,0,"['Thailand', 'Preseason', 'Chennai', 'Australia', 'Pattaya', 'Taipei']"
277,2015-12-20 22:58:14,"Great facility here in #Pattaya, perfect to get ready for 2016 @ATPWorldTour! #Preseason #Thailand",309,1,"['Preseason', 'Thailand', 'Pattaya']"
278,2015-12-19 13:39:36,Explode! #Preseason #Pattaya #Thailand,248,1,"['Thailand', 'Pattaya', 'Preseason']"
279,2015-12-18 12:37:41,Weight lifting #Preseason #Pattaya #Thailand,278,0,"['Thailand', 'Pattaya', 'Preseason']"
280,2015-12-17 19:54:23,Stability is very important #Preseason #Thailand #TeamAdidas,287,0,"['Thailand', 'TeamAdidas', 'Preseason']"
281,2015-12-16 12:55:58,"@TRXtraining session in Pattaya, working hard to get ready for 2016 @ATPWorldTour season #Thailand #Preseason #Adidas #Head #Taiwan #Taipei",376,3,"['Preseason', 'Adidas', 'Head', 'Taiwan', 'Thailand', 'Taipei']"
282,2015-12-14 11:01:22,Speedboating 🚤 #DayOff #Pattaya #Thailand #Preseason,262,0,"['Preseason', 'Thailand', 'Pattaya', 'DayOff']"
283,2015-12-14 00:39:29,My family is on board at practice camp in Thailand,552,6,[]
284,2015-12-14 00:35:23,"Day off in Pattaya, trying my fishing skills :-) #Preseason #Training #Thailand",349,1,"['Thailand', 'Preseason', 'Training']"
285,2015-12-12 15:02:44,Team Dinner with family and friends at preseason camp in Pattaya #Thailand #Preparation #ATP #Tennis,319,2,"['Preparation', 'Tennis', 'ATP', 'Thailand']"
286,2015-12-12 13:38:45,Getting ready for 2016 @ATPWorldTour season #Preseason #Pattaya #Thailand,437,2,"['Thailand', 'Pattaya', 'Preseason']"
287,2015-11-30 22:09:48,#FamilyTime #QualityTime,328,2,"['FamilyTime', 'QualityTime']"
288,2015-11-27 05:00:41,"Nice meet & greet at the University, thanks guys!",250,1,[]
289,2015-11-18 23:29:30,Nice to meet Xavier Chen #TeamAdidas,298,0,['TeamAdidas']
290,2015-11-14 18:07:32,Proud ambassador of @adidas Taiwan #TeamAdidas #WeAreTaiwan,256,3,"['TeamAdidas', 'WeAreTaiwan']"
291,2015-11-09 15:53:31,Missed my little one so much! #OffSeason #FamilyTime #RechargingBatteries,389,3,"['OffSeason', 'FamilyTime', 'RechargingBatteries']"
292,2015-11-09 03:58:52,"A long 2015 @ATPWorldTour season is getting to the end, a year with ups and downs, many experiences and challenges. After all I m really happy to finish the year among the Top 100 for the 8th time in a row!

Sometimes you win, sometimes you loose, thats sport, thats life, but never look back, look forward and enjoy every moment. I gave everything i could in every single match this year!

Thank you so much to my family, my friends, my team, my sponsors and of course to ALL OF YOU for the great support, I would never get that far without YOU! #BestFans 
It's time for holidays now, I will take some time off and recharge my batteries and come back stronger next season!

See you guys very soon, Rendy

@adidastennis 
@headtennis_official 
@stefanduell 
@danai_udomchoke",305,2,['BestFans']
293,2015-11-08 19:25:12,"We got the title at #HuaHin doubles competition, sorry for our opponents cause P. Raja had to retire. We wish him a quick recovery! #TeamLuLee",277,2,"['TeamLuLee', 'HuaHin']"
294,2015-11-07 18:12:52,"Good day at the office with my partner, tomorrow finals #TeamLeeLu #HuaHin #Doubles",295,3,"['Doubles', 'HuaHin', 'TeamLeeLu']"
295,2015-11-03 17:53:10,#HuaHin #Thailand,264,1,"['HuaHin', 'Thailand']"
296,2015-10-31 10:45:54,Practice at Hua Hin with my coach @danai_udomchoke #Thailand #HuaHinOpen,203,1,"['HuaHinOpen', 'Thailand']"
297,2015-10-30 23:05:04,Stay hydrated! #Coconutwater #BestRehydration #Thailand,261,2,"['Thailand', 'BestRehydration', 'Coconutwater']"
298,2015-10-30 18:59:07,"Arrived in Hua Hin, for the last tournament of 2015 #Thailand",199,2,['Thailand']
299,2015-10-26 21:22:48,"Already in Suzhou, just finished practice with my brother. Ready for the next tournament! #China #Tennis",295,2,"['Tennis', 'China']"
