,time,post_caption,likes,comments,tags
0,2019-11-25 14:18:44,Big Win in OT last night. My bro @ksykesyb28 went off for 50 😤😤😤 He’s a monster. #loonglions,5344,10,['loonglions']
1,2019-11-14 23:25:17,"站上NCAA一級的舞台，是我當初去美國最想要達到的目標，在美國最後一年有了這個機會，我決定挑戰，但是不管在訓練或比賽我都無法達到教練的要求，上場時間一直減少，因此產生很多負面的情緒跟想法，是不是不應該多留在美國這一年，為什麼這麼痛苦去面對這些，我有很多的猶豫，很多的懷疑自己，甚至很討厭籃球，每天沒有動力去練習。
-
直到我遇到學校裡一位台灣人教授，他給了我一段話，我看到「去接受我不能改變的一切，去改變我能改變的一切」，這句話讓我很感動，上場時間跟場上角色，都是教練的工作，我沒有辦法掌控，但我能改變的，就是我的心態能不能正面一點，能不能讓自己的能力再提升一點，去找到正確的方法，所以我去找教練，一對一的討論，知道教練的要求與期待，我開始轉變心態，只要能夠對球隊有貢獻，就是一個肯定跟鼓勵。
-
今年三月的能仁總冠軍賽我也有在現場看，看到學弟奪到冠軍的那一刻我感動得落淚，他們做到了!身為學長的我覺得相當榮耀，希望學弟能夠記住奪得冠軍的滋味與過程，並且珍惜過去高中三年時光，除了讓自己的球技能夠打好基礎以外，也透過比賽這個競技運動，能夠學到很多人生的課題，在未來若遇到艱難的挑戰，記得!不要猶豫也不要懷疑，只要你再努力堅持一點，找到正確的方向，就能讓自己達到你所要的目標!

#JUSTDOIT
#仁者無敵",4796,16,"['仁者無敵', 'JUSTDOIT']"
2,2019-11-11 01:28:20,Every detail matters...每個細節都會影響最後的結果. #stayfocused #staylockedin🔐,4984,12,"['staylockedin', 'stayfocused']"
3,2019-11-09 10:55:35,"“If you’re afraid to fail, then you’re probably going to fail.”
-
Tough loss last night but we played hard through the end. Today is another day, we back to work 😤😤😤😤😤
-
It was great seeing and competing with my “old friends😂” @beastsakakini and @kfogg18 two monsters out there. Appreciate y’all!!! Y’all make me want to be a better player and more hungrier. Can’t wait for the next battle my brothers. See you soon!",4884,22,[]
4,2019-11-07 19:13:16,Take it one step at a time...,5553,17,[]
5,2019-11-04 22:16:16,“Don’t wait for opportunity. Create it.” #lockedin🔒,5735,20,['lockedin']
6,2019-10-30 23:48:41,Year 3🔥🔒 #Guangzhou #LoongLions,6730,32,"['LoongLions', 'Guangzhou']"
7,2019-10-25 22:25:29,Year 3! Let’s get it squad🔥🔥🔥🔒🔒🔒,3908,16,[]
8,2019-09-14 23:48:59,謝謝兩位這麼貼心的好朋友送給我他們親手畫的一幅畫，上面就是我和我爸媽的合照，真的太有心了～～～～很棒的一個禮物. Thank you🙌🏻,6602,3,[]
9,2019-09-13 21:01:58,"·
感謝#老協珍，讓我能夠好好調養身體，也讓我的家人享福🤗
·
順道祝各位中秋佳節愉快，希望能夠有個美好的夜晚.
Happy Moon Festival🎑🌕😊",5546,15,['老協珍']
10,2019-08-31 23:12:55,"回球隊前最後一站⋯”Empower2019長耀雙峰匯籃球夏令營”圓滿成功🏀🙌🏻很感謝到場的每一位，未來將會有更多機會，加油！Thanks to all the kids and parents who participated and made the camp great and successful today🔥🤗
#Inspire 
#Empower
#EverGlory",5631,10,"['Inspire', 'EverGlory', 'Empower']"
11,2019-08-27 19:56:35,又來啦～～～有空歡迎您到場！我們星期六見🏀💪🏻,2587,10,[]
12,2019-08-22 15:38:46,"Gogoro S2 ABS 上市🔥我先來幫大家體驗看看！車色是很特別的光譜靛，有一種低調內斂的帥氣～
有興趣可以到ATT4FUN正門口參加體驗，活動到8/25 每天的 ‪11:00-21:00 都可以過來看看喔！‬ #難以定調 #Gogoro #SPerformance",2916,7,"['SPerformance', '難以定調', 'Gogoro']"
13,2019-08-21 20:27:41,"🔥🏀
8/24(六) 15:00 我會在信義新光三越A11 4樓
等你們一起來鬥到底💪🏻
當天我會參加技術挑戰賽/還有傳說中的4分線挑戰
希望你們可以來為我加油🙌🏻🙌🏻🙌🏻
.
更多活動資訊請鎖定 
@ddd3x3league 鬥到底3x3城市爭霸賽
我們鬥到底總決賽現場見💪🏻💪🏻💪🏻
到現場還有機會可以和我一起拍拍立得喔！

#SYM鬥到底總決賽
#霸道又怎樣
#可不可熟成紅茶 
#0824信義區A11XPlaza",7248,15,"['0824信義區A11XPlaza', 'SYM鬥到底總決賽', '霸道又怎樣', '可不可熟成紅茶']"
14,2019-08-16 12:13:38,,5140,44,[]
15,2019-08-07 23:59:45,非常有意義和充滿神恩典的一天！感謝泰青盃的邀請，讓我們可以聚集在一起. 感受上帝的愛. 我們要相信每一件事情的發生，都是上帝為你安排且具有意義的. 加油🙌🏻,6265,5,[]
16,2019-08-07 22:53:22,💕,10823,12,[]
17,2019-07-25 18:14:30,"Flying to Canada tonight✈️ 今晚準備飛加拿大訓練也是第一次去，好期待啊～

#volvoxc40 
#volvocarstaiwan",12048,61,"['volvoxc40', 'volvocarstaiwan']"
18,2019-07-25 11:47:02,"這次去參觀Volvo Estate Museum 跨時空旅行博物館, 裡面展覽了9輛從瑞典原廠運來的經典古董旅行車和今年即將上市的新車款. 
這次的跨時空主題🚙看到從Volvo的第一款旅行車款Duett到今年即將上市的新車款V60, 一起參與了Volvo車款進化史.
另外現場很多體驗活動，都有機會能得到volvo徽章、紀念帆布袋、也能塗鴉製作自己的volvo車款，投影在畫面上.

有興趣可以到台北101水舞廣場（101與世貿三館之間）活動到這個禮拜天7月28號🤙🏻🤙🏻🤙🏻🤙🏻🤙🏻 #volvo",8978,13,['volvo']
19,2019-07-21 23:06:07,THANK YOU! THANK YOU! THANK YOU! My coaches my teammates all the staff all the fans My FAMILy my friends. THANK YOU! 謝謝每一位的付出、犧牲、感謝你們！期待下次再見🙌🏻 #2019williamjonescup,14994,255,['2019williamjonescup']
20,2019-07-12 16:34:42,"#williamjonescup2019
#starttoday
#tonight730pm
#airmax270react",11027,72,"['tonight730pm', 'starttoday', 'williamjonescup2019', 'airmax270react']"
21,2019-07-07 23:34:43,Big Thanks to YYsports!!!! 感謝今天能受邀參加由YYsports所舉辦的NIKE一日店長的活動 (新竹巨城SOGO NIKE 4F). 也可以有機會來試一下最近新出的Zoom Freak 1. Much ❤️ #zoomfreak1,6926,15,['zoomfreak1']
22,2019-06-26 12:49:00,Thanks to my man @doug.creighton for the gifts. I really appreciate the love 🙌🏻 These are so delicious😋😋,2211,4,[]
23,2019-06-11 00:48:31,感謝展逸國際行銷和贊助商的邀請讓我能再次成為經典賽的一份子，非常享受的一個週末也剛好我的生日在球場上過🎂謝謝你們的祝福🙌🏻和到場支持這場盛事！Thank you for the support! Finally got my first win in 3 years. 終於拿到第一場經典賽勝利🤣And thanks for all the birthday wishes!!!!!! #BeHeroes,9029,14,['BeHeroes']
24,2019-06-03 22:18:17,#tissot,5491,11,['tissot']
25,2019-06-01 15:23:59,🌞,4624,3,[]
26,2019-05-25 21:16:20,😬,9042,11,[]
27,2019-05-19 21:25:12,☕️,6249,8,[]
28,2019-05-14 12:51:06,"Happy Birthday to you Abby姐. 我特地翻了以前妳來美國找我的照片,也是找了很久😂😆祝妳生日快樂和願望實現🎉🎁🎊(Cookout 🤭🍔🍟🥤....",5072,9,[]
29,2019-05-12 18:24:15,Happy Mother’s Day my beautiful mom💕媽咪母親節快樂，也祝福全天下的偉大母親快樂，辛苦了❤️,7333,6,[]
30,2019-05-05 18:56:17,Happy Birthday Mom🎂🎊,6179,12,[]
31,2019-05-04 23:59:19,女超人🦸🏻‍♀️,8525,14,[]
32,2019-05-04 18:32:42,#NikeSportsWear #ReactElement55,5396,8,"['NikeSportsWear', 'ReactElement55']"
33,2019-05-03 16:37:57,感謝各位今早一起來Play🏀🤘🏻,7782,16,[]
34,2019-04-30 20:58:40,"·
和 #Nike 一起進行了新鞋的拍攝，嘗試了很多不同的動作
簡直比練球還累啊🥵😆😆
#ReactElement55 ✔️",7422,24,"['Nike', 'ReactElement55']"
35,2019-04-29 20:22:07,,3275,13,[]
36,2019-04-18 22:34:02,Happy birthday to you❤️ 還真的是第一次幫 @vera_wenstagram 慶生. 前幾年每年她生日我人都在國外，沒辦法幫她過生日，今年有這難得的機會，要給她一個難忘的生日🎂🎁🎉🎊,13248,25,[]
37,2019-04-14 17:42:09,"·
好山好水好心情💙🤙🏻
📷 @vera_wenstagram",6740,16,[]
38,2019-04-12 15:04:07,"·
讓運動成為教育的一環🏀📚 @choxue @chengho33 
一起加入來創新一個全新的校園運動生態🙌🏻",5560,5,[]
39,2019-03-30 22:17:36,"·
It was an honor to be a part of the event and playing with former NBA superstar Rashard Lewis @lewisfamily9 . Thanks to @nba3xtw for the invite.
感謝NBA3x TW的邀請，很榮幸能夠跟當年也是我偶像之一的球員鬥牛，感覺很爽🤩
#NBA3xTW
#國泰NBA3x
#翅膀硬了",9521,25,"['翅膀硬了', 'NBA3xTW', '國泰NBA3x']"
40,2019-03-22 18:49:55,"Nike air 更大氣，更狂想🔥

@nikesportswear @niketaiwan #airmaxday #justgobigger 
#nikekicksloungex信義a11",9348,13,"['nikekicksloungex信義a11', 'airmaxday', 'justgobigger']"
41,2019-03-20 16:11:25,#NIKEREACT 試跑活動 #NEO19Nike品牌體驗店,8225,5,"['NEO19Nike品牌體驗店', 'NIKEREACT']"
42,2019-03-15 03:30:18,😁,3391,7,[]
43,2019-03-08 21:53:27,"·
不論對手是誰，只要上了場，他絕對用盡全力跟你競爭。 
傑哥，感謝我們能同在場上競爭，也感謝你做了很好的模範，成為了我的標竿。

#truecompetitor #beast #chasinggreatness 🏀🔥",14125,37,"['chasinggreatness', 'truecompetitor', 'beast']"
44,2019-03-02 22:00:47,"今天早上走在路邊聽到球聲，走過去看到一對姐弟在巷子裡的小空地上打球，用紙箱當成障礙物，把籃球投在一面牆上的水管⋯這時候想起小時候的我⋯懷抱著夢想⋯🤭🏀🙌🏻 各位繼續追逐自己的夢想吧😆

#夢想的開端
#堅持
#followyourheart 
#chasingyourdreams",5009,9,"['chasingyourdreams', '夢想的開端', 'followyourheart', '堅持']"
45,2019-02-27 20:55:28,,3372,5,[]
46,2019-02-06 22:20:23,"希望大家都有個很棒的春節,㊗️大家新年快樂! 🐷年吉祥、諸事順心🎊🧨🧧 #happychinesenewyear 🎉
#familytime",9958,25,"['familytime', 'happychinesenewyear']"
47,2019-01-27 23:09:22,Happy Birthday to my brothers Kyle and Rocky🎂🎉🎈🎁 @kfogg21 @rockyplayball,5551,8,[]
48,2018-12-30 21:06:36,"Had a wonderful time with my family last couple days in Foshan, China! Thanks for coming to support. I love y’all so much ❤️😄 Shout out to all the fans in Foshan too. You guys are amazing and creating an incredible atmosphere. 🙌 能夠有家人,朋友一起到現場幫我加油的感覺真棒也意義特別大✌️✌️昨天也結束了今年六場在佛山的主場比賽，很棒的場館和熱情的球迷，希望還有更多機會來佛山打，下個月廣州天河體育館見！！！Love！！！
#guangzhoulonglions 
#lovemyfamily 
#familyiseverything 
#inspire",7870,21,"['lovemyfamily', 'inspire', 'guangzhoulonglions', 'familyiseverything']"
49,2018-12-28 12:56:25,👨‍👩‍👧‍👦🌤,4067,9,[]
50,2018-12-26 17:17:17,Family time in Foshan❤️❤️ We out here✌️✌️✌️家人來佛山玩啦～～～～ @yingmeizhou @alien0520 @__.yuchen.__,5134,9,[]
51,2018-12-22 12:10:14,Happy Birthday to my beautiful American mom! You’re my inspiration and am so blessed to have you in my life. I love you mom 💕 I wanna come visit you soon✌️😘I miss all of you so much!!!!!!!🎁🎊🎈,6640,4,[]
52,2018-12-20 23:02:36,From watching him (The Beast) growing up to competing against him. WoW😳 第一次跟野獸傑哥在CBA對到（因為去年受傷）#livinglegend 🙌,15618,48,['livinglegend']
53,2018-11-28 14:29:56,"""Not For Resale""🔥這個絕對要分享一下. Thanks Nike. @nikejerry @gloriachen623 #NIKE #VapormaxRunUtility #AIRJORDAN1 #AJ1 #AJ33 #samsung",2126,13,"['NIKE', 'AJ1', 'samsung', 'VapormaxRunUtility', 'AIRJORDAN1', 'AJ33']"
54,2018-11-24 11:19:51,"Just finished the first half of the season yesterday and now have a couple days of rest. Gotta stay ready and make the second half of the season even better 👊💥 第一階段的休賽期，持續調整好狀態，等待第二個階段. Let's Go🏀🚀 #GuangzhouLongLions🦁 
#Stayready",5778,23,"['GuangzhouLongLions', 'Stayready']"
55,2018-11-22 10:53:50,"Going through my pregame routine with my guys…👣 賽前準備.

#GuangzhouLongLions🦁 
#lockedin🔐",3654,19,"['GuangzhouLongLions', 'lockedin']"
56,2018-11-19 10:31:28,"Love our fans! They always show Love😀🤣謝謝廣大的廣州球迷.

#GuangzhouLongLions🦁 #Bestfanbase",6291,17,"['GuangzhouLongLions', 'Bestfanbase']"
57,2018-11-02 23:16:12,Stay together fellas. 氣氛非常重要，繼續下去🚀🚀 #GuangzhouLongLions🦁 #5inarow#Brothers,5445,18,"['5inarow', 'GuangzhouLongLions', 'Brothers']"
58,2018-11-01 23:10:03,繼續下去，明天三連主場最後一場🚀💥#GuangzhouLongLions🦁 #keepitgoing,7732,28,"['GuangzhouLongLions', 'keepitgoing']"
59,2018-10-24 14:31:25,First W last night. Let's finish the road trip strong tomorrow night👊💥#GuangzhouLongLions#beaggressive#everydetailmatters,8155,21,"['beaggressive', 'GuangzhouLongLions', 'everydetailmatters']"
60,2018-10-21 13:25:51,First game of the season tonight. 今晚賽季第一場 #GuangzhouLongLions 🦁#Letsgetit👊💥#Year2,10230,52,"['GuangzhouLongLions', 'Year2', 'Letsgetit']"
61,2018-10-19 22:50:19,Second year...✌ #GuangzhouLongLions #Makethisagoodone 💥#stayhealthy #soblessed,4759,10,"['Makethisagoodone', 'GuangzhouLongLions', 'soblessed', 'stayhealthy']"
62,2018-10-16 08:59:55,Always great seeing my American family. Had a great time last weekend in DC. I love you guys😘❤ 一直都很想念的美國家人，終於見到了，下次等你們來看我比賽🤗 #samsung,8131,10,['samsung']
63,2018-10-13 23:40:54,"10.12.2018

Guangzhou Longlions vs. Washington Wizards. Amazing experience✊✊ 連續兩年來到Washington DC打NBA季前賽，太幸運太棒的回憶! Blessed. Big Thanks to @washwizards",6036,26,[]
64,2018-10-12 11:15:42,#samsung,7011,13,['samsung']
65,2018-09-22 22:26:22,"·
這是我和Volvo合作的影片，
第一次開Volvo的車，整個安全和舒適性都讓我很喜歡。
也能感受到他們對於這次拍攝的用心，
讓我家人一起加入其中真的令我很感動。Thanks.
#VolvoV40",7234,47,['VolvoV40']
66,2018-09-21 19:25:01,"感謝這次比賽主辦方邀請我們去澳門當地的一間小學來做公益活動,看到小朋友臉上的笑容真的很開心😆😂😀 #Charity 
#Terrific12 
#Macao",2883,2,"['Macao', 'Charity', 'Terrific12']"
67,2018-09-19 21:46:57,"#Terrific12
#GuangzhouLongLions",8463,23,"['GuangzhouLongLions', 'Terrific12']"
68,2018-09-15 13:24:19,"·
謝謝 #VolvoV40 讓很少在台北開車的我
開起車來完全不擔心
#安全又舒適的VolvoV40",9634,13,"['VolvoV40', '安全又舒適的VolvoV40']"
69,2018-09-14 13:57:43,"·
我和 #VolvoV40 進行了一場秘密拍攝🎬
那一天 Volvo V40
陪我沈澱比賽心情
陪我到健身房持續磨練
陪我在駕駛過程中追逐
追逐更好的我💪",9367,34,['VolvoV40']
70,2018-09-09 12:58:11,✈ to Guangzhou. #samsung,14040,75,['samsung']
71,2018-09-02 18:02:35,"PROUD. THANKS. 辛苦了,我的隊友,教練團! 謝謝所有關心我們的人🙏

#18thJarkataAsianGames
#RespectEveryoneFearNoOne",13815,116,"['RespectEveryoneFearNoOne', '18thJarkataAsianGames']"
72,2018-08-23 17:48:22,"#NikeHyperdunkX
#JustDoIt
#不客氣了",9153,17,"['NikeHyperdunkX', '不客氣了', 'JustDoIt']"
73,2018-08-22 17:45:58,"-
A year ago… *Always believe in yourself.

#2017TaipeiSummerUniversiade
#UnforgettableMoment
#相信",9058,18,"['相信', 'UnforgettableMoment', '2017TaipeiSummerUniversiade']"
74,2018-08-20 22:23:19,"·
感謝KEEDAN.com報導

TISSOT時光-
http://keedan.com/track/2018/08/20/tissot-asiagame-basketball-raychen/
·
也請大家點我的個人簡介上的網址跟我一起響應TISSOT 2018亞運《愛的時刻》集氣活動!!! #tissotcares
#asiangames2018
#中華隊加油",7783,21,"['tissotcares', 'asiangames2018', '中華隊加油']"
75,2018-08-15 21:26:16,#JakartaAsianGames2018 #samsung,9490,22,"['samsung', 'JakartaAsianGames2018']"
76,2018-08-10 08:45:12,"不按常理出招，顛覆絕不手軟。
@NIKESPORTSWEAR #NIKESPORTPACK",8367,12,['NIKESPORTPACK']
77,2018-08-08 19:47:20,"爸比，祝您父親節快樂! I Love You😍❤
也在這邊祝福全天下的父親，父親節快樂，辛苦了! 記得跟親愛的老爸說聲愛你哦😘

#galaxynote8",9884,18,['galaxynote8']
78,2018-07-27 14:28:59,📺📽 #samsung,9619,21,['samsung']
79,2018-07-25 11:41:17,☝️☝️,12318,53,[]
80,2018-07-24 12:18:19,如果可以晚上來的話，一定很美⛰⛰⛰ #samsung,5906,7,['samsung']
81,2018-07-22 22:47:27,"THANK you from the bottom of my heart. 謝謝你們!

#Togetherwestand 
#justdoit
#love
#40thwilliamjonescup2018
#samsung",16192,334,"['samsung', '40thwilliamjonescup2018', 'love', 'justdoit', 'Togetherwestand']"
82,2018-07-18 11:18:48,,11867,124,[]
83,2018-07-13 09:03:23,7/14 William Jones Cup ☝️,7919,50,[]
84,2018-07-10 20:15:08,"謝謝優尼聖給我這個機會也感謝當天到場支持活動的每一位! 
#Nike
#Airjordan1offwhiteunc
#galaxynote8",5676,8,"['Airjordan1offwhiteunc', 'Nike', 'galaxynote8']"
85,2018-07-02 22:02:55,"謝謝各位的支持! 感謝! 這個時候我們越要團結,團結一起! We're all in this together.

#謝謝你們的加油聲 
#Keepourheadsup
#Togetherwestand",13119,227,"['Keepourheadsup', 'Togetherwestand', '謝謝你們的加油聲']"
86,2018-06-30 11:27:38,"Head up. Move on. 
#Togetherwestand",12695,147,['Togetherwestand']
87,2018-06-27 21:35:50,#samsung,7969,22,['samsung']
88,2018-06-23 21:52:36,"6/29, 7/2 和平館 come out and support us🤙🤙🤙🤙🤙🤙世界盃資格賽,我們需要你的力量!

#Togetherwestand
#6th",9489,50,"['Togetherwestand', '6th']"
89,2018-06-19 21:09:45,"保證你會喜歡，有空記得來這邊改造一下😎😎😎😎 謝謝你們!

#回憶男仕理髮廳 #samsung",6205,8,"['回憶男仕理髮廳', 'samsung']"
90,2018-06-13 20:34:17,"相信 BELIEVE Tee正式發售！

EMPOWER Sports 和 Plugin B&V 設計團隊合作，打造專屬品牌意象——「相信 BELIEVE」，全新視覺正式亮相，限量「相信 BELIEVE」Tee 同步發售！ 「相信 BELIEVE」—— 用一股堅定的信念，阻隔猶豫、懦弱和不安，串聯彼此的力量，勇於面對挑戰！",4876,13,[]
91,2018-06-04 12:50:48,"Happy Birthday to my brother Jacob. Enjoy my man, love ya! #samsung",5753,2,['samsung']
92,2018-05-28 14:10:37,"❤ #familyiseverything 
#galaxynote8
#taipei101",6722,5,"['familyiseverything', 'galaxynote8', 'taipei101']"
93,2018-05-26 13:32:31,"#春陽茶事忠孝復興店
#galaxynote8",8343,9,"['春陽茶事忠孝復興店', 'galaxynote8']"
94,2018-05-20 20:23:40,"眼睛好痠好好玩
眨眼舞大家來挑戰有機會抽s9+ 
還有神秘獎品
至於是什麼玩了就知道
#S9Wink #還不算晚 #GalaxyS9
想要參加的朋友把照片寄到 samsungs9wink@gmail.com
有工作人員會幫你做你的眨眼舞
分享上傳IG一樣可以參加抽獎喔",2529,5,"['GalaxyS9', 'S9Wink', '還不算晚']"
95,2018-05-19 16:15:33,"很榮幸能夠再次參加經典籃球賽,謝謝這次的機會. 明天彰化見…… #BeHeroesBasketballClassic

#galaxynote8",6254,14,"['BeHeroesBasketballClassic', 'galaxynote8']"
96,2018-05-14 19:13:59,"Happy birthday to my beautiful sister. 姐,生日快樂! 只想說希望妳能繼續堅持妳走的道路,我們都會支持妳,加油哦! Happy birthday 🍰🎂(我們兩個像嗎? 😋😋",4826,8,[]
97,2018-05-07 15:52:23,"偉士牌😉

#galaxynote8",4297,4,['galaxynote8']
98,2018-04-26 23:37:11,"Beautiful🤙猜猜這是哪裡?

#galaxynote8",4721,20,['galaxynote8']
99,2018-04-21 16:21:29,"-
#2018國泰NBA3X 倒數十天
夢想殿堂，等你來挑戰👊
@nba3xtw #NBA3XTW #國泰NBA3X #samsung",4016,4,"['國泰NBA3X', 'samsung', '2018國泰NBA3X', 'NBA3XTW']"
100,2018-04-08 19:37:57,隱藏版竹林秘境(山上的家😎) #galaxynote8,9216,20,['galaxynote8']
101,2018-04-08 09:22:58,"Good morning😉

#galaxynote8",4383,4,['galaxynote8']
102,2018-04-03 16:44:42,"相隔13年了,終於有機會再回來外婆家!
如果你們有機會也可以來新竹五峰鄉清泉的""泰雅公主小吃店”跟我美麗的阿姨捧場哦! 好吃的👌👌👌 #galaxynote8",8965,13,['galaxynote8']
103,2018-04-02 11:20:49,"📸 family.

#galaxynote8",6511,9,['galaxynote8']
104,2018-04-01 19:13:58,好吃推薦👍👍👍👍👍 #galaxynote8,4060,7,['galaxynote8']
105,2018-03-31 17:17:54,"@nike x @off____white ·
#nikeoffwhite 
#vapormax
#galaxynote8",6457,14,"['vapormax', 'galaxynote8', 'nikeoffwhite']"
106,2018-03-30 23:23:52,"特別感謝我的母校大同國小,我們引爆團隊@empower_tw的安排,還有所有協助這個活動成功的人員!真的很榮幸能有這次機會參與這麼有意義的事情,讓我有機會跟小朋友交流,鼓勵他們不管做什麼事情永遠要保持著熱情!I love doing this and I promise I will do more of this. Thanks to all for making this event so joyful and successful. 
我的Empower Cares第一站”大同國小"" ✔

#夢想籃圖公益列車
#givingback
#empower
#samsung",6393,6,"['givingback', '夢想籃圖公益列車', 'samsung', 'empower']"
107,2018-03-30 17:04:15,"Air Max 270🔥

#galaxynote8",7718,23,['galaxynote8']
108,2018-03-29 18:17:53,"Step Into The Future🔥#nikehyperadapt
#galaxynote8",6692,9,"['galaxynote8', 'nikehyperadapt']"
109,2018-03-29 17:45:58,"By far the coolest shoes😎😎@nikehyperadapt1.0 
Thanks Nike.
這雙也太高科技,外觀也很吸引人,最喜歡它的燈光和自動綁鞋帶時發出來的聲音🤙
#samsung",7016,36,['samsung']
110,2018-03-27 22:37:27,"🌜🌛美的

#galaxynote8",3753,4,['galaxynote8']
111,2018-03-16 20:32:55,📷 #galaxynote8,8187,15,['galaxynote8']
112,2018-03-13 21:46:04,"非常榮幸也特別感謝@Nike廣州和玉岩中學的邀請，讓我有這機會去參加NIKE高中籃球聯賽的誓師大會! 預祝比賽順利，全力以赴，留下精彩，不留遺憾! 
#廣州玉岩中学
#nike廣州
#一生只有一次耐高
#琢玉攀岩",6735,13,"['琢玉攀岩', '一生只有一次耐高', 'nike廣州', '廣州玉岩中学']"
113,2018-03-10 18:46:26,"支持能仁!

#一生只有一次hbl
#samsung",10241,12,"['一生只有一次hbl', 'samsung']"
114,2018-03-10 17:57:44,"Fresh cut🙄 
#yupstudio 
#samsung
#galaxynote8",5379,5,"['yupstudio', 'samsung', 'galaxynote8']"
115,2018-03-09 17:04:36,"Rookie season has come to an end, what an amazing ride it has been. Thanks to everyone who has supported throughout the year. Now, continue to work hard for the coming season.
謝謝各位整年度支持，讓我的菜鳥球季過得那麼充實! 明年見…… #rookieyear
#cba
#guangzhoulonglions",5992,21,"['rookieyear', 'cba', 'guangzhoulonglions']"
116,2018-03-01 21:42:23,"HBL30週年,支持能仁家商的各位一起站出來.
你們準備好了嗎? 
ps. 高中三年拿不到冠軍又怎樣…我們還不是室友@keviniswho 🔥🔥🔥能仁加油！跟我一起來😎

#仁者無敵
#一生只有一次hbl 
#我跟hbl傳奇竟然是室友
#galaxynote8",11060,32,"['一生只有一次hbl', '仁者無敵', 'galaxynote8', '我跟hbl傳奇竟然是室友']"
117,2018-02-28 12:46:56,"Next stop➡️Guangzhou. 回廣州準備季後賽！

#cba
#Playoffs 
#guangzhoulonglions
#galaxynote8",8888,58,"['cba', 'guangzhoulonglions', 'galaxynote8', 'Playoffs']"
118,2018-02-24 20:21:12,"Embracing the opportunity…另一個難得的機會去挑戰我們自己. 明戰澳洲!

#worldcupqualifier 
#Australia 
#galaxynote8",10154,102,"['Australia', 'worldcupqualifier', 'galaxynote8']"
119,2018-02-17 14:36:43,#galaxynote8,9730,13,['galaxynote8']
120,2018-02-16 21:57:08,"😍😘❤ 祝大家新年快樂!

#galaxynote8",7601,30,['galaxynote8']
121,2018-02-15 10:51:09,yay new phone.我很喜歡，你們有用過的怎麼看呢? 可以分享一下哦 畫質跟質感都讚😆 #samsung #note8,5529,16,"['samsung', 'note8']"
122,2018-02-13 09:43:45,👀 @jumpman23 x @levis #samsung,8448,36,['samsung']
123,2018-02-08 00:53:05,"首先再和大家分享我們俱樂部首度進到季後賽之前我要在這替台灣特別是花蓮地區祈禱. 今天賽前也做了很多次的禱告,希望主能安撫所以有人的心, 願主保佑你們,平安. 
再來要說的是,我們今年創造了隊史最佳成績也是首次進入到CBA的季後賽. 接下來要努力拼季後賽每一場球. 恭喜各位隊職員👊🏻👊🏻 Congratulations to all our staff and teammates on making the playoffs first time ever in our franchise history. Very proud and well deserved.

#PrayforTaiwan
#PrayforHualian
#GuangZhouLonglions
#Playoffs",8636,38,"['PrayforHualian', 'Playoffs', 'GuangZhouLonglions', 'PrayforTaiwan']"
124,2018-01-22 09:02:17,Blessed🙏🏻,7442,15,[]
125,2018-01-15 13:54:55,"My brothers and best friends. I miss you two bunches! ❤️️❤️️❤️️(pics from 2013). 在美國的第二年, 好想念我兩個美國弟弟James跟Jacob.",5624,5,[]
126,2018-01-09 20:32:33,,8996,39,[]
127,2017-12-27 22:52:06,"Stay focused on the recovery process day by day. 
#堅持
#Godsplan",6702,16,"['Godsplan', '堅持']"
128,2017-12-22 17:45:12,Happy Birthday to my beautiful and awesome American mom Tammy!!! My family and I are wish you a wonderful birthday and enjoy every moment of it. Thank you so much for everything you do and have done for me. I'm so blessed to have you in my life. I miss you and the Lawrence family. Hope I can see you soon🎊🎉🎁🎈Love you❤️️,6406,3,[]
129,2017-12-22 14:00:26,HAPPY BIRTHDAY to you old man😂 Hope you're having a great one. Keep grinding boyyyy. 送你一張and-one☝🏻祝阿貓生日快樂🎂🎁🎊🎈🎉,5965,8,[]
130,2017-12-19 17:27:05,"Young Ray🤘🏻17yr old. 高中最後一年. 
#能仁
#HBL",8822,17,"['能仁', 'HBL']"
131,2017-12-15 21:58:29,"GAME. My man @semajchriston is CLUTCH😳😳😳😱😱😱
Great W my brothers. WoW @semajchriston 
#GuangzhouLongLions",4286,5,['GuangzhouLongLions']
132,2017-12-14 21:07:49,I kinda miss my long hair. 好像有這麼一點想念我留了兩年多的頭髮😜 覺得要留回來嗎？,7594,53,[]
133,2017-12-10 09:34:21,"藉由這個時候來考驗自己面對挫折和壓力的能力, 依靠著祢帶來的力量,努力讓自己更強壯的回到場上. Will be back stronger. 
Not only so, but we also glory in our sufferings, because we know that suffering produces perseverance; perseverance, character; and character, hope. And hope does not put us to shame, because God’s love has been poured out into our hearts through the Holy Spirit, who has been given to us. (Romans 5:3-5)

不但如此，就是在患難中也是歡歡喜喜的。因為知道患難生忍耐，忍耐生老練，老練生盼望，盼望不至於羞恥；因為所賜給我們的聖靈將神的愛澆灌在我們心裡。（羅馬書5:3-5） ""Trust in the Lord with all your heart""",10875,69,[]
134,2017-11-29 18:30:25,"【分享寒假訓練營影片抽簽名照🏀】
「2018 夢想飛翔・The Power Of Belief 引爆寒假籃球訓練營」宣傳影片第一彈！請到目前效力於CBA的周儀翔和陳盈駿現身說法！只要你相信自己可以，就可以挑戰自己💪🏻
立即報名➡️ http://bit.ly/2018-winter
‼️現在只要分享此影片，即有機會獲得周儀翔及陳盈駿的簽名喔～本次活動將抽出八位幸運的粉絲，隨機送出獨家簽名照！（每人可獲得一張，簽名照詳見留言處）
活動辦法如下
步驟一⚡️按「EMPOWER引爆運動訓練」粉絲專頁讚👍🏻
步驟二⚡️在此貼文底下留言想對陳盈駿 Ray Chen和周儀翔 SHAWN說的話並tag兩位朋友
步驟三⚡️公開分享此貼文
🏁活動截止時間：12/3（日）23:59止
🏁公佈得獎時間：12/4（一）12:00後
⚠️逾期留言、重複留言皆不予計算
⚠️公布得獎名單後，若得獎者未在期限內傳送資訊，恕不重抽獎項",4526,9,[]
135,2017-11-26 13:54:09,🏀⚾️,9553,17,[]
136,2017-11-25 21:46:40,,10071,28,[]
137,2017-11-22 16:32:39,"Shout out to NIKE TAIWAN!!! 非常喜歡CT配色的鞋子. 最重要的事是這禮拜五(11/24) 在台北和平館對戰澳洲的世界盃資格賽, 請大家跟我一起為中華隊加油. 
#JustDoIt
#Believe
#ChineseTaipei",10482,50,"['ChineseTaipei', 'Believe', 'JustDoIt']"
138,2017-11-16 18:05:43,"On the road again. #Shandong
#Lockedin",9095,31,"['Lockedin', 'Shandong']"
139,2017-11-15 10:06:38,"在廣州相見,一起加油！

#Believe
#相信",9898,14,"['相信', 'Believe']"
140,2017-11-14 23:10:05,Share this great win with my favorite people. 謝謝你們到場. 一起分享喜悅😍,8311,13,[]
141,2017-11-14 17:35:00,Back at it tonight.,7563,16,[]
142,2017-11-13 19:43:03,One of the coolest gifts I've ever received from the fans. Very sweet of you. I love it! Thank you! 收過算最酷的東西之一，謝謝廣州！,7028,20,[]
143,2017-11-11 13:07:39,,9978,28,[]
144,2017-11-06 21:53:19,👆🏻,11125,53,[]
145,2017-10-29 13:27:52,"Happy Birthday to my brother, James. I used to hate you because you always woke me up at 5am every morning and wanted me to play with you. Also, made fun of me when I said something incorrectly in English. I've missed those days man. I'm so proud of the man you've become now. Happy Birthday my man. Love you❤️🎉 @jameslawrencee",9119,5,[]
146,2017-10-28 22:40:08,"Our season home opener tomorrow night. Let's do it. 
明天開戰 #CBA",11315,45,['CBA']
147,2017-10-16 20:06:31,👁,10927,23,[]
148,2017-10-14 23:24:39,So pumped for the coming season in CBA. It's gonna be real.,9671,24,[]
149,2017-10-03 21:41:48,"非常難忘的經驗. I'm extremely grateful and blessed to have this great opportunity. Thanks to my American family and friends for coming this weekend. Much Love❤️
沒想過真的有一天可以站上這個球場打球,感覺太棒了. 感謝主.

#WashingtonWizards",10842,48,['WashingtonWizards']
150,2017-10-01 18:26:36,"So happy to see my family in DC. 
Love you❤️❤️❤️",8740,2,[]
151,2017-09-30 03:32:05,"這幾天來到了美國, 熟悉的環境跟氣候讓我想到這六年在美國當學生的日子. 從當初的陌生跟害怕到之後的習慣跟適應, 在這歷練過程中讓我體會到堅持跟忍耐真正的意思. 我要謝謝六年前的自己做了這個決定跟設定的目標, 也就是要完成學業和走到最後一步然後不可以讓人失望. 
如果可以...我還會再來一次選擇這條路, 回到美國然後把沒做好的事情做得更好然後再次的享受這艱難的任務.

感謝主.",12533,36,[]
152,2017-09-29 12:16:13,"This ""thing"" made my day!!!! Officially graduated with my Master's degree from Liberty University. Thanks to everyone who has supported, encouraged, and helped me throughout the year. Thank you Lord. 
終於拿到我的碩士學位. 這一年來犧牲了好多時間換來這張畢業證書,現在看到它了覺得一切都值得了. 感謝主🙏🏻 我的學生生涯也正式告一段落.....",7272,53,[]
153,2017-09-29 09:28:34,Dinner Time,5987,2,[]
154,2017-09-24 21:04:58,"@keviniswho 來了～～～～人生就是這麼的奇妙. 從國中到HBL到亞青到世青到中華隊到現在都在這邊了怎麼又遇到你了😂😂😂很奇妙的安排. Kevin加入到廣州證券隊,我們又當隊友了. 一起加油.",6785,44,[]
155,2017-09-22 20:48:26,永遠的動力❤️,14493,38,[]
156,2017-09-18 17:19:09,"Work. Work. Work.
這訓練環境氛圍很可以.

#JustDoIt",10661,27,['JustDoIt']
157,2017-09-15 12:08:06,"Having a little fun on the court....Asked my man when is he gonna cut his hair😂😂😂來比看誰留的長？ 📸:NBL ASIA

#GuangzhouLongLions",12727,25,['GuangzhouLongLions']
158,2017-09-11 08:45:00,"Shawn & Ray

#JustDoIt
#Empower",11944,32,"['JustDoIt', 'Empower']"
159,2017-09-10 12:34:07,"🏅🎖🏆 裡面有帥哥...請小心！
還有看到鋒哥我要哭了.

一起繼續為台灣拚.

#JustDoIt",14310,37,['JustDoIt']
160,2017-09-08 07:53:43,"感謝主, 感謝你們讓我度過了難忘的暑假. Glory to God. Thank you. 
出發機場... #JustDoIt",16169,174,['JustDoIt']
161,2017-09-07 20:01:51,"AIR JORDAN XXXII. Blessed to be a part of  the event. 這雙Jordan真的又炫又帥又好穿.

Thanks to @jonathanhan_oo for the gifts.

#AirJordanXXXII
#JordanBrand
#勝由我定",9596,19,"['AirJordanXXXII', '勝由我定', 'JordanBrand']"
162,2017-09-06 14:05:15,"即將前往大陸展開職業生涯了，將會懷念台灣的好滋味🍎🍍🍊New journey begins soon, I'm gonna miss Taiwan 🇹🇼",22427,216,[]
163,2017-09-05 21:26:40,"Special invitation. Jordan Pizza!!!!???? Cool.....沒有收過這麼特別的邀請函...很期待這次的活動👍🏻👍🏻👍🏻
#AirJordan
#AJXXXII",7773,25,"['AirJordan', 'AJXXXII']"
164,2017-09-04 17:55:20,"Russell Westbrook的完美身材在旁邊看只能流口水😙
An honor to be a part of the event. 
#AirJordan
#WhyNot?",11257,14,"['AirJordan', 'WhyNot']"
165,2017-09-04 17:43:01,"#AirJordanXXXII
#Jumpman",10334,30,"['AirJordanXXXII', 'Jumpman']"
166,2017-09-01 21:06:04,"體驗不一樣的生活...
還有今天一個不小心...哎呀😂不要笑我

#JustDoIt",10437,83,['JustDoIt']
167,2017-08-29 21:59:50,"感謝主給我們這個機會聚在一起，感謝各位的付出跟支持! 我愛你我的兄弟們. Great experience! First of all, I wanted to thank God for giving us this opportunity to do what we love and what we've worked hard for. Also, thanks to the coaches, players aka my brothers, and staff for the dedication and commitment. Last but not least, shout out to everyone who supported us throughout the tournament. Really appreciate it. Love y'all!!!!!!!❤️️🇹🇼感謝你們的支持, 各位辛苦了！
#JustDoIt
#2017TaipeiSummerUniversiade",18726,287,"['2017TaipeiSummerUniversiade', 'JustDoIt']"
168,2017-08-28 18:37:01,"Commitment! Believe! THANKS to all fans for your passion and support today. 謝謝各位今天到場加油！感謝！明天最後一場....各位辛苦啦啦啦🇹🇼photo credit to @vera_wenstagram 
#感謝主
#JustDoIt",14290,198,"['感謝主', 'JustDoIt']"
169,2017-08-27 18:48:13,"Blessed to have a chance to compete with one of the best teams in this tournament today. Big THANKS to all the fans for the support and love. 謝謝你們今天到場幫我們加油! 感謝! Believe!
#感謝主
#JustDoIt
#新竹",13244,168,"['感謝主', '新竹', 'JustDoIt']"
170,2017-08-25 22:50:53,"Tough lost. 
Thank you all for coming to support us tonight. 感謝各位今天的加油聲, 謝謝你們！感謝主！
#JustDoIt",17563,655,['JustDoIt']
171,2017-08-25 01:08:31,"Another one. Stay focused. Glory to God. Thanks to all of the fans and my family tonight. Great team win. 謝謝你們！感謝主！
#JustDoIt",22418,623,['JustDoIt']
172,2017-08-22 22:52:41,The moment that I'll never forget. Proud of my brothers and our staff. Thanks to all of the fans and my family came to support tonight. Focus on next one. 謝謝你們！#JustDoIt,13622,337,['JustDoIt']
173,2017-08-21 23:57:22,"First W...love our intensity and effort tonight. Thanks to all of the fans out there tonight! 謝謝你們！
#為台灣而戰
#台灣加油",9857,192,"['台灣加油', '為台灣而戰']"
174,2017-08-20 23:43:13,Biggest crowd I've ever played in my whole  life. I really appreciate the strong support and energy from all of YOU tonight. Please continue to support us and rest of Taiwanese athletes. We will do better. Promise. Thank you! 謝謝你們！,7891,247,[]
175,2017-08-19 23:30:55,"2017 台北世界大學運動會開幕會. Taipei 2017 Summer Universiade Opening Ceremony. 
It was one of the coolest moments in my life especially being in front of our home crowd. I'm so blessed to be a part of this. Amazing. Let's Go Taiwan! 各位加油！太感動了.
#警察志工辛苦了#跪著看陳金鋒",5051,77,"['警察志工辛苦了', '跪著看陳金鋒']"
176,2017-08-17 14:26:12,兩隻小寶貝❤️,2420,3,[]
177,2017-08-14 23:26:14,專業拍📷📸,4546,13,[]
178,2017-08-04 18:45:46,#NikeReact,3488,16,['NikeReact']
179,2017-07-29 23:10:28,Big shout out to whoever made this....that's so dope😎 Thank you! 謝謝！,4934,21,[]
180,2017-07-24 13:44:20,"Thanks to each and every one of you for the love and support. Most importantly, I wanted to thank God because nothing would have happened without you! 謝謝各位這幾天的支持跟貢獻，大家辛苦了！感謝主🙏🏻",9289,186,[]
181,2017-06-17 15:09:14,10年了. HBL▶️NOW 😘😍,2724,8,[]
182,2017-06-11 20:35:21,"Thanks to #Flight and #Nike for hosting such a meaningful event. It was a great experience and opportunity to learn from our Golden Generation of Taiwan Basketball. Also, I'd like to say thanks to all the fans and everyone out there tonight!!! 再次感謝展逸跟NikeTaiwan 舉辦這麼有意義的籃球賽，讓我們有機會跟老大哥學習，也謝謝所有支持活動的每位👆🏻",2605,15,"['Nike', 'Flight']"
183,2017-06-11 11:37:38,謝謝展逸跟Nike給我們一個難得的機會，期待!  So pumped! #經典賽 #ClassicBasketballTaiwan,4023,20,"['經典賽', 'ClassicBasketballTaiwan']"
184,2017-06-11 01:15:29,👀,3152,15,[]
185,2017-06-03 08:33:09,,2501,9,[]
186,2017-05-28 09:05:54,#empower引爆運動訓練,3316,22,['empower引爆運動訓練']
187,2017-05-18 11:31:30,"Can't even begin to think about it and describe how I feel right now. It's been 6 years since September 9, 2011, the first day I came to the United States as well became a part of my American family. Never ever thought that I would ever make it this far, you guys are The Biggest reason why I've been able to be where I am today. Don't know what else to say but thank you, I am so grateful and blessed to have the most amazing family in my life. I love you so much and I'll see you again soon. It's been 6 years??? Wow!!! 每年都要說再見，六年了⋯⋯⋯現在還在夢裡！",1916,5,[]
188,2017-05-14 13:55:53,"I have to give a huge shout out to my academic coordinator and best friend @lauren_markey23 who has always been there for me and supported me through many ups and downs this year. I really appreciate your dedication, commitment, and motivation. You are an excellent mentor and a great inspiration to me. This is just not enough to express myself how much I truly appreciate your support throughout the entire year at Liberty. I am now so close from getting my Master's degree which I couldn't have come this far without your encouragement. Thank you! @lauren_markey23 @lauren_markey23 @lauren_markey23 
沒有她，我輔導老師的鼓勵幫忙跟支持，我應該很難走到今天這步離拿到學位只剩下一步的距離，謝謝妳！",2136,3,[]
189,2017-05-14 06:28:42,My brothers👊🏻 長大了...,2130,3,[]
190,2017-05-11 01:41:07,Love this gift so much. Thanks to my @libertymbb family. Much Love❤️這禮物太特別了，感謝主👆🏻,2011,13,[]
191,2017-05-10 07:15:41,Hate saying goodbye.....又要面對離別的日子😕,1239,4,[]
192,2017-04-21 11:21:35,Hiking☀️🌎 4/20/2017✔️,2334,4,[]
193,2017-04-19 04:20:13,6/11 下午兩點 @彰化縣立體育館,1701,18,[]
194,2017-04-14 09:36:05,"There's nothing like seeing the smile on kids' faces. It's always fun to be a part of it. 很開心今天能夠有機會去帶小朋友,幫忙服務. 感謝主！",1420,6,[]
195,2017-04-07 20:28:25,Another one✔️💪🏻,2171,9,[]
196,2017-04-05 09:56:48,"Thanks to my bros for always pushing, challenging, supporting and encouraging me to be the best I can be. Gonna miss this squad👊🏻 這一年所經歷的用言語也形容不出來！謝謝上帝和身邊的人讓我有機會走不同的路.",1693,11,[]
197,2017-03-29 07:59:49,Blessed. 榮耀主. #livemystory,1981,12,['livemystory']
198,2017-03-05 23:00:35,Thankful 🙏🏻,1105,3,[]
199,2017-02-16 05:32:09,Thanks to NBA legend Mark Jackson for spending time and sharing life lessons with us this morning. 真幸運能夠有機會跟NBA的傳奇球星見面聊天.,2171,15,[]
200,2017-02-11 00:19:29,Squad✊🏻,1655,8,[]
201,2017-02-10 23:04:17,Faces you make when there is an assignment due mid-night but you say we are going to 2OT and get this W so forget about it😂,1118,4,[]
202,2017-02-10 13:10:27,Thank you for coming tonight my BAC fam. Much ❤️to my favorite people.,1727,8,[]
203,2017-01-28 11:55:11,Full of Love❤️,1705,5,[]
204,2016-12-26 12:59:21,Wish you all have a fantastic Christmas 🎄🎉 Thank you God🙏🏻,1226,7,[]
205,2016-11-16 02:35:39,8pm tonight vs. VCU 🏀 #FlamesUp,1394,11,['FlamesUp']
206,2016-10-30 12:18:11,期待！ @libertymbb #FlamesUp 🔥⬆️,2270,23,['FlamesUp']
207,2016-09-25 12:56:20,"今天過去看了唐維傑,台灣未來的籃球之星,前幾天也來到了維京尼亞的學校就讀. 看到他就讓我想起當初我剛來的時候,對一切都很陌生. 期盼他也能夠渡過剛開始比較難熬的這段日子. 加油 堅持下去 祝福你🏀👆🏻",3364,9,[]
208,2016-09-08 11:08:43,I'm extremely blessed to be a part of the Liberty Flames. The new journey has officially started...🙏🏻 珍惜. 感謝主. #LibertyFlames #13 🇹🇼,2691,22,"['LibertyFlames', '13']"
209,2016-08-24 09:09:57,👀 #Hairbandgame,1693,8,['Hairbandgame']
210,2016-08-23 11:02:59,This place......gonna miss it. Hooped with my guys today🏀,1388,0,[]
211,2016-08-23 10:57:40,It was great seeing my boys today. Miss y'all a lot and hope to see you soon!!!!,1972,4,[]
212,2016-08-22 09:25:15,😂😂😂😂😂😂,1122,6,[]
213,2016-08-22 08:57:01,Summer2016🌊🏊🏻,1829,4,[]
214,2016-08-22 08:31:39,Buck❤️😍,1237,6,[]
215,2016-08-16 09:02:17,Went back to the Abbey today and worked out with my bro Tyler. Miss the Abbey days🔴 畢業了⋯開始想念這裡所有回憶～～,2234,3,[]
216,2016-08-14 02:56:24,Went Zip lining yesterday. Had a blast with my new family on our Costa Rica trip. 哥斯大黎加是個值得推薦旅遊的聖地啊～～～ #Libertyflames,1616,5,['Libertyflames']
217,2016-08-08 05:45:35,It's a special place🙏🏻 LIBERTY. #blessed,1796,9,['blessed']
218,2016-08-04 12:23:48,"經過一班波折,漫長等待跟屁股的部分,終於回到這熟悉的地方. 全新的挑戰明天開始💪🏻",2958,55,[]
219,2016-08-03 06:16:38,"再給自己一次機會,
謝謝各位的祝福,
準備啟程⋯⋯ 明年見✈️✈️✈️",3922,108,[]
220,2016-08-03 00:25:42,"從小看著壘哥在台灣和中華隊為國效力,真的覺得他很屌,今年自己也很幸運有這機會上到一隊,所以特別珍惜每一天. 還有打球一直以來都有個願望,就是希望有一天我也能上到一隊和""黃金時代""的學長一起打中華隊,這也算是夢想成真了...
每一天都是很棒很寶貴的學習經驗,希望未來還有更多的機會,謝謝各位！
#黃金時代#Legend#壘哥不要那麼快退休",4126,30,"['黃金時代', 'Legend', '壘哥不要那麼快退休']"
221,2016-08-02 17:28:54,"這次是個很寶貴的經驗,歷練,過程中有很多的不順遂,適應期,這些都是升上去另一個層級必須經歷的過程. #Summer2016",2206,58,['Summer2016']
222,2016-07-10 13:34:42,1️⃣,1071,5,[]
223,2016-07-02 21:39:36,Polo😂😂😂😂😂你再給我亂吼亂叫阿你,877,4,[]
224,2016-07-02 21:17:47,你確定你帶的回去？#吳哥,1249,2,['吳哥']
225,2016-06-27 11:36:40,👌🏻,1258,9,[]
226,2016-05-29 19:59:56,Mood😆😆😆,1249,4,[]
227,2016-05-19 19:16:56,I'm gonna miss everything here. See you again. Bye! 這次要回去的感覺怎麼那麼不一樣！,1211,14,[]
228,2016-05-18 08:47:31,😮,1111,3,[]
229,2016-05-17 11:56:10,🌊🤘🏻,1259,3,[]
230,2016-04-06 11:33:16,✌🏻✌🏻✌🏻,1316,31,[]
231,2016-04-06 09:30:56,🏀🏀🏀,860,3,[]
232,2016-04-06 09:30:24,🏀🏀🏀,739,3,[]
233,2016-02-11 21:33:49,再見囉兩位～祝你們平安！會想你們的！See you my boys!!!!,1363,16,[]
234,2016-02-11 11:21:07,幾年前有提過會來美國找我，當時只是覺得開玩笑，沒想到這兩個真的大老遠跑來另一個世界找我！已經來了兩個禮拜，明天將返回台灣，很珍惜這幾天一起在另一個世界的日子，祝回程旅途平安，台灣見！I'm so blessed to have you come visit me. I love you guys so much! See you in a few months😘,1245,4,[]
235,2015-12-29 08:04:35,Look who's here!!!!!!😍😊😁已經到第三天了現在才傳. #latepost,1219,8,['latepost']
236,2015-11-30 12:14:50,One of the greatest players to ever play in this game and the greatest work ethic. The memories of KOBE BRYANY will never fade. Thank you Kobe!!! 從小到大崇拜的球員，他的精神啟發了我不管是場上或場下的態度，甚至是讓我學習如何成為最好的自己！#kobebryant #blackmamba #goat,1359,5,"['goat', 'kobebryant', 'blackmamba']"
237,2015-11-27 07:39:33,Happy thanksgiving everyone. I'm so thankful for my family and friends and all the many blessings. Hope you have a wonderful day. 祝各位有美好的一天，感恩節快樂！,900,3,[]
238,2015-11-20 09:17:15,Love!,1510,6,[]
239,2015-11-18 06:41:06,#RaiseTheRed,1731,10,['RaiseTheRed']
240,2015-10-18 11:29:21,#1 🏀👊,1344,9,['1']
241,2015-10-10 12:53:56,我們可愛的小咚弟又長大一歲了！生日快樂，想你哦！😍,880,3,[]
242,2015-10-10 08:27:06,With my boys celebrating @tyler_a_horn 21st birthday in the Queen City . @dclark.3 @k_ratliff32,984,0,[]
243,2015-10-05 11:01:19,It was fun to be a part of homecoming court yesterday. 不錯的一個經驗！謝謝你們！,1378,6,[]
244,2015-08-18 20:19:49,Good bye summer! Now it's time to get back to my Senior year of college! 轉眼間，已經大四了～ 開學的第一天，就讓最後一年做個完美的結束。Enjoy final semesters and finish strong! 💪🏻💪🏻,1515,11,[]
245,2015-08-16 23:35:11,Long trip!!!! Finally here. Ran into my guy Riley and we are ready to go back to school. 終於到了，好長好遠的飛機跟地方，要回學校了。感謝主！,1325,7,[]
246,2015-08-15 22:59:07,謝謝你們～～～明年見！See you next year!!! Love you!!!!!,1353,21,[]
247,2015-08-07 03:23:56,Best!,1053,0,[]
248,2015-08-03 13:37:17,這個我推薦～～好吃！,1040,4,[]
249,2015-07-31 23:58:32,我的兩位偶像！好久不見啦～～～,1283,5,[]
250,2015-07-27 23:09:24,"我們今天特別來寧夏夜市為女神捧場！謝謝女神的招待！真的非常非常好吃……不愧是超人氣美食。

#超人氣 #寧夏夜市女神",1266,4,"['超人氣', '寧夏夜市女神']"
251,2015-07-17 17:33:23,Pon哥! #lovelife,1607,7,['lovelife']
252,2015-07-14 22:21:34,這個階段告一段落⋯謝謝各位。台灣加油。#世大運,2020,19,['世大運']
253,2015-07-11 20:15:12,每天要比昨天再好一點...再來各位。,1214,4,[]
254,2015-07-05 15:07:38,沒關係...再來....Let's go Taiwan basketball #playtogether,1456,29,['playtogether']
255,2015-07-04 09:29:47,First game. LET'S GO TPE!!!!!!!,1630,31,[]
256,2015-07-01 10:32:57,Just arrived in Korea. 口罩口罩 #世大運,1931,19,['世大運']
257,2015-06-29 18:28:56,好幸福的畫面！這兩個！ #世大運 #內線雙俠 #水療 #LOVE,1546,8,"['內線雙俠', '世大運', 'LOVE', '水療']"
258,2015-06-26 22:29:31,Miss this day! First day I got back in May. 已開始想念，時間好快！#familydinner,1208,2,['familydinner']
259,2015-06-22 23:28:22,Good night!!!!😴😴😴,1204,8,[]
260,2015-06-21 19:50:55,2015.6.20💪🏻,1309,0,[]
261,2015-06-11 00:27:31,Thank you so much for the birthday wishes. You made my birthday! Thank you! 謝謝各位的生日祝福！感謝！(thanks you Kevin for the cake.),1620,12,[]
262,2015-06-06 22:38:17,瀏海😏 是不是該剪了啊！,1543,10,[]
263,2015-05-30 01:26:58,Balling with my boys! So much fun 好久沒聚一起打球了～ 謝謝你們啊！,1494,7,[]
264,2015-05-24 21:53:02,"""CHEN""😎😎😎👐🏽👐🏽👐🏽",1232,2,[]
265,2015-05-24 10:22:38,我哥一早就在鬧我 哈哈.....,1288,5,[]
266,2015-05-22 19:59:12,"大家趕快來看佛光大學傳播學系
異視界畢業展！",1403,6,[]
267,2015-05-18 21:08:54,🏀👐🏽 brothers! 打完球,1427,6,[]
268,2015-05-18 08:32:24,Come back stronger! MVP CP3! #mvp #cp3isrealmvp,1271,2,"['mvp', 'cp3isrealmvp']"
269,2015-05-17 08:58:54,感謝@blackielovelife給我們機會成為這場公益活動的一份子，一起用籃球分享愛～ #lovelife #正面能量,1577,6,"['lovelife', '正面能量']"
270,2015-05-16 00:35:29,5/16 請到世新大學跟我們一起用籃球分享愛！#lovelife,1111,6,['lovelife']
271,2015-05-13 01:45:02,Late night hooping!🏀 開勳！,1113,2,[]
272,2015-05-12 22:01:31,Love❤️🙊,1322,0,[]
273,2015-05-12 15:02:07,🍜🍗🍡🍦🍫🍪🍤🍰🍣🍜🍷,1209,5,[]
274,2015-05-11 15:28:17,👋🏻,1644,24,[]
275,2015-05-08 22:34:04,5月16號！#lovelife,1401,10,['lovelife']
276,2015-05-08 13:03:55,Should I drink it?😁 要把它喝掉嗎😎#ShareaCoke,1285,4,['ShareaCoke']
277,2015-05-03 11:06:51,#CP3 #MVP ‼️,1049,4,"['MVP', 'CP3']"
278,2015-04-30 08:44:26,🏀‼️,1127,0,[]
279,2015-04-30 08:00:17,We out here Athletic Banquet!!!!!🎉🎊,934,2,[]
280,2015-04-28 22:20:32,‼️🇺🇸🎮🎮,1280,1,[]
281,2015-04-26 01:17:20,5/16號～～請大家一起來參與Love Life Basketball!!! 到時候見😊,948,8,[]
282,2015-04-25 11:04:31,"""I respect those who respect me. If people don't respect you, they aren't gonna get that respect back!""",968,5,[]
283,2015-04-22 09:54:17,Late night bowling with the boys😁😁😁,1220,3,[]
284,2015-04-16 23:07:50,各位朋友們，想一起參與這有意義的慈善賽嗎？請把5/16這天留下來...邀請你們一起來參與！#lovelife,1162,14,['lovelife']
285,2015-04-16 09:04:11,汗～～～work.,1159,4,[]
286,2015-04-04 02:48:05,🔥😉🏀💪,1135,7,[]
287,2015-03-29 09:59:37,#throwback with my brothers🏀💪 相信會更好的！''耐心等候祂時間，因祂安排無瑕疵。'',1550,9,['throwback']
288,2015-03-29 08:32:04,Tee Time!!!!⛳️⛳️,1033,3,[]
289,2015-03-27 09:12:10,"What y'all think about my new Scarffff? 新圍巾,如何如何？哈哈哈",1367,18,[]
290,2015-03-24 11:36:57,Can't stop! Won't stop!  #Grind,1598,10,['Grind']
291,2015-03-13 09:32:12,Notre Dame vs. Miami,876,4,[]
292,2015-03-13 07:16:52,"Duke vs. NC State. First ever ACC tournament/major D1 experience. 
杜克 vs. 北卡州大",1029,2,[]
293,2015-03-12 07:23:59,Hornets vs. Kings 👌🇺🇸,1380,4,[]
294,2015-03-09 03:29:55,HBL finals in Taiwan‼️This is high school basketball...photo creds to DV. #wow,1652,3,['wow']
295,2015-03-08 08:38:23,😁🔱♣️✔️,1170,3,[]
296,2015-03-07 12:19:40,😎✌️,1319,4,[]
297,2015-03-01 04:28:59,😉👍,988,3,[]
298,2015-02-20 02:45:06,"It's sunny day but here is outside temperature now -8 C 冷凍啊！祝各位新年快樂,身體健康哦～ #羊年行大運#恭喜發財#事事順心順利#平安喜樂#記得運動",1393,20,"['事事順心順利', '平安喜樂', '恭喜發財', '羊年行大運', '記得運動']"
299,2015-02-18 00:13:04,新年快樂各位 👍🎊🎉 保佑平安#snow,1261,10,['snow']
