,time,post_caption,likes,comments,tags
0,2019-12-15 20:05:02,"謝謝我的團隊總是為我排除各種疑難雜症，替我做足最完美的準備，讓我可以健康開心的上場比賽，這個最後一場比賽，我感到可惜，但這是競技場上最殘酷的。
謝謝大家陪伴我走過2019年，2020即將來臨，期待每一個時期的自己，接受自己的不完美，並且相信自己，是我能做的。

Thank you for all the support ❤️❤️❤️",26009,763,[]
1,2019-12-14 16:52:44,"你們喜歡哪一個影片多一點？
1 or 2？？？",25857,920,[]
2,2019-12-14 14:11:13,"謝謝每一天的打氣和吶喊。
來到最後一天，還是繼續努力💪🏻",28882,560,[]
3,2019-12-13 19:38:19,這個視角好特別，我喜歡🙃🙃🙃,27973,360,[]
4,2019-12-13 14:33:49,"謝謝今天現場的打氣💪🏻
四強繼續努力～
#相信自己",21431,291,['相信自己']
5,2019-12-12 17:40:51,"賽前最佳好夥伴💪🏻
#記住戴爸常說的話
#相信自己
謝謝所有球迷的打氣～",22027,364,"['相信自己', '記住戴爸常說的話']"
6,2019-12-11 21:35:13,明天繼續努力💪🏻,24625,659,[]
7,2019-12-09 22:57:18,"最後一發，結束今天這回合。
Good night 💤 
紀錄一下難得的打扮💕",41494,714,[]
8,2019-12-09 20:30:59,一系列合照，請慢慢享用🙃,35631,296,[]
9,2019-12-09 19:57:14,All the best for everyone 💪🏻💪🏻💪🏻,41744,448,[]
10,2019-12-09 11:59:13,"球袋太美了💕
今日訓練結束💪🏻
欸！！對了對了～～
阿姊 @tai_ching_chieh 說她明天可以直播欸！！所以明天下午或晚上隨時準備唷～～😏😏😏",20371,172,[]
11,2019-12-08 11:20:32,"一早的飛機有一種催眠的效果，就是上飛機閉上眼，睜開眼下飛機🤔
你們是不是也這樣？
為什麼這麼好睡呢🤪 
@evaairways",20891,158,[]
12,2019-12-07 12:10:44,冬天來臨～這毛毯來的真是時候，在家披著當小飛俠，溫暖又舒服，無時無刻都跟球場膩在一起，步伐會比較好（誤🤭）,20524,119,[]
13,2019-12-06 19:29:55,"星期五不是就該大吃一波嗎😏
雖然大部分都是我吃的，店員擔心我們吃不完，我跟他說：不要擔心，我們可以吃完。",16530,133,[]
14,2019-12-05 11:16:37,,26416,239,[]
15,2019-12-04 17:56:10,"練習完PK小遊戲😏
第一次看到有人接球到下腰和可以一次撈三顆球，也是蠻厲害的🤔🤔🤔
插在旁邊真的很好笑，夭折就只能算折完之後的數量。",24233,127,[]
16,2019-12-01 15:45:49,欸！！我們怎麼這麼有默契，果然是好朋友🤝,17753,106,[]
17,2019-11-30 19:00:00,"#戴tty去旅行 
大家有發現帽子後面小小的身影嗎😏",16661,93,['戴tty去旅行']
18,2019-11-28 18:00:08,"Hi All, I am very excited to announce that i will be playing for the Bengaluru Raptors team in the Premier Badminton League Season in January. I look forward to playing in the league again. Thank you and see you all soon in India.
@pblindialive 
@blrraptors",12157,203,[]
19,2019-11-26 18:07:00,"沒照片可發啦～
最近還是努力的練習，沒什麼特別的。
你們呢？
#戴tty去旅行",21271,183,['戴tty去旅行']
20,2019-11-24 19:01:27,"再發一波～
因為很多人詢問這是哪裡，在高雄的衛武營噢！
捷運搭到衛武營站，從5號出口下車，就會看到啦～～",18088,133,[]
21,2019-11-24 10:13:06,"早安～
高雄其實有這麼美的地方，好久沒有外出走走晃晃啦！
超多巨大的彩繪牆，裡面有好多細膩的地方，在大太陽底下細細品味，真是不錯呢👍🏻
（倒數第二張有我的大屁屁🤭）
是不是在跟我說珍奶不可以喝太多😆
屁股會變大噢～
好啦，我運動這麼多～偶爾還是讓我喝一下嘛😋（其實我很少喝飲料）
都是到國外看到珍奶會特別想念，但買了總是都沒有台灣的好喝（所以也不常買），然後我回台灣也不會喝，肯定是太多東西好吃，讓我遺忘了珍奶。",30420,190,[]
22,2019-11-22 18:14:55,練習完的星期五，來張大合照❤️,18679,148,[]
23,2019-11-21 11:30:00,"這應該是國小一或二年級吧～
那時還穿著Hello Kitty 的褲子欸，噢買尬！",26378,270,[]
24,2019-11-20 12:26:37,"耶✌🏻✌🏻✌🏻
我成功當上我阿姊的第一位粉絲了🥰
下次可以跟姐姐 @tai_ching_chieh 一起開雙直播了，你們期待嗎？
#戴阿肥",13735,127,['戴阿肥']
25,2019-11-19 07:47:36,"一大早看到這個之前的影片都笑了😆😆😆
我身邊的每一位各種角色扮演都超強，處理我的各式疑難雜症，連燙衣服也可以😏
是不是太厲害了👏🏻👏🏻👏🏻
阿范～對不起，我出賣了妳這麼逗趣的一面🤭",11645,116,[]
26,2019-11-18 17:27:38,"你們有看到新廣告了嗎？
#鴻茂智能瓦斯熱水器",8729,125,['鴻茂智能瓦斯熱水器']
27,2019-11-18 07:06:17,"Good morning 😃 
謝謝媽媽生了一個這麼有趣的姐姐給我，她的照片都好好笑，但我不能讓她搶了我的風采🤭
昨天一邊看，媽媽一邊說：妳小時候拍照都很喜歡把手擋在臉前面。
大家愛拍的澎湖跨海大橋照，原來我也有拍過，不過我竟然把臉擋住了....😆而且擋的這麼徹底。",27328,276,[]
28,2019-11-17 15:07:10,"沒新照，只好發舊照～～
剛剛和奶奶在家欣賞一系列小時候的舊照片，覺得實在是太懷念了❤️
有想要我在限動分享懷念舊照嗎😆
#圖文不符",23379,152,['圖文不符']
29,2019-11-15 19:49:41,"壽山好有趣😆😆😆
邊爬邊玩遊戲（影片在最後），下次再來😤😤
我總共轉了45圈🙄",22739,151,[]
30,2019-11-14 18:56:57,"希望可以儘速復原💪🏻
久違的林醫師視角自拍🤳
#高高帥帥林瀛洲醫師",20456,239,['高高帥帥林瀛洲醫師']
31,2019-11-13 11:37:26,突然翻到這張照片😩😩😩,20001,143,[]
32,2019-11-11 19:30:57,這個勝利的新長褲，很貼心欸！可能知道我腿粗，熱的時候拉起來會卡住，就用一個可以直接拉到最上面的😏,30615,367,[]
33,2019-11-09 16:41:50,"每一次比賽所追求的永遠只有在場上的表現，以及自己身體上的一切，所有的頭銜都只是一時的，更不用說我會在意。
在自己以及團隊幫助的情況下，排除所有的困難和不適，只為打好一場球，這是我的小團隊一直以來給我的最大助力。
所以我很謝謝他們，我的狀況好或壞，全部一起承擔，一起陪我開心的笑，一起陪我分享喜悅，當然還有輸球的檢討。生活上也是各種陪伴，我要玩的，我想做的～他們都會陪我，這不就是最好的團隊了嗎？（還要被我欺負🤭）
好啦～話說太多了，我沒事～大家不用擔心，傷養好再戰💪🏻💪🏻💪🏻
現在深深體會，能夠有健康的身體，是一件多麼重要的事❤️
謝謝羽球讓我擁有了大家🥰",38281,1245,[]
34,2019-11-08 14:44:26,默默到了這一步，謝謝每天的吶喊🙏🏻🙏🏻🙏🏻,27665,356,[]
35,2019-11-08 13:59:36,"大家一個不留神的自拍我就不放了🤭
我：看這裡。
嗯～～不錯，大家都有在準備😆😆
#戴tty去旅行",22365,123,['戴tty去旅行']
36,2019-11-07 13:32:16,"原來大家都愛這一味🤭🤭🤭
@elta_sports",20629,248,[]
37,2019-11-07 12:45:46,結局總是讓人意想不到，這個錄得真好🤪🤪🤪,12274,112,[]
38,2019-11-05 13:09:11,"繼續發吃吃喝喝跑跑跳跳照😆
會不會看膩了🤭
#戴TTY去旅行",18923,216,['戴TTY去旅行']
39,2019-11-04 14:37:47,"再一張和路人合照。
#戴TTY去旅行
#有人知道這面牆嗎",16819,137,"['戴TTY去旅行', '有人知道這面牆嗎']"
40,2019-11-03 15:33:09,"星期日輕鬆一下😆😆😆
其實第二張才是重點🤭",25500,290,[]
41,2019-11-02 10:31:52,"第一張沒發現她們一起在鬼臉😅
早安！！天氣晴🌞",24282,164,[]
42,2019-11-01 21:06:35,"巨無霸常寶兒😍😍😍
太可愛了～～",23659,174,[]
43,2019-11-01 14:37:32,👍🏻👍🏻👍🏻,11625,180,[]
44,2019-10-31 17:52:07,"和眾多遊客一起合照❤️
#戴TTY去旅行",20998,152,['戴TTY去旅行']
45,2019-10-30 14:35:53,"來去動一動調調時差，不然午睡真的很逼人...
#圖文不符
#戴tty去旅行",23525,188,"['圖文不符', '戴tty去旅行']"
46,2019-10-29 13:26:22,"一路睡回家❤️
@evaairways 👍🏻👍🏻👍🏻",33032,270,[]
47,2019-10-28 18:35:01,"今年這兩個景點沒有很近距離的看到，分身幫我去了～～
一起欣賞巴黎之美❤️",26013,146,[]
48,2019-10-28 03:24:54,Good night 😴,20277,91,[]
49,2019-10-27 05:35:54,"吃一波🦞🦞🦞
祝：阿萬生日快樂😊
#戴tty去旅行",21076,182,['戴tty去旅行']
50,2019-10-27 01:05:46,"謝謝你們來加油❤️
抱歉讓你們等了我一個多小時，因為我在藥檢～已經用最快的速度解決了。

結束兩週的賽事～",33103,464,[]
51,2019-10-26 04:21:00,🙃🙃🙃,31029,514,[]
52,2019-10-25 03:20:53,"跟鴨鴨一起飛☺️
#giveyouwings",23941,237,['giveyouwings']
53,2019-10-24 00:15:16,"到法國繼續吃😆
#戴tty去旅行",18228,146,['戴tty去旅行']
54,2019-10-22 14:46:56,Good morning 🇫🇷,22128,206,[]
55,2019-10-21 21:13:32,"國王的新衣😆😆😆
一時之間還真沒認出這童話故事呢！",17363,120,[]
56,2019-10-21 11:43:05,昨天一行人吃飽之後，為了滿足我每天都碎唸要騎滑板車的願望，然後就一起去被風吹了🤣🤣🤣,22224,129,[]
57,2019-10-20 20:33:03,Thanks for all your support 💪🏻💪🏻💪🏻,36368,881,[]
58,2019-10-19 22:07:53,Final 💪🏻💪🏻💪🏻,25592,441,[]
59,2019-10-19 20:52:31,"這小遊戲真的太難了🤭🤭🤭
看來我得回去再練練～
輕鬆一下吧！

See you tomorrow 👋🏻👋🏻👋🏻",31791,341,[]
60,2019-10-19 02:32:55,每天都是全新的一天，加油💪🏻,21572,263,[]
61,2019-10-18 14:10:36,"一大早～
So funny 😆😆😆
被捕捉到這個畫面，我也是很醉～",31632,377,[]
62,2019-10-16 22:52:35,"這裡的天氣真的很舒服☺️
#戴tty去旅行",18433,140,['戴tty去旅行']
63,2019-10-15 20:50:21,,15687,147,[]
64,2019-10-15 15:44:28,"猜猜我們在做什麼😏
晚點或明天再來上傳影片，不過吼～因為我不是專業的，所以不會上字幕噢～
#戴tty去旅行",14603,110,['戴tty去旅行']
65,2019-10-14 14:17:54,"看到漢堡本人來的時候覺得沒有很大，但從這照片看起來真的是超大啊啊啊啊😅
這裡的天氣真的很舒服，不過昨天晚上下了好大的雨～",21788,243,[]
66,2019-10-13 11:34:57,"早安！！
昨天晚上第一餐，有人是否跟我一樣，一個人可以吃掉一整個大披薩😏
阿婷點了一個小披薩，但是看起來並沒有很小，一送上來就先求救了🤣
這個大小應該快要大披薩了吧，我也不知道🤷🏻‍♀️",19394,150,[]
67,2019-10-12 16:30:38,"✈️✈️✈️
@evaairways",24120,231,[]
68,2019-10-11 23:37:34,"家裡有小孩就是很熱鬧❤️
Good night 💤",20073,132,[]
69,2019-10-09 11:31:28,"發發舊照，因為最近沒有新照片😆
突然發現今天過完就開啟連假了，你們要去哪裡玩？",18717,166,[]
70,2019-10-07 07:43:15,"早安～
星期一繼續上工，分享一些練習小影片給你們看看😏",28271,235,[]
71,2019-10-04 20:00:54,明天是不是要上班😏,31054,346,[]
72,2019-10-03 17:13:18,"翻到這張照片，覺得好好笑～～
你們一定想不到我在幹嘛😅😅",21068,219,[]
73,2019-10-01 12:24:39,從小，姐姐的各種猜拳都是神速，所以從來沒贏過啊～～～,14479,178,[]
74,2019-09-30 19:51:59,"回國啦～
謝謝林醫師放颱風假還幫我進廠保養，謝謝廠商也願意前來～
辛苦了颱風天加班的醫護人員🙏🏻🙏🏻🙏🏻
北部風雨很大，請小心安全～～
#高高帥帥林瀛洲醫師",27258,206,['高高帥帥林瀛洲醫師']
75,2019-09-29 15:58:46,"我的第二位客人，在一直瘋狂缺角又修的情況下，安全的變成眼前一片光明，眉毛也完好👍🏻
#出自呆大師😏",23001,192,['出自呆大師']
76,2019-09-28 20:16:00,吃😋😋😋,22140,204,[]
77,2019-09-28 18:02:49,Good luck to the final 💪🏻💪🏻💪🏻,49817,768,[]
78,2019-09-27 19:14:36,今天很有默契欸欸欸☺️,21974,331,[]
79,2019-09-26 12:10:56,今天收工～,22512,238,[]
80,2019-09-25 17:55:56,明天一個早場～～,23371,260,[]
81,2019-09-24 16:31:57,"每天都花很多時間在跟我全身上下溝通的阿婷，還要被我一直胡鬧😆
跟要一直想有趣課表給我練習和熱身的阿范～～
然後最後那是，雙！！下！！巴！！啊啊啊",23561,237,[]
82,2019-09-23 11:31:04,"來到了韓國啦～
兩年沒來了。",28577,357,[]
83,2019-09-22 16:34:59,"謝謝今天現場朋友們用力的加油打氣💪🏻💪🏻💪🏻
下禮拜再繼續努力～",29613,729,[]
84,2019-09-21 16:45:16,💪🏻💪🏻💪🏻,41162,1006,[]
85,2019-09-20 22:32:22,"明天再加油～
Good night 😴",25588,341,[]
86,2019-09-20 21:38:32,"今天早上在 @victorsport_taiwan 留言說：娃娃超可愛。
到了球場立馬得到全家福，整個眼睛發亮，真的是揪甘心欸❤️☺️☺️",16412,183,[]
87,2019-09-19 22:12:32,不要問我怎麼打的，因為我也不知道，可以自己多看幾遍，因為我也是看了兩遍才懂😏,54111,1388,[]
88,2019-09-18 13:33:38,First round 💪🏻💪🏻💪🏻,28723,367,[]
89,2019-09-17 12:22:38,"明天開賽啦～～
💪🏻💪🏻💪🏻",27268,520,[]
90,2019-09-15 11:58:29,"選了一張孩兒自信向前看的照片😏
小孩長得好快噢，去年還這麼小一個☺️
已到中國囉～
中國公開賽加油💪🏻",20694,201,[]
91,2019-09-14 10:32:45,"我也是有大吃特吃一頓的😆😆😆
這幾天到哪裡都是烤肉味，太誘人了～",19491,140,[]
92,2019-09-13 07:40:31,"中秋節做什麼？
我：練球去。
你們呢？
中秋節快樂～
多吃點烤肉跟月餅🥮呀呀😋
#用自己最愛的海綿寶寶做搭配
就是好心情❤️",20880,199,['用自己最愛的海綿寶寶做搭配']
93,2019-09-10 18:01:38,覺得這張照片太有趣了🤭🤭🤭,15635,136,[]
94,2019-09-09 07:05:27,"Monday 💕💕💕
每次都期待訓練過後的大吃大喝
吃照分享🤭",20333,159,[]
95,2019-09-08 12:23:29,"翻了翻相簿，翻到這個當時一日實習生的影片，自己做冰炫風😏
謝謝麥當勞給我這個機會體驗這些完全不可能有機會摸到的機器😆
還有參觀了麥當勞的廚房，讓我知道平常吃的麥當勞是怎麼做出來的✌🏻✌🏻",21210,147,[]
96,2019-09-08 09:22:14,早安～今天要去哪裡玩？,17406,126,[]
97,2019-09-07 10:06:01,"還是這個一大早讓人滿意☺️
祝～週末愉快❤️",45449,554,[]
98,2019-09-06 07:56:49,"一直沒有新照片可以發，只好來發一些吃照😆
Good morning ☀️",18585,208,[]
99,2019-09-04 17:14:38,"好像可以擠出一點什麼了😆
這星期過一半啦～～
下午終於沒有下雨了...真好～",27358,262,[]
100,2019-09-04 07:46:12,"高雄今天是個下雨天～～
照樣練習去，注意行車安全🙏🏻",19447,129,[]
101,2019-09-02 08:18:33,"早安安！！
衣服一起試穿了，真可愛☺️
星期一，加油💪🏻",22154,166,[]
102,2019-08-31 20:03:25,"網美真的很不好當啊啊啊啊～～
要不是偷笑，就是擺不出一個適合的pose，手上拿一個電風扇，直接被說...拿那個電風扇就不能當網美了，但我還是拿著，因為我打球就好了，當網美太難😆😆😆",21062,160,[]
103,2019-08-30 07:51:17,"早安安安！！
這鞋子是不是真的很可以啊啊啊😍😍😍
@victorsport_taiwan 
@victorsportglobal",29269,325,[]
104,2019-08-29 08:03:49,早安～,22942,194,[]
105,2019-08-28 18:35:17,"WOW！！！
是 @victorsport_taiwan @victorsportglobal 寄來最最最新的帆布鞋欸欸欸！
還有那衣服也設計的太酷了，victor game😆😆😆一個對打的概念💪🏻
謝謝 @victorsport_taiwan @victorsportglobal 這麼貼心❤️",15734,156,[]
106,2019-08-28 07:39:02,"Happy moment❤️
with @elijahkewley1201 
猜猜我為什麼這麼榮幸可以當哥的導航😆",22713,147,[]
107,2019-08-27 09:04:55,"謝謝你們總是懂我的堅強和倔強。
在可以的範圍裡，什麼也不多說的陪伴我做任何我想做的事。
謝謝說了很多次也還是要說...打球是短暫的，這份情誼是一輩子的～～
未來需要你們繼續陪伴和協助，繼續打造全新戴資穎💪🏻",26541,343,[]
108,2019-08-25 14:18:31,"我們做了一個很瘋狂的事...就是爬了這個大家都搭纜車上來的山😆😆😆
我們爬上來搭了纜車下去～然後從一直講話走到大家下山都不說話了😆實在太累了，但只有很開心而已！",27053,256,[]
109,2019-08-24 23:47:38,今天一同去踏青，走了好幾個小時的路跟斜坡，真的很可以，算是另類的訓練了啊啊啊😆😆😆,23517,171,[]
110,2019-08-24 13:56:36,"雨過總會天晴...
我只有數不盡的感謝，感謝你們陪伴在我身旁，感謝你們給我的鼓勵和支持，說不難過不可能，但這是必經過程...知道自己從中獲得什麼，比什麼都來的重要。
也許慢了，但不遲...前方的路依然要繼續前行💪🏻💪🏻💪🏻
#相信自己",43814,1068,['相信自己']
111,2019-08-23 21:46:16,"人生中總是會留下一些小遺憾。
謝謝你們總是為我加油💪🏻
也謝謝我的團隊，未來還得繼續努力。",38256,1256,[]
112,2019-08-23 01:26:06,"在每一個不可能當中，創造更多可能。
#相信自己
#爸爸時常對我這麼說",27839,570,"['相信自己', '爸爸時常對我這麼說']"
113,2019-08-22 14:03:51,太酷了！！,16303,128,[]
114,2019-08-21 21:59:24,"順利過了第一天💪🏻
每天都為自己加油，也要記得開心打球❤️
也謝謝今天許多熟悉的聲音，跟著我一起來到瑞士～",23486,452,[]
115,2019-08-20 15:28:35,"早安安！！
明天要準備開賽啦～～
加油💪🏻",34651,418,[]
116,2019-08-19 13:22:16,"早安！這是一張我覺得把阿婷剪壞了，然後看著阿婷眉毛碰不到瀏海的臉，及一位幫我們紀錄下一切的攝影師😆
由於自己的瀏海，覺得斜的像失手，我就把它剪齊了✌🏻✌🏻✌🏻",16800,143,[]
117,2019-08-18 22:22:07,一行人搭車回飯店，看看沿路風景❤️,19792,145,[]
118,2019-08-16 23:00:38,"🤪🤪🤪
開始調時差，來去主場練習。",27094,336,[]
119,2019-08-16 13:36:27,"飛飛飛✈️
當然不忘跟在這的自己拍拍照囉😍
歡迎分享各種跟我的互動😆😆😆
@evaairways",20751,159,[]
120,2019-08-14 19:56:05,"欸欸欸！！
今天有在101偷偷露出噢☺️
這週末會正式與大家見面～請大家一起幫我加油💪🏻
謝謝麥當勞✌🏻✌🏻✌🏻
#小戴加油
#為自己加油",22270,277,"['為自己加油', '小戴加油']"
121,2019-08-13 18:14:02,"因為最近沒有什麼新照片可以發，所以就發發舊照囉～
請收下各種角度的阿婷😆",15564,114,[]
122,2019-08-11 12:51:10,"吃吃吃的假日
無敵大乖乖，吃了會乖乖✌🏻",18753,154,[]
123,2019-08-08 12:46:07,"戴爸～～～～～
父親節快樂兒兒❤️
謝謝你在從小到現在的每一天生活、每一場比賽，都給我最動聽的鼓勵和支持及用行動陪伴，支持我的每一個喜愛，忍受我像雲霄飛車一樣的脾氣😆😆😆
你真是世界上最好的爸爸了😘
祝福全天下的爸爸，父親節快樂✌🏻",24716,147,[]
124,2019-08-07 21:59:03,"噢！！
現在應該還不算太晚～～
情人節快樂✌🏻✌🏻✌🏻",20251,175,[]
125,2019-08-04 19:15:07,是新衣❤️❤️❤️,19183,201,[]
126,2019-08-02 20:12:36,"這也太酷了吧～～
謝謝你們🙏🏻
祝 #穎迷粉 週末愉快❤️",24910,273,['穎迷粉']
127,2019-08-01 20:33:53,"過了一段時間，翻翻照片看到前陣子的我們合體了❤️
未來繼續朝著各自的目標一起努力～",18919,131,[]
128,2019-07-31 10:55:34,"噗！終於搭到帥醫師的肩膀了😆
從沒想過可以搭到180幾的肩膀啊～～
#高高帥帥林瀛洲醫師
#這高度的空氣真好",27875,198,"['這高度的空氣真好', '高高帥帥林瀛洲醫師']"
129,2019-07-29 16:42:05,"回到家就是要跟奶奶聊聊天啊❤️
#我是幸福的孩子
#也是幸福的孫子",29867,248,"['也是幸福的孫子', '我是幸福的孩子']"
130,2019-07-28 13:31:27,"嗨嗨～
你們的假日在做什麼呢？",36098,586,[]
131,2019-07-26 17:52:02,"謝謝妳們無時無刻的陪伴，即使狀況不佳，也一直陪我找問題，給我鼓勵❤️
也謝謝你們所有人的陪伴和支持，還有我沒事～",41057,1010,[]
132,2019-07-25 13:50:54,"真的很掉漆欸！
被喊一個加油完，立馬揮了一個空拍～～
然後錄影的誰誰誰，還笑這麼大聲🙄
好吧～我自己也是覺得蠻囧的🤭
#笑吧笑吧
#反正不是第一次了🤔",31668,559,"['笑吧笑吧', '反正不是第一次了']"
133,2019-07-23 17:33:33,"賽後見到兩個小可愛，好久沒看到妳們啦～～
很禮貌的問我：可以拍照嗎？
當然可以～
因為現在不拍不知道什麼時候才能見到我了😂
然後我就說快噢！我要去趕車了，所以第二張就變那樣了，我問過本人發這張照片可以嗎？她說不介意，嗯～我也不介意。
（但事實上她有沒有拍好的，其實我不知道欸🤭）
沒有的話，這個當紀念應該也不錯🤔",26318,244,[]
134,2019-07-22 10:22:56,到日本啦啦～～,31569,557,[]
135,2019-07-20 17:37:34,"Terima kasih for all Indonesia fans❤️
謝謝今天的吶喊，調整好自己，下星期再努力💪🏻",45472,1408,[]
136,2019-07-19 17:26:49,下來有人幫忙收操的感覺真好😆😆😆,32095,342,[]
137,2019-07-18 12:59:50,"阿婷每次都可以把我拍的很長，不錯～看起來有190🤭
然後要操我可以，自己要下來一起練😆",22230,149,[]
138,2019-07-16 13:32:58,"想什麼🤔🤔🤔
待會吃什麼好呢～",24910,309,[]
139,2019-07-15 18:55:24,"謝謝Red bull的兩位美女送Red bull過來，替我們補充能量❤️
準備來去適應場地～",19133,152,[]
140,2019-07-13 21:01:19,"Hello 👋🏻 Jakarta🇮🇩
久違的搭飛機✈️
@evaairways",28113,540,[]
141,2019-07-13 08:58:44,"嘿！
妳怎麼在這～～
我終於跟妳相遇了❤️
妳的笑容跟我好像噢😚
你們也跟她相遇過嗎？
她都在長榮貴賓室外面與你們一起「樂在其中，才會無敵精彩」
@evaairways",23721,161,[]
142,2019-07-12 14:07:05,準備帶著戴爸的愛心，出發💪🏻,29397,667,[]
143,2019-07-10 07:36:26,"咦！！
妳怎麼站在這邊🤔
噢，因為這邊是羽球場啊～～",24087,180,[]
144,2019-07-08 07:47:47,"出來了出來了！！
只有我完全不知道有什麼安排欸欸欸！實在太好玩了，看到阿范之後以為就只有她，沒想到後面接二連三的熟悉面孔，害我想要好好講話都沒辦法，一直笑～～
然後覺得得來速實在太不容易，那個出餐的速度，還要有非常好的服務品質，我學的真的只是皮毛啦～
不過可以自己動手做冰炫風實在太酷啦～～薯條我裝的，冰炫風我裝的，你們會不會太幸福了😏
好啦好啦～看在你們平常都辛苦陪我一起訓練的份上，我這也是應該的😆😆😆
謝謝麥當勞給我一個美好的一日實習生體驗❤️
https://www.facebook.com/101615286547831/posts/2953677314674933/
完整影片觀看⬆️",22426,150,[]
145,2019-07-06 14:51:17,"訓練之後的協調日常～
要什麼規則自己訂，就是可以手腳併用😆",19097,199,[]
146,2019-07-05 20:36:29,"一起練習，互相幫忙❤️
阿婷在旁邊當攝影師+保護我😚

放假啦～週末愉快。

翻到最後一張告訴我心得感想😏",16225,159,[]
147,2019-07-02 08:01:16,"早安～～
一年一拍✌🏻
好像長得差不多餒🤔",54666,919,[]
148,2019-07-01 08:05:00,"你們的星期一也跟我一樣起不來嗎😆😆😆
早安啊～
Good morning ☀️☀️☀️",13094,123,[]
149,2019-06-29 16:38:29,"謝謝郁婷的拳套支援🥊
期待一起練習❤️",16111,126,[]
150,2019-06-26 17:47:01,"一起體驗不同的項目，謝謝陳智郁教練～

後面兩個影片是各種摔進去之後被海綿淹沒，爬不起來真的很囧，我不會說爬起來比練習還累🤭",20102,136,[]
151,2019-06-26 17:31:44,"謝謝陳智郁教練帶我們做體操的基本動作練習，掉到海綿池好好玩，爬不起來好好笑😆
謝謝鄭焜杰教練的後空翻教學，讓我可以體驗空翻的感覺～
實在是太酷啦！！",25310,251,[]
152,2019-06-25 20:09:41,"今天一早就又來一波藥檢、抽血的，還好我訓練有成，半小時左右就將兩項都結束～～
這是一個圖文不符的文，收吧？",15299,132,[]
153,2019-06-24 08:14:54,Good morning ☀️,16712,163,[]
154,2019-06-22 11:34:25,"踢球啦～～～
踢不動的球也是蠻懊惱的🤔
祝週末愉快❤️",23042,279,[]
155,2019-06-20 20:46:41,"自己的蛋糕自己切
謝謝今天幫我慶生的你們，一連串的很好笑，蠟燭被冷氣吹熄😆😆
我會記住這個25歲這麼的快樂又美好❤️
謝謝所有給予我祝福的人，一起繼續開心的過每一天吧☺️",31650,852,[]
156,2019-06-19 18:08:28,"你們總是深藏不露欸！是說好要在生日給我滿滿的驚喜嗎～～
謝謝你們😘
#穎迷粉手工藝無極限",16494,384,['穎迷粉手工藝無極限']
157,2019-06-18 22:29:23,"這是一個開禮物的夜晚，謝謝大家的愛和支持，每一個手工卡片、禮物、食物～
各種用心我都收到了，謝謝你們～
還有一些卡片，尚未欣賞完畢，明天再繼續～晚安😘",20022,220,[]
158,2019-06-17 07:37:46,"星期一
就是要這麼開心😄
好嗎～～
加油🤙🏻🤙🏻🤙🏻",17480,151,[]
159,2019-06-14 20:21:44,"自己練完，也要看別人練～
放假囉～祝週末愉快❤️",15422,121,[]
160,2019-06-13 12:16:11,,19518,228,[]
161,2019-06-13 12:12:51,,26429,288,[]
162,2019-06-13 10:54:27,"真的累趴的那種，有人陪伴的練習真好❤️
上午訓練結束～",16009,104,[]
163,2019-06-12 21:41:59,"噢！突然想到～～
要25歲了欸！！
謝謝這個禮物兒兒❤️",19497,230,[]
164,2019-06-11 12:02:42,"其實我也有慵懶星期一啦～
只是也不得慵懶太久～
必須速速進入狀況，因為這就是人生。

然後今天是星期二✌🏻",18346,174,[]
165,2019-06-09 21:27:27,"這幾天真的是很認真的在吃～
明天又要開工啦～
繼續上工，減肥加加油😅
減肥是我練習的動力啊～為了吃更多....咦！怎麼好像不太對🤔～
耶！！終於成功的學會綁這麼高的包頭了，好開心噢噢噢噢～～
Good night 💤😴",29005,329,[]
166,2019-06-09 10:35:20,"六月第一個驚喜，是海綿綿❤️❤️❤️
我好阿呆噢～還真的相信朋友說要錄影😆😆😆
沒有這樣被慶生過，太酷了！",27007,236,[]
167,2019-06-08 01:17:47,"要幫我排訓練課表，還要陪我練，又要回答我的所有阿哩阿雜的奇怪問題😆
我只能說我的團隊實在是太強大了～～
晚安，放假第一天～養了不少肉肉🐷",12929,94,[]
168,2019-06-06 20:36:28,"問你們一個問題噢～
看到我的時候你們是不是會很緊張？然後都不知道自己說錯話了😅還有站在我旁邊一直發抖的😏
我遇過兩種可愛的人兒～
第一種～一直跟我說：你是我粉絲🤔
第二種～跟我說他的誰誰誰是我的偶像🤔

笑一個吧😊祝大家端午佳節愉快，吃粽子囉😋",30178,460,[]
169,2019-06-05 08:27:27,💪🏻💪🏻💪🏻,20388,176,[]
170,2019-06-03 08:55:29,"星期一
上工啦～
加油💪🏻",16702,124,[]
171,2019-05-30 12:42:28,到底誰是選手😅,16500,138,[]
172,2019-05-27 17:34:51,🤪🤪🤪,19743,184,[]
173,2019-05-26 17:20:23,"謝謝親愛的大家賞臉來跟我見面❤️
101快閃活動成功👍🏻",18975,170,[]
174,2019-05-25 18:33:59,"親愛的你們～
我們明天見❤️
在這裡再次拜託各位熱情且開心見到我的人兒，我知道握手可能是有些人的夢想（一輩子都不洗手之類的😅），但當我遇到這個要求的時候，我想我們都會尷尬好一陣子，因為我不得不保護自己的手，所以拒絕你們～
因為之前有被太熱情的人兒握到手痛過...所以在這裡先跟你們說聲抱歉，握手真的沒辦法～拍照的話要視現場狀況而定🙏🏻請體諒。謝謝～",22785,222,[]
175,2019-05-25 10:45:15,感謝大家的努力奮戰💪🏻,21661,192,[]
176,2019-05-24 17:15:27,"笑一笑繼續向前走💪🏻
阿婷為什麼這麼可愛🤣🤣🤣
ㄑㄧㄜˋ尬安餒係安那🤔
#兩隻吃冰怪",21036,193,['兩隻吃冰怪']
177,2019-05-23 09:34:12,"早安～
謝謝你們滿滿的打氣私訊❤️
時常不放過自己，是我督促自己的方式，只是也常常過了頭，讓自己不開心...
今天繼續努力，明天11點對印尼🇮🇩
加油💪🏻盡自己最大的努力。",28730,676,[]
178,2019-05-21 13:53:13,"努力補回少去的一切。
加油💪🏻
明天對韓國🇰🇷",21748,343,[]
179,2019-05-20 08:31:07,能夠在場上奔跑，真的是最開心的事❤️,16470,173,[]
180,2019-05-18 20:11:02,"明天開賽啦～
加油💪🏻",23556,462,[]
181,2019-05-17 10:16:32,"本來以為可以跟這可愛的孩子好好的拍張照...
殊不知我們出現了不同的驚恐🤦🏻‍♀️",27212,257,[]
182,2019-05-15 18:41:02,"補發一下照片
看這整個過程，就可以知道我有多享受❤️
#樂在其中
連跑出去之後都是如此開心，以後有機會再一起為不能跑的人而跑。",19442,138,['樂在其中']
183,2019-05-13 18:11:46,"我們不常見面，個性也天差地遠～
但見面的時間永遠都嫌不夠，時間總是過得飛快，雖然常常鬥嘴，但沒妳還嫌太安靜，這就是愛吧❤️",17099,131,[]
184,2019-05-12 17:22:42,Happy Mother’s Day ❤️❤️❤️,21495,136,[]
185,2019-05-11 18:14:56,"合庫的我們實在是太棒啦💪🏻
謝謝大家這禮拜努力的奮鬥，男女團冠軍🏆
謝謝大家對我的愛，謝謝教練和大家對我的照顧～",17102,129,[]
186,2019-05-11 16:27:09,"謝謝大家今天到現場幫我們加油💪🏻
很高興可以在苗栗和大家見面❤️
謝謝你們的支持和禮物～
下次再見啦啦😘",18706,131,[]
187,2019-05-10 20:35:21,"今天來到苗栗啦～～
這飯店實在是太猛啦👍🏻
#謝謝合作金庫羽球隊 
#謝謝尚順君樂飯店給我舒適的一晚",15896,157,"['謝謝合作金庫羽球隊', '謝謝尚順君樂飯店給我舒適的一晚']"
188,2019-05-10 07:56:09,"😏
苗栗，明天見！",19243,180,[]
189,2019-05-09 17:18:21,"母親節要到啦啦～～
準備吃母親節大餐囉！",19197,164,[]
190,2019-05-08 08:22:04,"怎麼可以這麼好玩～～
真的是太厲害了，下次可以在我手上繼續加速嗎？不過先等我學會平衡好了，搞不好我就可以自己加速🤔",19463,156,[]
191,2019-05-07 07:39:15,"這個辨識度可高了😏聽說還有隱藏版的噢！隱藏版是隨機出現的，然後我超愛隱藏版🤫隱藏版比我還帥這樣🤔
聽說這個商品預計會在VICTOR 快閃店推出，詳情請密切追蹤 @victorsport_taiwan",16225,143,[]
192,2019-05-06 18:26:43,"陪我跑最長時間的你們❤️
一路開心的聊天～",16573,117,[]
193,2019-05-06 00:13:08,"謝謝陪我聊天，替我加油的你們❤️
大家今天辛苦啦～～晚安💤
還好在我跟夥伴們失散的路上還有你們陪伴我～
覺得自己很失控🤔",8796,102,[]
194,2019-05-05 22:38:52,"我太對不起我的夥伴了～～
在1點多公里之後，就沒看到任何認識的人了😂
不過路途上我一直很開心，大家都在為我加油💪🏻跟我一起跑，陪我聊天～可以和大家一起聊天，然後拍拍照，難怪我可以跑這麼遠，雖然路途中由於我太小隻，大家一直呼喊小戴在哪，我只好自己喊我在這裡，底加底加😂😂😂
後面是一系列達成10公里後的亂亂自拍，你們就亂亂看就好～
開心的一晚，謝謝你們讓我們一起為不能跑的人而跑❤️
#wingsforlifeworldrun",25597,172,['wingsforlifeworldrun']
195,2019-05-05 22:30:19,開心的一天，起跑前和跑完回來和我的夥伴們會合～,16904,119,[]
196,2019-05-05 20:54:44,,17600,209,[]
197,2019-05-05 17:21:29,"19:00一起開跑
誰也在這啦？
#wingsforlifeworldrun",20382,147,['wingsforlifeworldrun']
198,2019-05-04 07:14:15,"用兩顆豬肉滿福堡+蛋開啟我美好的一天❤️
Good morning ~~",22130,245,[]
199,2019-05-01 18:01:57,"久違的腹肌，你回來了！！
#哈囉你好嗎",42335,687,['哈囉你好嗎']
200,2019-04-30 11:21:19,"看我看膩的了！！
看看阿婷好了❤️❤️
我每天看她都不會膩😆
#零屎角阿婷",16678,202,['零屎角阿婷']
201,2019-04-29 17:09:04,"欸🤔🤔🤔
是我啊姐欸欸欸
這種合照，你們是不是也有😏
要不要跟我分享一下你們跟我的合照～
姐姐總是能把TTY搭配的完美❤️",18889,155,[]
202,2019-04-28 00:05:39,"謝謝小隊長 @captain.lu 邀請，讓我有機會到現場當小隊員，只能說～小隊長的感染力實在是太驚人了，尤其每首歌結束的「Ya」！！
謝謝這一個夜晚的演唱跟歡笑聲，辛苦啦～～小隊長，明天還有一天的小隊員在等著你演唱～～晚安💤
#又是一個在台下唱得很開心的夜晚",25707,196,['又是一個在台下唱得很開心的夜晚']
203,2019-04-27 10:19:02,"臉這麼大......好像不行🤦🏻‍♀️
但沒關係，開心就好❤️",24129,236,[]
204,2019-04-26 18:47:01,"最近沒什麼照片可發，魚尾獅又整修，只有旁邊小隻的可以拍～
加減看吧☺️
祝～放假愉快。",28613,215,[]
205,2019-04-25 18:06:26,"再次進廠維修。
謝謝林醫師☺️☺️☺️
話說～林醫師變瘦整個變更帥這樣，不要問我為什麼比他高，高到我都想偷偷搭他的肩，不過我有點害羞，雖然我知道我問了他一定不會拒絕我😆
#高高帥帥林瀛洲醫師",22344,183,['高高帥帥林瀛洲醫師']
206,2019-04-24 07:52:34,看到這照片，一直想著我們當時到底是吃了多少東西🤔（隔壁桌還有🤭）,21348,189,[]
207,2019-04-21 15:06:10,"時間過的真快，已經經過了一年多的時間，每當看到這個，就想到第一次合作的畫面，是充滿了歡笑聲的一天，吳導就真的跟我小時候看電視的時候一模一樣😆現在每當比完賽吳導都會在第一時間發訊息給我，這個好運會和你們一樣一直跟著我到未來❤️
把握最後半天的休假，明天繼續上工～",22337,211,[]
208,2019-04-20 20:05:00,😆😆😆,31889,290,[]
209,2019-04-18 08:08:53,"在這個正經八百的日子裡，還真的找不到任何一張妳正經的照片🤦🏻‍♀️
謝謝戴媽把妳生來當我姐，即使從小吵架到高中才開始知道要互相幫忙跟體諒，因為未來只有我們會無條件的互相扶持跟幫助對方，還有不管我做了什麼白目惹妳生氣的事，妳還是只能原諒我～所以妳就辛苦一點啦～
在這個妳已經增肥完成的日子，繼續增肥（開玩笑的）😆😆😆～
生日快樂，我親愛的姐姐😘",24666,269,[]
210,2019-04-17 10:43:13,早安安，我有來個舊地重遊的照片，但沒發現大的星巴克杯子～～,20815,149,[]
211,2019-04-16 21:02:42,"今天出席長榮航空城市觀光半程馬拉松記者會。
#台北起跑飛向世界",18815,132,['台北起跑飛向世界']
212,2019-04-16 17:24:34,這是第一次接交叉的，因為一直習慣用同手接同邊，一時轉換不過來，就會一直漏接😆😆😆,25657,181,[]
213,2019-04-16 08:53:54,"早安，昨天回來到飯店休息一下之後立馬補了大餐一頓，這個牛排真的超厚又超大，重點是～～超好吃啊啊啊😋我實在是太幸福了，一回來就用美食填飽肚子的感覺真棒😆
還有最佳陪吃員：我姐😂
但是因為美食的誘惑都忘了跟她合照了，只顧著吃🤦🏻‍♀️
謝謝長榮貼心的安排❤️",34215,304,[]
214,2019-04-15 18:49:25,"又吃又睡的回家行程❤️
每當踏上 @evaairways 飛機，就是有回到家的舒適感☺️
謝謝機上空姐貼心的問候，可能我太累了，要下機前起來的時候，她問：妳還好嗎？需不需要一杯溫水？我一時還沒反應過來，眼睛還睜不開的說：不用，謝謝～～
然後過了一下發現我好渴喔！！真是的....😅😅😅",25816,287,[]
215,2019-04-15 09:35:56,不管做什麼，都要樂在其中❤️,29954,423,[]
216,2019-04-14 21:55:54,"謝謝阿范攝影師，帶著我到處跑📷
可惜新加坡的魚尾獅在整修～",28823,249,[]
217,2019-04-14 15:34:57,"謝謝你們和我一起創造不可思議。
保持健康，維持好心情。
吃好睡飽，什麼都好😆
Love you all 🥰",38006,844,[]
218,2019-04-13 17:20:31,"開個小組會議。
討論：晚上吃什麼好呢🤔",26189,423,[]
219,2019-04-12 20:05:11,對不起阿范，因為我看到這個影片心情就很好😆😆😆,23654,209,[]
220,2019-04-12 19:55:58,每一個簡單，都是不簡單。,22452,180,[]
221,2019-04-11 21:33:02,謝謝教練都要配合我蹲著啊啊啊🤪,29570,269,[]
222,2019-04-10 20:09:46,再度回到新加坡，這張照片已經是5、6年前了吧🤪🤪🤪,27577,399,[]
223,2019-04-08 20:22:37,"我認真覺得阿范開的練習課表、熱身課表，都很好玩欸！！
可以很投入又很有趣，好適合我😏",43539,622,[]
224,2019-04-08 08:21:04,"本來是想把這些卡片留著當我回家充電的好物，因為我喜歡想著你們是用什麼樣的心情在想卡片給我，我想站在你們的角度感受著我帶給你們什麼？你們總說我給了你們滿滿的正能量，其實我也並非這麼的充滿正面積極的能量，只是我選擇告訴你們我是怎麼面對一切，我總是告訴你們我沒有壓力，但那可能嗎？答案是不可能，因為即使我說了壓力很大，我還是得去承受這一切，我只能把這些壓力當成是支持我的動力，那或許我可以更有力量一些，雖然不是人人都能夠順利的排解這些壓力，但我想當個優秀的運動員，都應該要可以做到這些，所以我也還在學習著如何把一切做好，甚至更好。

看了你們的卡片，我總是滿滿的感動，因為我感覺到你們的用心，在我給予你們力量的同時，你們也再給予我力量，我們一起成長，看似那麼渺小的力量，凝聚在一起時卻能夠帶來無限精彩及感動。我們一起經過那些大大小小的比賽，你們記得我說過的每一句話，寫卡片提醒著我，當時的自己是怎麼撐過來甚至到現在...你們又是經歷了什麼，看到了什麼，所以感謝著在什麼情況下遇見我，即使我們可能沒見過面，可能只是透過網路傳達著一切，但那讓我們感覺就在彼此的身旁，互相陪伴著。
謝謝羽球讓我遇見你們，也讓你們認識戴資穎，更讓我們能夠成為彼此堅持在自己道路上的動力。

願我們都能夠成為自己心中的驕傲，不跟誰比，只做自己。",30440,427,[]
225,2019-04-07 18:21:57,Red bull give me wings🏆,22323,266,[]
226,2019-04-07 17:58:16,"謝謝給我最好的你們❤️
謝謝大家支持💪🏻💪🏻💪🏻
謝謝大馬的球迷。
Thanks for all my fans.",37432,625,[]
227,2019-04-06 19:16:58,"當TTY遇上TTY😏
隊服穿好穿滿💪🏻",20881,192,[]
228,2019-04-06 14:55:06,係勒ㄑㄧㄜ啥勒🤔,29380,443,[]
229,2019-04-06 13:20:02,See you tomorrow 💪🏻💪🏻💪🏻,27192,401,[]
230,2019-04-05 16:33:05,"做我最拿手的事：
就是做自己，並且樂在其中。",33469,592,[]
231,2019-04-05 09:47:55,"謝謝Red Bull !!!!!
不管我在哪都能夠給我一對翅膀😏",20086,158,[]
232,2019-04-04 14:55:33,看來你們和我一樣喜愛新戰袍😍,22248,262,[]
233,2019-04-04 14:16:55,"今天當開場💪🏻💪🏻💪🏻
明天繼續加油。",18338,261,[]
234,2019-04-03 13:23:36,"兩個人陪我練習，兩個人幫我治療，怎麼這麼好❤️
不同時間上工😏
PS.阿范是來幫我開體能課表的，她是我昔日戰友跟室友啊～",18213,141,[]
235,2019-04-03 13:18:24,今天練習日💪🏻,23625,157,[]
236,2019-04-02 20:23:45,新戰袍🤪🤪🤪,21437,339,[]
237,2019-03-31 12:20:55,"早早的飛機，就是上機睡，睡醒吃😝然後下機。 @evaairways 
大馬我來啦～～～～",26550,328,[]
238,2019-03-30 16:05:16,"謝謝 @victorsport_taiwan @victorsportglobal 
開箱滿滿的驚喜❤️
#無可取戴
我喜歡💕",27987,282,['無可取戴']
239,2019-03-28 21:44:00,"我要練也要練別人😏
謝謝阿范，每次都給我有趣的課表，還要陪我跑💪🏻",19859,171,[]
240,2019-03-25 16:28:00,"有沒有戴姐的粉絲🙋🏻‍♀️🙋🏻‍♀️🙋🏻‍♀️
我先喊：有！！
她時常都能把TTY搭配的這麼完美❤️",14213,117,[]
241,2019-03-24 00:09:25,工作的我，看到姐姐來探班，是最美好的事了❤️,16845,145,[]
242,2019-03-23 10:51:52,看起來好像很好玩😏,17074,228,[]
243,2019-03-21 17:18:22,"我喜歡這一系列的照片❤️
更喜歡那隻熊😍",28265,289,[]
244,2019-03-21 17:15:31,謝謝 @evaairways 長榮航空的邀請拍攝，讓我們一起「樂在其中」不論是飛行還是羽球，只要你專注於自己的目標，享受其中，便是最美好的❤️,17079,110,[]
245,2019-03-19 17:57:13,最近沒有什麼新照片可以發，不過覺得我朋友實在太有趣了😆,34201,373,[]
246,2019-03-18 20:00:04,"第一次當新品試吃員，培根+大麥克 我覺得可以！
#TTY已經示範如何用培根大麥克帥起來了！
#穎迷粉 換你們試一下囉！
#麥當勞 #培根大麥克",19098,237,"['TTY已經示範如何用培根大麥克帥起來了', '穎迷粉', '麥當勞', '培根大麥克']"
247,2019-03-16 08:51:09,"Good morning 😃 
久違的巴豆：）
待會見啦啦～～",41337,552,[]
248,2019-03-15 21:36:40,"放假啦啦啦～～
咦！！誰跟我要明天南科見？",23986,290,[]
249,2019-03-14 19:04:06,"我覺得我現在需要很多能量，時差+感冒的...
噢耶！！",27800,474,[]
250,2019-03-13 15:15:58,"我都忘了自己有跟長頸鹿合照了。
手機拿起來要拍的時候第一句話就是：哇！牠好高喔！！
整個要退很遠才能拍全身....😆",22008,182,[]
251,2019-03-12 10:51:35,"回來了❤️
謝謝 @evaairways",41913,378,[]
252,2019-03-11 00:25:49,"謝謝兩位教練和防護員阿婷～
還有謝謝你們的加油打氣😘",40302,1101,[]
253,2019-03-10 00:27:13,我本來想蹲在牠旁邊的😆😆😆,31607,542,[]
254,2019-03-08 20:59:03,收工😆😆😆,22372,295,[]
255,2019-03-07 15:28:56,早安安勒！！,18706,300,[]
256,2019-03-04 18:55:32,"這次的過夜包會不會太美😍😍😍
不過我沒有少女心噴發，因為我不是少女😆😆😆
#酒紅色",16965,203,['酒紅色']
257,2019-03-03 21:15:12,"伯明罕第一天，怎麼覺得開始睏了😓
我還要撐到晚上啊啊啊啊！",17501,203,[]
258,2019-03-02 12:44:18,你們有把握最後的假期出門玩嗎？,16028,181,[]
259,2019-02-28 19:56:59,"228
我的小團隊依然伴我練習，因為要比賽啦！！
阿婷真的是花了霹靂無敵爆炸多的時間在我身上，無論是練習、復健、治療，有時候上晚班，還因為我要練習，就變成上全天班，跟她說照她的時間來就好，也都跟我說沒關係。
但我也只能把這些大貼心，通通都記在心裡，並且努力的練習，取得好成績。
自己在比賽的時候沒什麼感覺，覺得你們看我打球感動到哭，都太誇張...
事實上自己上次在亞運看了別人比賽，真的很可以深深的體會那種努力拼搏最後贏得勝利的感覺，你們應該是這種感覺吧？只是我是在場上的那個人，然後自己好像也沒有太感動😅",14214,214,[]
260,2019-02-27 19:20:28,"自己的枕頭自己補（其它都戴媽補的）
我只補了最棘手的部份（因為怕她用壞，我只好自己來）😅",13315,149,[]
261,2019-02-24 19:30:14,"今天是我親愛的奶奶生日，88歲了餒！！
希望您身體健康☺️☺️可以一直為我的比賽加油💪🏻",19587,230,[]
262,2019-02-23 13:19:47,"上班加加油💪🏻💪🏻💪🏻
#陸續發舊照",20295,134,['陸續發舊照']
263,2019-02-21 17:29:56,"定期保養，看看帥醫師😏
不好意思，我喜歡這張假裝戳到你的臉的🤣
#高高帥帥林瀛洲醫師",14495,128,['高高帥帥林瀛洲醫師']
264,2019-02-19 17:33:54,"因為沒照片可po，發發舊照～～
撫平我今天有點疲憊的身體。
下班愉快！",14956,133,[]
265,2019-02-18 07:27:46,Good morning ❤️,19064,280,[]
266,2019-02-17 10:38:00,"達成了這個聽JJ演唱會的願望，覺得好開心❤️❤️❤️
從頭到尾都會唱的感覺真好～～
#自己跟姐姐在台下燒聲🤣",26600,225,['自己跟姐姐在台下燒聲']
267,2019-02-15 18:04:37,"要開課表給我練，還要陪練，練完還要幫我治療的兩個人😏
放假啦～～～週末愉快❤️",15260,160,[]
268,2019-02-14 12:30:23,"一早就來了一個久違的藥檢跟抽血，還好我50分鐘解決，沒有耽誤到太多的練習時間，真的覺得自己這藥檢的功力很優秀。

情人節快樂啦啦～～",15866,163,[]
269,2019-02-13 21:07:11,"這是經過阿姐指導的pose✌🏻✌🏻✌🏻
什麼時候可以擺脫站直直傻笑比耶呢🤔",21692,196,[]
270,2019-02-12 20:32:11,"年後的開工特別辛苦啊～～
早早睡去好了，晚安😴",12956,190,[]
271,2019-02-08 17:30:12,還好平時有在練腿，當兩個小孩都想坐在你腿上時，覺得自己有訓練過真的不錯😏,14668,102,[]
272,2019-02-07 14:57:42,"難得的四人合體❤️
準備收假，練習去啦！
趕快把握最後幾天的假期，到處玩吧～",25022,134,[]
273,2019-02-06 15:30:06,"看這裝備就知道😏😏😏
前幾天放小孩今天放大孩😱",15299,145,[]
274,2019-02-04 22:19:09,欸！！為什麼這麼可愛❤️,18446,206,[]
275,2019-02-03 16:26:05,可愛孩子的視角❤️,15195,125,[]
276,2019-02-02 12:44:35,"回家吃飯過年啦啦啦～～～
注意行車平安👍🏻",15436,185,[]
277,2019-02-01 10:26:00,"為什麼林醫師戴眼鏡都這麼帥呢🤔
進廠維修，準備過個好年👍🏻
今天上完班就開啟放假模式囉～加油💪🏻
#高高帥帥林瀛洲醫師",17532,151,['高高帥帥林瀛洲醫師']
278,2019-01-31 07:56:25,"早安安安安！！
✌🏻✌🏻✌🏻
要過年了欸，是不是應該先運動一波再來大吃？
我們來比賽，誰過年胖的少😏
#這個比賽感覺很沒有吸引力
#其實是想吃了又不會胖",28948,331,"['這個比賽感覺很沒有吸引力', '其實是想吃了又不會胖']"
279,2019-01-28 17:17:15,"過了慵懶星期一～～
明天會更好💪🏻加油！
突然想起來這禮拜過完就要過年了欸！！
想好要去哪裡玩了嗎？你們～",15762,199,[]
280,2019-01-26 16:58:06,"看了就擁有好心情❤️
#戴式風靡😏
我喜歡🤪",15346,138,['戴式風靡']
281,2019-01-25 20:11:33,"第一次見到面的時候還在肚子裡，第二次見面都這麼大了，而且笑起來也太甜了吧☺️☺️☺️
會融化的那種😆
下次再見的時候會再多一個小小孩❤️",35619,193,[]
282,2019-01-23 07:50:50,"早安！！
外面這麼冷，讓你們看起來更冷🤣
好吧...我只是沒照片可以發，記得多穿一點❤️",38465,446,[]
283,2019-01-21 19:46:44,看到一堆海綿就好開心❤️,16289,172,[]
284,2019-01-20 21:48:03,"所有的一切，得來不易。
這裡一直是一個很美好的小天地，我很喜歡，也很謝謝你們❤️",22275,289,[]
285,2019-01-20 08:22:00,"Good morning 🤪🤪🤪
阿婷～～
要這麼可愛嗎？😆😆😆",16748,179,[]
286,2019-01-18 19:09:33,"今天要離場的時候看到熟悉的面孔🤔
比賽時也聽到熟悉的加油聲。
謝謝你們：）",19897,344,[]
287,2019-01-17 12:39:04,"連續兩天早場💪🏻💪🏻💪🏻
#穎迷粉 也早早收工，謝謝你們😊",19851,218,['穎迷粉']
288,2019-01-16 21:06:17,This is an important thing😉and hope you like😆,17907,199,[]
289,2019-01-14 14:02:46,笑起來跟蝙蝠俠一樣眼睛彎彎😁,24275,201,[]
290,2019-01-13 13:33:39,"在機上不是吃就是睡，結果我竟然都沒睡，看了兩部半的電影，就到了馬來西亞🇲🇾。
在機上默默的遇上了，自己蠻喜歡的另一個人🙃🙃🙃",27580,306,[]
291,2019-01-12 13:38:38,"欸～～～
這可能是見面的好機會🤔🤔🤔
報名網址：https://win.gs/2QsSLPr
#為不能跑的人而跑
#wingsforlifeworldrun",9130,148,"['wingsforlifeworldrun', '為不能跑的人而跑']"
292,2019-01-12 11:58:59,週末愉快❤️,16654,192,[]
293,2019-01-10 17:00:00,星期四了兒兒兒🙃🙃🙃,22808,288,[]
294,2019-01-09 08:14:23,"早安！！☺️☺️☺️
我根本是我啊姐擺pose的柱子啊啊啊！！",24427,184,[]
295,2019-01-07 15:19:27,"一直無法高過人的身高，能夠這樣拍拍照也不錯啦啦～～
謝謝林醫師每次都能夠上演即刻救援🤣🤣🤣
#高高帥帥林瀛洲醫師
#原來高處的空氣這麼好😆",31470,197,"['高高帥帥林瀛洲醫師', '原來高處的空氣這麼好']"
296,2019-01-05 18:25:31,🙂🙂🙂,19814,219,[]
297,2019-01-03 22:39:50,"今年好像是🐷年欸🤣🤣🤣
明天星期五了～～
早點休息。
Good night 💤 
Have sweet dreams ☺️☺️",21457,213,[]
298,2019-01-01 21:29:49,"2019年第一個懲罰，暈到不行又笑到不行😅
就用這個笑聲開啟歡樂的一整年吧💪🏻",17913,244,[]
299,2019-01-01 12:06:40,"新年快樂🎊
我的2019日子應該不會有太大的改變，但願大家的2019有個好的開始～
你們有什麼話想對我說嗎？👂🏻",24856,492,[]
