,time,post_caption,likes,comments,tags
0,2019-12-02 22:47:59,2019台新名人慈善聯誼賽，今年邁入第八年了，謝謝大家共相盛舉，您的ㄧ票決定愛的力量的公益活動，有新朋友有老朋友，每一年對台新公益的付出，也很謝謝台新銀行的肯定，給我最大的鼓勵，是我最強大的後盾！謝謝你們😊 #台新銀行 #您的ㄧ票決定愛的力量 #智慧好夥伴,327,3,"['台新銀行', '智慧好夥伴', '您的ㄧ票決定愛的力量']"
1,2019-11-24 15:30:41,Happy birthday my bestie❤️❤️❤️ @mayariya #bighugs,494,7,['bighugs']
2,2019-11-17 20:38:27,"兩個星期前在東京，和我最喜歡的朋友和戰友ㄧ起吃飯，ㄧ年沒見，看她在不同的領域中享受著工作，好替她開心。很榮幸有像她ㄧ樣的好朋友，支持著彼此，替彼此加油！從她身上學習到很多，她讓我成為更好的人，更好的選手！#loveyou 
I saw one of my favorite person in Tokyo! It’s been a year, but its always a blessing to see you and see how good you are doing now. It makes me happy too! It’s an honor to have a friend like you, thanks for making me become a better person and a better player! Love you😘😘😘 @ai_miyazato",769,10,['loveyou']
3,2019-11-15 22:12:01,除了爸媽，這三個人是我生命中最重要的人，我的啟蒙教練高尚宏，我人生的課都是他教導我的，他指引在我正確的道路，耐心的陪伴我打球，陪伴我成長，他是我的恩師，是我生命中最感謝的人。 黃博士和Su阿姨，自從我12歲去美國第ㄧ次參加比賽，他們在不同的階段給我鼓勵和支持，給我最好的建議，帶我走向全世界。他們三位造就了我，因為他們才有今天的我！謝謝你們❤️❤️❤️ #永遠感恩在心,486,12,['永遠感恩在心']
4,2019-11-07 15:59:57,"📣和大家分享一件好事
台新公益慈善基金會從2010年開始發起「你的一票，決定愛的力量」活動，今年邁入第十年啦！我曾有幸擔任活動代言人，每年也都持續支持著
邀請大家跟我一起用「投票」讓提案團體將愛的力量傳遞下去！現在趕緊去投票！
http://www.poweroflove.com.tw/

#傳遞愛 愛傳遞 
#您的一票 決定愛的力量
#活動期間2019.11.01~2019.11.30",144,0,"['您的一票', '活動期間2019', '傳遞愛']"
5,2019-11-05 00:11:11,很可惜沒能參加這場比賽，當了兩天的觀眾，很開心在球場上看到大家，謝謝你們對高爾夫球的支持，更謝謝裙襬搖搖把世界級的舞台搬到大家的面前，和給我們選手更多的機會展露與學習！明年，2020年～我們裙襬再相見❤️ #lpga #taiwan #golf @swingingskirts_golf_foundation,452,13,"['taiwan', 'lpga', 'golf']"
6,2019-11-05 00:04:50,"Thank you so much for coming to Taiwan and supporting this event! I had so much fun and miss being on tour with you all, can’t wait to get back out there! ❤❤❤",451,10,[]
7,2019-11-02 21:52:41,❤️❤️❤️,430,5,[]
8,2019-11-01 21:27:03,Yeaaaaa! So much fun tonight😆 Happy to see you girls ❤️ Have a good weekend! enjoy rest of the week in Taiwan💪🏼 #friendsontour #lpga  @amyyanglpga @thechellachoi @hyang2golf @hyojookim @eunheeji_lpga,360,6,"['friendsontour', 'lpga']"
9,2019-10-31 11:57:52,人間仙境～好美❤️,394,14,[]
10,2019-10-30 19:32:22,立山黑部🏔,406,9,[]
11,2019-10-30 19:25:17,看到美景太開心，忍不住跳起來～跟我妹和我媽說要跳雜誌照，結果...我妹起飛要投籃，我媽起飛要當勝利女神！😂在歡樂中渡過ㄧ天～好開心。 #立山黑部 #家人 #日本 #好美的風景 #楓葉 #我妹要罵我了 #ㄧ直讓他出糗,489,16,"['立山黑部', '我妹要罵我了', '家人', '好美的風景', '日本', 'ㄧ直讓他出糗', '楓葉']"
12,2019-10-27 21:35:11,當網美的攝影師真不好當！謝謝 @kiki20o 靠著她的柔軟度幫我拍的這麼高。ㄧ定要滑到最後ㄧ張喔！😄 #網美不好當 #怎麼拍都有點胖只好拍她 # 賞楓 #有點美 #有點冷,440,13,"['有點美', '有點冷', '怎麼拍都有點胖只好拍她', '網美不好當']"
13,2019-10-27 21:22:29,帶媽媽出國玩～拍照比醜我媽獲勝😂 #立山黑部 #家庭旅遊 #跟團初體驗,563,16,"['立山黑部', '家庭旅遊', '跟團初體驗']"
14,2019-10-24 23:50:57,親愛的大頭～生日快樂！#32歲心想事成 #平安喜樂 @ciw6868,276,0,"['平安喜樂', '32歲心想事成']"
15,2019-10-22 16:41:24,我飛我飛我飛飛飛～～～🧘🏻‍♀️🏌🏻‍♀️ #yoga #arielyoga,528,17,"['yoga', 'arielyoga']"
16,2019-10-20 23:00:11,"YES!!!!! #3 ! What a win for the birthday, So proud and so happy for you! Happy birthday🎉 @daniellekang #lpga",333,4,"['3', 'lpga']"
17,2019-10-15 21:48:27,親愛的妹妹，我們家最美麗和包辦ㄧ切大小事的妹妹！生日快樂！30歲了，不敢相信來的這麼快，常常你說要嫁，但做姐姐的我可是非常的不捨，所以請妳不要嫁的離我太遠，謝謝妳為這個家的付出！我真的太愛妳了❤️ @kiki20o #我妹還沒要嫁 #有感而發而已 #他還是單身 #有不錯的可私訊我,693,26,"['有感而發而已', '我妹還沒要嫁', '有不錯的可私訊我', '他還是單身']"
18,2019-10-02 23:01:37,媽媽出國去，兄妹各煮ㄧ道菜，開瓶紅酒，我想人生不過就是如此，和家人聚在ㄧ起聊聊天，享受美食❤️,529,18,[]
19,2019-10-01 10:49:40,吃仙草吃玉米，好好吃喔😋 #萬里仙草龍 #金山知味鄉,689,24,"['萬里仙草龍', '金山知味鄉']"
20,2019-09-29 23:15:16,謝謝恰哥，謝謝你帶給我們的希望和感動。台灣有你真好！#我心目中的台灣費神 #恰神 #彭政閔 #兄弟象 #中華職棒,533,2,"['我心目中的台灣費神', '兄弟象', '恰神', '彭政閔', '中華職棒']"
21,2019-09-04 13:26:23,謝謝小豪老闆～在台中的日本料理，非常好吃，還認識了新朋友，老闆和員工都超級可愛，謝謝你們的晚餐，和大量的海膽。是個開心幸福的ㄧ天！#期待下次再來,379,5,['期待下次再來']
22,2019-08-30 18:42:13,圖文不符，運動後的餐點😂😅 #錯誤試範 #要吃就要動,259,3,"['要吃就要動', '錯誤試範']"
23,2019-08-30 18:38:15,這次的上海行，超級的充實，也見了老朋友，還要謝謝在我背後強大的團隊！#Vikings #體適能 #運動真的好舒壓 #有空來上海Vikings走走～,412,3,"['有空來上海Vikings走走', 'Vikings', '運動真的好舒壓', '體適能']"
24,2019-08-24 20:11:34,#Vikings #教練很帥 #上海虹橋 #久違的訓練 #Vikings健身俱樂部 #拳擊,315,14,"['久違的訓練', '拳擊', '上海虹橋', 'Vikings健身俱樂部', 'Vikings', '教練很帥']"
25,2019-08-22 22:50:53,開箱文！好帥喔～謝謝Adidas golf！迫不及待穿上這款adidas Golf推出首款雙BOA新鞋款的TOUR360！兩個BOA可以隨心所欲地調整，進行鬆緊度細微調整，滿足不同腳掌寬度！勵害！#我最愛的Tour360 #adidasgolf #adidasshoes @adidasgolf @adidas_tw,322,9,"['adidasshoes', '我最愛的Tour360', 'adidasgolf']"
26,2019-08-17 12:10:42,,420,7,[]
27,2019-08-07 05:35:26,嗨～👋🏼,710,45,[]
28,2019-07-28 17:48:57,好好吃喔！沒想到在家裡附近也能吃到這麼好吃的日本料理！謝謝阿勳師傅！#以後要在來 #日本料理 #最近愛上了海膽,593,9,"['以後要在來', '日本料理', '最近愛上了海膽']"
29,2019-07-26 10:58:28,逛街好開心，愛迪達多功能性的衣服，穿起來好舒服，馬上想穿上去運動了！謝謝 #adidas #adidasoriginals #adidastaiwan 😄🏌🏻‍♀️🧘🏻‍♀️🏋🏻‍♀️,639,12,"['adidas', 'adidasoriginals', 'adidastaiwan']"
30,2019-07-15 02:24:22,我心目中永遠的費神，永遠學習的對象！#rogerfederer,502,7,['rogerfederer']
31,2019-07-14 01:12:52,好久不見，很抱歉這一陣子讓大家擔心了！我在創始者盃練習日的時候腰受傷了，自從那時就有持續的在做治療，但經過醫師的評估，希望我今年能夠暫停比賽，先把身體治療好。也因為受傷的關係影響了自己的心情，好像要在起飛時，突然來個龍捲風，所以必須停飛了！或許這也是老天爺再給我一個機會重新調整自己。非常謝謝大家的關心，我也會好好照顧自己！相信有一天，天空會晴朗的。,686,56,[]
32,2019-06-03 18:51:46,"Hi 👋🏻 小幫手來了。

跟大家說聲抱歉，遲來的訊息。
雅妮在三月練習日時背受傷了，雅妮嘗試著繼續比賽和練習，但經過醫生的診斷與治療後，建議雅妮休息一陣子後再出賽，謝謝大家的支持與愛護。也希望大家能持續為雅妮加油！

By 小幫手",445,30,[]
33,2019-04-21 14:59:55,謝謝我們的醬油，和幫我們拍美美的照片，期待下次再ㄧ起去爬更高的山⛰️！ #diamondhead #lovehiking #peaceful #keepwalking #adidas,779,10,"['keepwalking', 'adidas', 'diamondhead', 'peaceful', 'lovehiking']"
34,2019-04-20 17:52:35,"失敗不在於摔倒，而在於不停的前進，生命太短，沒有時間留給遺憾，若它不是終點，請勇敢的向前走。 
#但如果沒有勇氣勇敢了怎麼辦？
#還能堅持多久？
#我好累",474,39,"['但如果沒有勇氣勇敢了怎麼辦', '還能堅持多久', '我好累']"
35,2019-04-15 04:58:45,#themasterschampion,663,12,['themasterschampion']
36,2019-04-04 12:15:04,I feel extremely honored to be part of this past champion dinner! What a great tradition😊 #pastchampion #anainspiration #anaairlines #lpga @anainspiration @lpga_tour,590,7,"['anaairlines', 'pastchampion', 'anainspiration', 'lpga']"
37,2019-03-31 11:49:28,"妹妹從台灣幫我帶了愛迪達這季最新推出的櫻花鞋，很久沒有穿無釘子的球鞋，這雙超棒，很穩定穿起來也很舒服！😄 最近有新活動，只要買鞋就能抽機票看櫻花！今天最後ㄧ天，快去購買SAKURA櫻花限定版鞋款，就有機會獲得日本🇯🇵單人來回機票一張，記得要至adidas Golf Taiwan專屬Line@帳號回傳購買資訊，即可參加抽獎活動。趕快到以下門市搶購🏃🏻‍♀🏃🏻‍♀🏃🏻‍♀
購買資訊請參考👉🏻👉🏻👉🏻 http://tinyurl.com/y46xadxw

@adidasgolf #sakura #adidasgolfshoes #comfy",514,4,"['comfy', 'adidasgolfshoes', 'sakura']"
38,2019-03-24 03:31:23,Hats off to lpga founders! Thank you so much for everything you done for lpga. I am so grateful to be part of it ! ❤️❤️❤️#driveon @lpga_tour @lpgafounders,873,5,['driveon']
39,2019-03-21 04:51:20,This is for Every Girl! #DriveOn,345,1,['DriveOn']
40,2019-03-20 13:24:41,"#Repost @chrismaysongolf with @get_repost
・・・
Had such a fun day with my Team on LPGA. Started 12hrs ago and was going every second, but a really productive day. Here is the great Yani Tseng. Made a small adjustment to set up....Yani’s swing is so good now, it’s usually the details of the set up that’ll get off, and that starts to impact the ball flight. @yanitseng @lpga_tour @lpgafounders @golfchannel",454,14,['Repost']
41,2019-03-10 14:53:41,I can have this everyday!😍🤤#avacadotoast #latte #boiledeggs #strawberry #sourdough #delicious #breakfastislife,655,5,"['avacadotoast', 'sourdough', 'delicious', 'boiledeggs', 'strawberry', 'breakfastislife', 'latte']"
42,2019-03-04 13:32:17,#takashimurakami #村上隆,481,7,"['takashimurakami', '村上隆']"
43,2019-03-03 02:33:38,Getting ready for the season! @chrismaysongolf #lpga,621,17,['lpga']
44,2019-02-25 22:23:10,"This is the truth! So inspiring💪🏼💪🏼💪🏼
Posted @withrepost • @people #LadyGaga teared up as she accepted the award for Best Original Song in an emotional speech at the #Oscars. 🙏",432,8,"['LadyGaga', 'Oscars']"
45,2019-02-07 20:09:00,天氣真好☀️,570,5,[]
46,2019-02-05 20:57:19,㊗️大家新年快樂！Happy Chinese New Year ! #農歷新年 #豬年行大運 #好久沒在家過年 #好開心 #紅包,538,7,"['農歷新年', '紅包', '豬年行大運', '好開心', '好久沒在家過年']"
47,2019-02-04 10:40:56,年前最後ㄧ波～開心的收尾！謝謝台新☺️#台新銀行 #智慧好夥伴 #除夕前一天,482,3,"['台新銀行', '智慧好夥伴', '除夕前一天']"
48,2019-01-26 00:13:13,30歲的生日好開心好開心好開心，很重要所以要說三次！是個讓人又愛又恨的日子，一轉眼就30是想嚇誰！謝謝有你們，和我最愛的家人，自己好幸運在這生命中有你們每一位的陪伴，我們在不同階段認識彼此，因為你們，讓我成為更好的人！謝謝你們給我的驚喜讓我過了這一輩子最難忘的生日和很多的感動，在未來好幾個30年也請你們多多指教！愛你們❤️ #好朋友 #30歲生日 #家人 #難忘的回憶 #幸福 #幸運 #愛你們,476,12,"['家人', '30歲生日', '幸運', '愛你們', '好朋友', '幸福', '難忘的回憶']"
49,2019-01-21 16:02:12,謝謝高協，謝謝日立，在台灣舉辦了這兩場比賽，謝謝所有到場替我們加油的球迷真的超級感動！捨不得比完賽，還希望能繼續打下去，我期待十月的裙擺能在與你們相遇！到場替我們加油！謝謝你們，帶給我們無限的感動！❤️❤️❤️ #Tlpga #taiwanopen #hitachi #bestfans #bestsupporter #klpga,604,12,"['bestsupporter', 'bestfans', 'Tlpga', 'taiwanopen', 'hitachi', 'klpga']"
50,2019-01-19 22:50:24,謝謝你們，好幾年的生日都是你們第一個為我慶生的！這ㄧ路上有你們不離不棄的支持，很幸運也很幸福。每場比賽就像見到老朋友ㄧ樣好開心。在球場上聽到熟悉的聲音，給我很大的鼓勵和動力！謝謝你們，期盼有ㄧ天和你們分享喜悅。#作自己 #開心 #謝謝你們的愛 #等我 #上星期,475,20,"['等我', '開心', '謝謝你們的愛', '作自己', '上星期']"
51,2019-01-17 22:14:51,開心跟韓國來的朋友ㄧ起吃飯，ㄧ年見ㄧ次的聚餐。希望大家在各自的巡迴賽都能旗開得勝！謝謝國賓飯店的晚餐和招待！超級棒的美食，吃飽，明天再戰！#用微笑迎接每一天 #高雄國賓飯店 #台灣公開賽 #烤鴨好好吃,409,11,"['高雄國賓飯店', '烤鴨好好吃', '台灣公開賽', '用微笑迎接每一天']"
52,2019-01-07 18:34:35,全員到齊！😆 #裙襬搖搖 #lpga #tlpga,322,1,"['tlpga', 'lpga', '裙襬搖搖']"
53,2018-12-31 23:49:14,我們又這樣聚在ㄧ起跨年和過生日！新的ㄧ年新希望，更愛自己，祝福我們都會遇見更美好的自己！ @connieec_ 生日快樂！ #2019 #新年 #happybirthday #bestfriendsforever,413,9,"['2019', 'bestfriendsforever', 'happybirthday', '新年']"
54,2018-12-31 00:09:08,那是一個特別的ㄧ天，謝謝Lululemon Taipei把不同領域的我們聚在一起，彼此分享著最真實的自己，有哭有笑，短短的兩個小時，有講不完的話。感謝我的導師，才能有今天這樣子的我，感謝你們的分享，讓我能體會到給予與接受，內心充滿愛和正能量的ㄧ天！#lululemontw,420,5,['lululemontw']
55,2018-12-29 10:05:48,❤️❤️❤️,417,4,[]
56,2018-12-29 09:40:56,穿短袖雖然很冷，但是很謝謝Golface 和Media Lab的專業團隊，讓我拍攝非常順利，提早下班！😆謝謝你們，辛苦大家了！我的日本廣告初體驗非常順利😄 @golfaceapp #golface #golfaceapp #fukuoka #lpga #adidasgolf #callaway,574,6,"['golface', 'golfaceapp', 'fukuoka', 'callaway', 'adidasgolf', 'lpga']"
57,2018-12-29 09:29:20,福岡工作兼玩樂！#三姐妹 #福岡 #神社参拝 #吃吃喝喝 #日本 #柳川 #太宰府 #東長寺 #天神 #開心,503,5,"['神社参拝', '開心', '三姐妹', '吃吃喝喝', '太宰府', '天神', '日本', '福岡', '柳川', '東長寺']"
58,2018-12-29 09:22:44,觀光客拍照必備姿勢😆 #posesforpictures #tourists #japan #yanagawa #ohana,320,3,"['ohana', 'yanagawa', 'tourists', 'posesforpictures', 'japan']"
59,2018-12-25 16:07:00,交換禮物很開心，今年抽到暖男的暖男三寶（衛生棉，面紙，濕紙巾）！覺得太好笑，第一次聽到有暖男三寶這個東西😆！謝謝暖男，很實用😄 希望你們也有個很好玩的聖誕節！#聖誕節#交換禮物 #朋友聚在一起就是開心,391,12,"['交換禮物', '朋友聚在一起就是開心', '聖誕節']"
60,2018-12-25 15:56:09,聖誕快樂！Merry Christmas 🎄 #聖誕節 #聖誕樹 #溫暖的節日 #交換禮物 #新年,371,9,"['交換禮物', '聖誕節', '新年', '溫暖的節日', '聖誕樹']"
61,2018-12-20 21:46:12,謝謝蔡醫師～讓我的笑容更自信更燦爛！😁😁😁 #開心 #牙齒 #蔡士棹 #怡登唯美,291,2,"['開心', '蔡士棹', '牙齒', '怡登唯美']"
62,2018-12-18 23:01:34,很開心今天正式加入AdidasGolf的大家庭！謝謝愛迪達讓我能在球場走起來有風，穿起來有自信！期待明年在美國巡迴賽穿上Adidas的戰袍！Very proud to join Adidas family❤️Can't wait to wear Adidasgolf on tour!  #adidas #adidasgolf #adipure #adicross #tour360 #3stripes #lpga #找回初衷,626,21,"['adidas', 'tour360', '找回初衷', '3stripes', 'adidasgolf', 'lpga', 'adicross', 'adipure']"
63,2018-12-17 17:23:44,我們真的只是去打練習賽，怎麼那麼像是去拍宣傳照😂那麽有默契，那麼的自然～ #宣傳ㄧ下 #新ㄧ代LPGA #未來國家棟樑 #自以爲年輕 #日立盃 #你們來看嗎？,507,4,"['未來國家棟樑', '宣傳ㄧ下', '日立盃', '自以爲年輕', '你們來看嗎', '新ㄧ代LPGA']"
64,2018-12-10 15:26:58,收工！辛苦大家了！😄#今天冷颼颼 #golface #teamgolface #bestteam @golfaceapp,315,2,"['今天冷颼颼', 'bestteam', 'teamgolface', 'golface']"
65,2018-12-07 20:49:04,就在明天了！寶島夢想家開幕戰💪🏼 #我們彰化體育館見 @formosadreamers @blackielovelife,206,4,['我們彰化體育館見']
66,2018-12-07 20:21:50,❤️❤️❤️ @yukiiiii1115 @aako528,350,3,[]
67,2018-12-06 22:21:23,為什麼可以這麼悲傷？😭😭😭 #比悲傷更悲傷的故事 #在電影院哭到岔氣 #連哭三部片 #下ㄧ部我要看喜劇了  #你們也去看了嗎？ #記得帶衛生紙,236,3,"['你們也去看了嗎', '連哭三部片', '記得帶衛生紙', '比悲傷更悲傷的故事', '下ㄧ部我要看喜劇了', '在電影院哭到岔氣']"
68,2018-12-05 22:41:50,敬我們20年的友誼❤️ #感覺才20歲 #怎麼就過了20年 #共患難 #珍惜 @teresa.lu1,621,11,"['珍惜', '共患難', '怎麼就過了20年', '感覺才20歲']"
69,2018-12-02 11:30:57,#台新銀行 #慈善公益,350,0,"['台新銀行', '慈善公益']"
70,2018-11-16 19:14:49,射箭初體驗，我沒有要轉行！射箭好好玩。#弓好重 #初學從10公呎開始 #正式比賽70公呎 #學到好多 #很像打球的概念 #臉看起來好圓 #iarchery,595,17,"['正式比賽70公呎', 'iarchery', '初學從10公呎開始', '學到好多', '臉看起來好圓', '很像打球的概念', '弓好重']"
71,2018-11-12 11:50:05,好朋友聚在ㄧ起就是超開心！❤️❤️❤️ #15年的友誼 #15年後還要這樣熱血 #ㄧ起在各地打拼 #下個冠軍錢櫃再見,359,11,"['下個冠軍錢櫃再見', 'ㄧ起在各地打拼', '15年的友誼', '15年後還要這樣熱血']"
72,2018-11-11 14:26:32,❤️❤️❤️,245,1,[]
73,2018-11-11 14:21:45,年輕帥氣的乾爸，生日快樂！#金蓬萊好好吃,360,1,['金蓬萊好好吃']
74,2018-11-10 20:10:14,生日快樂～～～已經開始想你們了！#Vikings #最強夥伴們,336,0,"['最強夥伴們', 'Vikings']"
75,2018-11-04 20:27:23,動力火車！！！！！好有魅力，每首歌都好好聽❤️ #繼續轉動 #動力火車,540,3,"['動力火車', '繼續轉動']"
76,2018-11-04 20:14:02,國賓的餐點真的超級好吃的～太幸福了！#國賓麵包房 #ahmicafe #acutsteakhouse @ambassadorhotels,249,0,"['國賓麵包房', 'acutsteakhouse', 'ahmicafe']"
77,2018-10-29 17:13:55,謝謝裙襬搖搖，和所有贊助廠商的用心。每ㄧ次在台灣的比賽都是如此的開心和驕傲！謝謝所有到場替我們加油的球迷們，謝謝你們替我打氣，給我鼓勵，在背後有們的支持很幸福，很感動！謝謝你們！我們明年再見喔～ #裙擺搖搖 #swingingskirts #恭喜Korda妹妹贏得勝利！,623,10,"['swingingskirts', '恭喜Korda妹妹贏得勝利', '裙擺搖搖']"
78,2018-10-27 20:06:54,Gala dinner❤️開心的夜晚！難得的裸靴😆 @teresa.lu1 @daniellekang @mo_moriya @jan_wichanee @pyc_money @yusang_0717 @yuchianghou,827,5,[]
79,2018-10-19 17:52:27,忠孝東路走九遍，走到球場來！開心來打球😄 #動力火車揮桿動作很棒 #很有實力,635,7,"['動力火車揮桿動作很棒', '很有實力']"
80,2018-10-18 18:52:51,"跟Golface籌劃已久的高爾夫教學影片，即將於10/22上線，即日起限時5天早鳥訂閱活動開跑！
喜歡打球的朋友們，或是想學打球的朋友們都可以來觀看及訂閱我的教學影片！快去下載golface喔～
@golfaceapp 
#GolfaceTV
#golface",449,16,"['GolfaceTV', 'golface']"
81,2018-10-14 17:15:55,沒事看看動作，看看動作沒事！#英國公開賽,636,17,['英國公開賽']
82,2018-10-07 22:39:43,幫親愛的妹妹提早過生日❤️我人生中非常重要的人，是家人，是朋友，是彼此靠山也是依靠。很感謝父母，生出這樣美麗大方動人，體貼包容善良的妹妹。聚在ㄧ起好多的歡樂，吃的好幸福！愛妳這種話就在這裡說好了～Kiki Do you love me? I love you❤️ #10/15天枰寶寶 #誇獎的話想不出更多詞了 #幸福 #覺得感動 #謝謝妳的願望 #生日快樂 @kiki20o,673,10,"['覺得感動', '生日快樂', '10', '謝謝妳的願望', '誇獎的話想不出更多詞了', '幸福']"
83,2018-10-03 19:45:21,好美～喜歡台北市的夜景❤️ #象山,549,13,['象山']
84,2018-09-30 20:54:23,最簡單的幸福，莫過於家人的陪伴❤️。中秋節，月圓人團圓！你們中秋節都有烤肉嗎？#throwback #moodfestival,500,2,"['moodfestival', 'throwback']"
85,2018-09-30 19:27:34,北京灣會店，開業大吉！住在北京的朋友可以常常來玩喔！# VIKINGS,554,5,[]
86,2018-08-12 12:13:15,Yay My favorite person😆! Finally get to see you and catch up with you! It’s been too long. I’m so happy to see you doing so well and happy! I can’t wait for your biggest day of your life❤️ Thank you for always be here for me! I cherish our friendship very much!☺️😘❤️ #bestfriendsforever #missyousomuch #luckytohaveyouasafriend #aiisthebest @ai_miyazato,1006,20,"['bestfriendsforever', 'aiisthebest', 'luckytohaveyouasafriend', 'missyousomuch']"
87,2018-08-04 19:01:47,"Thank you RICHO for 12 amazing years❤ This is one of my favorite events on tour, I had so many great memories from last 12 years. Thank you everyone who made this event happen. #richowomensbritishopen #imggolf",512,9,"['imggolf', 'richowomensbritishopen']"
88,2018-08-04 04:16:33,一年沒見幾次。每ㄧ次都能像老朋友ㄧ樣聊的開心到不行！只是隨著年紀不同話題也很不同😂 #ㄧ個在日本ㄧ個在美國 #但為了相同的目標前進 #加油 @teresa.lu1 ❤️,557,4,"['ㄧ個在日本ㄧ個在美國', '但為了相同的目標前進', '加油']"
89,2018-07-29 08:36:18,Vikings的夥伴們！我們上海見！#開心和大家在ㄧ塊 #教練不客氣的把大家操到極點 #vikings @wangjiaruireivikings @sherrylin1211 @jessicayuju @ygy210 @suesea311 @connieec_ @amberbettereveryday,365,5,"['vikings', '開心和大家在ㄧ塊', '教練不客氣的把大家操到極點']"
90,2018-07-29 08:27:56,練練練，持續的練💪🏼這是我ㄧ個很喜歡的練習動作，停在頂點，練習揮桿結奏，下桿也能感覺正確的順序下桿與發力！放毛巾在腋下，能感覺手和身體的連結。#golface,497,8,['golface']
91,2018-07-29 08:19:33,去英國前的最後ㄧ練，在奧蘭多飆汗。好熱啊！#richowomensbritishopen,385,17,['richowomensbritishopen']
92,2018-07-20 23:23:28,汗用飆的，好爽啊～～～ #bettereveryday,486,5,['bettereveryday']
93,2018-07-20 10:19:16,"最喜歡Links的球場，發揮想象力的時後。很多美好的回億，看著比賽，想著當初的每ㄧ桿，印象很深刻的ㄧ個星期，好棒的球場，很榮幸能在這個球場贏得冠軍！期待在回去Carnoustie比賽！
Have some great memories at Carnoustie.Such a beautiful and challenging golf course. The reason I love links courses is there’s a thousand ways to play the course! Can’t wait to play #Ricoh British Women’s Open.",391,8,['Ricoh']
94,2018-07-19 08:58:52,"So much fun today😂😂😂 #Repost @lydsko with @get_repost
・・・
Hat game strong 🔥🔥🔥🔥",513,6,['Repost']
95,2018-07-13 10:08:05,Surprise🎉😄 !!! So happy to see you today❤️Thank you Mari for coming to support me💪🏼 @marisanbkk,543,19,[]
96,2018-07-10 10:15:38,昨天帶媽媽去植物園和動物園走走，和去看我喜歡的假劍龍😆！謝謝媽媽的陪伴。新的ㄧ周，繼續加油！#媽媽很愛介紹植物 #我愛動物園 #但覺得他們沒有自由看的難過,603,13,"['媽媽很愛介紹植物', '我愛動物園', '但覺得他們沒有自由看的難過']"
97,2018-07-05 21:00:36,"練球時以及比賽前我都習慣戴上耳機，聽著自己喜歡的音樂，讓自己可以好好靜下心來，專注在當下，不受外界的干擾。
最近發現Sony WF-SP700N 的真無線運動藍牙降噪耳機很輕巧，方便攜帶，
降噪功能很好，在賽前準備時，可以不受干擾，沉浸在自己世界裡，
若是平常使用怕聽不到別人的呼叫，也可以搭配APP打開環境音或人聲模式，聽音樂時媽媽再也不會一直叫我都聽不到了。
而且SONY的真無線設計很適合我練球時配戴，戴著耳機完全不會影響揮桿和推桿，
練推桿時在果嶺上到處走來走去，不用把手機放在口袋，收在球袋裡也完全不受影響，收訊很好，
耳機配戴起來很舒適，戴久了耳朵不會痛，就算練揮桿時動作較大，也不用擔心耳機會飛出去。
另外很重要的是平常練球或重訓常常都滿身大汗，
耳機簡直是整個泡濕狀態，原本很擔心會壞掉，想不到整體功能一點都沒有受到影響，
音質也很不錯，已經用一陣子了，真心覺得Sony 真無線運動藍牙降噪耳機很適合運動使用，是我最近的隨身好夥伴！ 
跟我一起用音樂放鬆情緒，專注打球吧：https://goo.gl/nrBWyo
現在買還享好禮：https://goo.gl/B8H4vx 
#SonyWF_SP700N 
#Sony真無線運動藍牙降噪耳機
#Sony真無線自由行動不受限",451,7,"['Sony真無線運動藍牙降噪耳機', 'Sony真無線自由行動不受限', 'SonyWF_SP700N']"
98,2018-07-04 12:13:25,開心的羽球夜晚，等不及下次在ㄧ起打了！  @candiekung @min2min11 @weilinghsu1994,445,4,[]
99,2018-06-15 11:08:10,心目中的偶像！全世界最偉大的媽媽，生日快樂！祝福妳永遠青春美麗，身體健康！ㄧ起陪我走球場到老😂 #阿母我愛妳 #我看起來好胖 #要開心打球是媽媽最大的願望 #momsbirthday,672,14,"['要開心打球是媽媽最大的願望', '阿母我愛妳', '我看起來好胖', 'momsbirthday']"
100,2018-06-07 10:57:43,家族企業的概念😄 #familybusiness #theyarethebest #我真幸運有你們 #你們才是最棒的,463,11,"['我真幸運有你們', '你們才是最棒的', 'familybusiness', 'theyarethebest']"
101,2018-05-24 08:55:49,想念你們了～快點在聚會吧！#阿瓦隆教主,329,1,['阿瓦隆教主']
102,2018-05-23 10:48:09,"這星期的灰色軍團！加油加油加油！#lpga #tourlife @volviklpga @lpga_tour 
我今天有專屬攝影師幫我拍照 📷: @weilinghsu1994 #攝影師很會拍 #以後我都要跟著妳😂",472,6,"['tourlife', '攝影師很會拍', '以後我都要跟著妳', 'lpga']"
103,2018-05-22 12:56:18,"這次回台灣好開心可以收到COOLA寄來的防曬商品，我真的覺得很驚喜，因為原本我在美國也都是使用COOLA，他們的防曬非常清爽，而且很好卸除。
其中有一款是我最愛的 #不間斷運動防曬噴霧SPF50，特別適合我們這種長時間在外運動的人，防水防汗可以達到80分鐘。

我對比賽期間的防曬很挑剔，不喜歡塗抹防曬的過程中沾到手，怕手會油油的一不小心讓球桿滑掉，但這瓶防曬噴霧真的很方便，完全不沾手，不用擔心手滑！
重要的是還能這麼長效防曬，真的是太適合戶外活動了！ 
另外我自己也有做功課，上網詳細的查了一下，發現COOLA是訴求天然有機成分的產品，而且有通過美國FDA寬頻防曬測試，用起來很安心。
防曬產品我應該有使用過上百種，不管是像台灣這種濕熱的天氣、還是像在美國沙漠的乾燥熱天，我真的覺得COOLA是在任何地方都非常適用的防曬品。媽媽妹妹也很愛用，商品中有一瓶是可登機的100ml不間斷運動防曬噴霧SPF50，體積很輕巧，隨身攜帶很方便，也被妹妹搶著帶上飛機回台灣用了。

COOLA防曬是我的好朋友，真的很推薦給熱愛戶外的朋友們！

瞭解更多：​https://bit.ly/2rdYuPo
#COOLA",499,3,"['不間斷運動防曬噴霧SPF50', 'COOLA']"
104,2018-05-22 07:52:49,Off to Ann Arbor #wheelsup #thebest,282,5,"['wheelsup', 'thebest']"
105,2018-05-22 07:49:35,Thank you to this amazing crew for working so hard on getting the course ready or us ! Always one of my favorite stops on tour! Can’t wait to come back next year! and with the perfect ending! @mayariya Woohoo😄#kingsmilllpga @kmchampionship,231,2,['kingsmilllpga']
106,2018-05-19 10:59:27,"Happy birthday to this special one! 
You are a wonderful friend, Thank you for your encouragement, and always make me smile! We could be a good team! Love you❤️",431,3,[]
107,2018-05-18 09:46:18,"Lol 🤣🤣🤣 #Repost @tiffjoh with @get_repost
・・・
Meanwhile in Virginia...(Sound On)",251,5,['Repost']
108,2018-05-17 10:12:40,家中的大哥，這幾個星期幫我揹球，日曬雨淋，用Sam式英文融入LPGA，辛苦你了！ㄧ起努力，謝謝哥哥！❤️ #合作很愉快 #哥哥心中有很多個爲什麼😂 #哥哥來了ㄧ個月還在時差,399,5,"['哥哥來了ㄧ個月還在時差', '合作很愉快', '哥哥心中有很多個爲什麼']"
109,2018-05-17 09:59:56,My helper at @kmchampionship pro-am today! Having fun with this girl from @thefirsttee ❤️,548,4,[]
110,2018-05-14 10:07:10,"親愛的媽媽，這輩子當妳的女兒，下輩子也要當妳的女兒。媽媽，我愛妳❤️母親節快樂！
Everything I am , you helped me to be ! I love you mom❤️ Happy Mother’s Day! 
#母親最偉大 #母親節快樂 #有媽的孩子像個寶",713,6,"['母親節快樂', '有媽的孩子像個寶', '母親最偉大']"
111,2018-04-25 14:25:52,"Yay, my family watched NBA game for the first time. Soooooo much fun tonight ! And of course they won😁第ㄧ次和家人ㄧ起看籃球比賽，也是他們的第ㄧ個NBA，就獻給了冠軍隊。 #gswarriors #myfavorriteteam #nbaplayoffs #notbadforthefirsttime",498,8,"['gswarriors', 'notbadforthefirsttime', 'nbaplayoffs', 'myfavorriteteam']"
112,2018-04-25 14:10:24,Great dinner with amazing peoples tonight ! Happy birthday Lydia☺️ #shejustturned21😱 #lydiako #fundinner #goodfriends,305,5,"['goodfriends', 'fundinner', 'shejustturned21', 'lydiako']"
113,2018-04-23 11:36:49,Yes yes yes !!! Yesssssssss😭😭😭💪🏼 You did it !!! So proud of you! @mo_moriya #lpgawinner,662,11,['lpgawinner']
114,2018-04-19 13:09:44,"Getting ready for @lpga_la 😄💪🏼😍 #Repost @chrismaysongolf with @get_repost
・・・
A little @yanitseng Pureness to start your day off right. @lpga_tour @lpga_la @callawaygolf",570,16,['Repost']
115,2018-04-14 23:44:35,全家出動，腳還在酸，每個人都看起來累累的！帶著媽祖的保祐前往美國了。加油！#爸爸在台灣顧家替我們加油,636,12,['爸爸在台灣顧家替我們加油']
116,2018-04-13 14:42:41,謝謝Golface，熱烈的歡迎！很開心能夠加入這ㄧ群年輕熱血有夢想的團隊！成為第18位員工😄公司裡的每個角色缺ㄧ不可，為了同ㄧ個方向努力，ㄧ起把 @golfaceapp 介紹給全世界！ㄧ起加油💪🏼 謝謝你們！#夢想的道路上 #drivetochallenge #golfaceapp,434,4,"['夢想的道路上', 'drivetochallenge', 'golfaceapp']"
117,2018-04-13 14:33:00,@golfaceapp #drivetochallenge #golfaceyani #dreams,286,2,"['golfaceyani', 'dreams', 'drivetochallenge']"
118,2018-04-12 22:00:53,❤️❤️❤️,460,4,[]
119,2018-04-12 21:59:14,開心打球😄 #bestfriends,435,1,['bestfriends']
120,2018-04-02 16:02:50,今天要來放閃，這真的太幸福滿足了！每天都有美美的擺盤，吃飽才能繼續站上戰場！感謝叔叔阿姨這星期的照顧。,264,3,[]
121,2018-04-02 15:57:29,好美～球在山中消失了！#pgawest,535,2,['pgawest']
122,2018-04-02 15:43:04,"Late post from last weekend playing with @paulacreamer1 At Dinah shore! Had so much fun, as you can see the picture, I lost 😭 💸 #rematch #wanttogetmymoneyback #lpga",603,7,"['wanttogetmymoneyback', 'lpga', 'rematch']"
123,2018-04-02 14:44:53,Thank you @lynnpia54 for this great gift ! Can’t wait to share my best with you :) #vision54 #itsallaboutmetalgame #golf,362,5,"['itsallaboutmetalgame', 'vision54', 'golf']"
124,2018-03-27 14:24:45,"So happy to see you, Even just on the video😆 We miss you❤️ @lor8a #lpga",286,2,['lpga']
125,2018-03-27 14:21:07,"Yay! Team IMG! 
#Repost @lydsko with @get_repost
・・・
Yayyy we finally got a 📸 where everyone has their eyes open 😂😅 #AnnualTeamIMGPhoto #WeAllCleanUpNice @imggolf",310,4,"['AnnualTeamIMGPhoto', 'Repost', 'WeAllCleanUpNice']"
126,2018-03-27 14:19:31,"Another great night at champions dinner! So proud to be part of the history! Thank you @anainspiration for hosting this amazing event! #lpga #pastchampions #anainspiration 
#Repost @anainspiration with @get_repost
・・・
#ANAinspiration Champions",247,0,"['pastchampions', 'lpga', 'ANAinspiration', 'anainspiration', 'Repost']"
127,2018-03-25 13:23:11,有點痛...💔,314,11,[]
128,2018-03-20 14:34:47,哇！ㄧ萬了！好開心喔～～～～謝謝你們的支持❤️ This is exciting ! Thank you so much for all your support ! #10K 😍😍😍,548,13,['10K']
129,2018-03-19 15:59:55,"Thank you to one of the lpga founders, Marilynn Smith, for everything you have done for the tour and women’s golf. Also, for following us 18 holes today, what an honor for me. We will not be here without you. Thank you! See you next year❤️ @lpga_tour @lpgafounders #lpga #lpgafpunders #grateful #golf",585,4,"['grateful', 'golf', 'lpga', 'lpgafpunders']"
130,2018-03-19 15:24:32,我也好想參加啊～～～ #teamvikings #上海 #青少年教學 #體能訓練 #拳擊 #等你們來 #四月見,251,5,"['四月見', '拳擊', '青少年教學', '體能訓練', '上海', '等你們來', 'teamvikings']"
131,2018-03-17 12:29:01,#lpga @lpgafounders 📷: Christian Petersen,601,18,['lpga']
132,2018-03-12 01:39:23,Thank you @chrismaysongolf for organizing this boot camp. Had so much fun with these girls! Time to go kick some a$$ in Phoenix💪🏼😄 #lpga #winnerwinnerchickendinner,429,7,"['winnerwinnerchickendinner', 'lpga']"
133,2018-03-03 15:17:59,元宵節快樂！☺️ 出外靠朋友，在家也靠朋友，謝謝你們準備的晚餐和湯圓！#超級豐盛 #超級幸福,382,5,"['超級豐盛', '超級幸福']"
134,2018-02-19 19:19:13,回到台灣的心情就像這樣❤️好開心喔😄😄😄！而且這次回來終於好天氣了☀️！,304,6,[]
135,2018-02-19 18:58:07,我跳，我跳，我跳跳跳😂😂😂,270,3,[]
136,2018-02-19 16:05:31,覺得自己變年輕了！😂😂😂 #裙擺搖搖,614,6,['裙擺搖搖']
137,2018-02-17 18:55:54,好多人ㄧ起聚餐，好開心❤️ #裙擺搖搖 #ㄧ起加油 #為夢想努力,341,0,"['ㄧ起加油', '為夢想努力', '裙擺搖搖']"
138,2018-02-15 20:26:03,爸媽很會挑紅包，看不懂英文，還是挑了十全十美中的 #mentalclarity ，知道我需要練習我的 #mental 😂！ 謝謝爸爸媽媽的紅包，真是開心❤️ #lululemon #紅包 #每個紅包都有不同的意義 #十全十美 #practiceofjoy #過新年 #每年都期待有紅包 #新年快樂 #lululemontaiwan,389,7,"['十全十美', '過新年', '紅包', 'lululemon', '每年都期待有紅包', 'lululemontaiwan', 'mental', '新年快樂', 'practiceofjoy', '每個紅包都有不同的意義', 'mentalclarity']"
139,2018-02-15 20:10:44,"祝大家新年快樂！狗年行大運！

#提早過年 #想念家人 #新年快樂",486,14,"['提早過年', '新年快樂', '想念家人']"
140,2018-02-14 15:45:39,從聖地牙哥聚到澳洲，開心的過年！開心的比賽！加油～同胞們💪🏼 @weilinghsu1994 @pyc_money,410,3,[]
141,2018-02-14 15:38:38,房間有小花兒，是誰？是誰偷偷愛戀我😂？情人節快樂喔❤️ Happy Valentine's Day!,339,5,[]
142,2018-02-13 19:36:26,澳洲太陽好大，才ㄧ天沒擦防曬就曬的好紅！針灸同時還有夕陽的陪伴，還是好痛😆 #今年才剛開始 #怎麼走ㄧ下就痠了 #澳洲地特別硬 #針的超級痛 #被電到的感覺,323,11,"['針的超級痛', '澳洲地特別硬', '被電到的感覺', '今年才剛開始', '怎麼走ㄧ下就痠了']"
143,2018-02-13 19:32:38,好美的夕陽～,228,6,[]
144,2018-02-07 14:22:21,天佑台灣🙏🏼❤️,395,9,[]
145,2018-02-03 10:30:15,"So much fun today! 😂😂😂 Can't wait for rematch! I Iove my teammates😍
#Repost @mayariya (@get_repost)
・・・
Yani & May (Bubble tea)😜 vs Simin & Mo (Matcha ) 😊 @mo_moriya @yanitseng @_per_siminfeng_  #lpgatour #lpga  ศึกระหว่าง ทีมชานมไข่มุก กับ ทีม มัทฉะ 😊🤗",482,12,"['lpga', 'lpgatour', 'Repost']"
146,2018-01-30 22:05:30,"謝謝大家的生日祝福！謝謝你們，因為你們是我持續練習持續想要站在舞台上的原因。時間過的好快不知不覺的又過了好幾年，生命很脆弱，時間很寶貴，珍惜每次的機會，因為每一次都是進步的機會。相信今年可以實現願望，我向費神看齊！謝謝你們的祝福。愛你們❤️ #不好意思這麼晚才回應
#謝謝你們
#生日快樂
#每年都有你們幫我慶生",872,47,"['謝謝你們', '每年都有你們幫我慶生', '不好意思這麼晚才回應', '生日快樂']"
147,2018-01-29 07:29:37,😘😘😘 @mayariya @mo_moriya @pk_kongkraphan14 @waen_pornanong @jan_wichanee #lpga,357,5,['lpga']
148,2018-01-29 06:44:09,費神，你是我永遠的英雄！我要向你看齊！每次都跟著費神哭了😭太帥了！#rogerfederer #hero,453,10,"['rogerfederer', 'hero']"
149,2018-01-29 06:29:28,第ㄧ場比賽不是很理想的結束了。開心的是，除了推桿其他都很棒，不開心的是所有的都很棒除了推桿！很多好的正面的可以帶著走～回家直接搭帳篷在果嶺上吧。#lpga  @puresilkbahamaslpga,661,14,['lpga']
150,2018-01-17 12:42:35,"謝謝我的教練，需要忍受我球場上和球場外的脾氣，加上叫我有自信ㄧ點，還講不聽，每次都要慢好多拍才可以有自信！謝謝教練從低潮中把我拉起來，希望未來我們ㄧ起好！

Thank you @chrismaysongolf for being a great coach and friend! You are the best, I can't wait to start a new chapter!",510,11,[]
151,2018-01-17 08:50:31,上星期的成績...只能用這表情行容🤦🏻‍♀️,507,17,[]
152,2018-01-17 08:48:51,在台灣ㄧ個星期的時間好快，謝謝日立的邀請，能在賽季開打前回台灣和大家ㄧ起比賽，ㄧ起努力的有個好的開始。也謝謝東方球場，從小長大的地方，就像回家ㄧ樣。希望在未來能在東方球場拿個冠軍。謝謝所有到場的球迷，謝謝你們的支持，最後兩天的成績不是這麼的理想。但你們的熱情ㄧ點都沒有減少。我會加油，讓這星期所得到的，繼續發揮在今年的球季上。等不及在去比賽了。#hitachi #tlpga #東方球場 #callaway #Rolex #台新銀行 #wheelsup,499,11,"['東方球場', 'Rolex', 'wheelsup', '台新銀行', 'tlpga', 'callaway', 'hitachi']"
153,2018-01-17 00:35:47,Back to work💪🏼,353,8,[]
154,2018-01-09 10:26:38,今天去辦市民悠遊卡！桃園的朋友們，你們也辦市民卡了嗎？ㄧ卡在手，萬事都通！#龜山區公所 #桃園是我的家 #桃園市市民卡,384,8,"['桃園市市民卡', '龜山區公所', '桃園是我的家']"
155,2017-12-31 22:14:38,"2017年的最後ㄧ天，心中是充滿著感謝。感謝我的家人，朋友，球迷，我的廠商，我的夥伴。謝謝你們的支持鼓勵，讓我更有勇氣更堅挺的ㄧ步ㄧ步繼續往前走在這夢想的道路上！有喜怒哀樂，有酸甜苦辣，但我相信等待努力是值得的，不在為了結果而活，為了過程而活得更精彩！沒有不捨的邁進2018年，我相信明年會更好！也祝福你們明年也成為更好的自己，身體健康！ㄧ起努力，加油！新年快樂！

@rolex @wheelsup8760 @callawaygolf @jlindebergsport @chrismaysongolf @ta2claps #taishinbank #taiwanmobile #lpga",653,21,"['taishinbank', 'taiwanmobile', 'lpga']"
156,2017-12-31 21:52:19,2017年最後ㄧ跑！太開心了～真舒爽。#沒有push自己永遠都不知道自己的limit！#pushpushpush,622,11,"['pushpushpush', '沒有push自己永遠都不知道自己的limit']"
157,2017-12-27 10:28:14,"Had great time working with @chrismaysongolf in San Diego! Keep grinding, keep working on the swing like this, I think will work for 2018😆 加油！
#golf #betough #behappy #dowhatyoulove #lovemycoach #lpga #callaway #taishinbank #rolex #taiwanmobile #wheelsup",688,23,"['golf', 'taishinbank', 'betough', 'wheelsup', 'dowhatyoulove', 'callaway', 'lpga', 'rolex', 'behappy', 'taiwanmobile', 'lovemycoach']"
158,2017-12-26 13:57:10,聖誕大餐！謝謝 @katycakesss 大廚，幫我們準備這麼貼心的晚餐。每次來都覺得吃的好幸福！☺️ 祝福大家有個很美麗的聖誕夜晚。#能跟Katy當鄰居真幸福 #吃完大餐明天早起做體能 #期待下ㄧ個節日又能吃大餐了 #謝謝大廚 #聖誕節,382,8,"['能跟Katy當鄰居真幸福', '聖誕節', '吃完大餐明天早起做體能', '期待下ㄧ個節日又能吃大餐了', '謝謝大廚']"
159,2017-12-25 10:30:11,"今天終於趕在平安夜把聖誕樹用好了。祝福大家有個溫馨的平安夜！聖誕快樂！

Finally put my tree up on Christmas Eve, Wish you all have a very Merry 🎄🎉🎁
#warmchristmas #happyholidays #lovechristmastrees #treesmellsgood",585,13,"['happyholidays', 'lovechristmastrees', 'warmchristmas', 'treesmellsgood']"
160,2017-12-13 13:36:20,為了這塊石頭，很酷的走上去，下ㄧ秒變俗辣😂😂！終於拍好照😄 #很值得的風景 #potatochiprock #sandiego,496,17,"['很值得的風景', 'potatochiprock', 'sandiego']"
161,2017-12-13 13:18:58,就像這樣自信大步的向前走著！,337,5,[]
162,2017-12-07 11:50:12,在台灣都沒辦法遇到，卻在上海遇到了！久久不見卻還是有說不完的話😄真是開心又充實的ㄧ夠旅程！@anniechengnike,511,4,[]
163,2017-12-07 11:46:12,太開心了，ㄧ群人從上海到美國，從美國到上海！每ㄧ次的見面都是如此的短暫。特別的珍惜，覺得很美好！,310,5,[]
164,2017-12-06 15:51:35,回到童年的感覺～好聽！#灌藍高手,184,2,['灌藍高手']
165,2017-12-05 15:27:29,在上海想運動的朋友就到Vikings來玩玩吧！第ㄧ次上拳撃課，現在已經開始期待明天上課了😄！#太好玩了 #教練又帥又誠懇 #每天都想來上課 #釋放壓力 #很能發洩的運動,378,6,"['很能發洩的運動', '釋放壓力', '每天都想來上課', '太好玩了', '教練又帥又誠懇']"
166,2017-12-01 11:13:03,今天是阿嬤的忌日，早上陪媽媽去菜市場買菜，想說能幫忙炒菜，但炒完這盤就被趕出廚房了！😂😂😂越幫越忙的概念😅 #時間過好快 #想念的心情依舊沒有改變,589,9,"['時間過好快', '想念的心情依舊沒有改變']"
167,2017-11-24 12:12:08,"Happy Thanksgiving to you all😘
感恩節吃火雞！❤️謝謝Katy煮了8個小時的火雞。感恩節覺得感恩覺得幸福！也祝福大家感恩節快樂，有個充滿幸福感恩的夜晚 ！#大廚上菜 #覺得Katy真的太會煮了 #Jason真幸福 #感恩節快樂 #happythanksgiving",685,11,"['happythanksgiving', '覺得Katy真的太會煮了', 'Jason真幸福', '大廚上菜', '感恩節快樂']"
168,2017-11-19 11:12:47,上班了！#人生有限公司 #mayday @8760experience,243,2,"['mayday', '人生有限公司']"
169,2017-11-18 22:09:17,早安，放假的日常☀️,361,7,[]
170,2017-11-15 23:59:56,Congratulations @Rolex on 50 years of golf ! Thank you for the continued support in growing our game! #Rolex #golf,197,1,"['golf', 'Rolex']"
171,2017-11-11 15:49:06,謝謝從台灣送來的珍奶～揪感心！#imgtaiwan,703,8,['imgtaiwan']
172,2017-11-11 15:43:32,運動員的魅力，真的太緊張了！ #看球比打球還緊張 #明年能夠互相等來等去 #珊珊棒棒噠 @shanshanfeng_golf @weilinghsu1994 @candiekung,454,5,"['明年能夠互相等來等去', '看球比打球還緊張', '珊珊棒棒噠']"
173,2017-11-01 06:04:16,原班人馬～謝謝你們！❤️❤️❤️ #最可愛的球迷們,385,6,['最可愛的球迷們']
174,2017-11-01 00:14:58,終於能坐下來好好休息回想ㄧ下裙擺搖搖的那個星期，謝謝裙擺搖搖，謝謝美麗華，謝謝所以支持這場比賽的廠商，謝謝所有的媒體和工作人員們！大家都辛苦了。謝謝你們，給我們大家ㄧ個美好的回億（除了獎盃不是我拿走😭）但從每ㄧ個細節到每ㄧ個主題都是如此的用心！也謝謝老天爺把雲帶走～讓這場比賽能更順利的完成！更要謝的所有進場支持的球迷們，因為有你們讓這場比賽更刺激更精彩！希望明年這時後的我也更進步更好，期待明年與你們相見！#對不起比賽過這麼久才PO🤦🏻‍♀️#希望你們還是能感受到我的感謝 #覺得感恩幸福,349,6,"['希望你們還是能感受到我的感謝', '覺得感恩幸福', '對不起比賽過這麼久才PO']"
175,2017-11-01 00:01:26,感覺像是沉重的ㄧ撃！#不是打birdie嗎 #兩位內心戲很重喔 @swingingskirts,440,4,"['兩位內心戲很重喔', '不是打birdie嗎']"
176,2017-10-27 13:08:55,Want some pasta ? #lpga #raindelay,529,8,"['lpga', 'raindelay']"
177,2017-10-20 22:41:05,明天ㄧ起努力💪🏼 #我們ㄧ定行的 #iamaclutchputter,550,28,"['iamaclutchputter', '我們ㄧ定行的']"
178,2017-10-19 20:18:13,第ㄧ輪結束，明天繼續努力💪🏼！謝謝今天來的球迷們，你們也辛苦了！明天走球場時也請注意安全喔！明天見！ #lpga,565,20,['lpga']
179,2017-10-17 21:37:01,很開心看到這麼多的媒體朋友們！謝謝你們每年都很捧場😄！今年我也會努力的😘💪🏼 @swingingskirts,439,13,[]
180,2017-10-17 21:33:51,"I feel love ❤️❤️❤️
#Repost @lydsko with @repostapp
・・・
We love you @yanitseng 😘😘😘",611,11,['Repost']
181,2017-10-17 21:29:45,ㄧ年漂亮ㄧ次的比賽晚宴，謝謝 @meichimakeup 幫我化的美美噠😘❤️,981,24,[]
182,2017-10-16 22:55:55,開心的夜晚～謝謝你們來！Thanks for coming 😘😘😘 Sooooo much fun tonight!,744,9,[]
183,2017-10-16 15:59:56,你們準備好了嗎？想你們了喔～～～星期四見！@lpga_tour,534,12,[]
184,2017-10-06 21:31:05,今天好開心❤️贏的也好開心！😂謝謝我的戰隊們！比賽ㄧ起加油吧！#lpgatour #swingingskirtslpgaetaiwan,493,7,"['swingingskirtslpgaetaiwan', 'lpgatour']"
185,2017-10-06 21:28:58,很幸福能夠ㄧ起和傳奇聊天，謝謝涂老師今天的分享！我們會好好的把我們學的，會的表演出來！,419,3,[]
186,2017-10-06 07:49:43,開心同樂會，在美國還見不膩❤️！@min2min11 @ssuchia.c @weilinghsu1994 #lpga #tlpga #friendship,588,6,"['tlpga', 'friendship', 'lpga']"
187,2017-09-18 02:56:42,Golf legend☺️ #garyplayer #inspired @gary.player,801,10,"['garyplayer', 'inspired']"
188,2017-09-17 22:32:32,#AiWillMissYou @ai_miyazato,684,11,['AiWillMissYou']
189,2017-09-07 03:31:57,好酷喔！想要再坐ㄧ次！This is insane...Thank you #iwitchamp for this amazing experience. #socool #indianapolismotorspeedway #wanttorideagain #lpgatour,286,8,"['wanttorideagain', 'lpgatour', 'socool', 'indianapolismotorspeedway', 'iwitchamp']"
190,2017-09-06 07:30:18,超酷的！,262,5,[]
191,2017-09-06 07:27:09,What are you doing up there ?😄 @gaberoux #iwitchamp #lpga #indianapolismotorspeedway torspeedway,485,6,"['indianapolismotorspeedway', 'lpga', 'iwitchamp']"
192,2017-09-01 11:28:54,謝謝旻媽和旻，今天煮大餐～😍好滿足喔！吃飽明天繼續加油！,492,9,[]
193,2017-08-30 04:45:32,謝謝馬尼，為我這有時差的長輩按摩肩頸😂！太舒適了，有考慮要開運動防護嗎？@pyc_money,531,9,[]
194,2017-08-29 22:31:31,Good morning sunshine Portland☀️ #lpga @lpgaportlandclassic,337,4,['lpga']
195,2017-08-29 21:12:17,Good morning☀️好累的時差，好好喝的咖啡❤️#portland,311,7,['portland']
196,2017-08-29 08:15:09,"全部都是用花花草草做的！很美麗❤️
Thank you @cphasheart for an amazing event !! Thank you #Ottawa and @ottawahuntandgolfclub !! #canada150  #lpga #cphasheart",297,0,"['canada150', 'Ottawa', 'cphasheart', 'lpga']"
197,2017-08-29 08:01:46,是只要我在框框裡就好了嗎？我要的是後面的Mother nature😂完全看不出重點的ㄧ張照片😅！#canada #canada150,437,9,"['canada', 'canada150']"
198,2017-08-29 07:53:04,"Yea! My golf bag is on ✌🏼next stop, my favorite city #portland 😄❤️ #lpga #travelday #5hourflight #delta",315,6,"['travelday', 'portland', '5hourflight', 'delta', 'lpga']"
199,2017-08-20 02:17:53,Boom 💥 Send it ☄️#Bettereveryday #longdrivechamp #ifeelverytiny @timburkegolf @ta2claps,436,2,"['ifeelverytiny', 'Bettereveryday', 'longdrivechamp']"
200,2017-08-19 01:58:13,Say Cheese 😁😁😁 #moandmay #lovesmile #cantstoptalking @mayariya @mo_moriya,470,4,"['cantstoptalking', 'moandmay', 'lovesmile']"
201,2017-08-17 03:56:18,Team Vikings 💪🏼 #Bettereveryday #squadgoals #willmissyouguys,337,2,"['willmissyouguys', 'Bettereveryday', 'squadgoals']"
202,2017-08-15 19:44:19,Good morning ☀️早安！#callaway #jlindeberg,390,12,"['jlindeberg', 'callaway']"
203,2017-08-14 13:14:07,"😄😄😄#Repost @chrismaysongolf 
@yanitseng just getting better and better. #lpga #pgatour #chrismaysongolf #maderasgolfacademy",559,14,"['maderasgolfacademy', 'chrismaysongolf', 'pgatour', 'lpga', 'Repost']"
204,2017-08-14 13:08:56,Thank you coach😎 @chrismaysongolf,410,7,[]
205,2017-08-11 22:14:46,Rain delay ☔️ play suspended !! I am leading by 1 😄 @jennifermsong #golfnerd,455,5,['golfnerd']
206,2017-08-10 22:10:49,I Survived again✌🏼#bettereveryday #icandoallthings,331,5,"['icandoallthings', 'bettereveryday']"
207,2017-08-10 10:14:27,I Survived ✌🏼#bettereveryday @bettereverydayorlando @ta2claps,329,6,['bettereveryday']
208,2017-08-07 15:08:40,Celebrating ACE with my roommate this week😄💪🏼⛳️ #top10finish #richowomensbritishopen #standrews,540,16,"['standrews', 'top10finish', 'richowomensbritishopen']"
209,2017-08-07 05:53:37,"It's amazing how much notes are on Jason's yardage book. Importantly, he knows how to deal with me and my murmuring. I am very lucky to have him on the bag. We can win this again. 💪🏼",449,11,[]
210,2017-08-07 05:22:41,Thank you @ricohwomensbritishopen and @imggolf for hosting this amazing event. Thank you for all the fans out there supporting us. Always enjoy in Scotland. Can't wait to come back in 2018. See you soon #royallytham #img,383,5,"['royallytham', 'img']"
211,2017-08-06 04:27:36,See you again 😜 #yummy,398,13,['yummy']
212,2017-08-01 20:31:43,😍,413,7,[]
213,2017-08-01 03:17:19,Thank you @imggolf for the coolest gift. I love it 😄😍😆 #img #myteam,265,1,"['myteam', 'img']"
214,2017-08-01 03:13:59,Beautiful golf course this week @kingsbarnsgolflinks #richowomensbritishopen #lpga #linksgolf,341,5,"['linksgolf', 'lpga', 'richowomensbritishopen']"
215,2017-07-31 01:05:20,Yea! Bus ride to St Andrew's for the @ricohwomensbritishopen #travelday #lpgatour #majorherewecome,494,7,"['majorherewecome', 'lpgatour', 'travelday']"
216,2017-07-30 06:36:42,痛痛痛痛痛！我的腳辛苦妳了，明天在ㄧ天，那個針就能在刺深ㄧ點，好的更快！💪🏼加油！#推桿也請幫幫忙 #大風大浪都不怕 #來吧,343,13,"['推桿也請幫幫忙', '大風大浪都不怕', '來吧']"
217,2017-07-30 06:29:50,"ㄧ舉兩得，泡澡兼隔水加熱喝雞精！😄
#老協珍熬雞精 #好喝的雞精 #寒風刺骨 #泡澡覺得溫暖",248,0,"['好喝的雞精', '泡澡覺得溫暖', '老協珍熬雞精', '寒風刺骨']"
218,2017-07-25 19:01:37,Getting ready for 18 holes practice round 😂 #lpga #caddylife #ladiesscottishopen,435,4,"['ladiesscottishopen', 'caddylife', 'lpga']"
219,2017-07-24 08:33:01,"Here I come Scotland. My favor weeks on the tour, can't wait to play some fun golf over there. #wheelsup #lpgatour #travelday",644,21,"['wheelsup', 'lpgatour', 'travelday']"
220,2017-07-20 09:01:13,#squad,348,3,['squad']
221,2017-07-16 22:41:46,練球練到ㄧ半還是忍不住來看費神了！💪🏼 #wimbledon,419,13,['wimbledon']
222,2017-07-12 08:06:19,來幫台灣的小朋友加油，也來回憶小時侯😄！#juniorworlds2017 #callaway,354,3,"['juniorworlds2017', 'callaway']"
223,2017-07-11 02:35:30,芝加哥新開的好初台灣 #hellojasmine 這家鄉炭烤雞排～真的太有家鄉味了！真的好好初啊！能在異鄉遇到同鄉人真的很溫暖，有點捨不得離開這城市。但教練以在呼喚我了，所以芝加哥明年見😄❤️,623,13,['hellojasmine']
224,2017-07-11 02:24:36,第ㄧ個星期帶上台新的帽子，也帶給了我好運！謝謝台新銀行的支持鼓勵。讓我可以無後顧之憂繼續的往前，勇敢的朝著目標夢想努力！也謝謝球迷的陪伴，行動支持！我真的很幸運，為我自己，為你們，我會更努力，💪🏼加油！#台新銀行#callaway#jlindeberg#taiwanmobile,690,20,"['jlindeberg', '台新銀行', 'taiwanmobile', 'callaway']"
225,2017-07-03 11:10:10,Thank you to our best commissioner Mike Whan and @tiffanyandco for this meaningful and beautiful gife ❤️ @kpmgwomenspga @lpga_tour,297,5,[]
226,2017-07-03 10:58:50,"YESSSS!!!!!! You did it 💪🏼🏆Huge congrats to this amazing girl. @daniellekang ❤️ #cantbehappierforyou 
Thank you @kpmgwomenspga for this wonderful event , Can't wait to come back in 2018💪🏼",419,3,['cantbehappierforyou']
227,2017-07-01 08:41:39,我妹送給我的ㄧ首歌！堅持堅持，我們要堅持！信心喊話，加油💪🏼,314,24,[]
228,2017-06-28 07:34:17,Such a beautiful day at the KPMG Pro-am. So great meeting and playing with these ladies. Exciting for the week to start ☺️ #kpmgwomenspga @kpmgwomenspga,383,8,['kpmgwomenspga']
229,2017-06-27 07:36:52,"差點沒落淚～是鐵路便當耶！😭😄好滿足❤️
在來杯玫瑰鐵觀音～已經幸福到極點了！#想念台灣",436,16,['想念台灣']
230,2017-06-27 07:28:55,嗨～The Bean！又見面了！,327,3,[]
231,2017-06-11 02:12:37,"Always fun!! Keep grinding💪🏼It's gonna happen😄
#Repost @nychoi87
・・・
Always fun with this girl 😍 @yanitseng",638,7,['Repost']
232,2017-06-08 09:43:27,Awesome workout with @ta2claps today !!! I am exciting to get Bettereveryday💪🏼 and I got better today😄🏋🏻‍♀️ #bettereveryday #trx,433,9,"['trx', 'bettereveryday']"
233,2017-06-04 09:13:56,每個星期都有人生日好開心啊！😘生日快樂！祝福妳心想事成，頭好壯壯 @min1min2,352,7,[]
234,2017-06-02 02:33:24,"It's real !! Looking amazing😉 
#Repost @chrismaysongolf
・・・
@yanitseng looking amazing this morning @lpga_tour @shopritelpga in Atlantic City. @callawaygolf #amazing #stripeshow #jlinderbergtaiwan #jlindeberg #jlindeberggolf",517,13,"['amazing', 'jlindeberg', 'stripeshow', 'jlindeberggolf', 'jlinderbergtaiwan', 'Repost']"
235,2017-05-31 13:12:34,哈哈哈哈哈哈，快笑屎了！🤣🤣🤣妳們看起來是要去搶劫耶！有冷成這樣嗎？！@kiki20o,267,7,[]
236,2017-05-29 10:54:41,媽媽很會插花。💐 #沒事種種花 #種種花沒事,272,2,"['沒事種種花', '種種花沒事']"
237,2017-05-29 03:31:14,名模特調珍奶～超級好喝！覺得50嵐在我家😂 @kiki20o,309,6,[]
238,2017-05-28 07:46:58,我們真像😆#媽媽大壽 #名模素顏還是ㄧ樣美,473,9,"['名模素顏還是ㄧ樣美', '媽媽大壽']"
239,2017-05-28 07:45:11,"親愛的阿母～～～感謝有妳在我身邊，妳的陪伴甚過千言萬語，謝謝妳從小到大支持我，鼓勵我，陪我完成夢想。謝謝妳教我如何感恩，更快活！在這夢想道路上...還是希望妳繼續陪我喔。我會努力更好，快樂打球。辛苦妳了～媽媽！生日快樂！我愛妳❤️ #謝謝你們ㄧ起幫我媽慶生
#她開心的快飛上天
#開心大家聚在一起",369,5,"['謝謝你們ㄧ起幫我媽慶生', '她開心的快飛上天', '開心大家聚在一起']"
240,2017-05-28 07:32:17,回家真好～😍,351,6,[]
241,2017-05-27 02:28:37,Really? Nooooooo...Don't leave 😭😭😭 @ai_miyazato #lpga #sheisthebest #iwillmissu #stillcantbelieve,430,29,"['stillcantbelieve', 'sheisthebest', 'iwillmissu', 'lpga']"
242,2017-05-22 04:00:55,"I love you I hate you, I hate that I love you
Don't want to, but I can't put Nobody else above you...😌🏌️⛳️",244,6,[]
243,2017-05-22 03:35:45,Hi Slater ❤️,319,1,[]
244,2017-05-22 01:33:27,Fun day at Bush Gardens with my sister😄👭🎢,408,5,[]
245,2017-05-15 13:57:20,"媽媽和妹妹在母親節的前ㄧ天到美國，我們ㄧ起做母親節大餐～媽媽吃的開心又幸福😘 
#真的不是我在說真的太好吃了",570,4,['真的不是我在說真的太好吃了']
246,2017-05-15 13:43:33,"祝全天下的媽媽，母親節快樂！媽媽我愛妳❤️
Happy Mother's Day to all you beautiful and wonderful Mom's #有媽的孩子像個寶#媽媽好偉大",539,9,"['有媽的孩子像個寶', '媽媽好偉大']"
247,2017-05-15 13:41:56,沒有比這更好慶祝母親節的方式了，今天跟媽媽打了18洞，而且我還打贏她！真開心～😁Had great time golfing with my mom😄 The best way to celebrate Mother's Day...and I beat her 2up😜 #ilovemymom#sheisthebest,340,3,"['ilovemymom', 'sheisthebest']"
248,2017-05-13 02:13:57,"#Repost @shaneodonoghuegolf
・・・
Some @usga gold here on the range @lakenonagcc today. Champions everywhere ⛳️🇺🇸👊🏻
@mayariya @yanitseng @benan0917",163,2,['Repost']
249,2017-05-12 00:37:29,Amazing atmosphere 😍😆 Can we have a tournament here too? PLEASE !!!,356,3,[]
250,2017-05-12 00:26:26,#theplayerschampionship,288,0,['theplayerschampionship']
251,2017-04-27 05:17:15,寒冷的達拉斯～打完配對賽回來有杯貼心的珍奶！😭😭😭太感動了，心都暖了！穴穴嘉嘉～😍 @ssuchia.c,402,3,[]
252,2017-04-25 13:45:37,Happy birthday 🎉,495,4,[]
253,2017-04-01 14:22:03,"要振作起來好難～～～～
珊珊說，我們因爲打球而快樂，不快樂幹嘛打球。
老虎說，打不好時，他try less。（古哥翻譯，嘗試少😅）
#ㄧ點都沒錯 #自信躲去哪了 #不要在捉迷藏了 #努力久了也會累 #tryless中文怎麼說 #我的愚人節過的好真實 #明天太陽還是會升起",322,17,"['不要在捉迷藏了', 'ㄧ點都沒錯', 'tryless中文怎麼說', '努力久了也會累', '明天太陽還是會升起', '我的愚人節過的好真實', '自信躲去哪了']"
254,2017-03-31 01:08:58,Keep smiling😁 #readytogooutandhavefun #findtheway #enjoy #anainspiration # photoby-Beth Ann,648,12,"['readytogooutandhavefun', 'findtheway', 'anainspiration', 'enjoy']"
255,2017-03-31 01:02:59,,431,8,[]
256,2017-03-29 11:43:29,,416,7,[]
257,2017-03-29 10:55:20,@anainspiration,359,3,[]
258,2017-03-27 01:46:44,😧,266,6,[]
259,2017-03-27 01:44:43,This is what you get when u missed cut😭 #needle #sore #osteopath,187,3,"['sore', 'osteopath', 'needle']"
260,2017-03-24 02:18:53,真的是太太太幸福了😍😍😍黃叔叔阿姨ㄧ家人！對我就像家人ㄧ樣的照顧☺ㄧ年比賽中最喜歡聖地牙哥這場比賽。就像回到家ㄧ樣，回到小時侯，回到第ㄧ次來美國奮鬥的時侯。#時間過好快 #16年前😱 #味道ㄧ樣沒變 #便當是我的最愛 #感恩有你們,337,3,"['時間過好快', '便當是我的最愛', '味道ㄧ樣沒變', '16年前', '感恩有你們']"
261,2017-03-23 00:37:14,Sitting in the @kiamotorsusa waiting for @shanshanfeng_golf to come. It's freezing outside the car❄️ #kiaproam#lpgatour,469,9,"['kiaproam', 'lpgatour']"
262,2017-03-20 06:26:41,出門後才發現鞋子穿到不同隻！🤣🤣🤣,333,9,[]
263,2017-03-20 06:11:19,"Thank you to all the founders, gave us a platform to purse our dreams, without all of you we wouldn't be here today. Thank you⛳️☺ #seeyounextyear",470,8,['seeyounextyear']
264,2017-03-20 05:22:27,"My first experience at Topgolf. Thank you Chad Duffield for setting us up😄 This is so much fun, Can't wait to play it again. @topgolf ⛳️ #topgolfphoenix #friendstime",457,0,"['friendstime', 'topgolfphoenix']"
265,2017-03-14 04:26:43,散步巧遇朋友～,288,6,[]
266,2017-03-14 04:15:55,時間過的好快，全世界最公平的就是時間了！無論你是誰，我們都擁有ㄧ樣的時間！捧油們～我們在各地努力玩耍，ㄧ起加油，ㄧ起跟自己拼了吧！Work hard play hard 💪🏼 #黑色組合 #從小玩到大 #大家都沒變 #夢想的道路上 #ㄧ起成長 #不要怕改變,461,4,"['夢想的道路上', '從小玩到大', 'ㄧ起成長', '大家都沒變', '不要怕改變', '黑色組合']"
267,2017-03-10 14:34:51,"很難想像在世界每ㄧ個地方，面臨許多暴力，讓我們挺身而出，為了孩童努力。ㄧ起終止兒童受暴。根據聯合國統計，全球有10億兒童正面臨各種形式的暴力威脅。每5分鐘就有1名兒童因為「暴力」離開人世；(各項數據可參考附件資料)。
邀請你與我一起支持『終止兒童受暴』行動！
http://www.worldvision.org.tw/EVAC/ 
It Takes You & Me
#終止兒童受暴你我挺身做到
#台灣世界展望會",588,2,"['台灣世界展望會', '終止兒童受暴你我挺身做到']"
268,2017-03-02 17:16:38,這種天氣非常適合吃火鍋，由其又是在林口😆 出發前的聚餐，和家人在ㄧ起是最～～～～幸福的事❤️❤️❤️ #ㄧ家人都很像 #我愛我的家人 #家是我的避風港 #,480,8,"['ㄧ家人都很像', '家是我的避風港', '我愛我的家人']"
269,2017-03-02 17:12:20,這是我吃過最棒的營養餐～空腹了18小時，好險有這營養餐！但很慘念的是😭😭😭大腸鏡失敗，愛吃的下場，下次要乖乖聽話，低渣飲食😅,340,1,[]
270,2017-03-02 17:01:52,謝謝北投健康管理醫院，提供頂尖的團隊幫助我，當我的後盾，第一次做這麼詳細的全身健檢，把身體全部看光光😅！很幸運的報告結果是健康的，只有運動傷害還有.....體脂肪的問題🤣！謝謝你們的照顧！💪🏼😊 #健康就是最大的財富 #ㄧ副剛睡醒,296,1,"['ㄧ副剛睡醒', '健康就是最大的財富']"
271,2017-02-28 18:50:33,還好。就這麼多🤣加兩瓶瀉藥，明天檢查體重應該要減2公斤😝！#全身健康檢查,251,5,['全身健康檢查']
272,2017-02-28 18:46:04,吃到ㄧ半被我妹偷拍，健檢前的最後大餐😅！等一下要開始喝瀉藥了😱,504,11,[]
273,2017-02-28 16:58:05,我妹說芝麻湯圓也好好吃～#鼎泰豐,331,3,['鼎泰豐']
274,2017-02-28 16:54:33,每次回來台灣必吃鼎泰豐！好好吃喔～😭吃的不只是小籠包還有滿滿的家鄉味～ #鼎泰豐,513,6,['鼎泰豐']
275,2017-02-27 01:40:01,Thank you @hondalpgath for an amazing event. Can't wait to come back next year. Congratulation to @amyyanglpga 👍🏼👏🏼 Awesome performance,499,2,[]
276,2017-02-27 00:55:36,大家都辛苦了，少了兩位無法請假的朋友🤣！但你們的精神與我們同在💪🏼謝謝你們陪我兩天走了49洞！走到腳都起水泡了，你們太勵害了！謝謝你們。因爲有你們在場上陪著我，讓我在場上覺得不辛苦。ㄧ路順風～我們台灣再見😘 #大家都曬黑了#撒挖低卡#keepsmiling,383,10,"['keepsmiling', '大家都曬黑了', '撒挖低卡']"
277,2017-02-27 00:50:41,"謝謝你們的美食～
#我有這麼愛吃嗎？🤣",236,2,['我有這麼愛吃嗎']
278,2017-02-25 23:36:45,這就是12個小時在球場上，打了31個洞，曬了10個小時的太陽～回來該做的事！真不是概的。明天已準備好在打31洞了🤣💪🏼加油！#真的好熱 #不是我的腳 #敷臉加按摩 #ㄧ度熱到好像快放空 #還好明天只打18洞 #晚安,370,12,"['晚安', '不是我的腳', '真的好熱', 'ㄧ度熱到好像快放空', '敷臉加按摩', '還好明天只打18洞']"
279,2017-02-24 14:43:17,Crazy weather now ☔️💨⚡️🌧 比賽暫停了！雨好大～還ㄧ直跳電 @hondalpgath,410,8,[]
280,2017-02-22 20:16:29,Sweetest girl on tour 😘😘😘 #hondalpga#lovemylife#lpgatour,489,10,"['lpgatour', 'hondalpga', 'lovemylife']"
281,2017-02-22 20:11:56,"I have my best friends from Thailand. Thank you ka😘😘 love you all
 #Repost @tae_neeranuch with @repostapp @narumonti 
Good luck this week ka 🙏🏻💪🏼",356,1,['Repost']
282,2017-02-21 21:54:04,"Happy to be back, Thank you #bbtvch7 and #hondalpga @bbtv_ch7 with @repostapp
・・・
👍🏻🏌 Honda LPGA THAILAND 2017 ""Sponsor Golf Clinic by Yani Tseng & Pannarat Thanapolboonyaras"" #ช่อง7สี #HondaLPGATH2017 #HondaLPGATHAILAND",364,7,"['bbtvch7', 'hondalpga', 'HondaLPGATH2017', 'HondaLPGATHAILAND', 'ช']"
283,2017-02-21 21:36:31,"😂😁😄#Repost @9gag with @repostapp
・・・
🔊This is the most motivational post match interview ever! 🎱🏅Follow @9gag
App📲👉@9gagmobile 👈
-
-
-
📹 @skysports
#9gag
#naoyukioi #大井直幸 #comedian #confidence #poolplayer #ppap #9gagppap #postmatch #pikotaro #TonyWrighton #snooker",208,4,"['snooker', 'pikotaro', 'ppap', '9gagppap', 'confidence', 'comedian', 'TonyWrighton', '9gag', 'poolplayer', 'postmatch', '大井直幸', 'naoyukioi', 'Repost']"
284,2017-02-16 15:40:22,My favorite Acai Bowl😍,351,2,[]
285,2017-02-15 16:42:20,有ㄧ點痛😱加上腳有一點黑😱！,515,28,[]
286,2017-02-14 19:34:53,我們的情人節大餐～～～我想食物應該是我們最好的情人吧😂！祝福你們情人節快樂哦！擁有滿滿的幸福滿滿的愛😘❤️,432,9,[]
287,2017-02-12 17:30:45,"Glad we made it. Good night🌙
還好你到了～晚安！#adelaide#lifeontour",523,10,"['adelaide', 'lifeontour']"
288,2017-02-12 11:52:11,"First flight delayed, missed the second flight, second flight delayed, missed the third flight.. So have to change flights in Mel instead of straight flight to Adelaide...Now one last flight and I will be at Adelaide. #putyourhappyon#longtrip#cantwaittogetthere#還好有李敏鎬和全智賢的陪伴",513,8,"['longtrip', 'putyourhappyon', '還好有李敏鎬和全智賢的陪伴', 'cantwaittogetthere']"
289,2017-02-11 12:38:23,Hello Australia🇦🇺#tourlife#20morehourstogo,466,9,"['tourlife', '20morehourstogo']"
290,2017-02-11 01:25:35,My favorite 😍 #pinkberry#lotsoftoppings,229,3,"['pinkberry', 'lotsoftoppings']"
291,2017-02-10 12:23:34,Here is the one😁 beautiful day on the course #jlindeberg#jlindeberggolf,428,7,"['jlindeberg', 'jlindeberggolf']"
292,2017-02-10 12:04:51,May is always making sure I look slim on the course😍😆😂. @mayariya #bestfriendsontour#alwaysfun,399,5,"['bestfriendsontour', 'alwaysfun']"
293,2017-02-10 10:59:22,"😍😍😍#Repost @coachgarygilchrist with @repostapp
・・・
@mayariya enjoying a day playing with @yanitseng and @mo_moriya #ggga #trainlikeachampion",488,6,"['trainlikeachampion', 'ggga', 'Repost']"
294,2017-02-09 00:06:44,"Thank you coach Gary👍🏼💪🏼 #Repost @coachgarygilchrist with @repostapp
・・・
@yanitseng had a great afternoon with four of her country men and women who are motivated to train at GGGA. #trainlikeachampion #commitmenttoexcellence #learnprepareperform",425,4,"['learnprepareperform', 'trainlikeachampion', 'commitmenttoexcellence', 'Repost']"
295,2017-02-02 11:25:33,"So much fun today even though we lost, but we had an amazing dinner at Nayeon's house😍. REMATCH on Saturday 💪🏼",552,4,[]
296,2017-01-30 09:35:59,"Roger Federer🏆He is the champion💪🏼
好感人的ㄧ刻～哭慘了我！😭今世能在看到這樣的比賽，真是幸運！運動有無限大的感染力，每天日曬雨淋，汗水與淚水就是為了場上的這ㄧ刻～

#australiaopen#rogerfederer#rafaelnadal#amazing#inspired#whataperformance",505,5,"['amazing', 'rogerfederer', 'whataperformance', 'australiaopen', 'inspired', 'rafaelnadal']"
297,2017-01-29 13:57:56,"今年的新年在球場上度過了～雖然給他的非常失望，但感覺有很多好的地方能去欣賞，同時也知道哪裡需要更努力。
只有ㄧ個專注的信念，專注到只有你來面對！",455,11,[]
298,2017-01-29 13:47:32,恭喜發財，紅包拿來～新的ㄧ年新希望😁，相信會有好事發生。也祝福大家，雞年行大運唷🐓🦃！身體健康賺大錢😁👍🏼在各個崗位都能ㄧ起更好！ 新年快樂！Happy Chinese New Year😄,290,7,[]
299,2017-01-26 10:18:24,謝謝大家的祝福～這次的生日很充實很滿足！很幸福和大家ㄧ起渡過。也希望今年的願望能夠成真！希望所有的你們，平安快樂！愛你們～Thank you all for the birthday greetings! I feel fortunate and blessed to spent it with all of you. and hope my wishes will come true! Wishing all you grace and happiness! Love you! #surpriseparty #wishicandressupbetternexttime,599,13,"['wishicandressupbetternexttime', 'surpriseparty']"
